drug_id,english_name,slovak_name,atc_primary,atc_other,,mechanism_of_action,primary_indications,secondary_indications,routes_of_administration,standard_adult_dose,contraindications_absolute,contraindications_relative,adverse_effects_common,adverse_effects_serious,major_interactions,monitoring_parameters,antidote_or_reversal,half_life,metabolism,elimination
drug_sodium_fluoride,sodium fluoride,,A01AA01,A12CD01,,STOMATOLOGICAL PREPARATIONS,,,,,,,,,,,,,
drug_sodium_monofluorophosphate,sodium monofluorophosphate,,A01AA02,A12CD02,,,,,,,,,,,,,,,,,
drug_olaflur,olaflur,,A01AA03,,,,,,,,,,,,,,,,,,
drug_stannous_fluoride,stannous fluoride,,A01AA04,,,,,,,,,,,,,,,,,,
drug_sodium_fluoride_combinations,"sodium fluoride, combinations",,A01AA51,,,,,,,,,,,,,,,,,,
drug_hydrogen_peroxide,hydrogen peroxide,,A01AB02,D08AX01;D11AX25;S02AA06,,,,,,,,,,,,,,,,,
drug_chlorhexidine,chlorhexidine,,A01AB03,B05CA02;D08AC02;D09AA12;R02AA05;S01AX09;S02AA09;S03AA04,,,,,,,,,,,,,,,,,
drug_amphotericin_b,amphotericin B,,A01AB04,A07AA07;G01AA03;J02AA01,,,,,,,,,,,,,,,,,
drug_polynoxylin,polynoxylin,,A01AB05,D01AE05,,,,,,,,,,,,,,,,,
drug_domiphen,domiphen,,A01AB06,,,,,,,,,,,,,,,,,,
drug_oxyquinoline,oxyquinoline,,A01AB07,D08AH03;G01AC30;R02AA14,,,,,,,,,,,,,,,,,
drug_neomycin,neomycin,,A01AB08,A07AA01;B05CA09;D06AX04;J01GB05;R02AB01;S01AA03;S02AA07;S03AA01,,,,,,,,,,,,,,,,,
drug_miconazole,miconazole,,A01AB09,A07AC01;D01AC02;G01AF04;J02AB01;S02AA13,,,,,,,,,,,,,,,,,
drug_natamycin,natamycin,,A01AB10,A07AA03;D01AA02;G01AA02;S01AA10,,,,,,,,,,,,,,,,,
drug_hexetidine,hexetidine,,A01AB12,G01AX16,,,,,,,,,,,,,,,,,
drug_tetracycline,tetracycline,,A01AB13,D06AA04;J01AA07;S01AA09;S02AA08;S03AA02,,,,,,,,,,,,,,,,,
drug_benzoxonium_chloride,benzoxonium chloride,,A01AB14,D08AJ05,,,,,,,,,,,,,,,,,
drug_tibezonium_iodide,tibezonium iodide,,A01AB15,,,,,,,,,,,,,,,,,,
drug_mepartricin,mepartricin,,A01AB16,D01AA06;G01AA09;G04CX03,,,,,,,,,,,,,,,,,
drug_metronidazole,metronidazole,,A01AB17,D06BX01;G01AF01;J01XD01;P01AB01,,,,,,,,,,,,,,,,,
drug_clotrimazole,clotrimazole,,A01AB18,D01AC01;G01AF02,,,,,,,,,,,,,,,,,
drug_sodium_perborate,sodium perborate,,A01AB19,,,,,,,,,,,,,,,,,,
drug_chlortetracycline,chlortetracycline,,A01AB21,D06AA02;J01AA03;S01AA02,,,,,,,,,,,,,,,,,
drug_doxycycline,doxycycline,,A01AB22,J01AA02,,,,,,,,,,,,,,,,,
drug_minocycline,minocycline,,A01AB23,D10AF07;J01AA08,,,,,,,,,,,,,,,,,
drug_octenidine,octenidine,,A01AB24,R02AA21,,,,,,,,,,,,,,,,,
drug_oxytetracycline,oxytetracycline,,A01AB25,D06AA03;G01AA07;J01AA06;S01AA04,,,,,,,,,,,,,,,,,
drug_chlorhexidine_and_cetylpyridinium,chlorhexidine and cetylpyridinium,,A01AB53,,,,,,,,,,,,,,,,,,
drug_triamcinolone,triamcinolone,,A01AC01,C05AA12;D07AB09;D07XB02;H02AB08;R01AD11;R03BA06;S01BA05,,,,,,,,,,,,,,,,,
drug_dexamethasone,dexamethasone,,A01AC02,C05AA09;D07AB19;D07XB05;D10AA03;H02AB02;R01AD03;S01BA01;S01CB01;S02BA06;S03BA01,,,,,,,,,,,,,,,,,
drug_hydrocortisone,hydrocortisone,,A01AC03,A07EA02;C05AA01;D07AA02;D07XA01;H02AB09;S01BA02;S01CB03;S02BA01,,,,,,,,,,,,,,,,,
drug_prednisolone,prednisolone,,A01AC04,A07EA01;C05AA04;D07AA03;D07XA02;H02AB06;R01AD02;S01BA04;S01CB02;S02BA03;S03BA02,,,,,,,,,,,,,,,,,
drug_prednisolone_combinations,"prednisolone, combinations",,A01AC54,R01AD52,,,,,,,,,,,,,,,,,
drug_epinephrine,epinephrine,,A01AD01,B02BC09;C01CA24;R01AA14;R03AA01;S01EA01,,,,,,,,,,,,,,,,,
drug_benzydamine,benzydamine,,A01AD02,G02CC03;M01AX07;M02AA05;R02AX03,,,,,,,,,,,,,,,,,
drug_acetylsalicylic_acid,acetylsalicylic acid,,A01AD05,B01AC06;N02BA01,,,,,,,,,,,,,,,,,
drug_adrenalone,adrenalone,,A01AD06,B02BC05,,,,,,,,,,,,,,,,,
drug_amlexanox,amlexanox,,A01AD07,R03DX01,,,,,,,,,,,,,,,,,
drug_becaplermin,becaplermin,,A01AD08,D03AX06,,,,,,,,,,,,,,,,,
drug_magnesium_carbonate,magnesium carbonate,,A02AA01,A06AD01,,,,,,,,,,,,,,,,,
drug_magnesium_oxide,magnesium oxide,,A02AA02,A06AD02;A12CC10,,,,,,,,,,,,,,,,,
drug_magnesium_peroxide,magnesium peroxide,,A02AA03,A06AD03,,,,,,,,,,,,,,,,,
drug_magnesium_hydroxide,magnesium hydroxide,,A02AA04,G04BX01,,,,,,,,,,,,,,,,,
drug_magnesium_silicate,magnesium silicate,,A02AA05,,,,,,,,,,,,,,,,,,
drug_aluminium_hydroxide,aluminium hydroxide,,A02AB01,,,,,,,,,,,,,,,,,,
drug_algeldrate,algeldrate,,A02AB02,,,,,,,,,,,,,,,,,,
drug_aluminium_phosphate,aluminium phosphate,,A02AB03,,,,,,,,,,,,,,,,,,
drug_dihydroxialumini_sodium_carbonate,dihydroxialumini sodium carbonate,,A02AB04,,,,,,,,,,,,,,,,,,
drug_aluminium_acetoacetate,aluminium acetoacetate,,A02AB05,,,,,,,,,,,,,,,,,,
drug_aloglutamol,aloglutamol,,A02AB06,,,,,,,,,,,,,,,,,,
drug_aluminium_glycinate,aluminium glycinate,,A02AB07,,,,,,,,,,,,,,,,,,
drug_calcium_carbonate,calcium carbonate,,A02AC01,A12AA04,,,,,,,,,,,,,,,,,
drug_calcium_silicate,calcium silicate,,A02AC02,,,,,,,,,,,,,,,,,,
drug_ordinary_salt_combinations,ordinary salt combinations,,A02AD01,,,,,,,,,,,,,,,,,,
drug_magaldrate,magaldrate,,A02AD02,,,,,,,,,,,,,,,,,,
drug_almagate,almagate,,A02AD03,,,,,,,,,,,,,,,,,,
drug_hydrotalcite,hydrotalcite,,A02AD04,,,,,,,,,,,,,,,,,,
drug_almasilate,almasilate,,A02AD05,,,,,,,,,,,,,,,,,,
drug_magaldrate_and_antiflatulents,magaldrate and antiflatulents,,A02AF01,,,,,,,,,,,,,,,,,,
drug_ordinary_salt_combinations_and_antiflatulents,ordinary salt combinations and antiflatulents,,A02AF02,,,,,,,,,,,,,,,,,,
drug_cimetidine,cimetidine,,A02BA01,,,,,,,,,,,,,,,,,,
drug_ranitidine,ranitidine,,A02BA02,,,,,,,,,,,,,,,,,,
drug_famotidine,famotidine,,A02BA03,,,,,,,,,,,,,,,,,,
drug_nizatidine,nizatidine,,A02BA04,,,,,,,,,,,,,,,,,,
drug_niperotidine,niperotidine,,A02BA05,,,,,,,,,,,,,,,,,,
drug_roxatidine,roxatidine,,A02BA06,,,,,,,,,,,,,,,,,,
drug_ranitidine_bismuth_citrate,ranitidine bismuth citrate,,A02BA07,,,,,,,,,,,,,,,,,,
drug_lafutidine,lafutidine,,A02BA08,,,,,,,,,,,,,,,,,,
drug_cimetidine_combinations,"cimetidine, combinations",,A02BA51,,,,,,,,,,,,,,,,,,
drug_famotidine_combinations,"famotidine, combinations",,A02BA53,,,,,,,,,,,,,,,,,,
drug_misoprostol,misoprostol,,A02BB01,G02AD06,,,,,,,,,,,,,,,,,
drug_enprostil,enprostil,,A02BB02,,,,,,,,,,,,,,,,,,
drug_omeprazole,omeprazole,,A02BC01,,,,,,,,,,,,,,,,,,
drug_pantoprazole,pantoprazole,,A02BC02,,,,,,,,,,,,,,,,,,
drug_lansoprazole,lansoprazole,,A02BC03,,,,,,,,,,,,,,,,,,
drug_rabeprazole,rabeprazole,,A02BC04,,,,,,,,,,,,,,,,,,
drug_esomeprazole,esomeprazole,,A02BC05,,,,,,,,,,,,,,,,,,
drug_dexlansoprazole,dexlansoprazole,,A02BC06,,,,,,,,,,,,,,,,,,
drug_dexrabeprazole,dexrabeprazole,,A02BC07,,,,,,,,,,,,,,,,,,
drug_vonoprazan,vonoprazan,,A02BC08,,,,,,,,,,,,,,,,,,
drug_tegoprazan,tegoprazan,,A02BC09,,,,,,,,,,,,,,,,,,
drug_omeprazole_combinations,"omeprazole, combinations",,A02BC51,,,,,,,,,,,,,,,,,,
drug_lansoprazole_combinations,"lansoprazole, combinations",,A02BC53,,,,,,,,,,,,,,,,,,
drug_rabeprazole_combinations,"rabeprazole, combinations",,A02BC54,,,,,,,,,,,,,,,,,,
drug_omeprazole_amoxicillin_and_metronidazole,"omeprazole, amoxicillin and metronidazole",,A02BD01,,,,,,,,,,,,,,,,,,
drug_lansoprazole_tetracycline_and_metronidazole,"lansoprazole, tetracycline and metronidazole",,A02BD02,,,,,,,,,,,,,,,,,,
drug_lansoprazole_amoxicillin_and_metronidazole,"lansoprazole, amoxicillin and metronidazole",,A02BD03,,,,,,,,,,,,,,,,,,
drug_pantoprazole_amoxicillin_and_clarithromycin,"pantoprazole, amoxicillin and clarithromycin",,A02BD04,,,,,,,,,,,,,,,,,,
drug_omeprazole_amoxicillin_and_clarithromycin,"omeprazole, amoxicillin and clarithromycin",,A02BD05,,,,,,,,,,,,,,,,,,
drug_esomeprazole_amoxicillin_and_clarithromycin,"esomeprazole, amoxicillin and clarithromycin",,A02BD06,,,,,,,,,,,,,,,,,,
drug_lansoprazole_amoxicillin_and_clarithromycin,"lansoprazole, amoxicillin and clarithromycin",,A02BD07,,,,,,,,,,,,,,,,,,
drug_bismuth_subcitrate_tetracycline_and_metronidazole,"bismuth subcitrate, tetracycline and metronidazole",,A02BD08,,,,,,,,,,,,,,,,,,
drug_lansoprazole_clarithromycin_and_tinidazole,"lansoprazole, clarithromycin and tinidazole",,A02BD09,,,,,,,,,,,,,,,,,,
drug_lansoprazole_amoxicillin_and_levofloxacin,"lansoprazole, amoxicillin and levofloxacin",,A02BD10,,,,,,,,,,,,,,,,,,
drug_pantoprazole_amoxicillin_clarithromycin_and_metronidazole,"pantoprazole, amoxicillin, clarithromycin and metronidazole",,A02BD11,,,,,,,,,,,,,,,,,,
drug_rabeprazole_amoxicillin_and_clarithromycin,"rabeprazole, amoxicillin and clarithromycin",,A02BD12,,,,,,,,,,,,,,,,,,
drug_rabeprazole_amoxicillin_and_metronidazole,"rabeprazole, amoxicillin and metronidazole",,A02BD13,,,,,,,,,,,,,,,,,,
drug_vonoprazan_amoxicillin_and_clarithromycin,"vonoprazan, amoxicillin and clarithromycin",,A02BD14,,,,,,,,,,,,,,,,,,
drug_vonoprazan_amoxicillin_and_metronidazole,"vonoprazan, amoxicillin and metronidazole",,A02BD15,,,,,,,,,,,,,,,,,,
drug_omeprazole_amoxicillin_and_rifabutin,"omeprazole, amoxicillin and rifabutin",,A02BD16,,,,,,,,,,,,,,,,,,
drug_vonoprazan_and_amoxicillin,vonoprazan and amoxicillin,,A02BD17,,,,,,,,,,,,,,,,,,
drug_carbenoxolone,carbenoxolone,,A02BX01,,,,,,,,,,,,,,,,,,
drug_sucralfate,sucralfate,,A02BX02,,,,,,,,,,,,,,,,,,
drug_pirenzepine,pirenzepine,,A02BX03,,,,,,,,,,,,,,,,,,
drug_methiosulfonium_chloride,methiosulfonium chloride,,A02BX04,,,,,,,,,,,,,,,,,,
drug_bismuth_subcitrate,bismuth subcitrate,,A02BX05,,,,,,,,,,,,,,,,,,
drug_proglumide,proglumide,,A02BX06,,,,,,,,,,,,,,,,,,
drug_gefarnate,gefarnate,,A02BX07,,,,,,,,,,,,,,,,,,
drug_sulglicotide,sulglicotide,,A02BX08,,,,,,,,,,,,,,,,,,
drug_acetoxolone,acetoxolone,,A02BX09,,,,,,,,,,,,,,,,,,
drug_zolimidine,zolimidine,,A02BX10,,,,,,,,,,,,,,,,,,
drug_troxipide,troxipide,,A02BX11,,,,,,,,,,,,,,,,,,
drug_bismuth_subnitrate,bismuth subnitrate,,A02BX12,,,,,,,,,,,,,,,,,,
drug_alginic_acid,alginic acid,,A02BX13,,,,,,,,,,,,,,,,,,
drug_rebamipide,rebamipide,,A02BX14,,,,,,,,,,,,,,,,,,
drug_teprenone,teprenone,,A02BX15,,,,,,,,,,,,,,,,,,
drug_irsogladine,irsogladine,,A02BX16,,,,,,,,,,,,,,,,,,
drug_carbenoxolone_combinations_excl_psycholeptics,"carbenoxolone, combinations excl. psycholeptics",,A02BX51,,,,,,,,,,,,,,,,,,
drug_carbenoxolone_combinations_with_psycholeptics,"carbenoxolone, combinations with psycholeptics",,A02BX71,,,,,,,,,,,,,,,,,,
drug_gefarnate_combinations_with_psycholeptics,"gefarnate, combinations with psycholeptics",,A02BX77,,,,,,,,,,,,,,,,,,
drug_oxyphencyclimine,oxyphencyclimine,,A03AA01,,,,,,,,,,,,,,,,,,
drug_camylofin,camylofin,,A03AA03,,,,,,,,,,,,,,,,,,
drug_mebeverine,mebeverine,,A03AA04,,,,,,,,,,,,,,,,,,
drug_trimebutine,trimebutine,,A03AA05,,,,,,,,,,,,,,,,,,
drug_rociverine,rociverine,,A03AA06,,,,,,,,,,,,,,,,,,
drug_dicycloverine,dicycloverine,,A03AA07,,,,,,,,,,,,,,,,,,
drug_dihexyverine,dihexyverine,,A03AA08,,,,,,,,,,,,,,,,,,
drug_difemerine,difemerine,,A03AA09,,,,,,,,,,,,,,,,,,
drug_piperidolate,piperidolate,,A03AA30,,,,,,,,,,,,,,,,,,
drug_benzilone,benzilone,,A03AB01,,,,,,,,,,,,,,,,,,
drug_glycopyrronium_bromide,glycopyrronium bromide,,A03AB02,R03BB06,,,,,,,,,,,,,,,,,
drug_oxyphenonium,oxyphenonium,,A03AB03,,,,,,,,,,,,,,,,,,
drug_penthienate,penthienate,,A03AB04,,,,,,,,,,,,,,,,,,
drug_propantheline,propantheline,,A03AB05,,,,,,,,,,,,,,,,,,
drug_otilonium_bromide,otilonium bromide,,A03AB06,,,,,,,,,,,,,,,,,,
drug_methantheline,methantheline,,A03AB07,,,,,,,,,,,,,,,,,,
drug_tridihexethyl,tridihexethyl,,A03AB08,,,,,,,,,,,,,,,,,,
drug_isopropamide,isopropamide,,A03AB09,,,,,,,,,,,,,,,,,,
drug_hexocyclium,hexocyclium,,A03AB10,,,,,,,,,,,,,,,,,,
drug_poldine,poldine,,A03AB11,,,,,,,,,,,,,,,,,,
drug_mepenzolate,mepenzolate,,A03AB12,,,,,,,,,,,,,,,,,,
drug_bevonium,bevonium,,A03AB13,,,,,,,,,,,,,,,,,,
drug_pipenzolate,pipenzolate,,A03AB14,,,,,,,,,,,,,,,,,,
drug_diphemanil,diphemanil,,A03AB15,,,,,,,,,,,,,,,,,,
drug_2_benzhydryloxyethyl_diethyl_methylammonium_iodide,(2-benzhydryloxyethyl)diethyl-methylammonium iodide,,A03AB16,,,,,,,,,,,,,,,,,,
drug_tiemonium_iodide,tiemonium iodide,,A03AB17,,,,,,,,,,,,,,,,,,
drug_prifinium_bromide,prifinium bromide,,A03AB18,,,,,,,,,,,,,,,,,,
drug_timepidium_bromide,timepidium bromide,,A03AB19,,,,,,,,,,,,,,,,,,
drug_fenpiverinium,fenpiverinium,,A03AB21,,,,,,,,,,,,,,,,,,
drug_oxyphenonium_combinations,"oxyphenonium, combinations",,A03AB53,,,,,,,,,,,,,,,,,,
drug_dimethylaminopropionylphenothiazine,dimethylaminopropionylphenothiazine,,A03AC02,,,,,,,,,,,,,,,,,,
drug_nicofetamide,nicofetamide,,A03AC04,,,,,,,,,,,,,,,,,,
drug_tiropramide,tiropramide,,A03AC05,,,,,,,,,,,,,,,,,,
drug_papaverine,papaverine,,A03AD01,G04BE02,,,,,,,,,,,,,,,,,
drug_drotaverine,drotaverine,,A03AD02,,,,,,,,,,,,,,,,,,
drug_moxaverine,moxaverine,,A03AD30,,,,,,,,,,,,,,,,,,
drug_alosetron,alosetron,,A03AE01,,,,,,,,,,,,,,,,,,
drug_cilansetron,cilansetron,,A03AE03,,,,,,,,,,,,,,,,,,
drug_fenpiprane,fenpiprane,,A03AX01,,,,,,,,,,,,,,,,,,
drug_diisopromine,diisopromine,,A03AX02,,,,,,,,,,,,,,,,,,
drug_chlorbenzoxamine,chlorbenzoxamine,,A03AX03,,,,,,,,,,,,,,,,,,
drug_pinaverium,pinaverium,,A03AX04,,,,,,,,,,,,,,,,,,
drug_fenoverine,fenoverine,,A03AX05,,,,,,,,,,,,,,,,,,
drug_idanpramine,idanpramine,,A03AX06,,,,,,,,,,,,,,,,,,
drug_proxazole,proxazole,,A03AX07,,,,,,,,,,,,,,,,,,
drug_alverine,alverine,,A03AX08,,,,,,,,,,,,,,,,,,
drug_trepibutone,trepibutone,,A03AX09,,,,,,,,,,,,,,,,,,
drug_isometheptene,isometheptene,,A03AX10,,,,,,,,,,,,,,,,,,
drug_caroverine,caroverine,,A03AX11,,,,,,,,,,,,,,,,,,
drug_phloroglucinol,phloroglucinol,,A03AX12,,,,,,,,,,,,,,,,,,
drug_silicones,silicones,,A03AX13,,,,,,,,,,,,,,,,,,
drug_valethamate,valethamate,,A03AX14,,,,,,,,,,,,,,,,,,
drug_menthae_piperitae_aetheroleum,menthae piperitae aetheroleum,,A03AX15,,,,,,,,,,,,,,,,,,
drug_trimethyldiphenylpropylamine,trimethyldiphenylpropylamine,,A03AX30,,,,,,,,,,,,,,,,,,
drug_alverine_combinations,"alverine, combinations",,A03AX58,,,,,,,,,,,,,,,,,,
drug_atropine,atropine,,A03BA01,S01FA01,,,,,,,,,,,,,,,,,
drug_hyoscyamine,hyoscyamine,,A03BA03,,,,,,,,,,,,,,,,,,
drug_belladonna_total_alkaloids,belladonna total alkaloids,,A03BA04,,,,,,,,,,,,,,,,,,
drug_butylscopolamine,butylscopolamine,,A03BB01,,,,,,,,,,,,,,,,,,
drug_methylatropine,methylatropine,,A03BB02,,,,,,,,,,,,,,,,,,
drug_methylscopolamine,methylscopolamine,,A03BB03,S01FA03,,,,,,,,,,,,,,,,,
drug_fentonium,fentonium,,A03BB04,,,,,,,,,,,,,,,,,,
drug_cimetropium_bromide,cimetropium bromide,,A03BB05,,,,,,,,,,,,,,,,,,
drug_homatropine_methylbromide,homatropine methylbromide,,A03BB06,,,,,,,,,,,,,,,,,,
drug_isopropamide_and_psycholeptics,isopropamide and psycholeptics,,A03CA01,,,,,,,,,,,,,,,,,,
drug_clidinium_and_psycholeptics,clidinium and psycholeptics,,A03CA02,,,,,,,,,,,,,,,,,,
drug_oxyphencyclimine_and_psycholeptics,oxyphencyclimine and psycholeptics,,A03CA03,,,,,,,,,,,,,,,,,,
drug_otilonium_bromide_and_psycholeptics,otilonium bromide and psycholeptics,,A03CA04,,,,,,,,,,,,,,,,,,
drug_glycopyrronium_bromide_and_psycholeptics,glycopyrronium bromide and psycholeptics,,A03CA05,,,,,,,,,,,,,,,,,,
drug_bevonium_and_psycholeptics,bevonium and psycholeptics,,A03CA06,,,,,,,,,,,,,,,,,,
drug_ambutonium_and_psycholeptics,ambutonium and psycholeptics,,A03CA07,,,,,,,,,,,,,,,,,,
drug_diphemanil_and_psycholeptics,diphemanil and psycholeptics,,A03CA08,,,,,,,,,,,,,,,,,,
drug_pipenzolate_and_psycholeptics,pipenzolate and psycholeptics,,A03CA09,,,,,,,,,,,,,,,,,,
drug_emepronium_and_psycholeptics,emepronium and psycholeptics,,A03CA30,,,,,,,,,,,,,,,,,,
drug_propantheline_and_psycholeptics,propantheline and psycholeptics,,A03CA34,,,,,,,,,,,,,,,,,,
drug_methylscopolamine_and_psycholeptics,methylscopolamine and psycholeptics,,A03CB01,,,,,,,,,,,,,,,,,,
drug_belladonna_total_alkaloids_and_psycholeptics,belladonna total alkaloids and psycholeptics,,A03CB02,,,,,,,,,,,,,,,,,,
drug_atropine_and_psycholeptics,atropine and psycholeptics,,A03CB03,,,,,,,,,,,,,,,,,,
drug_homatropine_methylbromide_and_psycholeptics,homatropine methylbromide and psycholeptics,,A03CB04,,,,,,,,,,,,,,,,,,
drug_hyoscyamine_and_psycholeptics,hyoscyamine and psycholeptics,,A03CB31,,,,,,,,,,,,,,,,,,
drug_tropenzilone_and_analgesics,tropenzilone and analgesics,,A03DA01,,,,,,,,,,,,,,,,,,
drug_pitofenone_and_analgesics,pitofenone and analgesics,,A03DA02,,,,,,,,,,,,,,,,,,
drug_bevonium_and_analgesics,bevonium and analgesics,,A03DA03,,,,,,,,,,,,,,,,,,
drug_ciclonium_and_analgesics,ciclonium and analgesics,,A03DA04,,,,,,,,,,,,,,,,,,
drug_camylofin_and_analgesics,camylofin and analgesics,,A03DA05,,,,,,,,,,,,,,,,,,
drug_trospium_and_analgesics,trospium and analgesics,,A03DA06,,,,,,,,,,,,,,,,,,
drug_tiemonium_iodide_and_analgesics,tiemonium iodide and analgesics,,A03DA07,,,,,,,,,,,,,,,,,,
drug_butylscopolamine_and_analgesics,butylscopolamine and analgesics,,A03DB04,,,,,,,,,,,,,,,,,,
drug_metoclopramide,metoclopramide,,A03FA01,,,,,,,,,,,,,,,,,,
drug_cisapride,cisapride,,A03FA02,,,,,,,,,,,,,,,,,,
drug_domperidone,domperidone,,A03FA03,,,,,,,,,,,,,,,,,,
drug_bromopride,bromopride,,A03FA04,,,,,,,,,,,,,,,,,,
drug_alizapride,alizapride,,A03FA05,,,,,,,,,,,,,,,,,,
drug_clebopride,clebopride,,A03FA06,,,,,,,,,,,,,,,,,,
drug_itopride,itopride,,A03FA07,,,,,,,,,,,,,,,,,,
drug_cinitapride,cinitapride,,A03FA08,,,,,,,,,,,,,,,,,,
drug_mosapride,mosapride,,A03FA09,,,,,,,,,,,,,,,,,,
drug_acotiamide,acotiamide,,A03FA10,,,,,,,,,,,,,,,,,,
drug_ondansetron,ondansetron,,A04AA01,,,,,,,,,,,,,,,,,,
drug_granisetron,granisetron,,A04AA02,,,,,,,,,,,,,,,,,,
drug_tropisetron,tropisetron,,A04AA03,,,,,,,,,,,,,,,,,,
drug_dolasetron,dolasetron,,A04AA04,,,,,,,,,,,,,,,,,,
drug_palonosetron,palonosetron,,A04AA05,,,,,,,,,,,,,,,,,,
drug_palonosetron_combinations,"palonosetron, combinations",,A04AA55,,,,,,,,,,,,,,,,,,
drug_scopolamine,scopolamine,,A04AD01,N05CM05;S01FA02,,,,,,,,,,,,,,,,,
drug_cerium_oxalate,cerium oxalate,,A04AD02,,,,,,,,,,,,,,,,,,
drug_chlorobutanol,chlorobutanol,,A04AD04,,,,,,,,,,,,,,,,,,
drug_metopimazine,metopimazine,,A04AD05,,,,,,,,,,,,,,,,,,
drug_dronabinol,dronabinol,,A04AD10,,,,,,,,,,,,,,,,,,
drug_nabilone,nabilone,,A04AD11,,,,,,,,,,,,,,,,,,
drug_aprepitant,aprepitant,,A04AD12,,,,,,,,,,,,,,,,,,
drug_casopitant,casopitant,,A04AD13,,,,,,,,,,,,,,,,,,
drug_rolapitant,rolapitant,,A04AD14,,,,,,,,,,,,,,,,,,
drug_scopolamine_combinations,"scopolamine, combinations",,A04AD51,,,,,,,,,,,,,,,,,,
drug_chlorobutanol_combinations,"chlorobutanol, combinations",,A04AD54,,,,,,,,,,,,,,,,,,
drug_chenodeoxycholic_acid,chenodeoxycholic acid,,A05AA01,,,,,,,,,,,,,,,,,,
drug_ursodeoxycholic_acid,ursodeoxycholic acid,,A05AA02,,,,,,,,,,,,,,,,,,
drug_cholic_acid,cholic acid,,A05AA03,,,,,,,,,,,,,,,,,,
drug_obeticholic_acid,obeticholic acid,,A05AA04,,,,,,,,,,,,,,,,,,
drug_ursodoxicoltaurine,ursodoxicoltaurine,,A05AA05,,,,,,,,,,,,,,,,,,
drug_nicotinyl_methylamide,nicotinyl methylamide,,A05AB01,,,,,,,,,,,,,,,,,,
drug_piprozolin,piprozolin,,A05AX01,,,,,,,,,,,,,,,,,,
drug_hymecromone,hymecromone,,A05AX02,,,,,,,,,,,,,,,,,,
drug_cyclobutyrol,cyclobutyrol,,A05AX03,,,,,,,,,,,,,,,,,,
drug_maralixibat_chloride,maralixibat chloride,,A05AX04,,,,,,,,,,,,,,,,,,
drug_odevixibat,odevixibat,,A05AX05,,,,,,,,,,,,,,,,,,
drug_elafibranor,elafibranor,,A05AX06,,,,,,,,,,,,,,,,,,
drug_arginine_glutamate,arginine glutamate,,A05BA01,,,,,,,,,,,,,,,,,,
drug_silymarin,silymarin,,A05BA03,,,,,,,,,,,,,,,,,,
drug_citiolone,citiolone,,A05BA04,,,,,,,,,,,,,,,,,,
drug_epomediol,epomediol,,A05BA05,,,,,,,,,,,,,,,,,,
drug_ornithine_oxoglurate,ornithine oxoglurate,,A05BA06,,,,,,,,,,,,,,,,,,
drug_tidiacic_arginine,tidiacic arginine,,A05BA07,,,,,,,,,,,,,,,,,,
drug_glycyrrhizic_acid,glycyrrhizic acid,,A05BA08,,,,,,,,,,,,,,,,,,
drug_metadoxine,metadoxine,,A05BA09,,,,,,,,,,,,,,,,,,
drug_phospholipids,phospholipids,,A05BA10,,,,,,,,,,,,,,,,,,
drug_liquid_paraffin,liquid paraffin,,A06AA01,,,,,,,,,,,,,,,,,,
drug_docusate_sodium,docusate sodium,,A06AA02,,,,,,,,,,,,,,,,,,
drug_liquid_paraffin_combinations,"liquid paraffin, combinations",,A06AA51,,,,,,,,,,,,,,,,,,
drug_oxyphenisatine,oxyphenisatine,,A06AB01,,,,,,,,,,,,,,,,,,
drug_bisacodyl,bisacodyl,,A06AB02,A06AG02,,,,,,,,,,,,,,,,,
drug_dantron,dantron,,A06AB03,,,,,,,,,,,,,,,,,,
drug_phenolphthalein,phenolphthalein,,A06AB04,,,,,,,,,,,,,,,,,,
drug_castor_oil,castor oil,,A06AB05,,,,,,,,,,,,,,,,,,
drug_senna_glycosides,senna glycosides,,A06AB06,,,,,,,,,,,,,,,,,,
drug_cascara,cascara,,A06AB07,,,,,,,,,,,,,,,,,,
drug_sodium_picosulfate,sodium picosulfate,,A06AB08,,,,,,,,,,,,,,,,,,
drug_bisoxatin,bisoxatin,,A06AB09,,,,,,,,,,,,,,,,,,
drug_contact_laxatives_in_combination,contact laxatives in combination,,A06AB20,,,,,,,,,,,,,,,,,,
drug_contact_laxatives_in_combination_with_belladonna_alkaloids,contact laxatives in combination with belladonna alkaloids,,A06AB30,,,,,,,,,,,,,,,,,,
drug_bisacodyl_combinations,"bisacodyl, combinations",,A06AB52,,,,,,,,,,,,,,,,,,
drug_dantron_combinations,"dantron, combinations",,A06AB53,,,,,,,,,,,,,,,,,,
drug_senna_glycosides_combinations,"senna glycosides, combinations",,A06AB56,,,,,,,,,,,,,,,,,,
drug_cascara_combinations,"cascara, combinations",,A06AB57,,,,,,,,,,,,,,,,,,
drug_sodium_picosulfate_combinations,"sodium picosulfate, combinations",,A06AB58,,,,,,,,,,,,,,,,,,
drug_ispaghula_psylla_seeds,ispaghula (psylla seeds),,A06AC01,,,,,,,,,,,,,,,,,,
drug_ethulose,ethulose,,A06AC02,,,,,,,,,,,,,,,,,,
drug_sterculia,sterculia,,A06AC03,,,,,,,,,,,,,,,,,,
drug_linseed,linseed,,A06AC05,,,,,,,,,,,,,,,,,,
drug_methylcellulose,methylcellulose,,A06AC06,,,,,,,,,,,,,,,,,,
drug_triticum_wheat_fibre,triticum (wheat fibre),,A06AC07,,,,,,,,,,,,,,,,,,
drug_polycarbophil_calcium,polycarbophil calcium,,A06AC08,,,,,,,,,,,,,,,,,,
drug_ispaghula_combinations,"ispaghula, combinations",,A06AC51,,,,,,,,,,,,,,,,,,
drug_sterculia_combinations,"sterculia, combinations",,A06AC53,,,,,,,,,,,,,,,,,,
drug_linseed_combinations,"linseed, combinations",,A06AC55,,,,,,,,,,,,,,,,,,
drug_magnesium_sulfate,magnesium sulfate,,A06AD04,A12CC02;B05XA05;D11AX05;V04CC02,,,,,,,,,,,,,,,,,
drug_mineral_salts_in_combination,mineral salts in combination,,A06AD10,,,,,,,,,,,,,,,,,,
drug_lactulose,lactulose,,A06AD11,,,,,,,,,,,,,,,,,,
drug_lactitol,lactitol,,A06AD12,,,,,,,,,,,,,,,,,,
drug_sodium_sulfate,sodium sulfate,,A06AD13,A12CA02,,,,,,,,,,,,,,,,,
drug_pentaerithrityl,pentaerithrityl,,A06AD14,,,,,,,,,,,,,,,,,,
drug_macrogol,macrogol,,A06AD15,,,,,,,,,,,,,,,,,,
drug_mannitol,mannitol,,A06AD16,B05BC01;B05CX04;R05CB16;V04CX04,,,,,,,,,,,,,,,,,
drug_sodium_phosphate,sodium phosphate,,A06AD17,A06AG01;B05XA09;V03AG05,,,,,,,,,,,,,,,,,
drug_sorbitol,sorbitol,,A06AD18,A06AG07;B05CX02;V04CC01,,,,,,,,,,,,,,,,,
drug_magnesium_citrate,magnesium citrate,,A06AD19,A12CC04;B05CB03,,,,,,,,,,,,,,,,,
drug_sodium_tartrate,sodium tartrate,,A06AD21,,,,,,,,,,,,,,,,,,
drug_lactulose_combinations,"lactulose, combinations",,A06AD61,,,,,,,,,,,,,,,,,,
drug_macrogol_combinations,"macrogol, combinations",,A06AD65,,,,,,,,,,,,,,,,,,
drug_dantron_incl_combinations,"dantron, incl. combinations",,A06AG03,,,,,,,,,,,,,,,,,,
drug_glycerol,glycerol,,A06AG04,A06AX01,,,,,,,,,,,,,,,,,
drug_oil,oil,,A06AG06,,,,,,,,,,,,,,,,,,
drug_docusate_sodium_incl_combinations,"docusate sodium, incl. combinations",,A06AG10,,,,,,,,,,,,,,,,,,
drug_sodium_lauryl_sulfoacetate_incl_combinations,"sodium lauryl sulfoacetate, incl. combinations",,A06AG11,,,,,,,,,,,,,,,,,,
drug_methylnaltrexone_bromide,methylnaltrexone bromide,,A06AH01,,,,,,,,,,,,,,,,,,
drug_alvimopan,alvimopan,,A06AH02,,,,,,,,,,,,,,,,,,
drug_naloxegol,naloxegol,,A06AH03,,,,,,,,,,,,,,,,,,
drug_naloxone,naloxone,,A06AH04,V03AB15,,,,,,,,,,,,,,,,,
drug_naldemedine,naldemedine,,A06AH05,,,,,,,,,,,,,,,,,,
drug_carbon_dioxide_producing_drugs,carbon dioxide producing drugs,,A06AX02,,,,,,,,,,,,,,,,,,
drug_lubiprostone,lubiprostone,,A06AX03,,,,,,,,,,,,,,,,,,
drug_linaclotide,linaclotide,,A06AX04,,,,,,,,,,,,,,,,,,
drug_prucalopride,prucalopride,,A06AX05,,,,,,,,,,,,,,,,,,
drug_tegaserod,tegaserod,,A06AX06,,,,,,,,,,,,,,,,,,
drug_plecanatide,plecanatide,,A06AX07,,,,,,,,,,,,,,,,,,
drug_tenapanor,tenapanor,,A06AX08,,,,,,,,,,,,,,,,,,
drug_elobixibat,elobixibat,,A06AX09,,,,,,,,,,,,,,,,,,
drug_nystatin,nystatin,,A07AA02,D01AA01;G01AA01,,,,,,,,,,,,,,,,,
drug_streptomycin,streptomycin,,A07AA04,J01GA01,,,,,,,,,,,,,,,,,
drug_polymyxin_b,polymyxin B,,A07AA05,J01XB02;S01AA18;S02AA11;S03AA03,,,,,,,,,,,,,,,,,
drug_paromomycin,paromomycin,,A07AA06,,,,,,,,,,,,,,,,,,
drug_kanamycin,kanamycin,,A07AA08,J01GB04;S01AA24,,,,,,,,,,,,,,,,,
drug_vancomycin,vancomycin,,A07AA09,J01XA01;S01AA28,,,,,,,,,,,,,,,,,
drug_colistin,colistin,,A07AA10,J01XB01,,,,,,,,,,,,,,,,,
drug_rifaximin,rifaximin,,A07AA11,D06AX11,,,,,,,,,,,,,,,,,
drug_fidaxomicin,fidaxomicin,,A07AA12,,,,,,,,,,,,,,,,,,
drug_rifamycin,rifamycin,,A07AA13,D06AX15;J04AB03;S01AA16;S02AA12,,,,,,,,,,,,,,,,,
drug_neomycin_combinations,"neomycin, combinations",,A07AA51,,,,,,,,,,,,,,,,,,
drug_streptomycin_combinations,"streptomycin, combinations",,A07AA54,,,,,,,,,,,,,,,,,,
drug_phthalylsulfathiazole,phthalylsulfathiazole,,A07AB02,,,,,,,,,,,,,,,,,,
drug_sulfaguanidine,sulfaguanidine,,A07AB03,,,,,,,,,,,,,,,,,,
drug_succinylsulfathiazole,succinylsulfathiazole,,A07AB04,,,,,,,,,,,,,,,,,,
drug_broxyquinoline,broxyquinoline,,A07AX01,G01AC06;P01AA01,,,,,,,,,,,,,,,,,
drug_acetarsol,acetarsol,,A07AX02,G01AB01;P01CD02,,,,,,,,,,,,,,,,,
drug_nifuroxazide,nifuroxazide,,A07AX03,,,,,,,,,,,,,,,,,,
drug_nifurzide,nifurzide,,A07AX04,,,,,,,,,,,,,,,,,,
drug_medicinal_charcoal,medicinal charcoal,,A07BA01,,,,,,,,,,,,,,,,,,
drug_medicinal_charcoal_combinations,"medicinal charcoal, combinations",,A07BA51,,,,,,,,,,,,,,,,,,
drug_pectin,pectin,,A07BC01,,,,,,,,,,,,,,,,,,
drug_kaolin,kaolin,,A07BC02,,,,,,,,,,,,,,,,,,
drug_crospovidone,crospovidone,,A07BC03,,,,,,,,,,,,,,,,,,
drug_attapulgite,attapulgite,,A07BC04,,,,,,,,,,,,,,,,,,
drug_diosmectite,diosmectite,,A07BC05,,,,,,,,,,,,,,,,,,
drug_attapulgite_combinations,"attapulgite, combinations",,A07BC54,,,,,,,,,,,,,,,,,,
drug_diphenoxylate,diphenoxylate,,A07DA01,,,,,,,,,,,,,,,,,,
drug_opium,opium,,A07DA02,N02AA02,,,,,,,,,,,,,,,,,
drug_loperamide,loperamide,,A07DA03,,,,,,,,,,,,,,,,,,
drug_difenoxin,difenoxin,,A07DA04,,,,,,,,,,,,,,,,,,
drug_loperamide_oxide,loperamide oxide,,A07DA05,,,,,,,,,,,,,,,,,,
drug_eluxadoline,eluxadoline,,A07DA06,,,,,,,,,,,,,,,,,,
drug_morphine_combinations,"morphine, combinations",,A07DA52,N02AA51,,,,,,,,,,,,,,,,,
drug_loperamide_combinations,"loperamide, combinations",,A07DA53,,,,,,,,,,,,,,,,,,
drug_prednisone,prednisone,,A07EA03,H02AB07,,,,,,,,,,,,,,,,,
drug_betamethasone,betamethasone,,A07EA04,C05AA05;D07AC01;D07XC01;H02AB01;R01AD06;R03BA04;S01BA06;S01CB04;S02BA07;S03BA03,,,,,,,,,,,,,,,,,
drug_tixocortol,tixocortol,,A07EA05,R01AD07,,,,,,,,,,,,,,,,,
drug_budesonide,budesonide,,A07EA06,D07AC09;R01AD05;R03BA02,,,,,,,,,,,,,,,,,
drug_beclometasone,beclometasone,,A07EA07,D07AC15;R01AD01;R03BA01,,,,,,,,,,,,,,,,,
drug_cromoglicic_acid,cromoglicic acid,,A07EB01,D11AH03;R01AC01;R03BC01;S01GX01,,,,,,,,,,,,,,,,,
drug_sulfasalazine,sulfasalazine,,A07EC01,,,,,,,,,,,,,,,,,,
drug_mesalazine,mesalazine,,A07EC02,,,,,,,,,,,,,,,,,,
drug_olsalazine,olsalazine,,A07EC03,,,,,,,,,,,,,,,,,,
drug_balsalazide,balsalazide,,A07EC04,,,,,,,,,,,,,,,,,,
drug_lactic_acid_producing_organisms,lactic acid producing organisms,,A07FA01,,,,,,,,,,,,,,,,,,
drug_saccharomyces_boulardii,saccharomyces boulardii,,A07FA02,,,,,,,,,,,,,,,,,,
drug_escherichia_coli,escherichia coli,,A07FA03,,,,,,,,,,,,,,,,,,
drug_lactic_acid_producing_organisms_combinations,"lactic acid producing organisms, combinations",,A07FA51,,,,,,,,,,,,,,,,,,
drug_albumin_tannate,albumin tannate,,A07XA01,,,,,,,,,,,,,,,,,,
drug_ceratonia,ceratonia,,A07XA02,,,,,,,,,,,,,,,,,,
drug_calcium_compounds,calcium compounds,,A07XA03,,,,,,,,,,,,,,,,,,
drug_racecadotril,racecadotril,,A07XA04,,,,,,,,,,,,,,,,,,
drug_crofelemer,crofelemer,,A07XA06,,,,,,,,,,,,,,,,,,
drug_albumin_tannate_combinations,"albumin tannate, combinations",,A07XA51,,,,,,,,,,,,,,,,,,
drug_phentermine,phentermine,,A08AA01,,,,,,,,,,,,,,,,,,
drug_fenfluramine,fenfluramine,,A08AA02,N03AX26,,,,,,,,,,,,,,,,,
drug_amfepramone,amfepramone,,A08AA03,,,,,,,,,,,,,,,,,,
drug_dexfenfluramine,dexfenfluramine,,A08AA04,,,,,,,,,,,,,,,,,,
drug_mazindol,mazindol,,A08AA05,,,,,,,,,,,,,,,,,,
drug_etilamfetamine,etilamfetamine,,A08AA06,,,,,,,,,,,,,,,,,,
drug_cathine,cathine,,A08AA07,,,,,,,,,,,,,,,,,,
drug_clobenzorex,clobenzorex,,A08AA08,,,,,,,,,,,,,,,,,,
drug_mefenorex,mefenorex,,A08AA09,,,,,,,,,,,,,,,,,,
drug_sibutramine,sibutramine,,A08AA10,,,,,,,,,,,,,,,,,,
drug_lorcaserin,lorcaserin,,A08AA11,,,,,,,,,,,,,,,,,,
drug_setmelanotide,setmelanotide,,A08AA12,,,,,,,,,,,,,,,,,,
drug_phentermine_and_topiramate,phentermine and topiramate,,A08AA51,,,,,,,,,,,,,,,,,,
drug_ephedrine_combinations,"ephedrine, combinations",,A08AA56,,,,,,,,,,,,,,,,,,
drug_bupropion_and_naltrexone,bupropion and naltrexone,,A08AA62,,,,,,,,,,,,,,,,,,
drug_orlistat,orlistat,,A08AB01,,,,,,,,,,,,,,,,,,
drug_rimonabant,rimonabant,,A08AX01,,,,,,,,,,,,,,,,,,
drug_diastase,diastase,,A09AA01,,,,,,,,,,,,,,,,,,
drug_multienzymes_lipase_protease_etc,"multienzymes (lipase, protease etc.)",,A09AA02,,,,,,,,,,,,,,,,,,
drug_pepsin,pepsin,,A09AA03,,,,,,,,,,,,,,,,,,
drug_tilactase,tilactase,,A09AA04,,,,,,,,,,,,,,,,,,
drug_glutamic_acid_hydrochloride,glutamic acid hydrochloride,,A09AB01,,,,,,,,,,,,,,,,,,
drug_betaine_hydrochloride,betaine hydrochloride,,A09AB02,,,,,,,,,,,,,,,,,,
drug_hydrochloric_acid,hydrochloric acid,,A09AB03,B05XA13,,,,,,,,,,,,,,,,,
drug_citric_acid,citric acid,,A09AB04,,,,,,,,,,,,,,,,,,
drug_pepsin_and_acid_preparations,pepsin and acid preparations,,A09AC01,,,,,,,,,,,,,,,,,,
drug_multienzymes_and_acid_preparations,multienzymes and acid preparations,,A09AC02,,,,,,,,,,,,,,,,,,
drug_insulin_human,insulin (human),,A10AB01,A10AC01;A10AD01;A10AE01;A10AF01,,,,,,,,,,,,,,,,,
drug_insulin_beef,insulin (beef),,A10AB02,A10AC02;A10AD02;A10AE02,,,,,,,,,,,,,,,,,
drug_insulin_pork,insulin (pork),,A10AB03,A10AC03;A10AD03;A10AE03,,,,,,,,,,,,,,,,,
drug_insulin_lispro,insulin lispro,,A10AB04,A10AC04;A10AD04,,,,,,,,,,,,,,,,,
drug_insulin_aspart,insulin aspart,,A10AB05,A10AD05,,,,,,,,,,,,,,,,,
drug_insulin_glulisine,insulin glulisine,,A10AB06,,,,,,,,,,,,,,,,,,
drug_insulin_degludec_and_insulin_aspart,insulin degludec and insulin aspart,,A10AD06,,,,,,,,,,,,,,,,,,
drug_insulin_glargine,insulin glargine,,A10AE04,,,,,,,,,,,,,,,,,,
drug_insulin_detemir,insulin detemir,,A10AE05,,,,,,,,,,,,,,,,,,
drug_insulin_degludec,insulin degludec,,A10AE06,,,,,,,,,,,,,,,,,,
drug_insulin_icodec,insulin icodec,,A10AE07,,,,,,,,,,,,,,,,,,
drug_insulin_glargine_and_lixisenatide,insulin glargine and lixisenatide,,A10AE54,,,,,,,,,,,,,,,,,,
drug_insulin_degludec_and_liraglutide,insulin degludec and liraglutide,,A10AE56,,,,,,,,,,,,,,,,,,
drug_phenformin,phenformin,,A10BA01,,,,,,,,,,,,,,,,,,
drug_metformin,metformin,,A10BA02,,,,,,,,,,,,,,,,,,
drug_buformin,buformin,,A10BA03,,,,,,,,,,,,,,,,,,
drug_glibenclamide,glibenclamide,,A10BB01,,,,,,,,,,,,,,,,,,
drug_chlorpropamide,chlorpropamide,,A10BB02,,,,,,,,,,,,,,,,,,
drug_tolbutamide,tolbutamide,,A10BB03,V04CA01,,,,,,,,,,,,,,,,,
drug_glibornuride,glibornuride,,A10BB04,,,,,,,,,,,,,,,,,,
drug_tolazamide,tolazamide,,A10BB05,,,,,,,,,,,,,,,,,,
drug_carbutamide,carbutamide,,A10BB06,,,,,,,,,,,,,,,,,,
drug_glipizide,glipizide,,A10BB07,,,,,,,,,,,,,,,,,,
drug_gliquidone,gliquidone,,A10BB08,,,,,,,,,,,,,,,,,,
drug_gliclazide,gliclazide,,A10BB09,,,,,,,,,,,,,,,,,,
drug_metahexamide,metahexamide,,A10BB10,,,,,,,,,,,,,,,,,,
drug_glisoxepide,glisoxepide,,A10BB11,,,,,,,,,,,,,,,,,,
drug_glimepiride,glimepiride,,A10BB12,,,,,,,,,,,,,,,,,,
drug_acetohexamide,acetohexamide,,A10BB31,,,,,,,,,,,,,,,,,,
drug_glymidine,glymidine,,A10BC01,,,,,,,,,,,,,,,,,,
drug_phenformin_and_sulfonylureas,phenformin and sulfonylureas,,A10BD01,,,,,,,,,,,,,,,,,,
drug_metformin_and_sulfonylureas,metformin and sulfonylureas,,A10BD02,,,,,,,,,,,,,,,,,,
drug_metformin_and_rosiglitazone,metformin and rosiglitazone,,A10BD03,,,,,,,,,,,,,,,,,,
drug_glimepiride_and_rosiglitazone,glimepiride and rosiglitazone,,A10BD04,,,,,,,,,,,,,,,,,,
drug_metformin_and_pioglitazone,metformin and pioglitazone,,A10BD05,,,,,,,,,,,,,,,,,,
drug_glimepiride_and_pioglitazone,glimepiride and pioglitazone,,A10BD06,,,,,,,,,,,,,,,,,,
drug_metformin_and_sitagliptin,metformin and sitagliptin,,A10BD07,,,,,,,,,,,,,,,,,,
drug_metformin_and_vildagliptin,metformin and vildagliptin,,A10BD08,,,,,,,,,,,,,,,,,,
drug_pioglitazone_and_alogliptin,pioglitazone and alogliptin,,A10BD09,,,,,,,,,,,,,,,,,,
drug_metformin_and_saxagliptin,metformin and saxagliptin,,A10BD10,,,,,,,,,,,,,,,,,,
drug_metformin_and_linagliptin,metformin and linagliptin,,A10BD11,,,,,,,,,,,,,,,,,,
drug_pioglitazone_and_sitagliptin,pioglitazone and sitagliptin,,A10BD12,,,,,,,,,,,,,,,,,,
drug_metformin_and_alogliptin,metformin and alogliptin,,A10BD13,,,,,,,,,,,,,,,,,,
drug_metformin_and_repaglinide,metformin and repaglinide,,A10BD14,,,,,,,,,,,,,,,,,,
drug_metformin_and_dapagliflozin,metformin and dapagliflozin,,A10BD15,,,,,,,,,,,,,,,,,,
drug_metformin_and_canagliflozin,metformin and canagliflozin,,A10BD16,,,,,,,,,,,,,,,,,,
drug_metformin_and_acarbose,metformin and acarbose,,A10BD17,,,,,,,,,,,,,,,,,,
drug_metformin_and_gemigliptin,metformin and gemigliptin,,A10BD18,,,,,,,,,,,,,,,,,,
drug_linagliptin_and_empagliflozin,linagliptin and empagliflozin,,A10BD19,,,,,,,,,,,,,,,,,,
drug_metformin_and_empagliflozin,metformin and empagliflozin,,A10BD20,,,,,,,,,,,,,,,,,,
drug_saxagliptin_and_dapagliflozin,saxagliptin and dapagliflozin,,A10BD21,,,,,,,,,,,,,,,,,,
drug_metformin_and_evogliptin,metformin and evogliptin,,A10BD22,,,,,,,,,,,,,,,,,,
drug_metformin_and_ertugliflozin,metformin and ertugliflozin,,A10BD23,,,,,,,,,,,,,,,,,,
drug_sitagliptin_and_ertugliflozin,sitagliptin and ertugliflozin,,A10BD24,,,,,,,,,,,,,,,,,,
drug_metformin_saxagliptin_and_dapagliflozin,"metformin, saxagliptin and dapagliflozin",,A10BD25,,,,,,,,,,,,,,,,,,
drug_metformin_and_lobeglitazone,metformin and lobeglitazone,,A10BD26,,,,,,,,,,,,,,,,,,
drug_metformin_linagliptin_and_empagliflozin,"metformin, linagliptin and empagliflozin",,A10BD27,,,,,,,,,,,,,,,,,,
drug_metformin_and_teneligliptin,metformin and teneligliptin,,A10BD28,,,,,,,,,,,,,,,,,,
drug_sitagliptin_and_dapagliflozin,sitagliptin and dapagliflozin,,A10BD29,,,,,,,,,,,,,,,,,,
drug_acarbose,acarbose,,A10BF01,,,,,,,,,,,,,,,,,,
drug_miglitol,miglitol,,A10BF02,,,,,,,,,,,,,,,,,,
drug_voglibose,voglibose,,A10BF03,,,,,,,,,,,,,,,,,,
drug_troglitazone,troglitazone,,A10BG01,,,,,,,,,,,,,,,,,,
drug_rosiglitazone,rosiglitazone,,A10BG02,,,,,,,,,,,,,,,,,,
drug_pioglitazone,pioglitazone,,A10BG03,,,,,,,,,,,,,,,,,,
drug_lobeglitazone,lobeglitazone,,A10BG04,,,,,,,,,,,,,,,,,,
drug_sitagliptin,sitagliptin,,A10BH01,,,,,,,,,,,,,,,,,,
drug_vildagliptin,vildagliptin,,A10BH02,,,,,,,,,,,,,,,,,,
drug_saxagliptin,saxagliptin,,A10BH03,,,,,,,,,,,,,,,,,,
drug_alogliptin,alogliptin,,A10BH04,,,,,,,,,,,,,,,,,,
drug_linagliptin,linagliptin,,A10BH05,,,,,,,,,,,,,,,,,,
drug_gemigliptin,gemigliptin,,A10BH06,,,,,,,,,,,,,,,,,,
drug_evogliptin,evogliptin,,A10BH07,,,,,,,,,,,,,,,,,,
drug_teneligliptin,teneligliptin,,A10BH08,,,,,,,,,,,,,,,,,,
drug_sitagliptin_and_simvastatin,sitagliptin and simvastatin,,A10BH51,,,,,,,,,,,,,,,,,,
drug_gemigliptin_and_rosuvastatin,gemigliptin and rosuvastatin,,A10BH52,,,,,,,,,,,,,,,,,,
drug_exenatide,exenatide,,A10BJ01,,,,,,,,,,,,,,,,,,
drug_liraglutide,liraglutide,,A10BJ02,,,,,,,,,,,,,,,,,,
drug_lixisenatide,lixisenatide,,A10BJ03,,,,,,,,,,,,,,,,,,
drug_albiglutide,albiglutide,,A10BJ04,,,,,,,,,,,,,,,,,,
drug_dulaglutide,dulaglutide,,A10BJ05,,,,,,,,,,,,,,,,,,
drug_semaglutide,semaglutide,,A10BJ06,,,,,,,,,,,,,,,,,,
drug_beinaglutide,beinaglutide,,A10BJ07,,,,,,,,,,,,,,,,,,
drug_dapagliflozin,dapagliflozin,,A10BK01,,,,,,,,,,,,,,,,,,
drug_canagliflozin,canagliflozin,,A10BK02,,,,,,,,,,,,,,,,,,
drug_empagliflozin,empagliflozin,,A10BK03,,,,,,,,,,,,,,,,,,
drug_ertugliflozin,ertugliflozin,,A10BK04,,,,,,,,,,,,,,,,,,
drug_ipragliflozin,ipragliflozin,,A10BK05,,,,,,,,,,,,,,,,,,
drug_sotagliflozin,sotagliflozin,,A10BK06,,,,,,,,,,,,,,,,,,
drug_luseogliflozin,luseogliflozin,,A10BK07,,,,,,,,,,,,,,,,,,
drug_bexagliflozin,bexagliflozin,,A10BK08,,,,,,,,,,,,,,,,,,
drug_guar_gum,guar gum,,A10BX01,,,,,,,,,,,,,,,,,,
drug_repaglinide,repaglinide,,A10BX02,,,,,,,,,,,,,,,,,,
drug_nateglinide,nateglinide,,A10BX03,,,,,,,,,,,,,,,,,,
drug_pramlintide,pramlintide,,A10BX05,,,,,,,,,,,,,,,,,,
drug_benfluorex,benfluorex,,A10BX06,,,,,,,,,,,,,,,,,,
drug_mitiglinide,mitiglinide,,A10BX08,,,,,,,,,,,,,,,,,,
drug_imeglimin,imeglimin,,A10BX15,,,,,,,,,,,,,,,,,,
drug_tirzepatide,tirzepatide,,A10BX16,,,,,,,,,,,,,,,,,,
drug_carfloglitazar,carfloglitazar,,A10BX17,,,,,,,,,,,,,,,,,,
drug_dorzagliatin,dorzagliatin,,A10BX18,,,,,,,,,,,,,,,,,,
drug_tolrestat,tolrestat,,A10XA01,,,,,,,,,,,,,,,,,,
drug_teplizumab,teplizumab,,A10XX01,,,,,,,,,,,,,,,,,,
drug_multivitamins_and_iron,multivitamins and iron,,A11AA01,,,,,,,,,,,,,,,,,,
drug_multivitamins_and_calcium,multivitamins and calcium,,A11AA02,,,,,,,,,,,,,,,,,,
drug_multivitamins_and_other_minerals_incl_combinations,"multivitamins and other minerals, incl. combinations",,A11AA03,,,,,,,,,,,,,,,,,,
drug_multivitamins_and_trace_elements,multivitamins and trace elements,,A11AA04,,,,,,,,,,,,,,,,,,
drug_retinol_vit_a,retinol (vit A),,A11CA01,,,,,,,,,,,,,,,,,,
drug_betacarotene,betacarotene,,A11CA02,D02BB01,,,,,,,,,,,,,,,,,
drug_ergocalciferol,ergocalciferol,,A11CC01,,,,,,,,,,,,,,,,,,
drug_dihydrotachysterol,dihydrotachysterol,,A11CC02,,,,,,,,,,,,,,,,,,
drug_alfacalcidol,alfacalcidol,,A11CC03,,,,,,,,,,,,,,,,,,
drug_calcitriol,calcitriol,,A11CC04,D05AX03,,,,,,,,,,,,,,,,,
drug_colecalciferol,colecalciferol,,A11CC05,,,,,,,,,,,,,,,,,,
drug_calcifediol,calcifediol,,A11CC06,H05BX05,,,,,,,,,,,,,,,,,
drug_colecalciferol_combinations,"colecalciferol, combinations",,A11CC55,,,,,,,,,,,,,,,,,,
drug_thiamine_vit_b1,thiamine (vit B1),,A11DA01,,,,,,,,,,,,,,,,,,
drug_sulbutiamine,sulbutiamine,,A11DA02,,,,,,,,,,,,,,,,,,
drug_benfotiamine,benfotiamine,,A11DA03,,,,,,,,,,,,,,,,,,
drug_ascorbic_acid_vit_c,ascorbic acid (vit C),,A11GA01,,,,,,,,,,,,,,,,,,
drug_ascorbic_acid_vit_c_and_calcium,ascorbic acid (vit C) and calcium,,A11GB01,,,,,,,,,,,,,,,,,,
drug_nicotinamide,nicotinamide,,A11HA01,,,,,,,,,,,,,,,,,,
drug_pyridoxine_vit_b6,pyridoxine (vit B6),,A11HA02,,,,,,,,,,,,,,,,,,
drug_tocopherol_vit_e,tocopherol (vit E),,A11HA03,,,,,,,,,,,,,,,,,,
drug_riboflavin_vit_b2,riboflavin (vit B2),,A11HA04,,,,,,,,,,,,,,,,,,
drug_biotin,biotin,,A11HA05,,,,,,,,,,,,,,,,,,
drug_pyridoxal_phosphate,pyridoxal phosphate,,A11HA06,,,,,,,,,,,,,,,,,,
drug_inositol,inositol,,A11HA07,,,,,,,,,,,,,,,,,,
drug_tocofersolan,tocofersolan,,A11HA08,,,,,,,,,,,,,,,,,,
drug_dexpanthenol,dexpanthenol,,A11HA30,D03AX03;S01XA12,,,,,,,,,,,,,,,,,
drug_calcium_pantothenate,calcium pantothenate,,A11HA31,D03AX04,,,,,,,,,,,,,,,,,
drug_pantethine,pantethine,,A11HA32,,,,,,,,,,,,,,,,,,
drug_calcium_phosphate,calcium phosphate,,A12AA01,,,,,,,,,,,,,,,,,,
drug_calcium_glubionate,calcium glubionate,,A12AA02,,,,,,,,,,,,,,,,,,
drug_calcium_gluconate,calcium gluconate,,A12AA03,B05XA19;D11AX03,,,,,,,,,,,,,,,,,
drug_calcium_lactate,calcium lactate,,A12AA05,,,,,,,,,,,,,,,,,,
drug_calcium_lactate_gluconate,calcium lactate gluconate,,A12AA06,,,,,,,,,,,,,,,,,,
drug_calcium_chloride,calcium chloride,,A12AA07,B05XA07;G04BA03,,,,,,,,,,,,,,,,,
drug_calcium_glycerylphosphate,calcium glycerylphosphate,,A12AA08,,,,,,,,,,,,,,,,,,
drug_calcium_citrate_lysine_complex,calcium citrate lysine complex,,A12AA09,,,,,,,,,,,,,,,,,,
drug_calcium_glucoheptonate,calcium glucoheptonate,,A12AA10,,,,,,,,,,,,,,,,,,
drug_calcium_pangamate,calcium pangamate,,A12AA11,,,,,,,,,,,,,,,,,,
drug_calcium_citrate,calcium citrate,,A12AA13,,,,,,,,,,,,,,,,,,
drug_calcium_different_salts_in_combination,calcium (different salts in combination),,A12AA20,,,,,,,,,,,,,,,,,,
drug_calcium_laevulate,calcium laevulate,,A12AA30,,,,,,,,,,,,,,,,,,
drug_potassium_chloride,potassium chloride,,A12BA01,B05XA01,,,,,,,,,,,,,,,,,
drug_potassium_citrate,potassium citrate,,A12BA02,,,,,,,,,,,,,,,,,,
drug_potassium_hydrogentartrate,potassium hydrogentartrate,,A12BA03,,,,,,,,,,,,,,,,,,
drug_potassium_hydrogencarbonate,potassium hydrogencarbonate,,A12BA04,,,,,,,,,,,,,,,,,,
drug_potassium_gluconate,potassium gluconate,,A12BA05,,,,,,,,,,,,,,,,,,
drug_potassium_different_salts_in_combination,potassium (different salts in combination),,A12BA30,,,,,,,,,,,,,,,,,,
drug_potassium_chloride_combinations,"potassium chloride, combinations",,A12BA51,,,,,,,,,,,,,,,,,,
drug_sodium_chloride,sodium chloride,,A12CA01,B05CB01;B05XA03,,,,,,,,,,,,,,,,,
drug_zinc_sulfate,zinc sulfate,,A12CB01,B05XA18,,,,,,,,,,,,,,,,,
drug_zinc_gluconate,zinc gluconate,,A12CB02,,,,,,,,,,,,,,,,,,
drug_zinc_protein_complex,zinc protein complex,,A12CB03,,,,,,,,,,,,,,,,,,
drug_magnesium_chloride,magnesium chloride,,A12CC01,B05XA11,,,,,,,,,,,,,,,,,
drug_magnesium_gluconate,magnesium gluconate,,A12CC03,,,,,,,,,,,,,,,,,,
drug_magnesium_aspartate,magnesium aspartate,,A12CC05,,,,,,,,,,,,,,,,,,
drug_magnesium_lactate,magnesium lactate,,A12CC06,,,,,,,,,,,,,,,,,,
drug_magnesium_levulinate,magnesium levulinate,,A12CC07,,,,,,,,,,,,,,,,,,
drug_magnesium_pidolate,magnesium pidolate,,A12CC08,,,,,,,,,,,,,,,,,,
drug_magnesium_orotate,magnesium orotate,,A12CC09,,,,,,,,,,,,,,,,,,
drug_magnesium_different_salts_in_combination,magnesium (different salts in combination),,A12CC30,,,,,,,,,,,,,,,,,,
drug_fluoride_combinations,"fluoride, combinations",,A12CD51,,,,,,,,,,,,,,,,,,
drug_sodium_selenate,sodium selenate,,A12CE01,,,,,,,,,,,,,,,,,,
drug_sodium_selenite,sodium selenite,,A12CE02,B05XA20,,,,,,,,,,,,,,,,,
drug_androstanolone,androstanolone,,A14AA01,G03BB02,,,,,,,,,,,,,,,,,
drug_stanozolol,stanozolol,,A14AA02,,,,,,,,,,,,,,,,,,
drug_metandienone,metandienone,,A14AA03,D11AE01,,,,,,,,,,,,,,,,,
drug_metenolone,metenolone,,A14AA04,,,,,,,,,,,,,,,,,,
drug_oxymetholone,oxymetholone,,A14AA05,,,,,,,,,,,,,,,,,,
drug_quinbolone,quinbolone,,A14AA06,,,,,,,,,,,,,,,,,,
drug_prasterone,prasterone,,A14AA07,G03XX01,,,,,,,,,,,,,,,,,
drug_oxandrolone,oxandrolone,,A14AA08,,,,,,,,,,,,,,,,,,
drug_norethandrolone,norethandrolone,,A14AA09,,,,,,,,,,,,,,,,,,
drug_nandrolone,nandrolone,,A14AB01,S01XA11,,,,,,,,,,,,,,,,,
drug_ethylestrenol,ethylestrenol,,A14AB02,,,,,,,,,,,,,,,,,,
drug_oxabolone_cipionate,oxabolone cipionate,,A14AB03,,,,,,,,,,,,,,,,,,
drug_levocarnitine,levocarnitine,,A16AA01,,,,,,,,,,,,,,,,,,
drug_ademetionine,ademetionine,,A16AA02,,,,,,,,,,,,,,,,,,
drug_glutamine,glutamine,,A16AA03,,,,,,,,,,,,,,,,,,
drug_mercaptamine,mercaptamine,,A16AA04,S01XA21,,,,,,,,,,,,,,,,,
drug_carglumic_acid,carglumic acid,,A16AA05,,,,,,,,,,,,,,,,,,
drug_betaine,betaine,,A16AA06,,,,,,,,,,,,,,,,,,
drug_metreleptin,metreleptin,,A16AA07,,,,,,,,,,,,,,,,,,
drug_alglucerase,alglucerase,,A16AB01,,,,,,,,,,,,,,,,,,
drug_imiglucerase,imiglucerase,,A16AB02,,,,,,,,,,,,,,,,,,
drug_agalsidase_alfa,agalsidase alfa,,A16AB03,,,,,,,,,,,,,,,,,,
drug_agalsidase_beta,agalsidase beta,,A16AB04,,,,,,,,,,,,,,,,,,
drug_laronidase,laronidase,,A16AB05,,,,,,,,,,,,,,,,,,
drug_sacrosidase,sacrosidase,,A16AB06,,,,,,,,,,,,,,,,,,
drug_alglucosidase_alfa,alglucosidase alfa,,A16AB07,,,,,,,,,,,,,,,,,,
drug_galsulfase,galsulfase,,A16AB08,,,,,,,,,,,,,,,,,,
drug_idursulfase,idursulfase,,A16AB09,,,,,,,,,,,,,,,,,,
drug_velaglucerase_alfa,velaglucerase alfa,,A16AB10,,,,,,,,,,,,,,,,,,
drug_taliglucerase_alfa,taliglucerase alfa,,A16AB11,,,,,,,,,,,,,,,,,,
drug_elosulfase_alfa,elosulfase alfa,,A16AB12,,,,,,,,,,,,,,,,,,
drug_asfotase_alfa,asfotase alfa,,A16AB13,,,,,,,,,,,,,,,,,,
drug_sebelipase_alfa,sebelipase alfa,,A16AB14,,,,,,,,,,,,,,,,,,
drug_velmanase_alfa,velmanase alfa,,A16AB15,,,,,,,,,,,,,,,,,,
drug_idursulfase_beta,idursulfase beta,,A16AB16,,,,,,,,,,,,,,,,,,
drug_cerliponase_alfa,cerliponase alfa,,A16AB17,,,,,,,,,,,,,,,,,,
drug_vestronidase_alfa,vestronidase alfa,,A16AB18,,,,,,,,,,,,,,,,,,
drug_pegvaliase,pegvaliase,,A16AB19,,,,,,,,,,,,,,,,,,
drug_pegunigalsidase_alfa,pegunigalsidase alfa,,A16AB20,,,,,,,,,,,,,,,,,,
drug_atidarsagene_autotemcel,atidarsagene autotemcel,,A16AB21,,,,,,,,,,,,,,,,,,
drug_avalglucosidase_alfa,avalglucosidase alfa,,A16AB22,,,,,,,,,,,,,,,,,,
drug_cipaglucosidase_alfa,cipaglucosidase alfa,,A16AB23,,,,,,,,,,,,,,,,,,
drug_pegzilarginase,pegzilarginase,,A16AB24,,,,,,,,,,,,,,,,,,
drug_olipudase_alfa,olipudase alfa,,A16AB25,,,,,,,,,,,,,,,,,,
drug_eladocagene_exuparvovec,eladocagene exuparvovec,,A16AB26,,,,,,,,,,,,,,,,,,
drug_pabinafusp_alfa,pabinafusp alfa,,A16AB27,,,,,,,,,,,,,,,,,,
drug_thioctic_acid,thioctic acid,,A16AX01,,,,,,,,,,,,,,,,,,
drug_anethole_trithione,anethole trithione,,A16AX02,,,,,,,,,,,,,,,,,,
drug_sodium_phenylbutyrate,sodium phenylbutyrate,,A16AX03,,,,,,,,,,,,,,,,,,
drug_nitisinone,nitisinone,,A16AX04,,,,,,,,,,,,,,,,,,
drug_zinc_acetate,zinc acetate,,A16AX05,,,,,,,,,,,,,,,,,,
drug_miglustat,miglustat,,A16AX06,,,,,,,,,,,,,,,,,,
drug_sapropterin,sapropterin,,A16AX07,,,,,,,,,,,,,,,,,,
drug_teduglutide,teduglutide,,A16AX08,,,,,,,,,,,,,,,,,,
drug_glycerol_phenylbutyrate,glycerol phenylbutyrate,,A16AX09,,,,,,,,,,,,,,,,,,
drug_eliglustat,eliglustat,,A16AX10,,,,,,,,,,,,,,,,,,
drug_sodium_benzoate,sodium benzoate,,A16AX11,,,,,,,,,,,,,,,,,,
drug_trientine,trientine,,A16AX12,,,,,,,,,,,,,,,,,,
drug_uridine_triacetate,uridine triacetate,,A16AX13,,,,,,,,,,,,,,,,,,
drug_migalastat,migalastat,,A16AX14,,,,,,,,,,,,,,,,,,
drug_telotristat,telotristat,,A16AX15,,,,,,,,,,,,,,,,,,
drug_givosiran,givosiran,,A16AX16,,,,,,,,,,,,,,,,,,
drug_triheptanoin,triheptanoin,,A16AX17,,,,,,,,,,,,,,,,,,
drug_lumasiran,lumasiran,,A16AX18,,,,,,,,,,,,,,,,,,
drug_fosdenopterin,fosdenopterin,,A16AX19,,,,,,,,,,,,,,,,,,
drug_lonafarnib,lonafarnib,,A16AX20,,,,,,,,,,,,,,,,,,
drug_elivaldogene_autotemcel,elivaldogene autotemcel,,A16AX21,,,,,,,,,,,,,,,,,,
drug_tiomolibdic_acid,tiomolibdic acid,,A16AX22,,,,,,,,,,,,,,,,,,
drug_leriglitazone,leriglitazone,,A16AX23,,,,,,,,,,,,,,,,,,
drug_sodium_benzoate_and_sodium_phenylacetate,sodium benzoate and sodium phenylacetate,,A16AX30,,,,,,,,,,,,,,,,,,
drug_dicoumarol,dicoumarol,,B01AA01,,,,,,,,,,,,,,,,,,
drug_phenindione,phenindione,,B01AA02,,,,,,,,,,,,,,,,,,
drug_warfarin,warfarin,,B01AA03,,,,,,,,,,,,,,,,,,
drug_phenprocoumon,phenprocoumon,,B01AA04,,,,,,,,,,,,,,,,,,
drug_acenocoumarol,acenocoumarol,,B01AA07,,,,,,,,,,,,,,,,,,
drug_ethyl_biscoumacetate,ethyl biscoumacetate,,B01AA08,,,,,,,,,,,,,,,,,,
drug_clorindione,clorindione,,B01AA09,,,,,,,,,,,,,,,,,,
drug_diphenadione,diphenadione,,B01AA10,,,,,,,,,,,,,,,,,,
drug_tioclomarol,tioclomarol,,B01AA11,,,,,,,,,,,,,,,,,,
drug_fluindione,fluindione,,B01AA12,,,,,,,,,,,,,,,,,,
drug_heparin,heparin,,B01AB01,C05BA03;S01XA14,,,,,,,,,,,,,,,,,
drug_antithrombin_iii,antithrombin III,,B01AB02,,,,,,,,,,,,,,,,,,
drug_dalteparin,dalteparin,,B01AB04,,,,,,,,,,,,,,,,,,
drug_enoxaparin,enoxaparin,,B01AB05,,,,,,,,,,,,,,,,,,
drug_nadroparin,nadroparin,,B01AB06,,,,,,,,,,,,,,,,,,
drug_parnaparin,parnaparin,,B01AB07,,,,,,,,,,,,,,,,,,
drug_reviparin,reviparin,,B01AB08,,,,,,,,,,,,,,,,,,
drug_danaparoid,danaparoid,,B01AB09,,,,,,,,,,,,,,,,,,
drug_tinzaparin,tinzaparin,,B01AB10,,,,,,,,,,,,,,,,,,
drug_sulodexide,sulodexide,,B01AB11,,,,,,,,,,,,,,,,,,
drug_bemiparin,bemiparin,,B01AB12,,,,,,,,,,,,,,,,,,
drug_heparin_combinations,"heparin, combinations",,B01AB51,C05BA53,,,,,,,,,,,,,,,,,
drug_ditazole,ditazole,,B01AC01,,,,,,,,,,,,,,,,,,
drug_cloricromen,cloricromen,,B01AC02,,,,,,,,,,,,,,,,,,
drug_picotamide,picotamide,,B01AC03,,,,,,,,,,,,,,,,,,
drug_clopidogrel,clopidogrel,,B01AC04,,,,,,,,,,,,,,,,,,
drug_ticlopidine,ticlopidine,,B01AC05,,,,,,,,,,,,,,,,,,
drug_dipyridamole,dipyridamole,,B01AC07,,,,,,,,,,,,,,,,,,
drug_carbasalate_calcium,carbasalate calcium,,B01AC08,N02BA15,,,,,,,,,,,,,,,,,
drug_epoprostenol,epoprostenol,,B01AC09,,,,,,,,,,,,,,,,,,
drug_indobufen,indobufen,,B01AC10,,,,,,,,,,,,,,,,,,
drug_iloprost,iloprost,,B01AC11,,,,,,,,,,,,,,,,,,
drug_abciximab,abciximab,,B01AC13,,,,,,,,,,,,,,,,,,
drug_aloxiprin,aloxiprin,,B01AC15,N02BA02,,,,,,,,,,,,,,,,,
drug_eptifibatide,eptifibatide,,B01AC16,,,,,,,,,,,,,,,,,,
drug_tirofiban,tirofiban,,B01AC17,,,,,,,,,,,,,,,,,,
drug_triflusal,triflusal,,B01AC18,,,,,,,,,,,,,,,,,,
drug_beraprost,beraprost,,B01AC19,,,,,,,,,,,,,,,,,,
drug_treprostinil,treprostinil,,B01AC21,,,,,,,,,,,,,,,,,,
drug_prasugrel,prasugrel,,B01AC22,,,,,,,,,,,,,,,,,,
drug_cilostazol,cilostazol,,B01AC23,,,,,,,,,,,,,,,,,,
drug_ticagrelor,ticagrelor,,B01AC24,,,,,,,,,,,,,,,,,,
drug_cangrelor,cangrelor,,B01AC25,,,,,,,,,,,,,,,,,,
drug_vorapaxar,vorapaxar,,B01AC26,,,,,,,,,,,,,,,,,,
drug_selexipag,selexipag,,B01AC27,,,,,,,,,,,,,,,,,,
drug_limaprost,limaprost,,B01AC28,,,,,,,,,,,,,,,,,,
drug_acetylsalicylic_acid_combinations_with_proton_pump_inhibitors,"acetylsalicylic acid, combinations with proton pump inhibitors",,B01AC56,,,,,,,,,,,,,,,,,,
drug_streptokinase,streptokinase,,B01AD01,,,,,,,,,,,,,,,,,,
drug_alteplase,alteplase,,B01AD02,S01XA13,,,,,,,,,,,,,,,,,
drug_anistreplase,anistreplase,,B01AD03,,,,,,,,,,,,,,,,,,
drug_urokinase,urokinase,,B01AD04,,,,,,,,,,,,,,,,,,
drug_fibrinolysin,fibrinolysin,,B01AD05,,,,,,,,,,,,,,,,,,
drug_brinase,brinase,,B01AD06,,,,,,,,,,,,,,,,,,
drug_reteplase,reteplase,,B01AD07,,,,,,,,,,,,,,,,,,
drug_saruplase,saruplase,,B01AD08,,,,,,,,,,,,,,,,,,
drug_ancrod,ancrod,,B01AD09,,,,,,,,,,,,,,,,,,
drug_drotrecogin_alfa_activated,drotrecogin alfa (activated),,B01AD10,,,,,,,,,,,,,,,,,,
drug_tenecteplase,tenecteplase,,B01AD11,,,,,,,,,,,,,,,,,,
drug_protein_c,protein C,,B01AD12,,,,,,,,,,,,,,,,,,
drug_apadamtase_alfa_and_cinaxadamtase_alfa,apadamtase alfa and cinaxadamtase alfa,,B01AD13,,,,,,,,,,,,,,,,,,
drug_desirudin,desirudin,,B01AE01,,,,,,,,,,,,,,,,,,
drug_lepirudin,lepirudin,,B01AE02,,,,,,,,,,,,,,,,,,
drug_argatroban,argatroban,,B01AE03,,,,,,,,,,,,,,,,,,
drug_melagatran,melagatran,,B01AE04,,,,,,,,,,,,,,,,,,
drug_ximelagatran,ximelagatran,,B01AE05,,,,,,,,,,,,,,,,,,
drug_bivalirudin,bivalirudin,,B01AE06,,,,,,,,,,,,,,,,,,
drug_dabigatran_etexilate,dabigatran etexilate,,B01AE07,,,,,,,,,,,,,,,,,,
drug_rivaroxaban,rivaroxaban,,B01AF01,,,,,,,,,,,,,,,,,,
drug_apixaban,apixaban,,B01AF02,,,,,,,,,,,,,,,,,,
drug_edoxaban,edoxaban,,B01AF03,,,,,,,,,,,,,,,,,,
drug_betrixaban,betrixaban,,B01AF04,,,,,,,,,,,,,,,,,,
drug_rivaroxaban_and_acetylsalicylic_acid,rivaroxaban and acetylsalicylic acid,,B01AF51,,,,,,,,,,,,,,,,,,
drug_defibrotide,defibrotide,,B01AX01,,,,,,,,,,,,,,,,,,
drug_dermatan_sulfate,dermatan sulfate,,B01AX04,,,,,,,,,,,,,,,,,,
drug_fondaparinux,fondaparinux,,B01AX05,,,,,,,,,,,,,,,,,,
drug_caplacizumab,caplacizumab,,B01AX07,,,,,,,,,,,,,,,,,,
drug_aminocaproic_acid,aminocaproic acid,,B02AA01,,,,,,,,,,,,,,,,,,
drug_tranexamic_acid,tranexamic acid,,B02AA02,,,,,,,,,,,,,,,,,,
drug_aminomethylbenzoic_acid,aminomethylbenzoic acid,,B02AA03,,,,,,,,,,,,,,,,,,
drug_aprotinin,aprotinin,,B02AB01,,,,,,,,,,,,,,,,,,
drug_alfa1_antitrypsin,alfa1 antitrypsin,,B02AB02,,,,,,,,,,,,,,,,,,
drug_camostat,camostat,,B02AB04,,,,,,,,,,,,,,,,,,
drug_ulinastatin,ulinastatin,,B02AB05,,,,,,,,,,,,,,,,,,
drug_phytomenadione,phytomenadione,,B02BA01,,,,,,,,,,,,,,,,,,
drug_menadione,menadione,,B02BA02,,,,,,,,,,,,,,,,,,
drug_fibrinogen_human,"fibrinogen, human",,B02BB01,,,,,,,,,,,,,,,,,,
drug_absorbable_gelatin_sponge,absorbable gelatin sponge,,B02BC01,,,,,,,,,,,,,,,,,,
drug_oxidized_cellulose,oxidized cellulose,,B02BC02,,,,,,,,,,,,,,,,,,
drug_tetragalacturonic_acid_hydroxymethylester,tetragalacturonic acid hydroxymethylester,,B02BC03,,,,,,,,,,,,,,,,,,
drug_thrombin,thrombin,,B02BC06,B02BD30,,,,,,,,,,,,,,,,,
drug_collagen,collagen,,B02BC07,G04BX11,,,,,,,,,,,,,,,,,
drug_calcium_alginate,calcium alginate,,B02BC08,,,,,,,,,,,,,,,,,,
drug_coagulation_factor_ix_ii_vii_and_x_in_combination,"coagulation factor IX, II, VII and X in combination",,B02BD01,,,,,,,,,,,,,,,,,,
drug_coagulation_factor_viii,coagulation factor VIII,,B02BD02,,,,,,,,,,,,,,,,,,
drug_factor_viii_inhibitor_bypassing_activity,factor VIII inhibitor bypassing activity,,B02BD03,,,,,,,,,,,,,,,,,,
drug_coagulation_factor_ix,coagulation factor IX,,B02BD04,,,,,,,,,,,,,,,,,,
drug_coagulation_factor_vii,coagulation factor VII,,B02BD05,,,,,,,,,,,,,,,,,,
drug_von_willebrand_factor_and_coagulation_factor_viii_in_combination,von Willebrand factor and coagulation factor VIII in combination,,B02BD06,,,,,,,,,,,,,,,,,,
drug_coagulation_factor_xiii,coagulation factor XIII,,B02BD07,,,,,,,,,,,,,,,,,,
drug_coagulation_factor_viia,coagulation factor VIIa,,B02BD08,,,,,,,,,,,,,,,,,,
drug_von_willebrand_factor,von Willebrand factor,,B02BD10,,,,,,,,,,,,,,,,,,
drug_catridecacog,catridecacog,,B02BD11,,,,,,,,,,,,,,,,,,
drug_coagulation_factor_x,coagulation factor X,,B02BD13,,,,,,,,,,,,,,,,,,
drug_susoctocog_alfa,susoctocog alfa,,B02BD14,,,,,,,,,,,,,,,,,,
drug_valoctocogene_roxaparvovec,valoctocogene roxaparvovec,,B02BD15,,,,,,,,,,,,,,,,,,
drug_etranacogene_dezaparvovec,etranacogene dezaparvovec,,B02BD16,,,,,,,,,,,,,,,,,,
drug_etamsylate,etamsylate,,B02BX01,,,,,,,,,,,,,,,,,,
drug_carbazochrome,carbazochrome,,B02BX02,,,,,,,,,,,,,,,,,,
drug_batroxobin,batroxobin,,B02BX03,,,,,,,,,,,,,,,,,,
drug_romiplostim,romiplostim,,B02BX04,,,,,,,,,,,,,,,,,,
drug_eltrombopag,eltrombopag,,B02BX05,,,,,,,,,,,,,,,,,,
drug_emicizumab,emicizumab,,B02BX06,,,,,,,,,,,,,,,,,,
drug_lusutrombopag,lusutrombopag,,B02BX07,,,,,,,,,,,,,,,,,,
drug_avatrombopag,avatrombopag,,B02BX08,,,,,,,,,,,,,,,,,,
drug_fostamatinib,fostamatinib,,B02BX09,,,,,,,,,,,,,,,,,,
drug_concizumab,concizumab,,B02BX10,,,,,,,,,,,,,,,,,,
drug_ferrous_glycine_sulfate,ferrous glycine sulfate,,B03AA01,,,,,,,,,,,,,,,,,,
drug_ferrous_fumarate,ferrous fumarate,,B03AA02,,,,,,,,,,,,,,,,,,
drug_ferrous_gluconate,ferrous gluconate,,B03AA03,,,,,,,,,,,,,,,,,,
drug_ferrous_carbonate,ferrous carbonate,,B03AA04,,,,,,,,,,,,,,,,,,
drug_ferrous_chloride,ferrous chloride,,B03AA05,,,,,,,,,,,,,,,,,,
drug_ferrous_succinate,ferrous succinate,,B03AA06,,,,,,,,,,,,,,,,,,
drug_ferrous_sulfate,ferrous sulfate,,B03AA07,,,,,,,,,,,,,,,,,,
drug_ferrous_tartrate,ferrous tartrate,,B03AA08,,,,,,,,,,,,,,,,,,
drug_ferrous_aspartate,ferrous aspartate,,B03AA09,,,,,,,,,,,,,,,,,,
drug_ferrous_ascorbate,ferrous ascorbate,,B03AA10,,,,,,,,,,,,,,,,,,
drug_ferrous_iodine,ferrous iodine,,B03AA11,,,,,,,,,,,,,,,,,,
drug_ferrous_sodium_citrate,ferrous sodium citrate,,B03AA12,,,,,,,,,,,,,,,,,,
drug_ferric_sodium_citrate,ferric sodium citrate,,B03AB01,,,,,,,,,,,,,,,,,,
drug_saccharated_iron_oxide,saccharated iron oxide,,B03AB02,,,,,,,,,,,,,,,,,,
drug_sodium_feredetate,sodium feredetate,,B03AB03,,,,,,,,,,,,,,,,,,
drug_ferric_hydroxide,ferric hydroxide,,B03AB04,,,,,,,,,,,,,,,,,,
drug_ferric_oxide_polymaltose_complexes,ferric oxide polymaltose complexes,,B03AB05,,,,,,,,,,,,,,,,,,
drug_chondroitin_sulfate_iron_complex,chondroitin sulfate-iron complex,,B03AB07,,,,,,,,,,,,,,,,,,
drug_ferric_acetyl_transferrin,ferric acetyl transferrin,,B03AB08,,,,,,,,,,,,,,,,,,
drug_ferric_proteinsuccinylate,ferric proteinsuccinylate,,B03AB09,,,,,,,,,,,,,,,,,,
drug_ferric_maltol,ferric maltol,,B03AB10,,,,,,,,,,,,,,,,,,
drug_ferrous_amino_acid_complex_and_folic_acid,ferrous amino acid complex and folic acid,,B03AD01,,,,,,,,,,,,,,,,,,
drug_ferrous_fumarate_and_folic_acid,ferrous fumarate and folic acid,,B03AD02,,,,,,,,,,,,,,,,,,
drug_ferrous_sulfate_and_folic_acid,ferrous sulfate and folic acid,,B03AD03,,,,,,,,,,,,,,,,,,
drug_ferric_oxide_polymaltose_complexes_and_folic_acid,ferric oxide polymaltose complexes and folic acid,,B03AD04,,,,,,,,,,,,,,,,,,
drug_ferrous_gluconate_and_folic_acid,ferrous gluconate and folic acid,,B03AD05,,,,,,,,,,,,,,,,,,
drug_iron_vitamin_b12_and_folic_acid,"iron, vitamin B12 and folic acid",,B03AE01,,,,,,,,,,,,,,,,,,
drug_iron_multivitamins_and_folic_acid,"iron, multivitamins and folic acid",,B03AE02,,,,,,,,,,,,,,,,,,
drug_iron_and_multivitamins,iron and multivitamins,,B03AE03,,,,,,,,,,,,,,,,,,
drug_iron_multivitamins_and_minerals,"iron, multivitamins and minerals",,B03AE04,,,,,,,,,,,,,,,,,,
drug_various_combinations,various combinations,,B03AE10,D10AX30,,,,,,,,,,,,,,,,,
drug_cyanocobalamin,cyanocobalamin,,B03BA01,,,,,,,,,,,,,,,,,,
drug_cyanocobalamin_tannin_complex,cyanocobalamin tannin complex,,B03BA02,,,,,,,,,,,,,,,,,,
drug_hydroxocobalamin,hydroxocobalamin,,B03BA03,V03AB33,,,,,,,,,,,,,,,,,
drug_cobamamide,cobamamide,,B03BA04,,,,,,,,,,,,,,,,,,
drug_mecobalamin,mecobalamin,,B03BA05,,,,,,,,,,,,,,,,,,
drug_cyanocobalamin_combinations,"cyanocobalamin, combinations",,B03BA51,,,,,,,,,,,,,,,,,,
drug_hydroxocobalamin_combinations,"hydroxocobalamin, combinations",,B03BA53,,,,,,,,,,,,,,,,,,
drug_folic_acid,folic acid,,B03BB01,V04CX02,,,,,,,,,,,,,,,,,
drug_folic_acid_combinations,"folic acid, combinations",,B03BB51,,,,,,,,,,,,,,,,,,
drug_erythropoietin,erythropoietin,,B03XA01,,,,,,,,,,,,,,,,,,
drug_darbepoetin_alfa,darbepoetin alfa,,B03XA02,,,,,,,,,,,,,,,,,,
drug_methoxy_polyethylene_glycol_epoetin_beta,methoxy polyethylene glycol-epoetin beta,,B03XA03,,,,,,,,,,,,,,,,,,
drug_peginesatide,peginesatide,,B03XA04,,,,,,,,,,,,,,,,,,
drug_roxadustat,roxadustat,,B03XA05,,,,,,,,,,,,,,,,,,
drug_luspatercept,luspatercept,,B03XA06,,,,,,,,,,,,,,,,,,
drug_daprodustat,daprodustat,,B03XA07,,,,,,,,,,,,,,,,,,
drug_vadadustat,vadadustat,,B03XA08,,,,,,,,,,,,,,,,,,
drug_albumin,albumin,,B05AA01,,,,,,,,,,,,,,,,,,
drug_other_plasma_protein_fractions,other plasma protein fractions,,B05AA02,,,,,,,,,,,,,,,,,,
drug_fluorocarbon_blood_substitutes,fluorocarbon blood substitutes,,B05AA03,,,,,,,,,,,,,,,,,,
drug_dextran,dextran,,B05AA05,,,,,,,,,,,,,,,,,,
drug_gelatin_agents,gelatin agents,,B05AA06,,,,,,,,,,,,,,,,,,
drug_hydroxyethylstarch,hydroxyethylstarch,,B05AA07,,,,,,,,,,,,,,,,,,
drug_hemoglobin_crosfumaril,hemoglobin crosfumaril,,B05AA08,,,,,,,,,,,,,,,,,,
drug_hemoglobin_raffimer,hemoglobin raffimer,,B05AA09,,,,,,,,,,,,,,,,,,
drug_hemoglobin_glutamer_bovine,hemoglobin glutamer (bovine),,B05AA10,,,,,,,,,,,,,,,,,,
drug_erythrocytes,erythrocytes,,B05AX01,,,,,,,,,,,,,,,,,,
drug_thrombocytes,thrombocytes,,B05AX02,,,,,,,,,,,,,,,,,,
drug_blood_plasma,blood plasma,,B05AX03,,,,,,,,,,,,,,,,,,
drug_stem_cells_from_umbilical_cord_blood,stem cells from umbilical cord blood,,B05AX04,,,,,,,,,,,,,,,,,,
drug_amino_acids,amino acids,,B05BA01,,,,,,,,,,,,,,,,,,
drug_fat_emulsions,fat emulsions,,B05BA02,,,,,,,,,,,,,,,,,,
drug_carbohydrates,carbohydrates,,B05BA03,,,,,,,,,,,,,,,,,,
drug_protein_hydrolysates,protein hydrolysates,,B05BA04,,,,,,,,,,,,,,,,,,
drug_electrolytes,electrolytes,,B05BB01,,,,,,,,,,,,,,,,,,
drug_electrolytes_with_carbohydrates,electrolytes with carbohydrates,,B05BB02,,,,,,,,,,,,,,,,,,
drug_trometamol,trometamol,,B05BB03,B05XX02,,,,,,,,,,,,,,,,,
drug_electrolytes_in_combination_with_other_drugs,electrolytes in combination with other drugs,,B05BB04,B05XA31,,,,,,,,,,,,,,,,,
drug_carbamide,carbamide,,B05BC02,D02AE01,,,,,,,,,,,,,,,,,
drug_cetylpyridinium,cetylpyridinium,,B05CA01,D08AJ03;D09AA07;R02AA06,,,,,,,,,,,,,,,,,
drug_nitrofural,nitrofural,,B05CA03,D08AF01;D09AA03;P01CC02;S01AX04;S02AA02,,,,,,,,,,,,,,,,,
drug_sulfamethizole,sulfamethizole,,B05CA04,D06BA04;J01EB02;S01AB01,,,,,,,,,,,,,,,,,
drug_taurolidine,taurolidine,,B05CA05,,,,,,,,,,,,,,,,,,
drug_mandelic_acid,mandelic acid,,B05CA06,J01XX06,,,,,,,,,,,,,,,,,
drug_noxytiolin,noxytiolin,,B05CA07,,,,,,,,,,,,,,,,,,
drug_ethacridine_lactate,ethacridine lactate,,B05CA08,D08AA01,,,,,,,,,,,,,,,,,
drug_sodium_citrate,sodium citrate,,B05CB02,,,,,,,,,,,,,,,,,,
drug_sodium_bicarbonate,sodium bicarbonate,,B05CB04,B05XA02,,,,,,,,,,,,,,,,,
drug_glucose,glucose,,B05CX01,V04CA02;V06DC01,,,,,,,,,,,,,,,,,
drug_glycine,glycine,,B05CX03,,,,,,,,,,,,,,,,,,
drug_ammonium_chloride,ammonium chloride,,B05XA04,G04BA01,,,,,,,,,,,,,,,,,
drug_potassium_phosphate_incl_combinations_with_other_potassium_salts,"potassium phosphate, incl. combinations with other potassium salts",,B05XA06,,,,,,,,,,,,,,,,,,
drug_sodium_acetate,sodium acetate,,B05XA08,,,,,,,,,,,,,,,,,,
drug_magnesium_phosphate,magnesium phosphate,,B05XA10,,,,,,,,,,,,,,,,,,
drug_zinc_chloride,zinc chloride,,B05XA12,,,,,,,,,,,,,,,,,,
drug_sodium_glycerophosphate,sodium glycerophosphate,,B05XA14,,,,,,,,,,,,,,,,,,
drug_potassium_lactate,potassium lactate,,B05XA15,,,,,,,,,,,,,,,,,,
drug_cardioplegia_solutions,cardioplegia solutions,,B05XA16,,,,,,,,,,,,,,,,,,
drug_potassium_acetate,potassium acetate,,B05XA17,,,,,,,,,,,,,,,,,,
drug_combinations_of_electrolytes,combinations of electrolytes,,B05XA30,,,,,,,,,,,,,,,,,,
drug_arginine_hydrochloride,arginine hydrochloride,,B05XB01,,,,,,,,,,,,,,,,,,
drug_alanyl_glutamine,alanyl glutamine,,B05XB02,,,,,,,,,,,,,,,,,,
drug_lysine,lysine,,B05XB03,,,,,,,,,,,,,,,,,,
drug_fibrinolysin_and_desoxyribonuclease,fibrinolysin and desoxyribonuclease,,B06AA02,,,,,,,,,,,,,,,,,,
drug_hyaluronidase,hyaluronidase,,B06AA03,,,,,,,,,,,,,,,,,,
drug_chymotrypsin,chymotrypsin,,B06AA04,S01KX01,,,,,,,,,,,,,,,,,
drug_trypsin,trypsin,,B06AA07,D03BA01,,,,,,,,,,,,,,,,,
drug_desoxyribonuclease,desoxyribonuclease,,B06AA10,,,,,,,,,,,,,,,,,,
drug_streptokinase_combinations,"streptokinase, combinations",,B06AA55,,,,,,,,,,,,,,,,,,
drug_hemin,hemin,,B06AB01,,,,,,,,,,,,,,,,,,
drug_c1_inhibitor_plasma_derived,"c1-inhibitor, plasma derived",,B06AC01,,,,,,,,,,,,,,,,,,
drug_icatibant,icatibant,,B06AC02,,,,,,,,,,,,,,,,,,
drug_ecallantide,ecallantide,,B06AC03,,,,,,,,,,,,,,,,,,
drug_conestat_alfa,conestat alfa,,B06AC04,,,,,,,,,,,,,,,,,,
drug_lanadelumab,lanadelumab,,B06AC05,,,,,,,,,,,,,,,,,,
drug_berotralstat,berotralstat,,B06AC06,,,,,,,,,,,,,,,,,,
drug_crizanlizumab,crizanlizumab,,B06AX01,,,,,,,,,,,,,,,,,,
drug_betibeglogene_autotemcel,betibeglogene autotemcel,,B06AX02,,,,,,,,,,,,,,,,,,
drug_voxelotor,voxelotor,,B06AX03,,,,,,,,,,,,,,,,,,
drug_mitapivat,mitapivat,,B06AX04,,,,,,,,,,,,,,,,,,
drug_exagamglogene_autotemcel,exagamglogene autotemcel,,B06AX05,,,,,,,,,,,,,,,,,,
drug_acetyldigitoxin,acetyldigitoxin,,C01AA01,,,,,,,,,,,,,,,,,,
drug_acetyldigoxin,acetyldigoxin,,C01AA02,,,,,,,,,,,,,,,,,,
drug_digitalis_leaves,digitalis leaves,,C01AA03,,,,,,,,,,,,,,,,,,
drug_digitoxin,digitoxin,,C01AA04,,,,,,,,,,,,,,,,,,
drug_digoxin,digoxin,,C01AA05,,,,,,,,,,,,,,,,,,
drug_lanatoside_c,lanatoside C,,C01AA06,,,,,,,,,,,,,,,,,,
drug_deslanoside,deslanoside,,C01AA07,,,,,,,,,,,,,,,,,,
drug_metildigoxin,metildigoxin,,C01AA08,,,,,,,,,,,,,,,,,,
drug_gitoformate,gitoformate,,C01AA09,,,,,,,,,,,,,,,,,,
drug_acetyldigoxin_combinations,"acetyldigoxin, combinations",,C01AA52,,,,,,,,,,,,,,,,,,
drug_proscillaridin,proscillaridin,,C01AB01,,,,,,,,,,,,,,,,,,
drug_proscillaridin_combinations,"proscillaridin, combinations",,C01AB51,,,,,,,,,,,,,,,,,,
drug_g_strophanthin,g-strophanthin,,C01AC01,,,,,,,,,,,,,,,,,,
drug_cymarin,cymarin,,C01AC03,,,,,,,,,,,,,,,,,,
drug_peruvoside,peruvoside,,C01AX02,,,,,,,,,,,,,,,,,,
drug_quinidine,quinidine,,C01BA01,,,,,,,,,,,,,,,,,,
drug_procainamide,procainamide,,C01BA02,,,,,,,,,,,,,,,,,,
drug_disopyramide,disopyramide,,C01BA03,,,,,,,,,,,,,,,,,,
drug_sparteine,sparteine,,C01BA04,,,,,,,,,,,,,,,,,,
drug_ajmaline,ajmaline,,C01BA05,,,,,,,,,,,,,,,,,,
drug_prajmaline,prajmaline,,C01BA08,,,,,,,,,,,,,,,,,,
drug_lorajmine,lorajmine,,C01BA12,,,,,,,,,,,,,,,,,,
drug_hydroquinidine,hydroquinidine,,C01BA13,,,,,,,,,,,,,,,,,,
drug_quinidine_combinations_excl_psycholeptics,"quinidine, combinations excl. psycholeptics",,C01BA51,,,,,,,,,,,,,,,,,,
drug_quinidine_combinations_with_psycholeptics,"quinidine, combinations with psycholeptics",,C01BA71,,,,,,,,,,,,,,,,,,
drug_lidocaine,lidocaine,,C01BB01,C05AD01;D04AB01;N01BB02;R02AD02;S01HA07;S02DA01,,,,,,,,,,,,,,,,,
drug_mexiletine,mexiletine,,C01BB02,,,,,,,,,,,,,,,,,,
drug_tocainide,tocainide,,C01BB03,,,,,,,,,,,,,,,,,,
drug_aprindine,aprindine,,C01BB04,,,,,,,,,,,,,,,,,,
drug_propafenone,propafenone,,C01BC03,,,,,,,,,,,,,,,,,,
drug_flecainide,flecainide,,C01BC04,,,,,,,,,,,,,,,,,,
drug_lorcainide,lorcainide,,C01BC07,,,,,,,,,,,,,,,,,,
drug_encainide,encainide,,C01BC08,,,,,,,,,,,,,,,,,,
drug_ethacizine,ethacizine,,C01BC09,,,,,,,,,,,,,,,,,,
drug_amiodarone,amiodarone,,C01BD01,,,,,,,,,,,,,,,,,,
drug_bretylium_tosilate,bretylium tosilate,,C01BD02,,,,,,,,,,,,,,,,,,
drug_bunaftine,bunaftine,,C01BD03,,,,,,,,,,,,,,,,,,
drug_dofetilide,dofetilide,,C01BD04,,,,,,,,,,,,,,,,,,
drug_ibutilide,ibutilide,,C01BD05,,,,,,,,,,,,,,,,,,
drug_tedisamil,tedisamil,,C01BD06,,,,,,,,,,,,,,,,,,
drug_dronedarone,dronedarone,,C01BD07,,,,,,,,,,,,,,,,,,
drug_moracizine,moracizine,,C01BG01,,,,,,,,,,,,,,,,,,
drug_cibenzoline,cibenzoline,,C01BG07,,,,,,,,,,,,,,,,,,
drug_vernakalant,vernakalant,,C01BG11,,,,,,,,,,,,,,,,,,
drug_etilefrine,etilefrine,,C01CA01,,,,,,,,,,,,,,,,,,
drug_isoprenaline,isoprenaline,,C01CA02,R03AB02;R03CB01,,,,,,,,,,,,,,,,,
drug_norepinephrine,norepinephrine,,C01CA03,,,,,,,,,,,,,,,,,,
drug_dopamine,dopamine,,C01CA04,,,,,,,,,,,,,,,,,,
drug_norfenefrine,norfenefrine,,C01CA05,,,,,,,,,,,,,,,,,,
drug_phenylephrine,phenylephrine,,C01CA06,C05AX06;R01AA04;R01AB01;R01BA03;S01FB01;S01GA05,,,,,,,,,,,,,,,,,
drug_dobutamine,dobutamine,,C01CA07,,,,,,,,,,,,,,,,,,
drug_oxedrine,oxedrine,,C01CA08,S01GA06,,,,,,,,,,,,,,,,,
drug_metaraminol,metaraminol,,C01CA09,,,,,,,,,,,,,,,,,,
drug_methoxamine,methoxamine,,C01CA10,,,,,,,,,,,,,,,,,,
drug_mephentermine,mephentermine,,C01CA11,,,,,,,,,,,,,,,,,,
drug_dimetofrine,dimetofrine,,C01CA12,,,,,,,,,,,,,,,,,,
drug_prenalterol,prenalterol,,C01CA13,,,,,,,,,,,,,,,,,,
drug_dopexamine,dopexamine,,C01CA14,,,,,,,,,,,,,,,,,,
drug_gepefrine,gepefrine,,C01CA15,,,,,,,,,,,,,,,,,,
drug_ibopamine,ibopamine,,C01CA16,S01FB03,,,,,,,,,,,,,,,,,
drug_midodrine,midodrine,,C01CA17,,,,,,,,,,,,,,,,,,
drug_octopamine,octopamine,,C01CA18,,,,,,,,,,,,,,,,,,
drug_fenoldopam,fenoldopam,,C01CA19,,,,,,,,,,,,,,,,,,
drug_cafedrine,cafedrine,,C01CA21,,,,,,,,,,,,,,,,,,
drug_arbutamine,arbutamine,,C01CA22,,,,,,,,,,,,,,,,,,
drug_theodrenaline,theodrenaline,,C01CA23,,,,,,,,,,,,,,,,,,
drug_amezinium_metilsulfate,amezinium metilsulfate,,C01CA25,,,,,,,,,,,,,,,,,,
drug_ephedrine,ephedrine,,C01CA26,R01AA03;R01AB05;R03CA02;S01FB02,,,,,,,,,,,,,,,,,
drug_droxidopa,droxidopa,,C01CA27,,,,,,,,,,,,,,,,,,
drug_centhaquine,centhaquine,,C01CA28,,,,,,,,,,,,,,,,,,
drug_etilefrine_combinations,"etilefrine, combinations",,C01CA51,,,,,,,,,,,,,,,,,,
drug_amrinone,amrinone,,C01CE01,,,,,,,,,,,,,,,,,,
drug_milrinone,milrinone,,C01CE02,,,,,,,,,,,,,,,,,,
drug_enoximone,enoximone,,C01CE03,,,,,,,,,,,,,,,,,,
drug_bucladesine,bucladesine,,C01CE04,,,,,,,,,,,,,,,,,,
drug_angiotensinamide,angiotensinamide,,C01CX06,,,,,,,,,,,,,,,,,,
drug_xamoterol,xamoterol,,C01CX07,,,,,,,,,,,,,,,,,,
drug_levosimendan,levosimendan,,C01CX08,,,,,,,,,,,,,,,,,,
drug_angiotensin_ii,angiotensin II,,C01CX09,,,,,,,,,,,,,,,,,,
drug_omecamtiv_mecarbil,omecamtiv mecarbil,,C01CX10,,,,,,,,,,,,,,,,,,
drug_glyceryl_trinitrate,glyceryl trinitrate,,C01DA02,C05AE01,,,,,,,,,,,,,,,,,
drug_methylpropylpropanediol_dinitrate,methylpropylpropanediol dinitrate,,C01DA04,,,,,,,,,,,,,,,,,,
drug_pentaerithrityl_tetranitrate,pentaerithrityl tetranitrate,,C01DA05,,,,,,,,,,,,,,,,,,
drug_propatylnitrate,propatylnitrate,,C01DA07,,,,,,,,,,,,,,,,,,
drug_isosorbide_dinitrate,isosorbide dinitrate,,C01DA08,C05AE02,,,,,,,,,,,,,,,,,
drug_trolnitrate,trolnitrate,,C01DA09,,,,,,,,,,,,,,,,,,
drug_eritrityl_tetranitrate,eritrityl tetranitrate,,C01DA13,,,,,,,,,,,,,,,,,,
drug_isosorbide_mononitrate,isosorbide mononitrate,,C01DA14,,,,,,,,,,,,,,,,,,
drug_organic_nitrates_in_combination,organic nitrates in combination,,C01DA20,,,,,,,,,,,,,,,,,,
drug_tenitramine,tenitramine,,C01DA38,,,,,,,,,,,,,,,,,,
drug_glyceryl_trinitrate_combinations,"glyceryl trinitrate, combinations",,C01DA52,,,,,,,,,,,,,,,,,,
drug_methylpropylpropanediol_dinitrate_combinations,"methylpropylpropanediol dinitrate, combinations",,C01DA54,,,,,,,,,,,,,,,,,,
drug_pentaerithrityl_tetranitrate_combinations,"pentaerithrityl tetranitrate, combinations",,C01DA55,,,,,,,,,,,,,,,,,,
drug_propatylnitrate_combinations,"propatylnitrate, combinations",,C01DA57,,,,,,,,,,,,,,,,,,
drug_isosorbide_dinitrate_combinations,"isosorbide dinitrate, combinations",,C01DA58,,,,,,,,,,,,,,,,,,
drug_trolnitrate_combinations,"trolnitrate, combinations",,C01DA59,,,,,,,,,,,,,,,,,,
drug_eritrityl_tetranitrate_combinations,"eritrityl tetranitrate, combinations",,C01DA63,,,,,,,,,,,,,,,,,,
drug_organic_nitrates_in_combination_with_psycholeptics,organic nitrates in combination with psycholeptics,,C01DA70,,,,,,,,,,,,,,,,,,
drug_flosequinan,flosequinan,,C01DB01,,,,,,,,,,,,,,,,,,
drug_itramin_tosilate,itramin tosilate,,C01DX01,,,,,,,,,,,,,,,,,,
drug_prenylamine,prenylamine,,C01DX02,,,,,,,,,,,,,,,,,,
drug_oxyfedrine,oxyfedrine,,C01DX03,,,,,,,,,,,,,,,,,,
drug_benziodarone,benziodarone,,C01DX04,,,,,,,,,,,,,,,,,,
drug_carbocromen,carbocromen,,C01DX05,,,,,,,,,,,,,,,,,,
drug_hexobendine,hexobendine,,C01DX06,,,,,,,,,,,,,,,,,,
drug_etafenone,etafenone,,C01DX07,,,,,,,,,,,,,,,,,,
drug_heptaminol,heptaminol,,C01DX08,,,,,,,,,,,,,,,,,,
drug_imolamine,imolamine,,C01DX09,,,,,,,,,,,,,,,,,,
drug_dilazep,dilazep,,C01DX10,,,,,,,,,,,,,,,,,,
drug_trapidil,trapidil,,C01DX11,,,,,,,,,,,,,,,,,,
drug_molsidomine,molsidomine,,C01DX12,,,,,,,,,,,,,,,,,,
drug_efloxate,efloxate,,C01DX13,,,,,,,,,,,,,,,,,,
drug_cinepazet,cinepazet,,C01DX14,,,,,,,,,,,,,,,,,,
drug_cloridarol,cloridarol,,C01DX15,,,,,,,,,,,,,,,,,,
drug_nicorandil,nicorandil,,C01DX16,,,,,,,,,,,,,,,,,,
drug_linsidomine,linsidomine,,C01DX18,,,,,,,,,,,,,,,,,,
drug_nesiritide,nesiritide,,C01DX19,,,,,,,,,,,,,,,,,,
drug_serelaxin,serelaxin,,C01DX21,,,,,,,,,,,,,,,,,,
drug_vericiguat,vericiguat,,C01DX22,,,,,,,,,,,,,,,,,,
drug_itramin_tosilate_combinations,"itramin tosilate, combinations",,C01DX51,,,,,,,,,,,,,,,,,,
drug_prenylamine_combinations,"prenylamine, combinations",,C01DX52,,,,,,,,,,,,,,,,,,
drug_oxyfedrine_combinations,"oxyfedrine, combinations",,C01DX53,,,,,,,,,,,,,,,,,,
drug_benziodarone_combinations,"benziodarone, combinations",,C01DX54,,,,,,,,,,,,,,,,,,
drug_alprostadil,alprostadil,,C01EA01,G04BE01,,,,,,,,,,,,,,,,,
drug_camphora,camphora,,C01EB02,,,,,,,,,,,,,,,,,,
drug_indometacin,indometacin,,C01EB03,M01AB01;M02AA23;S01BC01,,,,,,,,,,,,,,,,,
drug_crataegus_glycosides,crataegus glycosides,,C01EB04,,,,,,,,,,,,,,,,,,
drug_creatinolfosfate,creatinolfosfate,,C01EB05,,,,,,,,,,,,,,,,,,
drug_fosfocreatine,fosfocreatine,,C01EB06,,,,,,,,,,,,,,,,,,
drug_fructose_1_6_diphosphate,"fructose 1,6-diphosphate",,C01EB07,,,,,,,,,,,,,,,,,,
drug_ubidecarenone,ubidecarenone,,C01EB09,,,,,,,,,,,,,,,,,,
drug_adenosine,adenosine,,C01EB10,,,,,,,,,,,,,,,,,,
drug_tiracizine,tiracizine,,C01EB11,,,,,,,,,,,,,,,,,,
drug_acadesine,acadesine,,C01EB13,,,,,,,,,,,,,,,,,,
drug_trimetazidine,trimetazidine,,C01EB15,,,,,,,,,,,,,,,,,,
drug_ibuprofen,ibuprofen,,C01EB16,G02CC01;M01AE01;M02AA13;R02AX02,,,,,,,,,,,,,,,,,
drug_ivabradine,ivabradine,,C01EB17,,,,,,,,,,,,,,,,,,
drug_ranolazine,ranolazine,,C01EB18,,,,,,,,,,,,,,,,,,
drug_regadenoson,regadenoson,,C01EB21,,,,,,,,,,,,,,,,,,
drug_meldonium,meldonium,,C01EB22,,,,,,,,,,,,,,,,,,
drug_tiazotic_acid,tiazotic acid,,C01EB23,,,,,,,,,,,,,,,,,,
drug_mavacamten,mavacamten,,C01EB24,,,,,,,,,,,,,,,,,,
drug_rescinnamine,rescinnamine,,C02AA01,,,,,,,,,,,,,,,,,,
drug_reserpine,reserpine,,C02AA02,,,,,,,,,,,,,,,,,,
drug_combinations_of_rauwolfia_alkaloids,combinations of rauwolfia alkaloids,,C02AA03,,,,,,,,,,,,,,,,,,
drug_rauwolfia_alkaloids_whole_root,"rauwolfia alkaloids, whole root",,C02AA04,,,,,,,,,,,,,,,,,,
drug_deserpidine,deserpidine,,C02AA05,,,,,,,,,,,,,,,,,,
drug_methoserpidine,methoserpidine,,C02AA06,,,,,,,,,,,,,,,,,,
drug_bietaserpine,bietaserpine,,C02AA07,,,,,,,,,,,,,,,,,,
drug_reserpine_combinations,"reserpine, combinations",,C02AA52,,,,,,,,,,,,,,,,,,
drug_combinations_of_rauwolfia_alkoloids_combinations,"combinations of rauwolfia alkoloids, combinations",,C02AA53,,,,,,,,,,,,,,,,,,
drug_bietaserpine_combinations,"bietaserpine, combinations",,C02AA57,,,,,,,,,,,,,,,,,,
drug_methyldopa_levorotatory,methyldopa (levorotatory),,C02AB01,,,,,,,,,,,,,,,,,,
drug_methyldopa_racemic,methyldopa (racemic),,C02AB02,,,,,,,,,,,,,,,,,,
drug_clonidine,clonidine,,C02AC01,N02CX02;S01EA04,,,,,,,,,,,,,,,,,
drug_guanfacine,guanfacine,,C02AC02,,,,,,,,,,,,,,,,,,
drug_tolonidine,tolonidine,,C02AC04,,,,,,,,,,,,,,,,,,
drug_moxonidine,moxonidine,,C02AC05,,,,,,,,,,,,,,,,,,
drug_rilmenidine,rilmenidine,,C02AC06,,,,,,,,,,,,,,,,,,
drug_trimetaphan,trimetaphan,,C02BA01,,,,,,,,,,,,,,,,,,
drug_mecamylamine,mecamylamine,,C02BB01,,,,,,,,,,,,,,,,,,
drug_prazosin,prazosin,,C02CA01,,,,,,,,,,,,,,,,,,
drug_indoramin,indoramin,,C02CA02,,,,,,,,,,,,,,,,,,
drug_trimazosin,trimazosin,,C02CA03,,,,,,,,,,,,,,,,,,
drug_doxazosin,doxazosin,,C02CA04,,,,,,,,,,,,,,,,,,
drug_urapidil,urapidil,,C02CA06,,,,,,,,,,,,,,,,,,
drug_betanidine,betanidine,,C02CC01,,,,,,,,,,,,,,,,,,
drug_guanethidine,guanethidine,,C02CC02,S01EX01,,,,,,,,,,,,,,,,,
drug_guanoxan,guanoxan,,C02CC03,,,,,,,,,,,,,,,,,,
drug_debrisoquine,debrisoquine,,C02CC04,,,,,,,,,,,,,,,,,,
drug_guanoclor,guanoclor,,C02CC05,,,,,,,,,,,,,,,,,,
drug_guanazodine,guanazodine,,C02CC06,,,,,,,,,,,,,,,,,,
drug_guanoxabenz,guanoxabenz,,C02CC07,,,,,,,,,,,,,,,,,,
drug_diazoxide,diazoxide,,C02DA01,V03AH01,,,,,,,,,,,,,,,,,
drug_dihydralazine,dihydralazine,,C02DB01,,,,,,,,,,,,,,,,,,
drug_hydralazine,hydralazine,,C02DB02,,,,,,,,,,,,,,,,,,
drug_endralazine,endralazine,,C02DB03,,,,,,,,,,,,,,,,,,
drug_cadralazine,cadralazine,,C02DB04,,,,,,,,,,,,,,,,,,
drug_minoxidil,minoxidil,,C02DC01,D11AX01,,,,,,,,,,,,,,,,,
drug_nitroprusside,nitroprusside,,C02DD01,,,,,,,,,,,,,,,,,,
drug_pinacidil,pinacidil,,C02DG01,,,,,,,,,,,,,,,,,,
drug_veratrum,veratrum,,C02KA01,,,,,,,,,,,,,,,,,,
drug_metirosine,metirosine,,C02KB01,,,,,,,,,,,,,,,,,,
drug_pargyline,pargyline,,C02KC01,,,,,,,,,,,,,,,,,,
drug_ketanserin,ketanserin,,C02KD01,,,,,,,,,,,,,,,,,,
drug_aprocitentan,aprocitentan,,C02KN01,,,,,,,,,,,,,,,,,,
drug_bosentan,bosentan,,C02KX01,,,,,,,,,,,,,,,,,,
drug_ambrisentan,ambrisentan,,C02KX02,,,,,,,,,,,,,,,,,,
drug_sitaxentan,sitaxentan,,C02KX03,,,,,,,,,,,,,,,,,,
drug_macitentan,macitentan,,C02KX04,,,,,,,,,,,,,,,,,,
drug_riociguat,riociguat,,C02KX05,,,,,,,,,,,,,,,,,,
drug_ambrisentan_and_tadalafil,ambrisentan and tadalafil,,C02KX52,,,,,,,,,,,,,,,,,,
drug_macitentan_and_tadalafil,macitentan and tadalafil,,C02KX54,,,,,,,,,,,,,,,,,,
drug_reserpine_and_diuretics,reserpine and diuretics,,C02LA01,,,,,,,,,,,,,,,,,,
drug_rescinnamine_and_diuretics,rescinnamine and diuretics,,C02LA02,,,,,,,,,,,,,,,,,,
drug_deserpidine_and_diuretics,deserpidine and diuretics,,C02LA03,,,,,,,,,,,,,,,,,,
drug_methoserpidine_and_diuretics,methoserpidine and diuretics,,C02LA04,,,,,,,,,,,,,,,,,,
drug_bietaserpine_and_diuretics,bietaserpine and diuretics,,C02LA07,,,,,,,,,,,,,,,,,,
drug_rauwolfia_alkaloids_whole_root_and_diuretics,"rauwolfia alkaloids, whole root and diuretics",,C02LA08,,,,,,,,,,,,,,,,,,
drug_syrosingopine_and_diuretics,syrosingopine and diuretics,,C02LA09,,,,,,,,,,,,,,,,,,
drug_combination_of_rauwolfia_alkaloids_and_diuretics_incl_other_combinations,combination of rauwolfia alkaloids and diuretics incl. other combinations,,C02LA50,,,,,,,,,,,,,,,,,,
drug_reserpine_and_diuretics_combinations_with_other_drugs,"reserpine and diuretics, combinations with other drugs",,C02LA51,,,,,,,,,,,,,,,,,,
drug_rescinnamine_and_diuretics_combinations_with_other_drugs,"rescinnamine and diuretics, combinations with other drugs",,C02LA52,,,,,,,,,,,,,,,,,,
drug_reserpine_and_diuretics_combinations_with_psycholeptics,"reserpine and diuretics, combinations with psycholeptics",,C02LA71,,,,,,,,,,,,,,,,,,
drug_methyldopa_levorotatory_and_diuretics,methyldopa (levorotatory) and diuretics,,C02LB01,,,,,,,,,,,,,,,,,,
drug_clonidine_and_diuretics,clonidine and diuretics,,C02LC01,,,,,,,,,,,,,,,,,,
drug_moxonidine_and_diuretics,moxonidine and diuretics,,C02LC05,,,,,,,,,,,,,,,,,,
drug_clonidine_and_diuretics_combinations_with_other_drugs,"clonidine and diuretics, combinations with other drugs",,C02LC51,,,,,,,,,,,,,,,,,,
drug_prazosin_and_diuretics,prazosin and diuretics,,C02LE01,,,,,,,,,,,,,,,,,,
drug_guanethidine_and_diuretics,guanethidine and diuretics,,C02LF01,,,,,,,,,,,,,,,,,,
drug_dihydralazine_and_diuretics,dihydralazine and diuretics,,C02LG01,,,,,,,,,,,,,,,,,,
drug_hydralazine_and_diuretics,hydralazine and diuretics,,C02LG02,,,,,,,,,,,,,,,,,,
drug_picodralazine_and_diuretics,picodralazine and diuretics,,C02LG03,,,,,,,,,,,,,,,,,,
drug_dihydralazine_and_diuretics_combinations_with_other_drugs,"dihydralazine and diuretics, combinations with other drugs",,C02LG51,,,,,,,,,,,,,,,,,,
drug_picodralazine_and_diuretics_combinations_with_psycholeptics,"picodralazine and diuretics, combinations with psycholeptics",,C02LG73,,,,,,,,,,,,,,,,,,
drug_veratrum_and_diuretics,veratrum and diuretics,,C02LK01,,,,,,,,,,,,,,,,,,
drug_pargyline_and_diuretics,pargyline and diuretics,,C02LL01,,,,,,,,,,,,,,,,,,
drug_pinacidil_and_diuretics,pinacidil and diuretics,,C02LX01,,,,,,,,,,,,,,,,,,
drug_bendroflumethiazide,bendroflumethiazide,,C03AA01,,,,,,,,,,,,,,,,,,
drug_hydroflumethiazide,hydroflumethiazide,,C03AA02,,,,,,,,,,,,,,,,,,
drug_hydrochlorothiazide,hydrochlorothiazide,,C03AA03,,,,,,,,,,,,,,,,,,
drug_chlorothiazide,chlorothiazide,,C03AA04,,,,,,,,,,,,,,,,,,
drug_polythiazide,polythiazide,,C03AA05,,,,,,,,,,,,,,,,,,
drug_trichlormethiazide,trichlormethiazide,,C03AA06,,,,,,,,,,,,,,,,,,
drug_cyclopenthiazide,cyclopenthiazide,,C03AA07,,,,,,,,,,,,,,,,,,
drug_methyclothiazide,methyclothiazide,,C03AA08,,,,,,,,,,,,,,,,,,
drug_cyclothiazide,cyclothiazide,,C03AA09,,,,,,,,,,,,,,,,,,
drug_mebutizide,mebutizide,,C03AA13,,,,,,,,,,,,,,,,,,
drug_bendroflumethiazide_and_potassium,bendroflumethiazide and potassium,,C03AB01,,,,,,,,,,,,,,,,,,
drug_hydroflumethiazide_and_potassium,hydroflumethiazide and potassium,,C03AB02,,,,,,,,,,,,,,,,,,
drug_hydrochlorothiazide_and_potassium,hydrochlorothiazide and potassium,,C03AB03,,,,,,,,,,,,,,,,,,
drug_chlorothiazide_and_potassium,chlorothiazide and potassium,,C03AB04,,,,,,,,,,,,,,,,,,
drug_polythiazide_and_potassium,polythiazide and potassium,,C03AB05,,,,,,,,,,,,,,,,,,
drug_trichlormethiazide_and_potassium,trichlormethiazide and potassium,,C03AB06,,,,,,,,,,,,,,,,,,
drug_cyclopenthiazide_and_potassium,cyclopenthiazide and potassium,,C03AB07,,,,,,,,,,,,,,,,,,
drug_methyclothiazide_and_potassium,methyclothiazide and potassium,,C03AB08,,,,,,,,,,,,,,,,,,
drug_cyclothiazide_and_potassium,cyclothiazide and potassium,,C03AB09,,,,,,,,,,,,,,,,,,
drug_chlorothiazide_combinations,"chlorothiazide, combinations",,C03AH01,,,,,,,,,,,,,,,,,,
drug_hydroflumethiazide_combinations,"hydroflumethiazide, combinations",,C03AH02,,,,,,,,,,,,,,,,,,
drug_hydrochlorothiazide_combinations,"hydrochlorothiazide, combinations",,C03AX01,,,,,,,,,,,,,,,,,,
drug_quinethazone,quinethazone,,C03BA02,,,,,,,,,,,,,,,,,,
drug_clopamide,clopamide,,C03BA03,,,,,,,,,,,,,,,,,,
drug_chlortalidone,chlortalidone,,C03BA04,,,,,,,,,,,,,,,,,,
drug_mefruside,mefruside,,C03BA05,,,,,,,,,,,,,,,,,,
drug_clofenamide,clofenamide,,C03BA07,,,,,,,,,,,,,,,,,,
drug_metolazone,metolazone,,C03BA08,,,,,,,,,,,,,,,,,,
drug_meticrane,meticrane,,C03BA09,,,,,,,,,,,,,,,,,,
drug_xipamide,xipamide,,C03BA10,,,,,,,,,,,,,,,,,,
drug_indapamide,indapamide,,C03BA11,,,,,,,,,,,,,,,,,,
drug_clorexolone,clorexolone,,C03BA12,,,,,,,,,,,,,,,,,,
drug_fenquizone,fenquizone,,C03BA13,,,,,,,,,,,,,,,,,,
drug_clorexolone_combinations_with_psycholeptics,"clorexolone, combinations with psycholeptics",,C03BA82,,,,,,,,,,,,,,,,,,
drug_quinethazone_and_potassium,quinethazone and potassium,,C03BB02,,,,,,,,,,,,,,,,,,
drug_clopamide_and_potassium,clopamide and potassium,,C03BB03,,,,,,,,,,,,,,,,,,
drug_chlortalidone_and_potassium,chlortalidone and potassium,,C03BB04,,,,,,,,,,,,,,,,,,
drug_mefruside_and_potassium,mefruside and potassium,,C03BB05,,,,,,,,,,,,,,,,,,
drug_clofenamide_and_potassium,clofenamide and potassium,,C03BB07,,,,,,,,,,,,,,,,,,
drug_mersalyl,mersalyl,,C03BC01,,,,,,,,,,,,,,,,,,
drug_theobromine,theobromine,,C03BD01,R03DA07,,,,,,,,,,,,,,,,,
drug_cicletanine,cicletanine,,C03BX03,,,,,,,,,,,,,,,,,,
drug_furosemide,furosemide,,C03CA01,,,,,,,,,,,,,,,,,,
drug_bumetanide,bumetanide,,C03CA02,,,,,,,,,,,,,,,,,,
drug_piretanide,piretanide,,C03CA03,,,,,,,,,,,,,,,,,,
drug_torasemide,torasemide,,C03CA04,,,,,,,,,,,,,,,,,,
drug_furosemide_and_potassium,furosemide and potassium,,C03CB01,,,,,,,,,,,,,,,,,,
drug_bumetanide_and_potassium,bumetanide and potassium,,C03CB02,,,,,,,,,,,,,,,,,,
drug_etacrynic_acid,etacrynic acid,,C03CC01,,,,,,,,,,,,,,,,,,
drug_tienilic_acid,tienilic acid,,C03CC02,,,,,,,,,,,,,,,,,,
drug_muzolimine,muzolimine,,C03CD01,,,,,,,,,,,,,,,,,,
drug_etozolin,etozolin,,C03CX01,,,,,,,,,,,,,,,,,,
drug_spironolactone,spironolactone,,C03DA01,,,,,,,,,,,,,,,,,,
drug_potassium_canrenoate,potassium canrenoate,,C03DA02,,,,,,,,,,,,,,,,,,
drug_canrenone,canrenone,,C03DA03,,,,,,,,,,,,,,,,,,
drug_eplerenone,eplerenone,,C03DA04,,,,,,,,,,,,,,,,,,
drug_finerenone,finerenone,,C03DA05,,,,,,,,,,,,,,,,,,
drug_amiloride,amiloride,,C03DB01,,,,,,,,,,,,,,,,,,
drug_triamterene,triamterene,,C03DB02,,,,,,,,,,,,,,,,,,
drug_hydrochlorothiazide_and_potassium_sparing_agents,hydrochlorothiazide and potassium-sparing agents,,C03EA01,,,,,,,,,,,,,,,,,,
drug_trichlormethiazide_and_potassium_sparing_agents,trichlormethiazide and potassium-sparing agents,,C03EA02,,,,,,,,,,,,,,,,,,
drug_epitizide_and_potassium_sparing_agents,epitizide and potassium-sparing agents,,C03EA03,,,,,,,,,,,,,,,,,,
drug_altizide_and_potassium_sparing_agents,altizide and potassium-sparing agents,,C03EA04,,,,,,,,,,,,,,,,,,
drug_mebutizide_and_potassium_sparing_agents,mebutizide and potassium-sparing agents,,C03EA05,,,,,,,,,,,,,,,,,,
drug_chlortalidone_and_potassium_sparing_agents,chlortalidone and potassium-sparing agents,,C03EA06,,,,,,,,,,,,,,,,,,
drug_cyclopenthiazide_and_potassium_sparing_agents,cyclopenthiazide and potassium-sparing agents,,C03EA07,,,,,,,,,,,,,,,,,,
drug_metolazone_and_potassium_sparing_agents,metolazone and potassium-sparing agents,,C03EA12,,,,,,,,,,,,,,,,,,
drug_bendroflumethiazide_and_potassium_sparing_agents,bendroflumethiazide and potassium-sparing agents,,C03EA13,,,,,,,,,,,,,,,,,,
drug_butizide_and_potassium_sparing_agents,butizide and potassium-sparing agents,,C03EA14,,,,,,,,,,,,,,,,,,
drug_furosemide_and_potassium_sparing_agents,furosemide and potassium-sparing agents,,C03EB01,,,,,,,,,,,,,,,,,,
drug_bumetanide_and_potassium_sparing_agents,bumetanide and potassium-sparing agents,,C03EB02,,,,,,,,,,,,,,,,,,
drug_tolvaptan,tolvaptan,,C03XA01,,,,,,,,,,,,,,,,,,
drug_conivaptan,conivaptan,,C03XA02,,,,,,,,,,,,,,,,,,
drug_isoxsuprine,isoxsuprine,,C04AA01,,,,,,,,,,,,,,,,,,
drug_buphenine,buphenine,,C04AA02,G02CA02,,,,,,,,,,,,,,,,,
drug_bamethan,bamethan,,C04AA31,,,,,,,,,,,,,,,,,,
drug_phentolamine,phentolamine,,C04AB01,V03AB36,,,,,,,,,,,,,,,,,
drug_tolazoline,tolazoline,,C04AB02,M02AX02,,,,,,,,,,,,,,,,,
drug_nicotinic_acid,nicotinic acid,,C04AC01,C10AD02,,,,,,,,,,,,,,,,,
drug_nicotinyl_alcohol_pyridylcarbinol,nicotinyl alcohol (pyridylcarbinol),,C04AC02,C10AD05,,,,,,,,,,,,,,,,,
drug_inositol_nicotinate,inositol nicotinate,,C04AC03,,,,,,,,,,,,,,,,,,
drug_ciclonicate,ciclonicate,,C04AC07,,,,,,,,,,,,,,,,,,
drug_pentifylline,pentifylline,,C04AD01,,,,,,,,,,,,,,,,,,
drug_xantinol_nicotinate,xantinol nicotinate,,C04AD02,,,,,,,,,,,,,,,,,,
drug_pentoxifylline,pentoxifylline,,C04AD03,,,,,,,,,,,,,,,,,,
drug_etofylline_nicotinate,etofylline nicotinate,,C04AD04,,,,,,,,,,,,,,,,,,
drug_ergoloid_mesylates,ergoloid mesylates,,C04AE01,,,,,,,,,,,,,,,,,,
drug_nicergoline,nicergoline,,C04AE02,,,,,,,,,,,,,,,,,,
drug_dihydroergocristine,dihydroergocristine,,C04AE04,,,,,,,,,,,,,,,,,,
drug_ergoloid_mesylates_combinations,"ergoloid mesylates, combinations",,C04AE51,,,,,,,,,,,,,,,,,,
drug_dihydroergocristine_combinations,"dihydroergocristine, combinations",,C04AE54,,,,,,,,,,,,,,,,,,
drug_kallidinogenase,kallidinogenase,,C04AF01,,,,,,,,,,,,,,,,,,
drug_cyclandelate,cyclandelate,,C04AX01,,,,,,,,,,,,,,,,,,
drug_phenoxybenzamine,phenoxybenzamine,,C04AX02,,,,,,,,,,,,,,,,,,
drug_vincamine,vincamine,,C04AX07,,,,,,,,,,,,,,,,,,
drug_moxisylyte,moxisylyte,,C04AX10,G04BE06,,,,,,,,,,,,,,,,,
drug_bencyclane,bencyclane,,C04AX11,,,,,,,,,,,,,,,,,,
drug_vinburnine,vinburnine,,C04AX17,,,,,,,,,,,,,,,,,,
drug_suloctidil,suloctidil,,C04AX19,,,,,,,,,,,,,,,,,,
drug_buflomedil,buflomedil,,C04AX20,,,,,,,,,,,,,,,,,,
drug_naftidrofuryl,naftidrofuryl,,C04AX21,,,,,,,,,,,,,,,,,,
drug_butalamine,butalamine,,C04AX23,,,,,,,,,,,,,,,,,,
drug_visnadine,visnadine,,C04AX24,,,,,,,,,,,,,,,,,,
drug_cetiedil,cetiedil,,C04AX26,,,,,,,,,,,,,,,,,,
drug_cinepazide,cinepazide,,C04AX27,,,,,,,,,,,,,,,,,,
drug_ifenprodil,ifenprodil,,C04AX28,,,,,,,,,,,,,,,,,,
drug_azapetine,azapetine,,C04AX30,,,,,,,,,,,,,,,,,,
drug_fasudil,fasudil,,C04AX32,,,,,,,,,,,,,,,,,,
drug_clazosentan,clazosentan,,C04AX33,,,,,,,,,,,,,,,,,,
drug_fluorometholone,fluorometholone,,C05AA06,D07AB06;D07XB04;D10AA01;S01BA07;S01CB05,,,,,,,,,,,,,,,,,
drug_fluocortolone,fluocortolone,,C05AA08,D07AC05;D07XC05;H02AB03,,,,,,,,,,,,,,,,,
drug_fluocinolone_acetonide,fluocinolone acetonide,,C05AA10,D07AC04;S01BA15;S02BA08,,,,,,,,,,,,,,,,,
drug_fluocinonide,fluocinonide,,C05AA11,D07AC08,,,,,,,,,,,,,,,,,
drug_tetracaine,tetracaine,,C05AD02,D04AB06;N01BA03;S01HA03,,,,,,,,,,,,,,,,,
drug_benzocaine,benzocaine,,C05AD03,D04AB04;N01BA05;R02AD01,,,,,,,,,,,,,,,,,
drug_cinchocaine,cinchocaine,,C05AD04,D04AB02;N01BB06;S01HA06;S02DA04,,,,,,,,,,,,,,,,,
drug_procaine,procaine,,C05AD05,N01BA02;S01HA05,,,,,,,,,,,,,,,,,
drug_oxetacaine,oxetacaine,,C05AD06,,,,,,,,,,,,,,,,,,
drug_pramocaine,pramocaine,,C05AD07,D04AB07,,,,,,,,,,,,,,,,,
drug_diltiazem,diltiazem,,C05AE03,C08DB01,,,,,,,,,,,,,,,,,
drug_aluminium_preparations,aluminium preparations,,C05AX01,,,,,,,,,,,,,,,,,,
drug_bismuth_preparations_combinations,"bismuth preparations, combinations",,C05AX02,,,,,,,,,,,,,,,,,,
drug_other_preparations_combinations,"other preparations, combinations",,C05AX03,,,,,,,,,,,,,,,,,,
drug_zinc_preparations,zinc preparations,,C05AX04,,,,,,,,,,,,,,,,,,
drug_tribenoside,tribenoside,,C05AX05,C05CX01,,,,,,,,,,,,,,,,,
drug_organo_heparinoid,organo-heparinoid,,C05BA01,,,,,,,,,,,,,,,,,,
drug_sodium_apolate,sodium apolate,,C05BA02,,,,,,,,,,,,,,,,,,
drug_pentosan_polysulfate_sodium,pentosan polysulfate sodium,,C05BA04,G04BX15,,,,,,,,,,,,,,,,,
drug_heparinoid_combinations,"heparinoid, combinations",,C05BA51,,,,,,,,,,,,,,,,,,
drug_monoethanolamine_oleate,monoethanolamine oleate,,C05BB01,,,,,,,,,,,,,,,,,,
drug_polidocanol,polidocanol,,C05BB02,,,,,,,,,,,,,,,,,,
drug_invert_sugar,invert sugar,,C05BB03,,,,,,,,,,,,,,,,,,
drug_sodium_tetradecyl_sulfate,sodium tetradecyl sulfate,,C05BB04,,,,,,,,,,,,,,,,,,
drug_phenol,phenol,,C05BB05,D08AE03;N01BX03;R02AA19,,,,,,,,,,,,,,,,,
drug_glucose_combinations,"glucose, combinations",,C05BB56,,,,,,,,,,,,,,,,,,
drug_calcium_dobesilate,calcium dobesilate,,C05BX01,,,,,,,,,,,,,,,,,,
drug_calcium_dobesilate_combinations,"calcium dobesilate, combinations",,C05BX51,,,,,,,,,,,,,,,,,,
drug_rutoside,rutoside,,C05CA01,,,,,,,,,,,,,,,,,,
drug_monoxerutin,monoxerutin,,C05CA02,,,,,,,,,,,,,,,,,,
drug_diosmin,diosmin,,C05CA03,,,,,,,,,,,,,,,,,,
drug_troxerutin,troxerutin,,C05CA04,,,,,,,,,,,,,,,,,,
drug_hidrosmin,hidrosmin,,C05CA05,,,,,,,,,,,,,,,,,,
drug_rutoside_combinations,"rutoside, combinations",,C05CA51,,,,,,,,,,,,,,,,,,
drug_diosmin_combinations,"diosmin, combinations",,C05CA53,,,,,,,,,,,,,,,,,,
drug_troxerutin_combinations,"troxerutin, combinations",,C05CA54,,,,,,,,,,,,,,,,,,
drug_naftazone,naftazone,,C05CX02,,,,,,,,,,,,,,,,,,
drug_hippocastani_semen,Hippocastani semen,,C05CX03,,,,,,,,,,,,,,,,,,
drug_beperminogene_perplasmid,beperminogene perplasmid,,C05XX01,,,,,,,,,,,,,,,,,,
drug_alprenolol,alprenolol,,C07AA01,,,,,,,,,,,,,,,,,,
drug_oxprenolol,oxprenolol,,C07AA02,,,,,,,,,,,,,,,,,,
drug_pindolol,pindolol,,C07AA03,,,,,,,,,,,,,,,,,,
drug_propranolol,propranolol,,C07AA05,,,,,,,,,,,,,,,,,,
drug_timolol,timolol,,C07AA06,S01ED01,,,,,,,,,,,,,,,,,
drug_sotalol,sotalol,,C07AA07,,,,,,,,,,,,,,,,,,
drug_nadolol,nadolol,,C07AA12,,,,,,,,,,,,,,,,,,
drug_mepindolol,mepindolol,,C07AA14,,,,,,,,,,,,,,,,,,
drug_carteolol,carteolol,,C07AA15,S01ED05,,,,,,,,,,,,,,,,,
drug_tertatolol,tertatolol,,C07AA16,,,,,,,,,,,,,,,,,,
drug_bopindolol,bopindolol,,C07AA17,,,,,,,,,,,,,,,,,,
drug_bupranolol,bupranolol,,C07AA19,,,,,,,,,,,,,,,,,,
drug_penbutolol,penbutolol,,C07AA23,,,,,,,,,,,,,,,,,,
drug_cloranolol,cloranolol,,C07AA27,,,,,,,,,,,,,,,,,,
drug_practolol,practolol,,C07AB01,,,,,,,,,,,,,,,,,,
drug_metoprolol,metoprolol,,C07AB02,,,,,,,,,,,,,,,,,,
drug_atenolol,atenolol,,C07AB03,,,,,,,,,,,,,,,,,,
drug_acebutolol,acebutolol,,C07AB04,,,,,,,,,,,,,,,,,,
drug_betaxolol,betaxolol,,C07AB05,S01ED02,,,,,,,,,,,,,,,,,
drug_bevantolol,bevantolol,,C07AB06,,,,,,,,,,,,,,,,,,
drug_bisoprolol,bisoprolol,,C07AB07,,,,,,,,,,,,,,,,,,
drug_celiprolol,celiprolol,,C07AB08,,,,,,,,,,,,,,,,,,
drug_esmolol,esmolol,,C07AB09,,,,,,,,,,,,,,,,,,
drug_epanolol,epanolol,,C07AB10,,,,,,,,,,,,,,,,,,
drug_s_atenolol,s-atenolol,,C07AB11,,,,,,,,,,,,,,,,,,
drug_nebivolol,nebivolol,,C07AB12,,,,,,,,,,,,,,,,,,
drug_talinolol,talinolol,,C07AB13,,,,,,,,,,,,,,,,,,
drug_landiolol,landiolol,,C07AB14,,,,,,,,,,,,,,,,,,
drug_labetalol,labetalol,,C07AG01,,,,,,,,,,,,,,,,,,
drug_carvedilol,carvedilol,,C07AG02,,,,,,,,,,,,,,,,,,
drug_oxprenolol_and_thiazides,oxprenolol and thiazides,,C07BA02,,,,,,,,,,,,,,,,,,
drug_propranolol_and_thiazides,propranolol and thiazides,,C07BA05,,,,,,,,,,,,,,,,,,
drug_timolol_and_thiazides,timolol and thiazides,,C07BA06,,,,,,,,,,,,,,,,,,
drug_sotalol_and_thiazides,sotalol and thiazides,,C07BA07,,,,,,,,,,,,,,,,,,
drug_nadolol_and_thiazides,nadolol and thiazides,,C07BA12,,,,,,,,,,,,,,,,,,
drug_metipranolol_and_thiazides_combinations,"metipranolol and thiazides, combinations",,C07BA68,,,,,,,,,,,,,,,,,,
drug_metoprolol_and_thiazides,metoprolol and thiazides,,C07BB02,,,,,,,,,,,,,,,,,,
drug_atenolol_and_thiazides,atenolol and thiazides,,C07BB03,,,,,,,,,,,,,,,,,,
drug_acebutolol_and_thiazides,acebutolol and thiazides,,C07BB04,,,,,,,,,,,,,,,,,,
drug_bevantolol_and_thiazides,bevantolol and thiazides,,C07BB06,,,,,,,,,,,,,,,,,,
drug_bisoprolol_and_thiazides,bisoprolol and thiazides,,C07BB07,,,,,,,,,,,,,,,,,,
drug_nebivolol_and_thiazides,nebivolol and thiazides,,C07BB12,,,,,,,,,,,,,,,,,,
drug_metoprolol_and_thiazides_combinations,"metoprolol and thiazides, combinations",,C07BB52,,,,,,,,,,,,,,,,,,
drug_labetalol_and_thiazides,labetalol and thiazides,,C07BG01,,,,,,,,,,,,,,,,,,
drug_oxprenolol_and_other_diuretics,oxprenolol and other diuretics,,C07CA02,,,,,,,,,,,,,,,,,,
drug_pindolol_and_other_diuretics,pindolol and other diuretics,,C07CA03,,,,,,,,,,,,,,,,,,
drug_bopindolol_and_other_diuretics,bopindolol and other diuretics,,C07CA17,,,,,,,,,,,,,,,,,,
drug_penbutolol_and_other_diuretics,penbutolol and other diuretics,,C07CA23,,,,,,,,,,,,,,,,,,
drug_metoprolol_and_other_diuretics,metoprolol and other diuretics,,C07CB02,,,,,,,,,,,,,,,,,,
drug_atenolol_and_other_diuretics,atenolol and other diuretics,,C07CB03,,,,,,,,,,,,,,,,,,
drug_atenolol_and_other_diuretics_combinations,"atenolol and other diuretics, combinations",,C07CB53,,,,,,,,,,,,,,,,,,
drug_labetalol_and_other_diuretics,labetalol and other diuretics,,C07CG01,,,,,,,,,,,,,,,,,,
drug_timolol_thiazides_and_other_diuretics,"timolol, thiazides and other diuretics",,C07DA06,,,,,,,,,,,,,,,,,,
drug_atenolol_thiazides_and_other_diuretics,"atenolol, thiazides and other diuretics",,C07DB01,,,,,,,,,,,,,,,,,,
drug_metoprolol_and_felodipine,metoprolol and felodipine,,C07FB02,,,,,,,,,,,,,,,,,,
drug_atenolol_and_nifedipine,atenolol and nifedipine,,C07FB03,,,,,,,,,,,,,,,,,,
drug_bisoprolol_and_amlodipine,bisoprolol and amlodipine,,C07FB07,,,,,,,,,,,,,,,,,,
drug_nebivolol_and_amlodipine,nebivolol and amlodipine,,C07FB12,,,,,,,,,,,,,,,,,,
drug_metoprolol_and_amlodipine,metoprolol and amlodipine,,C07FB13,,,,,,,,,,,,,,,,,,
drug_propranolol_and_other_combinations,propranolol and other combinations,,C07FX01,,,,,,,,,,,,,,,,,,
drug_sotalol_and_acetylsalicylic_acid,sotalol and acetylsalicylic acid,,C07FX02,,,,,,,,,,,,,,,,,,
drug_metoprolol_and_acetylsalicylic_acid,metoprolol and acetylsalicylic acid,,C07FX03,,,,,,,,,,,,,,,,,,
drug_bisoprolol_and_acetylsalicylic_acid,bisoprolol and acetylsalicylic acid,,C07FX04,,,,,,,,,,,,,,,,,,
drug_metoprolol_and_ivabradine,metoprolol and ivabradine,,C07FX05,,,,,,,,,,,,,,,,,,
drug_carvedilol_and_ivabradine,carvedilol and ivabradine,,C07FX06,,,,,,,,,,,,,,,,,,
drug_amlodipine,amlodipine,,C08CA01,,,,,,,,,,,,,,,,,,
drug_felodipine,felodipine,,C08CA02,,,,,,,,,,,,,,,,,,
drug_isradipine,isradipine,,C08CA03,,,,,,,,,,,,,,,,,,
drug_nicardipine,nicardipine,,C08CA04,,,,,,,,,,,,,,,,,,
drug_nifedipine,nifedipine,,C08CA05,,,,,,,,,,,,,,,,,,
drug_nimodipine,nimodipine,,C08CA06,,,,,,,,,,,,,,,,,,
drug_nisoldipine,nisoldipine,,C08CA07,,,,,,,,,,,,,,,,,,
drug_nitrendipine,nitrendipine,,C08CA08,,,,,,,,,,,,,,,,,,
drug_lacidipine,lacidipine,,C08CA09,,,,,,,,,,,,,,,,,,
drug_nilvadipine,nilvadipine,,C08CA10,,,,,,,,,,,,,,,,,,
drug_manidipine,manidipine,,C08CA11,,,,,,,,,,,,,,,,,,
drug_barnidipine,barnidipine,,C08CA12,,,,,,,,,,,,,,,,,,
drug_lercanidipine,lercanidipine,,C08CA13,,,,,,,,,,,,,,,,,,
drug_cilnidipine,cilnidipine,,C08CA14,,,,,,,,,,,,,,,,,,
drug_benidipine,benidipine,,C08CA15,,,,,,,,,,,,,,,,,,
drug_clevidipine,clevidipine,,C08CA16,,,,,,,,,,,,,,,,,,
drug_levamlodipine,levamlodipine,,C08CA17,,,,,,,,,,,,,,,,,,
drug_amlodipine_and_celecoxib,amlodipine and celecoxib,,C08CA51,,,,,,,,,,,,,,,,,,
drug_nifedipine_combinations,"nifedipine, combinations",,C08CA55,,,,,,,,,,,,,,,,,,
drug_mibefradil,mibefradil,,C08CX01,,,,,,,,,,,,,,,,,,
drug_verapamil,verapamil,,C08DA01,,,,,,,,,,,,,,,,,,
drug_gallopamil,gallopamil,,C08DA02,,,,,,,,,,,,,,,,,,
drug_verapamil_combinations,"verapamil, combinations",,C08DA51,,,,,,,,,,,,,,,,,,
drug_fendiline,fendiline,,C08EA01,,,,,,,,,,,,,,,,,,
drug_bepridil,bepridil,,C08EA02,,,,,,,,,,,,,,,,,,
drug_lidoflazine,lidoflazine,,C08EX01,,,,,,,,,,,,,,,,,,
drug_perhexiline,perhexiline,,C08EX02,,,,,,,,,,,,,,,,,,
drug_nifedipine_and_diuretics,nifedipine and diuretics,,C08GA01,,,,,,,,,,,,,,,,,,
drug_amlodipine_and_diuretics,amlodipine and diuretics,,C08GA02,,,,,,,,,,,,,,,,,,
drug_captopril,captopril,,C09AA01,,,,,,,,,,,,,,,,,,
drug_enalapril,enalapril,,C09AA02,,,,,,,,,,,,,,,,,,
drug_lisinopril,lisinopril,,C09AA03,,,,,,,,,,,,,,,,,,
drug_perindopril,perindopril,,C09AA04,,,,,,,,,,,,,,,,,,
drug_ramipril,ramipril,,C09AA05,,,,,,,,,,,,,,,,,,
drug_quinapril,quinapril,,C09AA06,,,,,,,,,,,,,,,,,,
drug_benazepril,benazepril,,C09AA07,,,,,,,,,,,,,,,,,,
drug_cilazapril,cilazapril,,C09AA08,,,,,,,,,,,,,,,,,,
drug_fosinopril,fosinopril,,C09AA09,,,,,,,,,,,,,,,,,,
drug_trandolapril,trandolapril,,C09AA10,,,,,,,,,,,,,,,,,,
drug_spirapril,spirapril,,C09AA11,,,,,,,,,,,,,,,,,,
drug_delapril,delapril,,C09AA12,,,,,,,,,,,,,,,,,,
drug_moexipril,moexipril,,C09AA13,,,,,,,,,,,,,,,,,,
drug_temocapril,temocapril,,C09AA14,,,,,,,,,,,,,,,,,,
drug_zofenopril,zofenopril,,C09AA15,,,,,,,,,,,,,,,,,,
drug_imidapril,imidapril,,C09AA16,,,,,,,,,,,,,,,,,,
drug_captopril_and_diuretics,captopril and diuretics,,C09BA01,,,,,,,,,,,,,,,,,,
drug_enalapril_and_diuretics,enalapril and diuretics,,C09BA02,,,,,,,,,,,,,,,,,,
drug_lisinopril_and_diuretics,lisinopril and diuretics,,C09BA03,,,,,,,,,,,,,,,,,,
drug_perindopril_and_diuretics,perindopril and diuretics,,C09BA04,,,,,,,,,,,,,,,,,,
drug_ramipril_and_diuretics,ramipril and diuretics,,C09BA05,,,,,,,,,,,,,,,,,,
drug_quinapril_and_diuretics,quinapril and diuretics,,C09BA06,,,,,,,,,,,,,,,,,,
drug_benazepril_and_diuretics,benazepril and diuretics,,C09BA07,,,,,,,,,,,,,,,,,,
drug_cilazapril_and_diuretics,cilazapril and diuretics,,C09BA08,,,,,,,,,,,,,,,,,,
drug_fosinopril_and_diuretics,fosinopril and diuretics,,C09BA09,,,,,,,,,,,,,,,,,,
drug_delapril_and_diuretics,delapril and diuretics,,C09BA12,,,,,,,,,,,,,,,,,,
drug_moexipril_and_diuretics,moexipril and diuretics,,C09BA13,,,,,,,,,,,,,,,,,,
drug_zofenopril_and_diuretics,zofenopril and diuretics,,C09BA15,,,,,,,,,,,,,,,,,,
drug_enalapril_and_lercanidipine,enalapril and lercanidipine,,C09BB02,,,,,,,,,,,,,,,,,,
drug_lisinopril_and_amlodipine,lisinopril and amlodipine,,C09BB03,,,,,,,,,,,,,,,,,,
drug_perindopril_and_amlodipine,perindopril and amlodipine,,C09BB04,,,,,,,,,,,,,,,,,,
drug_ramipril_and_felodipine,ramipril and felodipine,,C09BB05,,,,,,,,,,,,,,,,,,
drug_enalapril_and_nitrendipine,enalapril and nitrendipine,,C09BB06,,,,,,,,,,,,,,,,,,
drug_ramipril_and_amlodipine,ramipril and amlodipine,,C09BB07,,,,,,,,,,,,,,,,,,
drug_trandolapril_and_verapamil,trandolapril and verapamil,,C09BB10,,,,,,,,,,,,,,,,,,
drug_delapril_and_manidipine,delapril and manidipine,,C09BB12,,,,,,,,,,,,,,,,,,
drug_benazepril_and_amlodipine,benazepril and amlodipine,,C09BB13,,,,,,,,,,,,,,,,,,
drug_perindopril_amlodipine_and_indapamide,"perindopril, amlodipine and indapamide",,C09BX01,,,,,,,,,,,,,,,,,,
drug_perindopril_and_bisoprolol,perindopril and bisoprolol,,C09BX02,,,,,,,,,,,,,,,,,,
drug_ramipril_amlodipine_and_hydrochlorothiazide,"ramipril, amlodipine and hydrochlorothiazide",,C09BX03,,,,,,,,,,,,,,,,,,
drug_perindopril_bisoprolol_and_amlodipine,"perindopril, bisoprolol and amlodipine",,C09BX04,,,,,,,,,,,,,,,,,,
drug_ramipril_and_bisoprolol,ramipril and bisoprolol,,C09BX05,,,,,,,,,,,,,,,,,,
drug_perindopril_bisoprolol_amlodipine_and_indapamide,"perindopril, bisoprolol, amlodipine and indapamide",,C09BX06,,,,,,,,,,,,,,,,,,
drug_zofenopril_and_nebivolol,zofenopril and nebivolol,,C09BX07,,,,,,,,,,,,,,,,,,
drug_losartan,losartan,,C09CA01,,,,,,,,,,,,,,,,,,
drug_eprosartan,eprosartan,,C09CA02,,,,,,,,,,,,,,,,,,
drug_valsartan,valsartan,,C09CA03,,,,,,,,,,,,,,,,,,
drug_irbesartan,irbesartan,,C09CA04,,,,,,,,,,,,,,,,,,
drug_tasosartan,tasosartan,,C09CA05,,,,,,,,,,,,,,,,,,
drug_candesartan,candesartan,,C09CA06,,,,,,,,,,,,,,,,,,
drug_telmisartan,telmisartan,,C09CA07,,,,,,,,,,,,,,,,,,
drug_olmesartan_medoxomil,olmesartan medoxomil,,C09CA08,,,,,,,,,,,,,,,,,,
drug_azilsartan_medoxomil,azilsartan medoxomil,,C09CA09,,,,,,,,,,,,,,,,,,
drug_fimasartan,fimasartan,,C09CA10,,,,,,,,,,,,,,,,,,
drug_losartan_and_diuretics,losartan and diuretics,,C09DA01,,,,,,,,,,,,,,,,,,
drug_eprosartan_and_diuretics,eprosartan and diuretics,,C09DA02,,,,,,,,,,,,,,,,,,
drug_valsartan_and_diuretics,valsartan and diuretics,,C09DA03,,,,,,,,,,,,,,,,,,
drug_irbesartan_and_diuretics,irbesartan and diuretics,,C09DA04,,,,,,,,,,,,,,,,,,
drug_candesartan_and_diuretics,candesartan and diuretics,,C09DA06,,,,,,,,,,,,,,,,,,
drug_telmisartan_and_diuretics,telmisartan and diuretics,,C09DA07,,,,,,,,,,,,,,,,,,
drug_olmesartan_medoxomil_and_diuretics,olmesartan medoxomil and diuretics,,C09DA08,,,,,,,,,,,,,,,,,,
drug_azilsartan_medoxomil_and_diuretics,azilsartan medoxomil and diuretics,,C09DA09,,,,,,,,,,,,,,,,,,
drug_fimasartan_and_diuretics,fimasartan and diuretics,,C09DA10,,,,,,,,,,,,,,,,,,
drug_valsartan_and_amlodipine,valsartan and amlodipine,,C09DB01,,,,,,,,,,,,,,,,,,
drug_olmesartan_medoxomil_and_amlodipine,olmesartan medoxomil and amlodipine,,C09DB02,,,,,,,,,,,,,,,,,,
drug_telmisartan_and_amlodipine,telmisartan and amlodipine,,C09DB04,,,,,,,,,,,,,,,,,,
drug_irbesartan_and_amlodipine,irbesartan and amlodipine,,C09DB05,,,,,,,,,,,,,,,,,,
drug_losartan_and_amlodipine,losartan and amlodipine,,C09DB06,,,,,,,,,,,,,,,,,,
drug_candesartan_and_amlodipine,candesartan and amlodipine,,C09DB07,,,,,,,,,,,,,,,,,,
drug_valsartan_and_lercanidipine,valsartan and lercanidipine,,C09DB08,,,,,,,,,,,,,,,,,,
drug_fimasartan_and_amlodipine,fimasartan and amlodipine,,C09DB09,,,,,,,,,,,,,,,,,,
drug_valsartan_amlodipine_and_hydrochlorothiazide,"valsartan, amlodipine and hydrochlorothiazide",,C09DX01,,,,,,,,,,,,,,,,,,
drug_valsartan_and_aliskiren,valsartan and aliskiren,,C09DX02,,,,,,,,,,,,,,,,,,
drug_olmesartan_medoxomil_amlodipine_and_hydrochlorothiazide,"olmesartan medoxomil, amlodipine and hydrochlorothiazide",,C09DX03,,,,,,,,,,,,,,,,,,
drug_valsartan_and_sacubitril,valsartan and sacubitril,,C09DX04,,,,,,,,,,,,,,,,,,
drug_valsartan_and_nebivolol,valsartan and nebivolol,,C09DX05,,,,,,,,,,,,,,,,,,
drug_candesartan_amlodipine_and_hydrochlorothiazide,"candesartan, amlodipine and hydrochlorothiazide",,C09DX06,,,,,,,,,,,,,,,,,,
drug_irbesartan_amlodipine_and_hydrochlorothiazide,"irbesartan, amlodipine and hydrochlorothiazide",,C09DX07,,,,,,,,,,,,,,,,,,
drug_telmisartan_amlodipine_and_hydrochlorothiazide,"telmisartan, amlodipine and hydrochlorothiazide",,C09DX08,,,,,,,,,,,,,,,,,,
drug_remikiren,remikiren,,C09XA01,,,,,,,,,,,,,,,,,,
drug_aliskiren,aliskiren,,C09XA02,,,,,,,,,,,,,,,,,,
drug_aliskiren_and_hydrochlorothiazide,aliskiren and hydrochlorothiazide,,C09XA52,,,,,,,,,,,,,,,,,,
drug_aliskiren_and_amlodipine,aliskiren and amlodipine,,C09XA53,,,,,,,,,,,,,,,,,,
drug_aliskiren_amlodipine_and_hydrochlorothiazide,"aliskiren, amlodipine and hydrochlorothiazide",,C09XA54,,,,,,,,,,,,,,,,,,
drug_simvastatin,simvastatin,,C10AA01,,,,,,,,,,,,,,,,,,
drug_lovastatin,lovastatin,,C10AA02,,,,,,,,,,,,,,,,,,
drug_pravastatin,pravastatin,,C10AA03,,,,,,,,,,,,,,,,,,
drug_fluvastatin,fluvastatin,,C10AA04,,,,,,,,,,,,,,,,,,
drug_atorvastatin,atorvastatin,,C10AA05,,,,,,,,,,,,,,,,,,
drug_cerivastatin,cerivastatin,,C10AA06,,,,,,,,,,,,,,,,,,
drug_rosuvastatin,rosuvastatin,,C10AA07,,,,,,,,,,,,,,,,,,
drug_pitavastatin,pitavastatin,,C10AA08,,,,,,,,,,,,,,,,,,
drug_clofibrate,clofibrate,,C10AB01,,,,,,,,,,,,,,,,,,
drug_bezafibrate,bezafibrate,,C10AB02,,,,,,,,,,,,,,,,,,
drug_aluminium_clofibrate,aluminium clofibrate,,C10AB03,,,,,,,,,,,,,,,,,,
drug_gemfibrozil,gemfibrozil,,C10AB04,,,,,,,,,,,,,,,,,,
drug_fenofibrate,fenofibrate,,C10AB05,,,,,,,,,,,,,,,,,,
drug_simfibrate,simfibrate,,C10AB06,,,,,,,,,,,,,,,,,,
drug_ronifibrate,ronifibrate,,C10AB07,,,,,,,,,,,,,,,,,,
drug_ciprofibrate,ciprofibrate,,C10AB08,,,,,,,,,,,,,,,,,,
drug_etofibrate,etofibrate,,C10AB09,,,,,,,,,,,,,,,,,,
drug_clofibride,clofibride,,C10AB10,,,,,,,,,,,,,,,,,,
drug_choline_fenofibrate,choline fenofibrate,,C10AB11,,,,,,,,,,,,,,,,,,
drug_pemafibrate,pemafibrate,,C10AB12,,,,,,,,,,,,,,,,,,
drug_colestyramine,colestyramine,,C10AC01,,,,,,,,,,,,,,,,,,
drug_colestipol,colestipol,,C10AC02,,,,,,,,,,,,,,,,,,
drug_colextran,colextran,,C10AC03,,,,,,,,,,,,,,,,,,
drug_colesevelam,colesevelam,,C10AC04,,,,,,,,,,,,,,,,,,
drug_niceritrol,niceritrol,,C10AD01,,,,,,,,,,,,,,,,,,
drug_nicofuranose,nicofuranose,,C10AD03,,,,,,,,,,,,,,,,,,
drug_aluminium_nicotinate,aluminium nicotinate,,C10AD04,,,,,,,,,,,,,,,,,,
drug_acipimox,acipimox,,C10AD06,,,,,,,,,,,,,,,,,,
drug_nicotinic_acid_combinations,"nicotinic acid, combinations",,C10AD52,,,,,,,,,,,,,,,,,,
drug_dextrothyroxine,dextrothyroxine,,C10AX01,,,,,,,,,,,,,,,,,,
drug_probucol,probucol,,C10AX02,,,,,,,,,,,,,,,,,,
drug_tiadenol,tiadenol,,C10AX03,,,,,,,,,,,,,,,,,,
drug_meglutol,meglutol,,C10AX05,,,,,,,,,,,,,,,,,,
drug_omega_3_triglycerides_incl_other_esters_and_acids,omega-3-triglycerides incl. other esters and acids,,C10AX06,,,,,,,,,,,,,,,,,,
drug_magnesium_pyridoxal_5_phosphate_glutamate,magnesium pyridoxal 5-phosphate glutamate,,C10AX07,,,,,,,,,,,,,,,,,,
drug_policosanol,policosanol,,C10AX08,,,,,,,,,,,,,,,,,,
drug_ezetimibe,ezetimibe,,C10AX09,,,,,,,,,,,,,,,,,,
drug_alipogene_tiparvovec,alipogene tiparvovec,,C10AX10,,,,,,,,,,,,,,,,,,
drug_mipomersen,mipomersen,,C10AX11,,,,,,,,,,,,,,,,,,
drug_lomitapide,lomitapide,,C10AX12,,,,,,,,,,,,,,,,,,
drug_evolocumab,evolocumab,,C10AX13,,,,,,,,,,,,,,,,,,
drug_alirocumab,alirocumab,,C10AX14,,,,,,,,,,,,,,,,,,
drug_bempedoic_acid,bempedoic acid,,C10AX15,,,,,,,,,,,,,,,,,,
drug_inclisiran,inclisiran,,C10AX16,,,,,,,,,,,,,,,,,,
drug_evinacumab,evinacumab,,C10AX17,,,,,,,,,,,,,,,,,,
drug_volanesorsen,volanesorsen,,C10AX18,,,,,,,,,,,,,,,,,,
drug_lovastatin_and_nicotinic_acid,lovastatin and nicotinic acid,,C10BA01,,,,,,,,,,,,,,,,,,
drug_simvastatin_and_ezetimibe,simvastatin and ezetimibe,,C10BA02,,,,,,,,,,,,,,,,,,
drug_pravastatin_and_fenofibrate,pravastatin and fenofibrate,,C10BA03,,,,,,,,,,,,,,,,,,
drug_simvastatin_and_fenofibrate,simvastatin and fenofibrate,,C10BA04,,,,,,,,,,,,,,,,,,
drug_atorvastatin_and_ezetimibe,atorvastatin and ezetimibe,,C10BA05,,,,,,,,,,,,,,,,,,
drug_rosuvastatin_and_ezetimibe,rosuvastatin and ezetimibe,,C10BA06,,,,,,,,,,,,,,,,,,
drug_rosuvastatin_and_omega_3_fatty_acids,rosuvastatin and omega-3 fatty acids,,C10BA07,,,,,,,,,,,,,,,,,,
drug_atorvastatin_and_omega_3_fatty_acids,atorvastatin and omega-3 fatty acids,,C10BA08,,,,,,,,,,,,,,,,,,
drug_rosuvastatin_and_fenofibrate,rosuvastatin and fenofibrate,,C10BA09,,,,,,,,,,,,,,,,,,
drug_bempedoic_acid_and_ezetimibe,bempedoic acid and ezetimibe,,C10BA10,,,,,,,,,,,,,,,,,,
drug_pravastatin_and_ezetimibe,pravastatin and ezetimibe,,C10BA11,,,,,,,,,,,,,,,,,,
drug_pravastatin_ezetimibe_and_fenofibrate,"pravastatin, ezetimibe and fenofibrate",,C10BA12,,,,,,,,,,,,,,,,,,
drug_simvastatin_and_acetylsalicylic_acid,simvastatin and acetylsalicylic acid,,C10BX01,,,,,,,,,,,,,,,,,,
drug_pravastatin_and_acetylsalicylic_acid,pravastatin and acetylsalicylic acid,,C10BX02,,,,,,,,,,,,,,,,,,
drug_atorvastatin_and_amlodipine,atorvastatin and amlodipine,,C10BX03,,,,,,,,,,,,,,,,,,
drug_simvastatin_acetylsalicylic_acid_and_ramipril,"simvastatin, acetylsalicylic acid and ramipril",,C10BX04,,,,,,,,,,,,,,,,,,
drug_rosuvastatin_and_acetylsalicylic_acid,rosuvastatin and acetylsalicylic acid,,C10BX05,,,,,,,,,,,,,,,,,,
drug_atorvastatin_acetylsalicylic_acid_and_ramipril,"atorvastatin, acetylsalicylic acid and ramipril",,C10BX06,,,,,,,,,,,,,,,,,,
drug_rosuvastatin_amlodipine_and_lisinopril,"rosuvastatin, amlodipine and lisinopril",,C10BX07,,,,,,,,,,,,,,,,,,
drug_atorvastatin_and_acetylsalicylic_acid,atorvastatin and acetylsalicylic acid,,C10BX08,,,,,,,,,,,,,,,,,,
drug_rosuvastatin_and_amlodipine,rosuvastatin and amlodipine,,C10BX09,,,,,,,,,,,,,,,,,,
drug_rosuvastatin_and_valsartan,rosuvastatin and valsartan,,C10BX10,,,,,,,,,,,,,,,,,,
drug_atorvastatin_amlodipine_and_perindopril,"atorvastatin, amlodipine and perindopril",,C10BX11,,,,,,,,,,,,,,,,,,
drug_atorvastatin_acetylsalicylic_acid_and_perindopril,"atorvastatin, acetylsalicylic acid and perindopril",,C10BX12,,,,,,,,,,,,,,,,,,
drug_rosuvastatin_perindopril_and_indapamide,"rosuvastatin, perindopril and indapamide",,C10BX13,,,,,,,,,,,,,,,,,,
drug_rosuvastatin_amlodipine_and_perindopril,"rosuvastatin, amlodipine and perindopril",,C10BX14,,,,,,,,,,,,,,,,,,
drug_atorvastatin_and_perindopril,atorvastatin and perindopril,,C10BX15,,,,,,,,,,,,,,,,,,
drug_rosuvastatin_and_fimasartan,rosuvastatin and fimasartan,,C10BX16,,,,,,,,,,,,,,,,,,
drug_rosuvastatin_and_ramipril,rosuvastatin and ramipril,,C10BX17,,,,,,,,,,,,,,,,,,
drug_atorvastatin_amlodipine_and_ramipril,"atorvastatin, amlodipine and ramipril",,C10BX18,,,,,,,,,,,,,,,,,,
drug_atorvastatin_amlodipine_and_candesartan,"atorvastatin, amlodipine and candesartan",,C10BX19,,,,,,,,,,,,,,,,,,
drug_rosuvastatin_and_telmisartan,rosuvastatin and telmisartan,,C10BX20,,,,,,,,,,,,,,,,,,
drug_rosuvastatin_and_perindopril,rosuvastatin and perindopril,,C10BX21,,,,,,,,,,,,,,,,,,
drug_hachimycin,hachimycin,,D01AA03,G01AA06;J02AA02,,,,,,,,,,,,,,,,,
drug_pecilocin,pecilocin,,D01AA04,,,,,,,,,,,,,,,,,,
drug_pyrrolnitrin,pyrrolnitrin,,D01AA07,,,,,,,,,,,,,,,,,,
drug_griseofulvin,griseofulvin,,D01AA08,D01BA01,,,,,,,,,,,,,,,,,
drug_econazole,econazole,,D01AC03,G01AF05,,,,,,,,,,,,,,,,,
drug_chlormidazole,chlormidazole,,D01AC04,,,,,,,,,,,,,,,,,,
drug_isoconazole,isoconazole,,D01AC05,G01AF07,,,,,,,,,,,,,,,,,
drug_tiabendazole,tiabendazole,,D01AC06,P02CA02,,,,,,,,,,,,,,,,,
drug_tioconazole,tioconazole,,D01AC07,G01AF08,,,,,,,,,,,,,,,,,
drug_ketoconazole,ketoconazole,,D01AC08,G01AF11;H02CA03;J02AB02,,,,,,,,,,,,,,,,,
drug_sulconazole,sulconazole,,D01AC09,,,,,,,,,,,,,,,,,,
drug_bifonazole,bifonazole,,D01AC10,,,,,,,,,,,,,,,,,,
drug_oxiconazole,oxiconazole,,D01AC11,G01AF17,,,,,,,,,,,,,,,,,
drug_fenticonazole,fenticonazole,,D01AC12,G01AF12,,,,,,,,,,,,,,,,,
drug_omoconazole,omoconazole,,D01AC13,G01AF16,,,,,,,,,,,,,,,,,
drug_sertaconazole,sertaconazole,,D01AC14,G01AF19,,,,,,,,,,,,,,,,,
drug_fluconazole,fluconazole,,D01AC15,J02AC01,,,,,,,,,,,,,,,,,
drug_flutrimazole,flutrimazole,,D01AC16,G01AF18,,,,,,,,,,,,,,,,,
drug_eberconazole,eberconazole,,D01AC17,,,,,,,,,,,,,,,,,,
drug_luliconazole,luliconazole,,D01AC18,,,,,,,,,,,,,,,,,,
drug_efinaconazole,efinaconazole,,D01AC19,,,,,,,,,,,,,,,,,,
drug_imidazoles_triazoles_in_combination_with_corticosteroids,imidazoles/triazoles in combination with corticosteroids,,D01AC20,,,,,,,,,,,,,,,,,,
drug_neticonazole,neticonazole,,D01AC21,,,,,,,,,,,,,,,,,,
drug_lanoconazole,lanoconazole,,D01AC22,,,,,,,,,,,,,,,,,,
drug_miconazole_combinations,"miconazole, combinations",,D01AC52,,,,,,,,,,,,,,,,,,
drug_bifonazole_combinations,"bifonazole, combinations",,D01AC60,,,,,,,,,,,,,,,,,,
drug_bromochlorosalicylanilide,bromochlorosalicylanilide,,D01AE01,,,,,,,,,,,,,,,,,,
drug_methylrosaniline,methylrosaniline,,D01AE02,G01AX09,,,,,,,,,,,,,,,,,
drug_tribromometacresol,tribromometacresol,,D01AE03,,,,,,,,,,,,,,,,,,
drug_undecylenic_acid,undecylenic acid,,D01AE04,,,,,,,,,,,,,,,,,,
drug_2_4_chlorphenoxy_ethanol,2-(4-chlorphenoxy)-ethanol,,D01AE06,,,,,,,,,,,,,,,,,,
drug_chlorphenesin,chlorphenesin,,D01AE07,,,,,,,,,,,,,,,,,,
drug_ticlatone,ticlatone,,D01AE08,,,,,,,,,,,,,,,,,,
drug_sulbentine,sulbentine,,D01AE09,,,,,,,,,,,,,,,,,,
drug_ethyl_hydroxybenzoate,ethyl hydroxybenzoate,,D01AE10,,,,,,,,,,,,,,,,,,
drug_haloprogin,haloprogin,,D01AE11,,,,,,,,,,,,,,,,,,
drug_salicylic_acid,salicylic acid,,D01AE12,S01BC08,,,,,,,,,,,,,,,,,
drug_selenium_sulfide,selenium sulfide,,D01AE13,,,,,,,,,,,,,,,,,,
drug_ciclopirox,ciclopirox,,D01AE14,G01AX12,,,,,,,,,,,,,,,,,
drug_terbinafine,terbinafine,,D01AE15,D01BA02,,,,,,,,,,,,,,,,,
drug_amorolfine,amorolfine,,D01AE16,,,,,,,,,,,,,,,,,,
drug_dimazole,dimazole,,D01AE17,,,,,,,,,,,,,,,,,,
drug_tolnaftate,tolnaftate,,D01AE18,,,,,,,,,,,,,,,,,,
drug_tolciclate,tolciclate,,D01AE19,,,,,,,,,,,,,,,,,,
drug_flucytosine,flucytosine,,D01AE21,J02AX01,,,,,,,,,,,,,,,,,
drug_naftifine,naftifine,,D01AE22,,,,,,,,,,,,,,,,,,
drug_butenafine,butenafine,,D01AE23,,,,,,,,,,,,,,,,,,
drug_tavaborole,tavaborole,,D01AE24,,,,,,,,,,,,,,,,,,
drug_liranaftate,liranaftate,,D01AE25,,,,,,,,,,,,,,,,,,
drug_undecylenic_acid_combinations,"undecylenic acid, combinations",,D01AE54,,,,,,,,,,,,,,,,,,
drug_fosravuconazole,fosravuconazole,,D01BA03,,,,,,,,,,,,,,,,,,
drug_carbamide_combinations,"carbamide, combinations",,D02AE51,,,,,,,,,,,,,,,,,,
drug_aminobenzoic_acid,aminobenzoic acid,,D02BA01,,,,,,,,,,,,,,,,,,
drug_octinoxate,octinoxate,,D02BA02,,,,,,,,,,,,,,,,,,
drug_afamelanotide,afamelanotide,,D02BB02,,,,,,,,,,,,,,,,,,
drug_cadexomer_iodine,cadexomer iodine,,D03AX01,,,,,,,,,,,,,,,,,,
drug_dextranomer,dextranomer,,D03AX02,,,,,,,,,,,,,,,,,,
drug_hyaluronic_acid,hyaluronic acid,,D03AX05,M09AX01;R01AX09;S01KA01,,,,,,,,,,,,,,,,,
drug_crilanomer,crilanomer,,D03AX09,,,,,,,,,,,,,,,,,,
drug_enoxolone,enoxolone,,D03AX10,,,,,,,,,,,,,,,,,,
drug_sodium_chlorite,sodium chlorite,,D03AX11,,,,,,,,,,,,,,,,,,
drug_trolamine,trolamine,,D03AX12,,,,,,,,,,,,,,,,,,
drug_betulae_cortex,Betulae cortex,,D03AX13,,,,,,,,,,,,,,,,,,
drug_centella_asiatica_herba_incl_combinations,"Centella asiatica herba, incl. combinations",,D03AX14,,,,,,,,,,,,,,,,,,
drug_trafermin,trafermin,,D03AX15,,,,,,,,,,,,,,,,,,
drug_beremagene_geperpavec,beremagene geperpavec,,D03AX16,,,,,,,,,,,,,,,,,,
drug_collagenase,collagenase,,D03BA02,,,,,,,,,,,,,,,,,,
drug_bromelains,bromelains,,D03BA03,M09AB03,,,,,,,,,,,,,,,,,
drug_collagenase_combinations,"collagenase, combinations",,D03BA52,,,,,,,,,,,,,,,,,,
drug_thonzylamine,thonzylamine,,D04AA01,R01AC06;R06AC06,,,,,,,,,,,,,,,,,
drug_mepyramine,mepyramine,,D04AA02,R06AC01,,,,,,,,,,,,,,,,,
drug_thenalidine,thenalidine,,D04AA03,R06AX03,,,,,,,,,,,,,,,,,
drug_tripelennamine,tripelennamine,,D04AA04,R06AC04,,,,,,,,,,,,,,,,,
drug_chloropyramine,chloropyramine,,D04AA09,R06AC03,,,,,,,,,,,,,,,,,
drug_promethazine,promethazine,,D04AA10,R06AD02,,,,,,,,,,,,,,,,,
drug_tolpropamine,tolpropamine,,D04AA12,,,,,,,,,,,,,,,,,,
drug_dimetindene,dimetindene,,D04AA13,R06AB03,,,,,,,,,,,,,,,,,
drug_clemastine,clemastine,,D04AA14,R06AA04,,,,,,,,,,,,,,,,,
drug_bamipine,bamipine,,D04AA15,R06AX01,,,,,,,,,,,,,,,,,
drug_pheniramine,pheniramine,,D04AA16,R06AB05,,,,,,,,,,,,,,,,,
drug_isothipendyl,isothipendyl,,D04AA22,R06AD09,,,,,,,,,,,,,,,,,
drug_diphenhydramine,diphenhydramine,,D04AA32,R06AA02,,,,,,,,,,,,,,,,,
drug_diphenhydramine_methylbromide,diphenhydramine methylbromide,,D04AA33,,,,,,,,,,,,,,,,,,
drug_chlorphenoxamine,chlorphenoxamine,,D04AA34,R06AA06,,,,,,,,,,,,,,,,,
drug_oxybuprocaine,oxybuprocaine,,D04AB03,S01HA02,,,,,,,,,,,,,,,,,
drug_quinisocaine,quinisocaine,,D04AB05,,,,,,,,,,,,,,,,,,
drug_doxepin,doxepin,,D04AX01,N06AA12,,,,,,,,,,,,,,,,,
drug_dithranol,dithranol,,D05AC01,,,,,,,,,,,,,,,,,,
drug_dithranol_combinations,"dithranol, combinations",,D05AC51,,,,,,,,,,,,,,,,,,
drug_trioxysalen,trioxysalen,,D05AD01,D05BA01,,,,,,,,,,,,,,,,,
drug_methoxsalen,methoxsalen,,D05AD02,D05BA02,,,,,,,,,,,,,,,,,
drug_fumaric_acid,fumaric acid,,D05AX01,,,,,,,,,,,,,,,,,,
drug_calcipotriol,calcipotriol,,D05AX02,,,,,,,,,,,,,,,,,,
drug_tacalcitol,tacalcitol,,D05AX04,,,,,,,,,,,,,,,,,,
drug_tazarotene,tazarotene,,D05AX05,,,,,,,,,,,,,,,,,,
drug_roflumilast,roflumilast,,D05AX06,R03DX07,,,,,,,,,,,,,,,,,
drug_tapinarof,tapinarof,,D05AX07,,,,,,,,,,,,,,,,,,
drug_calcipotriol_combinations,"calcipotriol, combinations",,D05AX52,,,,,,,,,,,,,,,,,,
drug_tazarotene_and_ulobetasol,tazarotene and ulobetasol,,D05AX55,,,,,,,,,,,,,,,,,,
drug_bergapten,bergapten,,D05BA03,,,,,,,,,,,,,,,,,,
drug_etretinate,etretinate,,D05BB01,,,,,,,,,,,,,,,,,,
drug_acitretin,acitretin,,D05BB02,,,,,,,,,,,,,,,,,,
drug_fumaric_acid_derivatives_combinations,"fumaric acid derivatives, combinations",,D05BX51,,,,,,,,,,,,,,,,,,
drug_demeclocycline,demeclocycline,,D06AA01,J01AA01,,,,,,,,,,,,,,,,,
drug_fusidic_acid,fusidic acid,,D06AX01,D09AA02;J01XC01;S01AA13,,,,,,,,,,,,,,,,,
drug_chloramphenicol,chloramphenicol,,D06AX02,D10AF03;G01AA05;J01BA01;S01AA01;S02AA01;S03AA08,,,,,,,,,,,,,,,,,
drug_bacitracin,bacitracin,,D06AX05,J01XX10;R02AB04;S01AA32,,,,,,,,,,,,,,,,,
drug_gentamicin,gentamicin,,D06AX07,J01GB03;S01AA11;S02AA14;S03AA06,,,,,,,,,,,,,,,,,
drug_tyrothricin,tyrothricin,,D06AX08,R02AB02;S01AA05,,,,,,,,,,,,,,,,,
drug_mupirocin,mupirocin,,D06AX09,R01AX06,,,,,,,,,,,,,,,,,
drug_virginiamycin,virginiamycin,,D06AX10,,,,,,,,,,,,,,,,,,
drug_amikacin,amikacin,,D06AX12,J01GB06;S01AA21,,,,,,,,,,,,,,,,,
drug_retapamulin,retapamulin,,D06AX13,,,,,,,,,,,,,,,,,,
drug_ozenoxacin,ozenoxacin,,D06AX14,,,,,,,,,,,,,,,,,,
drug_silver_sulfadiazine,silver sulfadiazine,,D06BA01,,,,,,,,,,,,,,,,,,
drug_sulfathiazole,sulfathiazole,,D06BA02,J01EB07,,,,,,,,,,,,,,,,,
drug_mafenide,mafenide,,D06BA03,,,,,,,,,,,,,,,,,,
drug_sulfanilamide,sulfanilamide,,D06BA05,J01EB06,,,,,,,,,,,,,,,,,
drug_sulfamerazine,sulfamerazine,,D06BA06,J01ED07,,,,,,,,,,,,,,,,,
drug_silver_sulfadiazine_combinations,"silver sulfadiazine, combinations",,D06BA51,,,,,,,,,,,,,,,,,,
drug_idoxuridine,idoxuridine,,D06BB01,J05AB02;S01AD01,,,,,,,,,,,,,,,,,
drug_tromantadine,tromantadine,,D06BB02,J05AC03,,,,,,,,,,,,,,,,,
drug_aciclovir,aciclovir,,D06BB03,J05AB01;S01AD03,,,,,,,,,,,,,,,,,
drug_podophyllotoxin,podophyllotoxin,,D06BB04,,,,,,,,,,,,,,,,,,
drug_inosine,inosine,,D06BB05,G01AX02;S01XA10,,,,,,,,,,,,,,,,,
drug_penciclovir,penciclovir,,D06BB06,J05AB13,,,,,,,,,,,,,,,,,
drug_lysozyme,lysozyme,,D06BB07,J05AX02,,,,,,,,,,,,,,,,,
drug_ibacitabine,ibacitabine,,D06BB08,,,,,,,,,,,,,,,,,,
drug_edoxudine,edoxudine,,D06BB09,,,,,,,,,,,,,,,,,,
drug_imiquimod,imiquimod,,D06BB10,,,,,,,,,,,,,,,,,,
drug_docosanol,docosanol,,D06BB11,,,,,,,,,,,,,,,,,,
drug_sinecatechins,sinecatechins,,D06BB12,,,,,,,,,,,,,,,,,,
drug_aciclovir_combinations,"aciclovir, combinations",,D06BB53,,,,,,,,,,,,,,,,,,
drug_ingenol_mebutate,ingenol mebutate,,D06BX02,,,,,,,,,,,,,,,,,,
drug_tirbanibulin,tirbanibulin,,D06BX03,,,,,,,,,,,,,,,,,,
drug_methylprednisolone,methylprednisolone,,D07AA01,D10AA02;H02AB04,,,,,,,,,,,,,,,,,
drug_clobetasone,clobetasone,,D07AB01,S01BA09,,,,,,,,,,,,,,,,,
drug_hydrocortisone_butyrate,hydrocortisone butyrate,,D07AB02,,,,,,,,,,,,,,,,,,
drug_flumetasone,flumetasone,,D07AB03,D07XB01,,,,,,,,,,,,,,,,,
drug_fluocortin,fluocortin,,D07AB04,,,,,,,,,,,,,,,,,,
drug_fluperolone,fluperolone,,D07AB05,,,,,,,,,,,,,,,,,,
drug_fluprednidene,fluprednidene,,D07AB07,D07XB03,,,,,,,,,,,,,,,,,
drug_desonide,desonide,,D07AB08,S01BA11,,,,,,,,,,,,,,,,,
drug_alclometasone,alclometasone,,D07AB10,S01BA10,,,,,,,,,,,,,,,,,
drug_hydrocortisone_buteprate,hydrocortisone buteprate,,D07AB11,,,,,,,,,,,,,,,,,,
drug_clocortolone,clocortolone,,D07AB21,,,,,,,,,,,,,,,,,,
drug_combinations_of_corticosteroids,combinations of corticosteroids,,D07AB30,D07XB30,,,,,,,,,,,,,,,,,
drug_fluclorolone,fluclorolone,,D07AC02,,,,,,,,,,,,,,,,,,
drug_desoximetasone,desoximetasone,,D07AC03,D07XC02,,,,,,,,,,,,,,,,,
drug_diflucortolone,diflucortolone,,D07AC06,D07XC04,,,,,,,,,,,,,,,,,
drug_fludroxycortide,fludroxycortide,,D07AC07,,,,,,,,,,,,,,,,,,
drug_diflorasone,diflorasone,,D07AC10,,,,,,,,,,,,,,,,,,
drug_amcinonide,amcinonide,,D07AC11,,,,,,,,,,,,,,,,,,
drug_halometasone,halometasone,,D07AC12,,,,,,,,,,,,,,,,,,
drug_mometasone,mometasone,,D07AC13,D07XC03;R01AD09;R03BA07,,,,,,,,,,,,,,,,,
drug_methylprednisolone_aceponate,methylprednisolone aceponate,,D07AC14,,,,,,,,,,,,,,,,,,
drug_hydrocortisone_aceponate,hydrocortisone aceponate,,D07AC16,,,,,,,,,,,,,,,,,,
drug_fluticasone,fluticasone,,D07AC17,R01AD08;R03BA05,,,,,,,,,,,,,,,,,
drug_prednicarbate,prednicarbate,,D07AC18,,,,,,,,,,,,,,,,,,
drug_difluprednate,difluprednate,,D07AC19,S01BA16,,,,,,,,,,,,,,,,,
drug_ulobetasol,ulobetasol,,D07AC21,,,,,,,,,,,,,,,,,,
drug_clobetasol,clobetasol,,D07AD01,,,,,,,,,,,,,,,,,,
drug_halcinonide,halcinonide,,D07AD02,,,,,,,,,,,,,,,,,,
drug_prednisolone_and_antiseptics,prednisolone and antiseptics,,D07BA01,,,,,,,,,,,,,,,,,,
drug_hydrocortisone_and_antiseptics,hydrocortisone and antiseptics,,D07BA04,,,,,,,,,,,,,,,,,,
drug_flumetasone_and_antiseptics,flumetasone and antiseptics,,D07BB01,,,,,,,,,,,,,,,,,,
drug_desonide_and_antiseptics,desonide and antiseptics,,D07BB02,,,,,,,,,,,,,,,,,,
drug_triamcinolone_and_antiseptics,triamcinolone and antiseptics,,D07BB03,,,,,,,,,,,,,,,,,,
drug_hydrocortisone_butyrate_and_antiseptics,hydrocortisone butyrate and antiseptics,,D07BB04,,,,,,,,,,,,,,,,,,
drug_betamethasone_and_antiseptics,betamethasone and antiseptics,,D07BC01,,,,,,,,,,,,,,,,,,
drug_fluocinolone_acetonide_and_antiseptics,fluocinolone acetonide and antiseptics,,D07BC02,,,,,,,,,,,,,,,,,,
drug_fluocortolone_and_antiseptics,fluocortolone and antiseptics,,D07BC03,,,,,,,,,,,,,,,,,,
drug_diflucortolone_and_antiseptics,diflucortolone and antiseptics,,D07BC04,,,,,,,,,,,,,,,,,,
drug_hydrocortisone_and_antibiotics,hydrocortisone and antibiotics,,D07CA01,,,,,,,,,,,,,,,,,,
drug_methylprednisolone_and_antibiotics,methylprednisolone and antibiotics,,D07CA02,,,,,,,,,,,,,,,,,,
drug_prednisolone_and_antibiotics,prednisolone and antibiotics,,D07CA03,,,,,,,,,,,,,,,,,,
drug_triamcinolone_and_antibiotics,triamcinolone and antibiotics,,D07CB01,,,,,,,,,,,,,,,,,,
drug_fluprednidene_and_antibiotics,fluprednidene and antibiotics,,D07CB02,,,,,,,,,,,,,,,,,,
drug_fluorometholone_and_antibiotics,fluorometholone and antibiotics,,D07CB03,,,,,,,,,,,,,,,,,,
drug_dexamethasone_and_antibiotics,dexamethasone and antibiotics,,D07CB04,,,,,,,,,,,,,,,,,,
drug_flumetasone_and_antibiotics,flumetasone and antibiotics,,D07CB05,,,,,,,,,,,,,,,,,,
drug_betamethasone_and_antibiotics,betamethasone and antibiotics,,D07CC01,,,,,,,,,,,,,,,,,,
drug_fluocinolone_acetonide_and_antibiotics,fluocinolone acetonide and antibiotics,,D07CC02,,,,,,,,,,,,,,,,,,
drug_fludroxycortide_and_antibiotics,fludroxycortide and antibiotics,,D07CC03,,,,,,,,,,,,,,,,,,
drug_beclometasone_and_antibiotics,beclometasone and antibiotics,,D07CC04,,,,,,,,,,,,,,,,,,
drug_fluocinonide_and_antibiotics,fluocinonide and antibiotics,,D07CC05,,,,,,,,,,,,,,,,,,
drug_fluocortolone_and_antibiotics,fluocortolone and antibiotics,,D07CC06,,,,,,,,,,,,,,,,,,
drug_clobetasol_and_antibiotics,clobetasol and antibiotics,,D07CD01,,,,,,,,,,,,,,,,,,
drug_aminoacridine,aminoacridine,,D08AA02,,,,,,,,,,,,,,,,,,
drug_euflavine,euflavine,,D08AA03,,,,,,,,,,,,,,,,,,
drug_dibrompropamidine,dibrompropamidine,,D08AC01,S01AX14,,,,,,,,,,,,,,,,,
drug_propamidine,propamidine,,D08AC03,S01AX15,,,,,,,,,,,,,,,,,
drug_hexamidine,hexamidine,,D08AC04,R01AX07;R02AA18;S01AX08;S03AA05,,,,,,,,,,,,,,,,,
drug_polihexanide,polihexanide,,D08AC05,S01AX24,,,,,,,,,,,,,,,,,
drug_chlorhexidine_combinations,"chlorhexidine, combinations",,D08AC52,,,,,,,,,,,,,,,,,,
drug_hexachlorophene,hexachlorophene,,D08AE01,,,,,,,,,,,,,,,,,,
drug_policresulen,policresulen,,D08AE02,G01AX03,,,,,,,,,,,,,,,,,
drug_triclosan,triclosan,,D08AE04,D09AA06,,,,,,,,,,,,,,,,,
drug_chloroxylenol,chloroxylenol,,D08AE05,,,,,,,,,,,,,,,,,,
drug_biphenylol,biphenylol,,D08AE06,,,,,,,,,,,,,,,,,,
drug_iodine_octylphenoxypolyglycolether,iodine/octylphenoxypolyglycolether,,D08AG01,,,,,,,,,,,,,,,,,,
drug_povidone_iodine,povidone-iodine,,D08AG02,D09AA09;D11AC06;G01AX11;R02AA15;S01AX18,,,,,,,,,,,,,,,,,
drug_iodine,iodine,,D08AG03,,,,,,,,,,,,,,,,,,
drug_diiodohydroxypropane,diiodohydroxypropane,,D08AG04,,,,,,,,,,,,,,,,,,
drug_dequalinium,dequalinium,,D08AH01,G01AC05;R02AA02,,,,,,,,,,,,,,,,,
drug_chlorquinaldol,chlorquinaldol,,D08AH02,G01AC03;P01AA04;R02AA11,,,,,,,,,,,,,,,,,
drug_clioquinol,clioquinol,,D08AH30,D09AA10;G01AC02;P01AA02;S02AA05,,,,,,,,,,,,,,,,,
drug_benzalkonium,benzalkonium,,D08AJ01,D09AA11;R02AA16,,,,,,,,,,,,,,,,,
drug_cetrimonium,cetrimonium,,D08AJ02,R02AA17,,,,,,,,,,,,,,,,,
drug_cetrimide,cetrimide,,D08AJ04,D11AC01,,,,,,,,,,,,,,,,,
drug_didecyldimethylammonium_chloride,didecyldimethylammonium chloride,,D08AJ06,,,,,,,,,,,,,,,,,,
drug_benzethonium_chloride,benzethonium chloride,,D08AJ08,,,,,,,,,,,,,,,,,,
drug_decamethoxine,decamethoxine,,D08AJ10,,,,,,,,,,,,,,,,,,
drug_octenidine_combinations,"octenidine, combinations",,D08AJ57,G01AX66,,,,,,,,,,,,,,,,,
drug_benzethonium_chloride_combinations,"benzethonium chloride, combinations",,D08AJ58,,,,,,,,,,,,,,,,,,
drug_dodeclonium_bromide_combinations,"dodeclonium bromide, combinations",,D08AJ59,,,,,,,,,,,,,,,,,,
drug_mercuric_amidochloride,mercuric amidochloride,,D08AK01,,,,,,,,,,,,,,,,,,
drug_phenylmercuric_borate,phenylmercuric borate,,D08AK02,,,,,,,,,,,,,,,,,,
drug_mercuric_chloride,mercuric chloride,,D08AK03,,,,,,,,,,,,,,,,,,
drug_merbromin,merbromin,,D08AK04,,,,,,,,,,,,,,,,,,
drug_mercury_metallic,"mercury, metallic",,D08AK05,,,,,,,,,,,,,,,,,,
drug_thiomersal,thiomersal,,D08AK06,,,,,,,,,,,,,,,,,,
drug_mercuric_iodide,mercuric iodide,,D08AK30,,,,,,,,,,,,,,,,,,
drug_silver_nitrate,silver nitrate,,D08AL01,,,,,,,,,,,,,,,,,,
drug_silver,silver,,D08AL30,,,,,,,,,,,,,,,,,,
drug_eosin,eosin,,D08AX02,,,,,,,,,,,,,,,,,,
drug_propanol,propanol,,D08AX03,,,,,,,,,,,,,,,,,,
drug_tosylchloramide_sodium,tosylchloramide sodium,,D08AX04,,,,,,,,,,,,,,,,,,
drug_isopropanol,isopropanol,,D08AX05,,,,,,,,,,,,,,,,,,
drug_potassium_permanganate,potassium permanganate,,D08AX06,V03AB18,,,,,,,,,,,,,,,,,
drug_sodium_hypochlorite,sodium hypochlorite,,D08AX07,,,,,,,,,,,,,,,,,,
drug_ethanol,ethanol,,D08AX08,V03AB16;V03AZ01,,,,,,,,,,,,,,,,,
drug_propanol_combinations,"propanol, combinations",,D08AX53,,,,,,,,,,,,,,,,,,
drug_framycetin,framycetin,,D09AA01,R01AX08;S01AA07,,,,,,,,,,,,,,,,,
drug_phenylmercuric_nitrate,phenylmercuric nitrate,,D09AA04,,,,,,,,,,,,,,,,,,
drug_benzododecinium,benzododecinium,,D09AA05,,,,,,,,,,,,,,,,,,
drug_aluminium_chlorohydrate,aluminium chlorohydrate,,D09AA08,M05BX02,,,,,,,,,,,,,,,,,
drug_iodoform,iodoform,,D09AA13,,,,,,,,,,,,,,,,,,
drug_zinc_bandage_without_supplements,zinc bandage without supplements,,D09AB01,,,,,,,,,,,,,,,,,,
drug_zinc_bandage_with_supplements,zinc bandage with supplements,,D09AB02,,,,,,,,,,,,,,,,,,
drug_bithionol,bithionol,,D10AB01,P02BX01,,,,,,,,,,,,,,,,,
drug_sulfur,sulfur,,D10AB02,,,,,,,,,,,,,,,,,,
drug_tioxolone,tioxolone,,D10AB03,,,,,,,,,,,,,,,,,,
drug_mesulfen,mesulfen,,D10AB05,P03AA03,,,,,,,,,,,,,,,,,
drug_tretinoin,tretinoin,,D10AD01,L01XF01,,,,,,,,,,,,,,,,,
drug_retinol,retinol,,D10AD02,R01AX02;S01XA02,,,,,,,,,,,,,,,,,
drug_adapalene,adapalene,,D10AD03,,,,,,,,,,,,,,,,,,
drug_isotretinoin,isotretinoin,,D10AD04,D10BA01,,,,,,,,,,,,,,,,,
drug_motretinide,motretinide,,D10AD05,,,,,,,,,,,,,,,,,,
drug_trifarotene,trifarotene,,D10AD06,,,,,,,,,,,,,,,,,,
drug_tretinoin_combinations,"tretinoin, combinations",,D10AD51,,,,,,,,,,,,,,,,,,
drug_adapalene_combinations,"adapalene, combinations",,D10AD53,,,,,,,,,,,,,,,,,,
drug_isotretinoin_combinations,"isotretinoin, combinations",,D10AD54,,,,,,,,,,,,,,,,,,
drug_benzoyl_peroxide,benzoyl peroxide,,D10AE01,,,,,,,,,,,,,,,,,,
drug_benzoyl_peroxide_combinations,"benzoyl peroxide, combinations",,D10AE51,,,,,,,,,,,,,,,,,,
drug_clindamycin,clindamycin,,D10AF01,G01AA10;J01FF01,,,,,,,,,,,,,,,,,
drug_erythromycin,erythromycin,,D10AF02,J01FA01;S01AA17,,,,,,,,,,,,,,,,,
drug_meclocycline,meclocycline,,D10AF04,,,,,,,,,,,,,,,,,,
drug_nadifloxacin,nadifloxacin,,D10AF05,,,,,,,,,,,,,,,,,,
drug_sulfacetamide,sulfacetamide,,D10AF06,S01AB04,,,,,,,,,,,,,,,,,
drug_clindamycin_combinations,"clindamycin, combinations",,D10AF51,,,,,,,,,,,,,,,,,,
drug_erythromycin_combinations,"erythromycin, combinations",,D10AF52,,,,,,,,,,,,,,,,,,
drug_aluminium_chloride,aluminium chloride,,D10AX01,,,,,,,,,,,,,,,,,,
drug_resorcinol,resorcinol,,D10AX02,S01AX06,,,,,,,,,,,,,,,,,
drug_azelaic_acid,azelaic acid,,D10AX03,,,,,,,,,,,,,,,,,,
drug_aluminium_oxide,aluminium oxide,,D10AX04,,,,,,,,,,,,,,,,,,
drug_dapsone,dapsone,,D10AX05,J04BA02,,,,,,,,,,,,,,,,,
drug_clascoterone,clascoterone,,D10AX06,,,,,,,,,,,,,,,,,,
drug_ichtasol,ichtasol,,D10BX01,,,,,,,,,,,,,,,,,,
drug_glycopyrronium,glycopyrronium,,D11AA01,,,,,,,,,,,,,,,,,,
drug_cadmium_compounds,cadmium compounds,,D11AC02,,,,,,,,,,,,,,,,,,
drug_selenium_compounds,selenium compounds,,D11AC03,,,,,,,,,,,,,,,,,,
drug_sulfur_compounds,sulfur compounds,,D11AC08,,,,,,,,,,,,,,,,,,
drug_xenysalate,xenysalate,,D11AC09,,,,,,,,,,,,,,,,,,
drug_others,others,,D11AC30,,,,,,,,,,,,,,,,,,
drug_tacrolimus,tacrolimus,,D11AH01,L04AD02,,,,,,,,,,,,,,,,,
drug_pimecrolimus,pimecrolimus,,D11AH02,,,,,,,,,,,,,,,,,,
drug_alitretinoin,alitretinoin,,D11AH04,L01XF02,,,,,,,,,,,,,,,,,
drug_dupilumab,dupilumab,,D11AH05,,,,,,,,,,,,,,,,,,
drug_crisaborole,crisaborole,,D11AH06,,,,,,,,,,,,,,,,,,
drug_tralokinumab,tralokinumab,,D11AH07,,,,,,,,,,,,,,,,,,
drug_abrocitinib,abrocitinib,,D11AH08,,,,,,,,,,,,,,,,,,
drug_ruxolitinib,ruxolitinib,,D11AH09,L01EJ01,,,,,,,,,,,,,,,,,
drug_lebrikizumab,lebrikizumab,,D11AH10,,,,,,,,,,,,,,,,,,
drug_delgocitinib,delgocitinib,,D11AH11,,,,,,,,,,,,,,,,,,
drug_nemolizumab,nemolizumab,,D11AH12,,,,,,,,,,,,,,,,,,
drug_gamolenic_acid,gamolenic acid,,D11AX02,,,,,,,,,,,,,,,,,,
drug_lithium_succinate,lithium succinate,,D11AX04,,,,,,,,,,,,,,,,,,
drug_mequinol,mequinol,,D11AX06,,,,,,,,,,,,,,,,,,
drug_tiratricol,tiratricol,,D11AX08,H03AA04,,,,,,,,,,,,,,,,,
drug_oxaceprol,oxaceprol,,D11AX09,M01AX24,,,,,,,,,,,,,,,,,
drug_finasteride,finasteride,,D11AX10,G04CB01,,,,,,,,,,,,,,,,,
drug_hydroquinone,hydroquinone,,D11AX11,,,,,,,,,,,,,,,,,,
drug_pyrithione_zinc,pyrithione zinc,,D11AX12,,,,,,,,,,,,,,,,,,
drug_monobenzone,monobenzone,,D11AX13,,,,,,,,,,,,,,,,,,
drug_eflornithine,eflornithine,,D11AX16,L01XX79;P01CX03,,,,,,,,,,,,,,,,,
drug_diclofenac,diclofenac,,D11AX18,M01AB05;M02AA15;S01BC03,,,,,,,,,,,,,,,,,
drug_brimonidine,brimonidine,,D11AX21,S01EA05;S01GA07,,,,,,,,,,,,,,,,,
drug_ivermectin,ivermectin,,D11AX22,P02CF01,,,,,,,,,,,,,,,,,
drug_aminobenzoate_potassium,aminobenzoate potassium,,D11AX23,,,,,,,,,,,,,,,,,,
drug_deoxycholic_acid,deoxycholic acid,,D11AX24,,,,,,,,,,,,,,,,,,
drug_caffeine,caffeine,,D11AX26,N06BC01,,,,,,,,,,,,,,,,,
drug_oxymetazoline,oxymetazoline,,D11AX27,R01AA05;R01AB07;S01GA04,,,,,,,,,,,,,,,,,
drug_gamolenic_acid_combinations,"gamolenic acid, combinations",,D11AX52,,,,,,,,,,,,,,,,,,
drug_collagen_combinations,"collagen, combinations",,D11AX57,,,,,,,,,,,,,,,,,,
drug_candicidin,candicidin,,G01AA04,,,,,,,,,,,,,,,,,,
drug_carfecillin,carfecillin,,G01AA08,,,,,,,,,,,,,,,,,,
drug_pentamycin,pentamycin,,G01AA11,,,,,,,,,,,,,,,,,,
drug_nystatin_combinations,"nystatin, combinations",,G01AA51,,,,,,,,,,,,,,,,,,
drug_diiodohydroxyquinoline,diiodohydroxyquinoline,,G01AC01,,,,,,,,,,,,,,,,,,
drug_lactic_acid,lactic acid,,G01AD01,,,,,,,,,,,,,,,,,,
drug_acetic_acid,acetic acid,,G01AD02,S02AA10,,,,,,,,,,,,,,,,,
drug_ascorbic_acid,ascorbic acid,,G01AD03,S01XA15,,,,,,,,,,,,,,,,,
drug_sulfatolamide,sulfatolamide,,G01AE01,,,,,,,,,,,,,,,,,,
drug_combinations_of_sulfonamides,combinations of sulfonamides,,G01AE10,,,,,,,,,,,,,,,,,,
drug_ornidazole,ornidazole,,G01AF06,J01XD03;P01AB03,,,,,,,,,,,,,,,,,
drug_azanidazole,azanidazole,,G01AF13,P01AB04,,,,,,,,,,,,,,,,,
drug_propenidazole,propenidazole,,G01AF14,P01AB05,,,,,,,,,,,,,,,,,
drug_butoconazole,butoconazole,,G01AF15,,,,,,,,,,,,,,,,,,
drug_combinations_of_imidazole_derivatives,combinations of imidazole derivatives,,G01AF20,,,,,,,,,,,,,,,,,,
drug_tinidazole,tinidazole,,G01AF21,J01XD02;P01AB02,,,,,,,,,,,,,,,,,
drug_econazole_combinations,"econazole, combinations",,G01AF55,,,,,,,,,,,,,,,,,,
drug_terconazole,terconazole,,G01AG02,,,,,,,,,,,,,,,,,,
drug_clodantoin,clodantoin,,G01AX01,,,,,,,,,,,,,,,,,,
drug_nifuratel,nifuratel,,G01AX05,,,,,,,,,,,,,,,,,,
drug_furazolidone,furazolidone,,G01AX06,,,,,,,,,,,,,,,,,,
drug_protiofate,protiofate,,G01AX13,,,,,,,,,,,,,,,,,,
drug_lactobacillus,lactobacillus,,G01AX14,,,,,,,,,,,,,,,,,,
drug_copper_usnate,copper usnate,,G01AX15,,,,,,,,,,,,,,,,,,
drug_dapivirine,dapivirine,,G01AX17,,,,,,,,,,,,,,,,,,
drug_methylergometrine,methylergometrine,,G02AB01,,,,,,,,,,,,,,,,,,
drug_ergot_alkaloids,ergot alkaloids,,G02AB02,,,,,,,,,,,,,,,,,,
drug_ergometrine,ergometrine,,G02AB03,,,,,,,,,,,,,,,,,,
drug_methylergometrine_and_oxytocin,methylergometrine and oxytocin,,G02AC01,,,,,,,,,,,,,,,,,,
drug_dinoprost,dinoprost,,G02AD01,,,,,,,,,,,,,,,,,,
drug_dinoprostone,dinoprostone,,G02AD02,,,,,,,,,,,,,,,,,,
drug_gemeprost,gemeprost,,G02AD03,,,,,,,,,,,,,,,,,,
drug_carboprost,carboprost,,G02AD04,,,,,,,,,,,,,,,,,,
drug_sulprostone,sulprostone,,G02AD05,,,,,,,,,,,,,,,,,,
drug_plastic_iud,plastic IUD,,G02BA01,,,,,,,,,,,,,,,,,,
drug_plastic_iud_with_copper,plastic IUD with copper,,G02BA02,,,,,,,,,,,,,,,,,,
drug_plastic_iud_with_progestogen,plastic IUD with progestogen,,G02BA03,,,,,,,,,,,,,,,,,,
drug_vaginal_ring_with_progestogen_and_estrogen,vaginal ring with progestogen and estrogen,,G02BB01,,,,,,,,,,,,,,,,,,
drug_vaginal_ring_with_progestogen,vaginal ring with progestogen,,G02BB02,,,,,,,,,,,,,,,,,,
drug_ritodrine,ritodrine,,G02CA01,,,,,,,,,,,,,,,,,,
drug_fenoterol,fenoterol,,G02CA03,R03AC04;R03CC04,,,,,,,,,,,,,,,,,
drug_bromocriptine,bromocriptine,,G02CB01,N04BC01,,,,,,,,,,,,,,,,,
drug_lisuride,lisuride,,G02CB02,N02CA07,,,,,,,,,,,,,,,,,
drug_cabergoline,cabergoline,,G02CB03,N04BC06,,,,,,,,,,,,,,,,,
drug_quinagolide,quinagolide,,G02CB04,,,,,,,,,,,,,,,,,,
drug_metergoline,metergoline,,G02CB05,,,,,,,,,,,,,,,,,,
drug_terguride,terguride,,G02CB06,,,,,,,,,,,,,,,,,,
drug_naproxen,naproxen,,G02CC02,M01AE02;M02AA12,,,,,,,,,,,,,,,,,
drug_flunoxaprofen,flunoxaprofen,,G02CC04,M01AE15,,,,,,,,,,,,,,,,,
drug_atosiban,atosiban,,G02CX01,,,,,,,,,,,,,,,,,,
drug_flibanserin,flibanserin,,G02CX02,,,,,,,,,,,,,,,,,,
drug_agni_casti_fructus,Agni casti fructus,,G02CX03,,,,,,,,,,,,,,,,,,
drug_cimicifugae_rhizoma,Cimicifugae rhizoma,,G02CX04,,,,,,,,,,,,,,,,,,
drug_bremelanotide,bremelanotide,,G02CX05,,,,,,,,,,,,,,,,,,
drug_fezolinetant,fezolinetant,,G02CX06,,,,,,,,,,,,,,,,,,
drug_etynodiol_and_ethinylestradiol,etynodiol and ethinylestradiol,,G03AA01,,,,,,,,,,,,,,,,,,
drug_quingestanol_and_ethinylestradiol,quingestanol and ethinylestradiol,,G03AA02,,,,,,,,,,,,,,,,,,
drug_lynestrenol_and_ethinylestradiol,lynestrenol and ethinylestradiol,,G03AA03,G03AB02,,,,,,,,,,,,,,,,,
drug_megestrol_and_ethinylestradiol,megestrol and ethinylestradiol,,G03AA04,G03AB01,,,,,,,,,,,,,,,,,
drug_norethisterone_and_ethinylestradiol,norethisterone and ethinylestradiol,,G03AA05,G03AB04,,,,,,,,,,,,,,,,,
drug_norgestrel_and_ethinylestradiol,norgestrel and ethinylestradiol,,G03AA06,,,,,,,,,,,,,,,,,,
drug_levonorgestrel_and_ethinylestradiol,levonorgestrel and ethinylestradiol,,G03AA07,G03AB03,,,,,,,,,,,,,,,,,
drug_medroxyprogesterone_and_ethinylestradiol,medroxyprogesterone and ethinylestradiol,,G03AA08,,,,,,,,,,,,,,,,,,
drug_desogestrel_and_ethinylestradiol,desogestrel and ethinylestradiol,,G03AA09,G03AB05,,,,,,,,,,,,,,,,,
drug_gestodene_and_ethinylestradiol,gestodene and ethinylestradiol,,G03AA10,G03AB06,,,,,,,,,,,,,,,,,
drug_norgestimate_and_ethinylestradiol,norgestimate and ethinylestradiol,,G03AA11,G03AB09,,,,,,,,,,,,,,,,,
drug_drospirenone_and_ethinylestradiol,drospirenone and ethinylestradiol,,G03AA12,,,,,,,,,,,,,,,,,,
drug_norelgestromin_and_ethinylestradiol,norelgestromin and ethinylestradiol,,G03AA13,,,,,,,,,,,,,,,,,,
drug_nomegestrol_and_estradiol,nomegestrol and estradiol,,G03AA14,,,,,,,,,,,,,,,,,,
drug_chlormadinone_and_ethinylestradiol,chlormadinone and ethinylestradiol,,G03AA15,G03AB07,,,,,,,,,,,,,,,,,
drug_dienogest_and_ethinylestradiol,dienogest and ethinylestradiol,,G03AA16,,,,,,,,,,,,,,,,,,
drug_medroxyprogesterone_and_estradiol,medroxyprogesterone and estradiol,,G03AA17,,,,,,,,,,,,,,,,,,
drug_drospirenone_and_estetrol,drospirenone and estetrol,,G03AA18,,,,,,,,,,,,,,,,,,
drug_dienogest_and_estradiol,dienogest and estradiol,,G03AB08,,,,,,,,,,,,,,,,,,
drug_norethisterone,norethisterone,,G03AC01,G03DC02,,,,,,,,,,,,,,,,,
drug_lynestrenol,lynestrenol,,G03AC02,G03DC03,,,,,,,,,,,,,,,,,
drug_levonorgestrel,levonorgestrel,,G03AC03,G03AD01,,,,,,,,,,,,,,,,,
drug_quingestanol,quingestanol,,G03AC04,,,,,,,,,,,,,,,,,,
drug_megestrol,megestrol,,G03AC05,G03DB02;L02AB01,,,,,,,,,,,,,,,,,
drug_medroxyprogesterone,medroxyprogesterone,,G03AC06,G03DA02;L02AB02,,,,,,,,,,,,,,,,,
drug_norgestrienone,norgestrienone,,G03AC07,,,,,,,,,,,,,,,,,,
drug_etonogestrel,etonogestrel,,G03AC08,,,,,,,,,,,,,,,,,,
drug_desogestrel,desogestrel,,G03AC09,,,,,,,,,,,,,,,,,,
drug_drospirenone,drospirenone,,G03AC10,,,,,,,,,,,,,,,,,,
drug_ulipristal,ulipristal,,G03AD02,G03XB02,,,,,,,,,,,,,,,,,
drug_fluoxymesterone,fluoxymesterone,,G03BA01,,,,,,,,,,,,,,,,,,
drug_methyltestosterone,methyltestosterone,,G03BA02,G03EK01,,,,,,,,,,,,,,,,,
drug_testosterone,testosterone,,G03BA03,,,,,,,,,,,,,,,,,,
drug_mesterolone,mesterolone,,G03BB01,,,,,,,,,,,,,,,,,,
drug_ethinylestradiol,ethinylestradiol,,G03CA01,L02AA03,,,,,,,,,,,,,,,,,
drug_estradiol,estradiol,,G03CA03,,,,,,,,,,,,,,,,,,
drug_estriol,estriol,,G03CA04,G03CC06,,,,,,,,,,,,,,,,,
drug_chlorotrianisene,chlorotrianisene,,G03CA06,,,,,,,,,,,,,,,,,,
drug_estrone,estrone,,G03CA07,G03CC04,,,,,,,,,,,,,,,,,
drug_promestriene,promestriene,,G03CA09,,,,,,,,,,,,,,,,,,
drug_estradiol_combinations,"estradiol, combinations",,G03CA53,,,,,,,,,,,,,,,,,,
drug_conjugated_estrogens,conjugated estrogens,,G03CA57,,,,,,,,,,,,,,,,,,
drug_dienestrol,dienestrol,,G03CB01,G03CC02,,,,,,,,,,,,,,,,,
drug_diethylstilbestrol,diethylstilbestrol,,G03CB02,G03CC05;L02AA01,,,,,,,,,,,,,,,,,
drug_methallenestril,methallenestril,,G03CB03,G03CC03,,,,,,,,,,,,,,,,,
drug_moxestrol,moxestrol,,G03CB04,,,,,,,,,,,,,,,,,,
drug_conjugated_estrogens_and_bazedoxifene,conjugated estrogens and bazedoxifene,,G03CC07,,,,,,,,,,,,,,,,,,
drug_tibolone,tibolone,,G03CX01,,,,,,,,,,,,,,,,,,
drug_gestonorone,gestonorone,,G03DA01,L02AB03,,,,,,,,,,,,,,,,,
drug_hydroxyprogesterone,hydroxyprogesterone,,G03DA03,,,,,,,,,,,,,,,,,,
drug_progesterone,progesterone,,G03DA04,,,,,,,,,,,,,,,,,,
drug_dydrogesterone,dydrogesterone,,G03DB01,,,,,,,,,,,,,,,,,,
drug_medrogestone,medrogestone,,G03DB03,,,,,,,,,,,,,,,,,,
drug_nomegestrol,nomegestrol,,G03DB04,,,,,,,,,,,,,,,,,,
drug_demegestone,demegestone,,G03DB05,,,,,,,,,,,,,,,,,,
drug_chlormadinone,chlormadinone,,G03DB06,,,,,,,,,,,,,,,,,,
drug_promegestone,promegestone,,G03DB07,,,,,,,,,,,,,,,,,,
drug_dienogest,dienogest,,G03DB08,,,,,,,,,,,,,,,,,,
drug_allylestrenol,allylestrenol,,G03DC01,,,,,,,,,,,,,,,,,,
drug_ethisterone,ethisterone,,G03DC04,,,,,,,,,,,,,,,,,,
drug_etynodiol,etynodiol,,G03DC06,,,,,,,,,,,,,,,,,,
drug_methylestrenolone,methylestrenolone,,G03DC31,,,,,,,,,,,,,,,,,,
drug_methyltestosterone_and_estrogen,methyltestosterone and estrogen,,G03EA01,,,,,,,,,,,,,,,,,,
drug_testosterone_and_estrogen,testosterone and estrogen,,G03EA02,,,,,,,,,,,,,,,,,,
drug_prasterone_and_estrogen,prasterone and estrogen,,G03EA03,,,,,,,,,,,,,,,,,,
drug_norethisterone_and_estrogen,norethisterone and estrogen,,G03FA01,G03FB05,,,,,,,,,,,,,,,,,
drug_hydroxyprogesterone_and_estrogen,hydroxyprogesterone and estrogen,,G03FA02,,,,,,,,,,,,,,,,,,
drug_ethisterone_and_estrogen,ethisterone and estrogen,,G03FA03,,,,,,,,,,,,,,,,,,
drug_progesterone_and_estrogen,progesterone and estrogen,,G03FA04,,,,,,,,,,,,,,,,,,
drug_methylnortestosterone_and_estrogen,methylnortestosterone and estrogen,,G03FA05,,,,,,,,,,,,,,,,,,
drug_etynodiol_and_estrogen,etynodiol and estrogen,,G03FA06,,,,,,,,,,,,,,,,,,
drug_lynestrenol_and_estrogen,lynestrenol and estrogen,,G03FA07,G03FB02,,,,,,,,,,,,,,,,,
drug_megestrol_and_estrogen,megestrol and estrogen,,G03FA08,G03FB04,,,,,,,,,,,,,,,,,
drug_noretynodrel_and_estrogen,noretynodrel and estrogen,,G03FA09,,,,,,,,,,,,,,,,,,
drug_norgestrel_and_estrogen,norgestrel and estrogen,,G03FA10,G03FB01,,,,,,,,,,,,,,,,,
drug_levonorgestrel_and_estrogen,levonorgestrel and estrogen,,G03FA11,G03FB09,,,,,,,,,,,,,,,,,
drug_medroxyprogesterone_and_estrogen,medroxyprogesterone and estrogen,,G03FA12,G03FB06,,,,,,,,,,,,,,,,,
drug_norgestimate_and_estrogen,norgestimate and estrogen,,G03FA13,,,,,,,,,,,,,,,,,,
drug_dydrogesterone_and_estrogen,dydrogesterone and estrogen,,G03FA14,G03FB08,,,,,,,,,,,,,,,,,
drug_dienogest_and_estrogen,dienogest and estrogen,,G03FA15,,,,,,,,,,,,,,,,,,
drug_trimegestone_and_estrogen,trimegestone and estrogen,,G03FA16,G03FB11,,,,,,,,,,,,,,,,,
drug_drospirenone_and_estrogen,drospirenone and estrogen,,G03FA17,,,,,,,,,,,,,,,,,,
drug_chlormadinone_and_estrogen,chlormadinone and estrogen,,G03FB03,,,,,,,,,,,,,,,,,,
drug_medrogestone_and_estrogen,medrogestone and estrogen,,G03FB07,,,,,,,,,,,,,,,,,,
drug_desogestrel_and_estrogen,desogestrel and estrogen,,G03FB10,,,,,,,,,,,,,,,,,,
drug_nomegestrol_and_estrogen,nomegestrol and estrogen,,G03FB12,,,,,,,,,,,,,,,,,,
drug_chorionic_gonadotrophin,chorionic gonadotrophin,,G03GA01,,,,,,,,,,,,,,,,,,
drug_human_menopausal_gonadotrophin,human menopausal gonadotrophin,,G03GA02,,,,,,,,,,,,,,,,,,
drug_serum_gonadotrophin,serum gonadotrophin,,G03GA03,,,,,,,,,,,,,,,,,,
drug_urofollitropin,urofollitropin,,G03GA04,,,,,,,,,,,,,,,,,,
drug_follitropin_alfa,follitropin alfa,,G03GA05,,,,,,,,,,,,,,,,,,
drug_follitropin_beta,follitropin beta,,G03GA06,,,,,,,,,,,,,,,,,,
drug_lutropin_alfa,lutropin alfa,,G03GA07,,,,,,,,,,,,,,,,,,
drug_choriogonadotropin_alfa,choriogonadotropin alfa,,G03GA08,,,,,,,,,,,,,,,,,,
drug_corifollitropin_alfa,corifollitropin alfa,,G03GA09,,,,,,,,,,,,,,,,,,
drug_follitropin_delta,follitropin delta,,G03GA10,,,,,,,,,,,,,,,,,,
drug_cyclofenil,cyclofenil,,G03GB01,,,,,,,,,,,,,,,,,,
drug_clomifene,clomifene,,G03GB02,,,,,,,,,,,,,,,,,,
drug_epimestrol,epimestrol,,G03GB03,,,,,,,,,,,,,,,,,,
drug_cyproterone,cyproterone,,G03HA01,,,,,,,,,,,,,,,,,,
drug_cyproterone_and_estrogen,cyproterone and estrogen,,G03HB01,,,,,,,,,,,,,,,,,,
drug_danazol,danazol,,G03XA01,,,,,,,,,,,,,,,,,,
drug_gestrinone,gestrinone,,G03XA02,,,,,,,,,,,,,,,,,,
drug_mifepristone,mifepristone,,G03XB01,,,,,,,,,,,,,,,,,,
drug_mifepristone_combinations,"mifepristone, combinations",,G03XB51,,,,,,,,,,,,,,,,,,
drug_raloxifene,raloxifene,,G03XC01,,,,,,,,,,,,,,,,,,
drug_bazedoxifene,bazedoxifene,,G03XC02,,,,,,,,,,,,,,,,,,
drug_lasofoxifene,lasofoxifene,,G03XC03,,,,,,,,,,,,,,,,,,
drug_ormeloxifene,ormeloxifene,,G03XC04,,,,,,,,,,,,,,,,,,
drug_ospemifene,ospemifene,,G03XC05,,,,,,,,,,,,,,,,,,
drug_emepronium,emepronium,,G04BD01,,,,,,,,,,,,,,,,,,
drug_flavoxate,flavoxate,,G04BD02,,,,,,,,,,,,,,,,,,
drug_meladrazine,meladrazine,,G04BD03,,,,,,,,,,,,,,,,,,
drug_oxybutynin,oxybutynin,,G04BD04,,,,,,,,,,,,,,,,,,
drug_terodiline,terodiline,,G04BD05,,,,,,,,,,,,,,,,,,
drug_propiverine,propiverine,,G04BD06,,,,,,,,,,,,,,,,,,
drug_tolterodine,tolterodine,,G04BD07,,,,,,,,,,,,,,,,,,
drug_solifenacin,solifenacin,,G04BD08,,,,,,,,,,,,,,,,,,
drug_trospium,trospium,,G04BD09,,,,,,,,,,,,,,,,,,
drug_darifenacin,darifenacin,,G04BD10,,,,,,,,,,,,,,,,,,
drug_fesoterodine,fesoterodine,,G04BD11,,,,,,,,,,,,,,,,,,
drug_mirabegron,mirabegron,,G04BD12,,,,,,,,,,,,,,,,,,
drug_desfesoterodine,desfesoterodine,,G04BD13,,,,,,,,,,,,,,,,,,
drug_imidafenacin,imidafenacin,,G04BD14,,,,,,,,,,,,,,,,,,
drug_vibegron,vibegron,,G04BD15,,,,,,,,,,,,,,,,,,
drug_sildenafil,sildenafil,,G04BE03,,,,,,,,,,,,,,,,,,
drug_yohimbine,yohimbine,,G04BE04,,,,,,,,,,,,,,,,,,
drug_apomorphine,apomorphine,,G04BE07,N04BC07,,,,,,,,,,,,,,,,,
drug_tadalafil,tadalafil,,G04BE08,,,,,,,,,,,,,,,,,,
drug_vardenafil,vardenafil,,G04BE09,,,,,,,,,,,,,,,,,,
drug_avanafil,avanafil,,G04BE10,,,,,,,,,,,,,,,,,,
drug_udenafil,udenafil,,G04BE11,,,,,,,,,,,,,,,,,,
drug_papaverine_combinations,"papaverine, combinations",,G04BE52,,,,,,,,,,,,,,,,,,
drug_acetohydroxamic_acid,acetohydroxamic acid,,G04BX03,,,,,,,,,,,,,,,,,,
drug_phenazopyridine,phenazopyridine,,G04BX06,,,,,,,,,,,,,,,,,,
drug_succinimide,succinimide,,G04BX10,,,,,,,,,,,,,,,,,,
drug_phenyl_salicylate,phenyl salicylate,,G04BX12,,,,,,,,,,,,,,,,,,
drug_dimethyl_sulfoxide,dimethyl sulfoxide,,G04BX13,M02AX03,,,,,,,,,,,,,,,,,
drug_dapoxetine,dapoxetine,,G04BX14,,,,,,,,,,,,,,,,,,
drug_tiopronin,tiopronin,,G04BX16,,,,,,,,,,,,,,,,,,
drug_sodium_salicylate_and_methenamine,sodium salicylate and methenamine,,G04BX17,,,,,,,,,,,,,,,,,,
drug_alfuzosin,alfuzosin,,G04CA01,,,,,,,,,,,,,,,,,,
drug_tamsulosin,tamsulosin,,G04CA02,,,,,,,,,,,,,,,,,,
drug_terazosin,terazosin,,G04CA03,,,,,,,,,,,,,,,,,,
drug_silodosin,silodosin,,G04CA04,,,,,,,,,,,,,,,,,,
drug_alfuzosin_and_finasteride,alfuzosin and finasteride,,G04CA51,,,,,,,,,,,,,,,,,,
drug_tamsulosin_and_dutasteride,tamsulosin and dutasteride,,G04CA52,,,,,,,,,,,,,,,,,,
drug_tamsulosin_and_solifenacin,tamsulosin and solifenacin,,G04CA53,,,,,,,,,,,,,,,,,,
drug_tamsulosin_and_tadalafil,tamsulosin and tadalafil,,G04CA54,,,,,,,,,,,,,,,,,,
drug_doxazosin_and_finasteride,doxazosin and finasteride,,G04CA55,,,,,,,,,,,,,,,,,,
drug_dutasteride,dutasteride,,G04CB02,,,,,,,,,,,,,,,,,,
drug_finasteride_and_tadalafil,finasteride and tadalafil,,G04CB51,,,,,,,,,,,,,,,,,,
drug_prunus_africanae_cortex,Prunus africanae cortex,,G04CX01,,,,,,,,,,,,,,,,,,
drug_sabalis_serrulatae_fructus,Sabalis serrulatae fructus,,G04CX02,,,,,,,,,,,,,,,,,,
drug_fexapotide,fexapotide,,G04CX04,,,,,,,,,,,,,,,,,,
drug_corticotropin,corticotropin,,H01AA01,,,,,,,,,,,,,,,,,,
drug_tetracosactide,tetracosactide,,H01AA02,,,,,,,,,,,,,,,,,,
drug_thyrotropin_alfa,thyrotropin alfa,,H01AB01,,,,,,,,,,,,,,,,,,
drug_somatropin,somatropin,,H01AC01,,,,,,,,,,,,,,,,,,
drug_somatrem,somatrem,,H01AC02,,,,,,,,,,,,,,,,,,
drug_mecasermin,mecasermin,,H01AC03,,,,,,,,,,,,,,,,,,
drug_sermorelin,sermorelin,,H01AC04,V04CD03,,,,,,,,,,,,,,,,,
drug_mecasermin_rinfabate,mecasermin rinfabate,,H01AC05,,,,,,,,,,,,,,,,,,
drug_tesamorelin,tesamorelin,,H01AC06,,,,,,,,,,,,,,,,,,
drug_somapacitan,somapacitan,,H01AC07,,,,,,,,,,,,,,,,,,
drug_somatrogon,somatrogon,,H01AC08,,,,,,,,,,,,,,,,,,
drug_lonapegsomatropin,lonapegsomatropin,,H01AC09,,,,,,,,,,,,,,,,,,
drug_pegvisomant,pegvisomant,,H01AX01,,,,,,,,,,,,,,,,,,
drug_vasopressin_argipressin,vasopressin (argipressin),,H01BA01,,,,,,,,,,,,,,,,,,
drug_desmopressin,desmopressin,,H01BA02,,,,,,,,,,,,,,,,,,
drug_lypressin,lypressin,,H01BA03,,,,,,,,,,,,,,,,,,
drug_terlipressin,terlipressin,,H01BA04,,,,,,,,,,,,,,,,,,
drug_ornipressin,ornipressin,,H01BA05,,,,,,,,,,,,,,,,,,
drug_demoxytocin,demoxytocin,,H01BB01,,,,,,,,,,,,,,,,,,
drug_oxytocin,oxytocin,,H01BB02,,,,,,,,,,,,,,,,,,
drug_carbetocin,carbetocin,,H01BB03,,,,,,,,,,,,,,,,,,
drug_gonadorelin,gonadorelin,,H01CA01,V04CM01,,,,,,,,,,,,,,,,,
drug_nafarelin,nafarelin,,H01CA02,,,,,,,,,,,,,,,,,,
drug_somatostatin,somatostatin,,H01CB01,,,,,,,,,,,,,,,,,,
drug_octreotide,octreotide,,H01CB02,,,,,,,,,,,,,,,,,,
drug_lanreotide,lanreotide,,H01CB03,,,,,,,,,,,,,,,,,,
drug_vapreotide,vapreotide,,H01CB04,,,,,,,,,,,,,,,,,,
drug_pasireotide,pasireotide,,H01CB05,,,,,,,,,,,,,,,,,,
drug_ganirelix,ganirelix,,H01CC01,,,,,,,,,,,,,,,,,,
drug_cetrorelix,cetrorelix,,H01CC02,,,,,,,,,,,,,,,,,,
drug_elagolix,elagolix,,H01CC03,,,,,,,,,,,,,,,,,,
drug_linzagolix,linzagolix,,H01CC04,,,,,,,,,,,,,,,,,,
drug_elagolix_estradiol_and_norethisterone,"elagolix, estradiol and norethisterone",,H01CC53,,,,,,,,,,,,,,,,,,
drug_relugolix_estradiol_and_norethisterone,"relugolix, estradiol and norethisterone",,H01CC54,,,,,,,,,,,,,,,,,,
drug_aldosterone,aldosterone,,H02AA01,,,,,,,,,,,,,,,,,,
drug_fludrocortisone,fludrocortisone,,H02AA02,,,,,,,,,,,,,,,,,,
drug_desoxycortone,desoxycortone,,H02AA03,,,,,,,,,,,,,,,,,,
drug_paramethasone,paramethasone,,H02AB05,,,,,,,,,,,,,,,,,,
drug_cortisone,cortisone,,H02AB10,S01BA03,,,,,,,,,,,,,,,,,
drug_prednylidene,prednylidene,,H02AB11,,,,,,,,,,,,,,,,,,
drug_rimexolone,rimexolone,,H02AB12,S01BA13,,,,,,,,,,,,,,,,,
drug_deflazacort,deflazacort,,H02AB13,,,,,,,,,,,,,,,,,,
drug_cloprednol,cloprednol,,H02AB14,,,,,,,,,,,,,,,,,,
drug_meprednisone,meprednisone,,H02AB15,,,,,,,,,,,,,,,,,,
drug_cortivazol,cortivazol,,H02AB17,,,,,,,,,,,,,,,,,,
drug_vamorolone,vamorolone,,H02AB18,,,,,,,,,,,,,,,,,,
drug_methylprednisolone_combinations,"methylprednisolone, combinations",,H02BX01,,,,,,,,,,,,,,,,,,
drug_trilostane,trilostane,,H02CA01,,,,,,,,,,,,,,,,,,
drug_osilodrostat,osilodrostat,,H02CA02,,,,,,,,,,,,,,,,,,
drug_levoketoconazole,levoketoconazole,,H02CA04,,,,,,,,,,,,,,,,,,
drug_levothyroxine_sodium,levothyroxine sodium,,H03AA01,,,,,,,,,,,,,,,,,,
drug_liothyronine_sodium,liothyronine sodium,,H03AA02,,,,,,,,,,,,,,,,,,
drug_combinations_of_levothyroxine_and_liothyronine,combinations of levothyroxine and liothyronine,,H03AA03,,,,,,,,,,,,,,,,,,
drug_thyroid_gland_preparations,thyroid gland preparations,,H03AA05,,,,,,,,,,,,,,,,,,
drug_levothyroxine_sodium_and_iodine_compounds,levothyroxine sodium and iodine compounds,,H03AA51,,,,,,,,,,,,,,,,,,
drug_methylthiouracil,methylthiouracil,,H03BA01,,,,,,,,,,,,,,,,,,
drug_propylthiouracil,propylthiouracil,,H03BA02,,,,,,,,,,,,,,,,,,
drug_benzylthiouracil,benzylthiouracil,,H03BA03,,,,,,,,,,,,,,,,,,
drug_carbimazole,carbimazole,,H03BB01,,,,,,,,,,,,,,,,,,
drug_thiamazole,thiamazole,,H03BB02,,,,,,,,,,,,,,,,,,
drug_thiamazole_combinations,"thiamazole, combinations",,H03BB52,,,,,,,,,,,,,,,,,,
drug_potassium_perchlorate,potassium perchlorate,,H03BC01,,,,,,,,,,,,,,,,,,
drug_diiodotyrosine,diiodotyrosine,,H03BX01,,,,,,,,,,,,,,,,,,
drug_dibromotyrosine,dibromotyrosine,,H03BX02,,,,,,,,,,,,,,,,,,
drug_glucagon,glucagon,,H04AA01,,,,,,,,,,,,,,,,,,
drug_dasiglucagon,dasiglucagon,,H04AA02,,,,,,,,,,,,,,,,,,
drug_parathyroid_gland_extract,parathyroid gland extract,,H05AA01,,,,,,,,,,,,,,,,,,
drug_teriparatide,teriparatide,,H05AA02,,,,,,,,,,,,,,,,,,
drug_parathyroid_hormone,parathyroid hormone,,H05AA03,,,,,,,,,,,,,,,,,,
drug_abaloparatide,abaloparatide,,H05AA04,,,,,,,,,,,,,,,,,,
drug_palopegteriparatide,palopegteriparatide,,H05AA05,,,,,,,,,,,,,,,,,,
drug_calcitonin_salmon_synthetic,calcitonin (salmon synthetic),,H05BA01,,,,,,,,,,,,,,,,,,
drug_calcitonin_pork_natural,calcitonin (pork natural),,H05BA02,,,,,,,,,,,,,,,,,,
drug_calcitonin_human_synthetic,calcitonin (human synthetic),,H05BA03,,,,,,,,,,,,,,,,,,
drug_elcatonin,elcatonin,,H05BA04,,,,,,,,,,,,,,,,,,
drug_cinacalcet,cinacalcet,,H05BX01,,,,,,,,,,,,,,,,,,
drug_paricalcitol,paricalcitol,,H05BX02,,,,,,,,,,,,,,,,,,
drug_doxercalciferol,doxercalciferol,,H05BX03,,,,,,,,,,,,,,,,,,
drug_etelcalcetide,etelcalcetide,,H05BX04,,,,,,,,,,,,,,,,,,
drug_evocalcet,evocalcet,,H05BX06,,,,,,,,,,,,,,,,,,
drug_lymecycline,lymecycline,,J01AA04,,,,,,,,,,,,,,,,,,
drug_metacycline,metacycline,,J01AA05,,,,,,,,,,,,,,,,,,
drug_rolitetracycline,rolitetracycline,,J01AA09,,,,,,,,,,,,,,,,,,
drug_penimepicycline,penimepicycline,,J01AA10,,,,,,,,,,,,,,,,,,
drug_clomocycline,clomocycline,,J01AA11,,,,,,,,,,,,,,,,,,
drug_tigecycline,tigecycline,,J01AA12,,,,,,,,,,,,,,,,,,
drug_eravacycline,eravacycline,,J01AA13,,,,,,,,,,,,,,,,,,
drug_sarecycline,sarecycline,,J01AA14,,,,,,,,,,,,,,,,,,
drug_omadacycline,omadacycline,,J01AA15,,,,,,,,,,,,,,,,,,
drug_combinations_of_tetracyclines,combinations of tetracyclines,,J01AA20,,,,,,,,,,,,,,,,,,
drug_oxytetracycline_combinations,"oxytetracycline, combinations",,J01AA56,,,,,,,,,,,,,,,,,,
drug_thiamphenicol,thiamphenicol,,J01BA02,,,,,,,,,,,,,,,,,,
drug_thiamphenicol_combinations,"thiamphenicol, combinations",,J01BA52,,,,,,,,,,,,,,,,,,
drug_ampicillin,ampicillin,,J01CA01,S01AA19,,,,,,,,,,,,,,,,,
drug_pivampicillin,pivampicillin,,J01CA02,,,,,,,,,,,,,,,,,,
drug_carbenicillin,carbenicillin,,J01CA03,,,,,,,,,,,,,,,,,,
drug_amoxicillin,amoxicillin,,J01CA04,,,,,,,,,,,,,,,,,,
drug_carindacillin,carindacillin,,J01CA05,,,,,,,,,,,,,,,,,,
drug_bacampicillin,bacampicillin,,J01CA06,,,,,,,,,,,,,,,,,,
drug_epicillin,epicillin,,J01CA07,,,,,,,,,,,,,,,,,,
drug_pivmecillinam,pivmecillinam,,J01CA08,,,,,,,,,,,,,,,,,,
drug_azlocillin,azlocillin,,J01CA09,,,,,,,,,,,,,,,,,,
drug_mezlocillin,mezlocillin,,J01CA10,,,,,,,,,,,,,,,,,,
drug_mecillinam,mecillinam,,J01CA11,,,,,,,,,,,,,,,,,,
drug_piperacillin,piperacillin,,J01CA12,,,,,,,,,,,,,,,,,,
drug_ticarcillin,ticarcillin,,J01CA13,,,,,,,,,,,,,,,,,,
drug_metampicillin,metampicillin,,J01CA14,,,,,,,,,,,,,,,,,,
drug_talampicillin,talampicillin,,J01CA15,,,,,,,,,,,,,,,,,,
drug_sulbenicillin,sulbenicillin,,J01CA16,,,,,,,,,,,,,,,,,,
drug_temocillin,temocillin,,J01CA17,,,,,,,,,,,,,,,,,,
drug_hetacillin,hetacillin,,J01CA18,,,,,,,,,,,,,,,,,,
drug_aspoxicillin,aspoxicillin,,J01CA19,,,,,,,,,,,,,,,,,,
drug_ampicillin_combinations,"ampicillin, combinations",,J01CA51,,,,,,,,,,,,,,,,,,
drug_benzylpenicillin,benzylpenicillin,,J01CE01,S01AA14,,,,,,,,,,,,,,,,,
drug_phenoxymethylpenicillin,phenoxymethylpenicillin,,J01CE02,,,,,,,,,,,,,,,,,,
drug_propicillin,propicillin,,J01CE03,,,,,,,,,,,,,,,,,,
drug_azidocillin,azidocillin,,J01CE04,,,,,,,,,,,,,,,,,,
drug_pheneticillin,pheneticillin,,J01CE05,,,,,,,,,,,,,,,,,,
drug_penamecillin,penamecillin,,J01CE06,,,,,,,,,,,,,,,,,,
drug_clometocillin,clometocillin,,J01CE07,,,,,,,,,,,,,,,,,,
drug_benzathine_benzylpenicillin,benzathine benzylpenicillin,,J01CE08,,,,,,,,,,,,,,,,,,
drug_procaine_benzylpenicillin,procaine benzylpenicillin,,J01CE09,,,,,,,,,,,,,,,,,,
drug_benzathine_phenoxymethylpenicillin,benzathine phenoxymethylpenicillin,,J01CE10,,,,,,,,,,,,,,,,,,
drug_dicloxacillin,dicloxacillin,,J01CF01,,,,,,,,,,,,,,,,,,
drug_cloxacillin,cloxacillin,,J01CF02,,,,,,,,,,,,,,,,,,
drug_meticillin,meticillin,,J01CF03,,,,,,,,,,,,,,,,,,
drug_oxacillin,oxacillin,,J01CF04,,,,,,,,,,,,,,,,,,
drug_flucloxacillin,flucloxacillin,,J01CF05,,,,,,,,,,,,,,,,,,
drug_nafcillin,nafcillin,,J01CF06,,,,,,,,,,,,,,,,,,
drug_sulbactam,sulbactam,,J01CG01,,,,,,,,,,,,,,,,,,
drug_tazobactam,tazobactam,,J01CG02,,,,,,,,,,,,,,,,,,
drug_ampicillin_and_beta_lactamase_inhibitor,ampicillin and beta-lactamase inhibitor,,J01CR01,,,,,,,,,,,,,,,,,,
drug_amoxicillin_and_beta_lactamase_inhibitor,amoxicillin and beta-lactamase inhibitor,,J01CR02,,,,,,,,,,,,,,,,,,
drug_ticarcillin_and_beta_lactamase_inhibitor,ticarcillin and beta-lactamase inhibitor,,J01CR03,,,,,,,,,,,,,,,,,,
drug_sultamicillin,sultamicillin,,J01CR04,,,,,,,,,,,,,,,,,,
drug_piperacillin_and_beta_lactamase_inhibitor,piperacillin and beta-lactamase inhibitor,,J01CR05,,,,,,,,,,,,,,,,,,
drug_combinations_of_penicillins,combinations of penicillins,,J01CR50,,,,,,,,,,,,,,,,,,
drug_cefalexin,cefalexin,,J01DB01,,,,,,,,,,,,,,,,,,
drug_cefaloridine,cefaloridine,,J01DB02,,,,,,,,,,,,,,,,,,
drug_cefalotin,cefalotin,,J01DB03,,,,,,,,,,,,,,,,,,
drug_cefazolin,cefazolin,,J01DB04,,,,,,,,,,,,,,,,,,
drug_cefadroxil,cefadroxil,,J01DB05,,,,,,,,,,,,,,,,,,
drug_cefazedone,cefazedone,,J01DB06,,,,,,,,,,,,,,,,,,
drug_cefatrizine,cefatrizine,,J01DB07,,,,,,,,,,,,,,,,,,
drug_cefapirin,cefapirin,,J01DB08,,,,,,,,,,,,,,,,,,
drug_cefradine,cefradine,,J01DB09,,,,,,,,,,,,,,,,,,
drug_cefacetrile,cefacetrile,,J01DB10,,,,,,,,,,,,,,,,,,
drug_cefroxadine,cefroxadine,,J01DB11,,,,,,,,,,,,,,,,,,
drug_ceftezole,ceftezole,,J01DB12,,,,,,,,,,,,,,,,,,
drug_cefoxitin,cefoxitin,,J01DC01,,,,,,,,,,,,,,,,,,
drug_cefuroxime,cefuroxime,,J01DC02,S01AA27,,,,,,,,,,,,,,,,,
drug_cefamandole,cefamandole,,J01DC03,,,,,,,,,,,,,,,,,,
drug_cefaclor,cefaclor,,J01DC04,,,,,,,,,,,,,,,,,,
drug_cefotetan,cefotetan,,J01DC05,,,,,,,,,,,,,,,,,,
drug_cefonicid,cefonicid,,J01DC06,,,,,,,,,,,,,,,,,,
drug_cefotiam,cefotiam,,J01DC07,,,,,,,,,,,,,,,,,,
drug_loracarbef,loracarbef,,J01DC08,,,,,,,,,,,,,,,,,,
drug_cefmetazole,cefmetazole,,J01DC09,,,,,,,,,,,,,,,,,,
drug_cefprozil,cefprozil,,J01DC10,,,,,,,,,,,,,,,,,,
drug_ceforanide,ceforanide,,J01DC11,,,,,,,,,,,,,,,,,,
drug_cefminox,cefminox,,J01DC12,,,,,,,,,,,,,,,,,,
drug_cefbuperazone,cefbuperazone,,J01DC13,,,,,,,,,,,,,,,,,,
drug_flomoxef,flomoxef,,J01DC14,,,,,,,,,,,,,,,,,,
drug_cefuroxime_and_beta_lactamase_inhibitor,cefuroxime and beta-lactamase inhibitor,,J01DC52,,,,,,,,,,,,,,,,,,
drug_cefotaxime,cefotaxime,,J01DD01,,,,,,,,,,,,,,,,,,
drug_ceftazidime,ceftazidime,,J01DD02,,,,,,,,,,,,,,,,,,
drug_cefsulodin,cefsulodin,,J01DD03,,,,,,,,,,,,,,,,,,
drug_ceftriaxone,ceftriaxone,,J01DD04,,,,,,,,,,,,,,,,,,
drug_cefmenoxime,cefmenoxime,,J01DD05,S01AA31;S02AA18,,,,,,,,,,,,,,,,,
drug_latamoxef,latamoxef,,J01DD06,,,,,,,,,,,,,,,,,,
drug_ceftizoxime,ceftizoxime,,J01DD07,,,,,,,,,,,,,,,,,,
drug_cefixime,cefixime,,J01DD08,,,,,,,,,,,,,,,,,,
drug_cefodizime,cefodizime,,J01DD09,,,,,,,,,,,,,,,,,,
drug_cefetamet,cefetamet,,J01DD10,,,,,,,,,,,,,,,,,,
drug_cefpiramide,cefpiramide,,J01DD11,,,,,,,,,,,,,,,,,,
drug_cefoperazone,cefoperazone,,J01DD12,,,,,,,,,,,,,,,,,,
drug_cefpodoxime,cefpodoxime,,J01DD13,,,,,,,,,,,,,,,,,,
drug_ceftibuten,ceftibuten,,J01DD14,,,,,,,,,,,,,,,,,,
drug_cefdinir,cefdinir,,J01DD15,,,,,,,,,,,,,,,,,,
drug_cefditoren,cefditoren,,J01DD16,,,,,,,,,,,,,,,,,,
drug_cefcapene,cefcapene,,J01DD17,,,,,,,,,,,,,,,,,,
drug_cefteram,cefteram,,J01DD18,,,,,,,,,,,,,,,,,,
drug_cefotaxime_and_beta_lactamase_inhibitor,cefotaxime and beta-lactamase inhibitor,,J01DD51,,,,,,,,,,,,,,,,,,
drug_ceftazidime_and_beta_lactamase_inhibitor,ceftazidime and beta-lactamase inhibitor,,J01DD52,,,,,,,,,,,,,,,,,,
drug_ceftriaxone_combinations,"ceftriaxone, combinations",,J01DD54,,,,,,,,,,,,,,,,,,
drug_cefixime_and_beta_lactamase_inhibitor,cefixime and beta-lactamase inhibitor,,J01DD58,,,,,,,,,,,,,,,,,,
drug_cefoperazone_and_beta_lactamase_inhibitor,cefoperazone and beta-lactamase inhibitor,,J01DD62,,,,,,,,,,,,,,,,,,
drug_ceftriaxone_and_beta_lactamase_inhibitor,ceftriaxone and beta-lactamase inhibitor,,J01DD63,,,,,,,,,,,,,,,,,,
drug_cefpodoxime_and_beta_lactamase_inhibitor,cefpodoxime and beta-lactamase inhibitor,,J01DD64,,,,,,,,,,,,,,,,,,
drug_cefepime,cefepime,,J01DE01,,,,,,,,,,,,,,,,,,
drug_cefpirome,cefpirome,,J01DE02,,,,,,,,,,,,,,,,,,
drug_cefozopran,cefozopran,,J01DE03,,,,,,,,,,,,,,,,,,
drug_cefepime_and_beta_lactamase_inhibitor,cefepime and beta-lactamase inhibitor,,J01DE51,,,,,,,,,,,,,,,,,,
drug_aztreonam,aztreonam,,J01DF01,,,,,,,,,,,,,,,,,,
drug_carumonam,carumonam,,J01DF02,,,,,,,,,,,,,,,,,,
drug_meropenem,meropenem,,J01DH02,,,,,,,,,,,,,,,,,,
drug_ertapenem,ertapenem,,J01DH03,,,,,,,,,,,,,,,,,,
drug_doripenem,doripenem,,J01DH04,,,,,,,,,,,,,,,,,,
drug_biapenem,biapenem,,J01DH05,,,,,,,,,,,,,,,,,,
drug_tebipenem_pivoxil,tebipenem pivoxil,,J01DH06,,,,,,,,,,,,,,,,,,
drug_imipenem_and_cilastatin,imipenem and cilastatin,,J01DH51,,,,,,,,,,,,,,,,,,
drug_meropenem_and_vaborbactam,meropenem and vaborbactam,,J01DH52,,,,,,,,,,,,,,,,,,
drug_panipenem_and_betamipron,panipenem and betamipron,,J01DH55,,,,,,,,,,,,,,,,,,
drug_imipenem_cilastatin_and_relebactam,"imipenem, cilastatin and relebactam",,J01DH56,,,,,,,,,,,,,,,,,,
drug_ceftobiprole_medocaril,ceftobiprole medocaril,,J01DI01,,,,,,,,,,,,,,,,,,
drug_ceftaroline_fosamil,ceftaroline fosamil,,J01DI02,,,,,,,,,,,,,,,,,,
drug_faropenem,faropenem,,J01DI03,,,,,,,,,,,,,,,,,,
drug_cefiderocol,cefiderocol,,J01DI04,,,,,,,,,,,,,,,,,,
drug_ceftolozane_and_beta_lactamase_inhibitor,ceftolozane and beta-lactamase inhibitor,,J01DI54,,,,,,,,,,,,,,,,,,
drug_trimethoprim,trimethoprim,,J01EA01,,,,,,,,,,,,,,,,,,
drug_brodimoprim,brodimoprim,,J01EA02,,,,,,,,,,,,,,,,,,
drug_iclaprim,iclaprim,,J01EA03,,,,,,,,,,,,,,,,,,
drug_sulfaisodimidine,sulfaisodimidine,,J01EB01,,,,,,,,,,,,,,,,,,
drug_sulfadimidine,sulfadimidine,,J01EB03,,,,,,,,,,,,,,,,,,
drug_sulfapyridine,sulfapyridine,,J01EB04,,,,,,,,,,,,,,,,,,
drug_sulfafurazole,sulfafurazole,,J01EB05,S01AB02,,,,,,,,,,,,,,,,,
drug_sulfathiourea,sulfathiourea,,J01EB08,,,,,,,,,,,,,,,,,,
drug_sulfamethoxazole,sulfamethoxazole,,J01EC01,,,,,,,,,,,,,,,,,,
drug_sulfadiazine,sulfadiazine,,J01EC02,,,,,,,,,,,,,,,,,,
drug_sulfamoxole,sulfamoxole,,J01EC03,,,,,,,,,,,,,,,,,,
drug_sulfadimethoxine,sulfadimethoxine,,J01ED01,,,,,,,,,,,,,,,,,,
drug_sulfalene,sulfalene,,J01ED02,,,,,,,,,,,,,,,,,,
drug_sulfametomidine,sulfametomidine,,J01ED03,,,,,,,,,,,,,,,,,,
drug_sulfametoxydiazine,sulfametoxydiazine,,J01ED04,,,,,,,,,,,,,,,,,,
drug_sulfamethoxypyridazine,sulfamethoxypyridazine,,J01ED05,,,,,,,,,,,,,,,,,,
drug_sulfaperin,sulfaperin,,J01ED06,,,,,,,,,,,,,,,,,,
drug_sulfaphenazole,sulfaphenazole,,J01ED08,,,,,,,,,,,,,,,,,,
drug_sulfamazone,sulfamazone,,J01ED09,,,,,,,,,,,,,,,,,,
drug_sulfamethoxazole_and_trimethoprim,sulfamethoxazole and trimethoprim,,J01EE01,,,,,,,,,,,,,,,,,,
drug_sulfadiazine_and_trimethoprim,sulfadiazine and trimethoprim,,J01EE02,,,,,,,,,,,,,,,,,,
drug_sulfametrole_and_trimethoprim,sulfametrole and trimethoprim,,J01EE03,,,,,,,,,,,,,,,,,,
drug_sulfamoxole_and_trimethoprim,sulfamoxole and trimethoprim,,J01EE04,,,,,,,,,,,,,,,,,,
drug_sulfadimidine_and_trimethoprim,sulfadimidine and trimethoprim,,J01EE05,,,,,,,,,,,,,,,,,,
drug_sulfadiazine_and_tetroxoprim,sulfadiazine and tetroxoprim,,J01EE06,,,,,,,,,,,,,,,,,,
drug_sulfamerazine_and_trimethoprim,sulfamerazine and trimethoprim,,J01EE07,,,,,,,,,,,,,,,,,,
drug_spiramycin,spiramycin,,J01FA02,,,,,,,,,,,,,,,,,,
drug_midecamycin,midecamycin,,J01FA03,,,,,,,,,,,,,,,,,,
drug_oleandomycin,oleandomycin,,J01FA05,,,,,,,,,,,,,,,,,,
drug_roxithromycin,roxithromycin,,J01FA06,,,,,,,,,,,,,,,,,,
drug_josamycin,josamycin,,J01FA07,,,,,,,,,,,,,,,,,,
drug_troleandomycin,troleandomycin,,J01FA08,,,,,,,,,,,,,,,,,,
drug_clarithromycin,clarithromycin,,J01FA09,,,,,,,,,,,,,,,,,,
drug_azithromycin,azithromycin,,J01FA10,S01AA26,,,,,,,,,,,,,,,,,
drug_miocamycin,miocamycin,,J01FA11,,,,,,,,,,,,,,,,,,
drug_rokitamycin,rokitamycin,,J01FA12,,,,,,,,,,,,,,,,,,
drug_dirithromycin,dirithromycin,,J01FA13,,,,,,,,,,,,,,,,,,
drug_flurithromycin,flurithromycin,,J01FA14,,,,,,,,,,,,,,,,,,
drug_telithromycin,telithromycin,,J01FA15,,,,,,,,,,,,,,,,,,
drug_solithromycin,solithromycin,,J01FA16,,,,,,,,,,,,,,,,,,
drug_lincomycin,lincomycin,,J01FF02,,,,,,,,,,,,,,,,,,
drug_pristinamycin,pristinamycin,,J01FG01,,,,,,,,,,,,,,,,,,
drug_quinupristin_dalfopristin,quinupristin/dalfopristin,,J01FG02,,,,,,,,,,,,,,,,,,
drug_streptoduocin,streptoduocin,,J01GA02,,,,,,,,,,,,,,,,,,
drug_tobramycin,tobramycin,,J01GB01,S01AA12,,,,,,,,,,,,,,,,,
drug_netilmicin,netilmicin,,J01GB07,S01AA23,,,,,,,,,,,,,,,,,
drug_sisomicin,sisomicin,,J01GB08,,,,,,,,,,,,,,,,,,
drug_dibekacin,dibekacin,,J01GB09,S01AA29,,,,,,,,,,,,,,,,,
drug_ribostamycin,ribostamycin,,J01GB10,,,,,,,,,,,,,,,,,,
drug_isepamicin,isepamicin,,J01GB11,,,,,,,,,,,,,,,,,,
drug_arbekacin,arbekacin,,J01GB12,,,,,,,,,,,,,,,,,,
drug_bekanamycin,bekanamycin,,J01GB13,,,,,,,,,,,,,,,,,,
drug_plazomicin,plazomicin,,J01GB14,,,,,,,,,,,,,,,,,,
drug_ofloxacin,ofloxacin,,J01MA01,S01AE01;S02AA16,,,,,,,,,,,,,,,,,
drug_ciprofloxacin,ciprofloxacin,,J01MA02,S01AE03;S02AA15;S03AA07,,,,,,,,,,,,,,,,,
drug_pefloxacin,pefloxacin,,J01MA03,,,,,,,,,,,,,,,,,,
drug_enoxacin,enoxacin,,J01MA04,,,,,,,,,,,,,,,,,,
drug_temafloxacin,temafloxacin,,J01MA05,,,,,,,,,,,,,,,,,,
drug_norfloxacin,norfloxacin,,J01MA06,S01AE02,,,,,,,,,,,,,,,,,
drug_lomefloxacin,lomefloxacin,,J01MA07,S01AE04,,,,,,,,,,,,,,,,,
drug_fleroxacin,fleroxacin,,J01MA08,,,,,,,,,,,,,,,,,,
drug_sparfloxacin,sparfloxacin,,J01MA09,,,,,,,,,,,,,,,,,,
drug_rufloxacin,rufloxacin,,J01MA10,,,,,,,,,,,,,,,,,,
drug_grepafloxacin,grepafloxacin,,J01MA11,,,,,,,,,,,,,,,,,,
drug_levofloxacin,levofloxacin,,J01MA12,S01AE05,,,,,,,,,,,,,,,,,
drug_trovafloxacin,trovafloxacin,,J01MA13,,,,,,,,,,,,,,,,,,
drug_moxifloxacin,moxifloxacin,,J01MA14,S01AE07,,,,,,,,,,,,,,,,,
drug_gemifloxacin,gemifloxacin,,J01MA15,,,,,,,,,,,,,,,,,,
drug_gatifloxacin,gatifloxacin,,J01MA16,S01AE06,,,,,,,,,,,,,,,,,
drug_prulifloxacin,prulifloxacin,,J01MA17,,,,,,,,,,,,,,,,,,
drug_pazufloxacin,pazufloxacin,,J01MA18,,,,,,,,,,,,,,,,,,
drug_garenoxacin,garenoxacin,,J01MA19,,,,,,,,,,,,,,,,,,
drug_sitafloxacin,sitafloxacin,,J01MA21,,,,,,,,,,,,,,,,,,
drug_tosufloxacin,tosufloxacin,,J01MA22,S01AE09,,,,,,,,,,,,,,,,,
drug_delafloxacin,delafloxacin,,J01MA23,,,,,,,,,,,,,,,,,,
drug_levonadifloxacin,levonadifloxacin,,J01MA24,,,,,,,,,,,,,,,,,,
drug_lascufloxacin,lascufloxacin,,J01MA25,,,,,,,,,,,,,,,,,,
drug_rosoxacin,rosoxacin,,J01MB01,,,,,,,,,,,,,,,,,,
drug_nalidixic_acid,nalidixic acid,,J01MB02,,,,,,,,,,,,,,,,,,
drug_piromidic_acid,piromidic acid,,J01MB03,,,,,,,,,,,,,,,,,,
drug_pipemidic_acid,pipemidic acid,,J01MB04,,,,,,,,,,,,,,,,,,
drug_oxolinic_acid,oxolinic acid,,J01MB05,,,,,,,,,,,,,,,,,,
drug_cinoxacin,cinoxacin,,J01MB06,,,,,,,,,,,,,,,,,,
drug_flumequine,flumequine,,J01MB07,,,,,,,,,,,,,,,,,,
drug_nemonoxacin,nemonoxacin,,J01MB08,,,,,,,,,,,,,,,,,,
drug_penicillins_combinations_with_other_antibacterials,"penicillins, combinations with other antibacterials",,J01RA01,,,,,,,,,,,,,,,,,,
drug_sulfonamides_combinations_with_other_antibacterials_excl_trimethoprim,"sulfonamides, combinations with other antibacterials (excl. trimethoprim)",,J01RA02,,,,,,,,,,,,,,,,,,
drug_cefuroxime_and_metronidazole,cefuroxime and metronidazole,,J01RA03,,,,,,,,,,,,,,,,,,
drug_spiramycin_and_metronidazole,spiramycin and metronidazole,,J01RA04,,,,,,,,,,,,,,,,,,
drug_levofloxacin_and_ornidazole,levofloxacin and ornidazole,,J01RA05,,,,,,,,,,,,,,,,,,
drug_cefepime_and_amikacin,cefepime and amikacin,,J01RA06,,,,,,,,,,,,,,,,,,
drug_azithromycin_fluconazole_and_secnidazole,"azithromycin, fluconazole and secnidazole",,J01RA07,,,,,,,,,,,,,,,,,,
drug_tetracycline_and_oleandomycin,tetracycline and oleandomycin,,J01RA08,,,,,,,,,,,,,,,,,,
drug_ofloxacin_and_ornidazole,ofloxacin and ornidazole,,J01RA09,,,,,,,,,,,,,,,,,,
drug_ciprofloxacin_and_metronidazole,ciprofloxacin and metronidazole,,J01RA10,,,,,,,,,,,,,,,,,,
drug_ciprofloxacin_and_tinidazole,ciprofloxacin and tinidazole,,J01RA11,,,,,,,,,,,,,,,,,,
drug_ciprofloxacin_and_ornidazole,ciprofloxacin and ornidazole,,J01RA12,,,,,,,,,,,,,,,,,,
drug_norfloxacin_and_tinidazole,norfloxacin and tinidazole,,J01RA13,,,,,,,,,,,,,,,,,,
drug_norfloxacin_and_metronidazole,norfloxacin and metronidazole,,J01RA14,,,,,,,,,,,,,,,,,,
drug_cefixime_and_ornidazole,cefixime and ornidazole,,J01RA15,,,,,,,,,,,,,,,,,,
drug_cefixime_and_azithromycin,cefixime and azithromycin,,J01RA16,,,,,,,,,,,,,,,,,,
drug_teicoplanin,teicoplanin,,J01XA02,,,,,,,,,,,,,,,,,,
drug_telavancin,telavancin,,J01XA03,,,,,,,,,,,,,,,,,,
drug_dalbavancin,dalbavancin,,J01XA04,,,,,,,,,,,,,,,,,,
drug_oritavancin,oritavancin,,J01XA05,,,,,,,,,,,,,,,,,,
drug_nitrofurantoin,nitrofurantoin,,J01XE01,,,,,,,,,,,,,,,,,,
drug_nifurtoinol,nifurtoinol,,J01XE02,,,,,,,,,,,,,,,,,,
drug_furazidin,furazidin,,J01XE03,,,,,,,,,,,,,,,,,,
drug_nitrofurantoin_combinations,"nitrofurantoin, combinations",,J01XE51,,,,,,,,,,,,,,,,,,
drug_fosfomycin,fosfomycin,,J01XX01,S02AA17,,,,,,,,,,,,,,,,,
drug_xibornol,xibornol,,J01XX02,,,,,,,,,,,,,,,,,,
drug_clofoctol,clofoctol,,J01XX03,,,,,,,,,,,,,,,,,,
drug_spectinomycin,spectinomycin,,J01XX04,,,,,,,,,,,,,,,,,,
drug_methenamine,methenamine,,J01XX05,,,,,,,,,,,,,,,,,,
drug_nitroxoline,nitroxoline,,J01XX07,,,,,,,,,,,,,,,,,,
drug_linezolid,linezolid,,J01XX08,,,,,,,,,,,,,,,,,,
drug_daptomycin,daptomycin,,J01XX09,,,,,,,,,,,,,,,,,,
drug_tedizolid,tedizolid,,J01XX11,,,,,,,,,,,,,,,,,,
drug_lefamulin,lefamulin,,J01XX12,,,,,,,,,,,,,,,,,,
drug_itraconazole,itraconazole,,J02AC02,,,,,,,,,,,,,,,,,,
drug_voriconazole,voriconazole,,J02AC03,,,,,,,,,,,,,,,,,,
drug_posaconazole,posaconazole,,J02AC04,,,,,,,,,,,,,,,,,,
drug_isavuconazole,isavuconazole,,J02AC05,,,,,,,,,,,,,,,,,,
drug_oteseconazole,oteseconazole,,J02AC06,,,,,,,,,,,,,,,,,,
drug_caspofungin,caspofungin,,J02AX04,,,,,,,,,,,,,,,,,,
drug_micafungin,micafungin,,J02AX05,,,,,,,,,,,,,,,,,,
drug_anidulafungin,anidulafungin,,J02AX06,,,,,,,,,,,,,,,,,,
drug_ibrexafungerp,ibrexafungerp,,J02AX07,,,,,,,,,,,,,,,,,,
drug_rezafungin_acetate,rezafungin acetate,,J02AX08,,,,,,,,,,,,,,,,,,
drug_4_aminosalicylic_acid,4-aminosalicylic acid,,J04AA01,,,,,,,,,,,,,,,,,,
drug_sodium_aminosalicylate,sodium aminosalicylate,,J04AA02,,,,,,,,,,,,,,,,,,
drug_calcium_aminosalicylate,calcium aminosalicylate,,J04AA03,,,,,,,,,,,,,,,,,,
drug_cycloserine,cycloserine,,J04AB01,,,,,,,,,,,,,,,,,,
drug_rifampicin,rifampicin,,J04AB02,,,,,,,,,,,,,,,,,,
drug_rifabutin,rifabutin,,J04AB04,,,,,,,,,,,,,,,,,,
drug_rifapentine,rifapentine,,J04AB05,,,,,,,,,,,,,,,,,,
drug_enviomycin,enviomycin,,J04AB06,,,,,,,,,,,,,,,,,,
drug_capreomycin,capreomycin,,J04AB30,,,,,,,,,,,,,,,,,,
drug_isoniazid,isoniazid,,J04AC01,,,,,,,,,,,,,,,,,,
drug_isoniazid_combinations,"isoniazid, combinations",,J04AC51,,,,,,,,,,,,,,,,,,
drug_protionamide,protionamide,,J04AD01,,,,,,,,,,,,,,,,,,
drug_tiocarlide,tiocarlide,,J04AD02,,,,,,,,,,,,,,,,,,
drug_ethionamide,ethionamide,,J04AD03,,,,,,,,,,,,,,,,,,
drug_pyrazinamide,pyrazinamide,,J04AK01,,,,,,,,,,,,,,,,,,
drug_ethambutol,ethambutol,,J04AK02,,,,,,,,,,,,,,,,,,
drug_terizidone,terizidone,,J04AK03,,,,,,,,,,,,,,,,,,
drug_morinamide,morinamide,,J04AK04,,,,,,,,,,,,,,,,,,
drug_bedaquiline,bedaquiline,,J04AK05,,,,,,,,,,,,,,,,,,
drug_delamanid,delamanid,,J04AK06,,,,,,,,,,,,,,,,,,
drug_thioacetazone,thioacetazone,,J04AK07,,,,,,,,,,,,,,,,,,
drug_pretomanid,pretomanid,,J04AK08,,,,,,,,,,,,,,,,,,
drug_streptomycin_and_isoniazid,streptomycin and isoniazid,,J04AM01,,,,,,,,,,,,,,,,,,
drug_rifampicin_and_isoniazid,rifampicin and isoniazid,,J04AM02,,,,,,,,,,,,,,,,,,
drug_ethambutol_and_isoniazid,ethambutol and isoniazid,,J04AM03,,,,,,,,,,,,,,,,,,
drug_thioacetazone_and_isoniazid,thioacetazone and isoniazid,,J04AM04,,,,,,,,,,,,,,,,,,
drug_rifampicin_pyrazinamide_and_isoniazid,"rifampicin, pyrazinamide and isoniazid",,J04AM05,,,,,,,,,,,,,,,,,,
drug_rifampicin_pyrazinamide_ethambutol_and_isoniazid,"rifampicin, pyrazinamide, ethambutol and isoniazid",,J04AM06,,,,,,,,,,,,,,,,,,
drug_rifampicin_ethambutol_and_isoniazid,"rifampicin, ethambutol and isoniazid",,J04AM07,,,,,,,,,,,,,,,,,,
drug_isoniazid_sulfamethoxazole_trimethoprim_and_pyridoxine,"isoniazid, sulfamethoxazole, trimethoprim and pyridoxine",,J04AM08,,,,,,,,,,,,,,,,,,
drug_clofazimine,clofazimine,,J04BA01,,,,,,,,,,,,,,,,,,
drug_aldesulfone_sodium,aldesulfone sodium,,J04BA03,,,,,,,,,,,,,,,,,,
drug_dapsone_and_rifampicin,dapsone and rifampicin,,J04BA50,,,,,,,,,,,,,,,,,,
drug_dapsone_rifampicin_and_clofazimine,"dapsone, rifampicin and clofazimine",,J04BA51,,,,,,,,,,,,,,,,,,
drug_metisazone,metisazone,,J05AA01,,,,,,,,,,,,,,,,,,
drug_vidarabine,vidarabine,,J05AB03,S01AD06,,,,,,,,,,,,,,,,,
drug_ganciclovir,ganciclovir,,J05AB06,S01AD09,,,,,,,,,,,,,,,,,
drug_famciclovir,famciclovir,,J05AB09,S01AD07,,,,,,,,,,,,,,,,,
drug_valaciclovir,valaciclovir,,J05AB11,,,,,,,,,,,,,,,,,,
drug_cidofovir,cidofovir,,J05AB12,,,,,,,,,,,,,,,,,,
drug_valganciclovir,valganciclovir,,J05AB14,,,,,,,,,,,,,,,,,,
drug_brivudine,brivudine,,J05AB15,,,,,,,,,,,,,,,,,,
drug_remdesivir,remdesivir,,J05AB16,,,,,,,,,,,,,,,,,,
drug_brincidofovir,brincidofovir,,J05AB17,,,,,,,,,,,,,,,,,,
drug_molnupiravir,molnupiravir,,J05AB18,,,,,,,,,,,,,,,,,,
drug_rimantadine,rimantadine,,J05AC02,,,,,,,,,,,,,,,,,,
drug_foscarnet,foscarnet,,J05AD01,,,,,,,,,,,,,,,,,,
drug_fosfonet,fosfonet,,J05AD02,,,,,,,,,,,,,,,,,,
drug_saquinavir,saquinavir,,J05AE01,,,,,,,,,,,,,,,,,,
drug_indinavir,indinavir,,J05AE02,,,,,,,,,,,,,,,,,,
drug_ritonavir,ritonavir,,J05AE03,,,,,,,,,,,,,,,,,,
drug_nelfinavir,nelfinavir,,J05AE04,,,,,,,,,,,,,,,,,,
drug_amprenavir,amprenavir,,J05AE05,,,,,,,,,,,,,,,,,,
drug_fosamprenavir,fosamprenavir,,J05AE07,,,,,,,,,,,,,,,,,,
drug_atazanavir,atazanavir,,J05AE08,,,,,,,,,,,,,,,,,,
drug_tipranavir,tipranavir,,J05AE09,,,,,,,,,,,,,,,,,,
drug_darunavir,darunavir,,J05AE10,,,,,,,,,,,,,,,,,,
drug_ensitrelvir,ensitrelvir,,J05AE16,,,,,,,,,,,,,,,,,,
drug_nirmatrelvir_and_ritonavir,nirmatrelvir and ritonavir,,J05AE30,,,,,,,,,,,,,,,,,,
drug_zidovudine,zidovudine,,J05AF01,,,,,,,,,,,,,,,,,,
drug_didanosine,didanosine,,J05AF02,,,,,,,,,,,,,,,,,,
drug_zalcitabine,zalcitabine,,J05AF03,,,,,,,,,,,,,,,,,,
drug_stavudine,stavudine,,J05AF04,,,,,,,,,,,,,,,,,,
drug_lamivudine,lamivudine,,J05AF05,,,,,,,,,,,,,,,,,,
drug_abacavir,abacavir,,J05AF06,,,,,,,,,,,,,,,,,,
drug_tenofovir_disoproxil,tenofovir disoproxil,,J05AF07,,,,,,,,,,,,,,,,,,
drug_adefovir_dipivoxil,adefovir dipivoxil,,J05AF08,,,,,,,,,,,,,,,,,,
drug_emtricitabine,emtricitabine,,J05AF09,,,,,,,,,,,,,,,,,,
drug_entecavir,entecavir,,J05AF10,,,,,,,,,,,,,,,,,,
drug_telbivudine,telbivudine,,J05AF11,,,,,,,,,,,,,,,,,,
drug_clevudine,clevudine,,J05AF12,,,,,,,,,,,,,,,,,,
drug_tenofovir_alafenamide,tenofovir alafenamide,,J05AF13,,,,,,,,,,,,,,,,,,
drug_nevirapine,nevirapine,,J05AG01,,,,,,,,,,,,,,,,,,
drug_delavirdine,delavirdine,,J05AG02,,,,,,,,,,,,,,,,,,
drug_efavirenz,efavirenz,,J05AG03,,,,,,,,,,,,,,,,,,
drug_etravirine,etravirine,,J05AG04,,,,,,,,,,,,,,,,,,
drug_rilpivirine,rilpivirine,,J05AG05,,,,,,,,,,,,,,,,,,
drug_doravirine,doravirine,,J05AG06,,,,,,,,,,,,,,,,,,
drug_zanamivir,zanamivir,,J05AH01,,,,,,,,,,,,,,,,,,
drug_oseltamivir,oseltamivir,,J05AH02,,,,,,,,,,,,,,,,,,
drug_peramivir,peramivir,,J05AH03,,,,,,,,,,,,,,,,,,
drug_laninamivir,laninamivir,,J05AH04,,,,,,,,,,,,,,,,,,
drug_raltegravir,raltegravir,,J05AJ01,,,,,,,,,,,,,,,,,,
drug_elvitegravir,elvitegravir,,J05AJ02,,,,,,,,,,,,,,,,,,
drug_dolutegravir,dolutegravir,,J05AJ03,,,,,,,,,,,,,,,,,,
drug_cabotegravir,cabotegravir,,J05AJ04,,,,,,,,,,,,,,,,,,
drug_ribavirin,ribavirin,,J05AP01,,,,,,,,,,,,,,,,,,
drug_telaprevir,telaprevir,,J05AP02,,,,,,,,,,,,,,,,,,
drug_boceprevir,boceprevir,,J05AP03,,,,,,,,,,,,,,,,,,
drug_faldaprevir,faldaprevir,,J05AP04,,,,,,,,,,,,,,,,,,
drug_simeprevir,simeprevir,,J05AP05,,,,,,,,,,,,,,,,,,
drug_asunaprevir,asunaprevir,,J05AP06,,,,,,,,,,,,,,,,,,
drug_daclatasvir,daclatasvir,,J05AP07,,,,,,,,,,,,,,,,,,
drug_sofosbuvir,sofosbuvir,,J05AP08,,,,,,,,,,,,,,,,,,
drug_dasabuvir,dasabuvir,,J05AP09,,,,,,,,,,,,,,,,,,
drug_elbasvir,elbasvir,,J05AP10,,,,,,,,,,,,,,,,,,
drug_grazoprevir,grazoprevir,,J05AP11,,,,,,,,,,,,,,,,,,
drug_coblopasvir,coblopasvir,,J05AP12,,,,,,,,,,,,,,,,,,
drug_ravidasvir,ravidasvir,,J05AP13,,,,,,,,,,,,,,,,,,
drug_sofosbuvir_and_ledipasvir,sofosbuvir and ledipasvir,,J05AP51,,,,,,,,,,,,,,,,,,
drug_dasabuvir_ombitasvir_paritaprevir_and_ritonavir,"dasabuvir, ombitasvir, paritaprevir and ritonavir",,J05AP52,,,,,,,,,,,,,,,,,,
drug_ombitasvir_paritaprevir_and_ritonavir,"ombitasvir, paritaprevir and ritonavir",,J05AP53,,,,,,,,,,,,,,,,,,
drug_elbasvir_and_grazoprevir,elbasvir and grazoprevir,,J05AP54,,,,,,,,,,,,,,,,,,
drug_sofosbuvir_and_velpatasvir,sofosbuvir and velpatasvir,,J05AP55,,,,,,,,,,,,,,,,,,
drug_sofosbuvir_velpatasvir_and_voxilaprevir,"sofosbuvir, velpatasvir and voxilaprevir",,J05AP56,,,,,,,,,,,,,,,,,,
drug_glecaprevir_and_pibrentasvir,glecaprevir and pibrentasvir,,J05AP57,,,,,,,,,,,,,,,,,,
drug_daclatasvir_asunaprevir_and_beclabuvir,"daclatasvir, asunaprevir and beclabuvir",,J05AP58,,,,,,,,,,,,,,,,,,
drug_zidovudine_and_lamivudine,zidovudine and lamivudine,,J05AR01,,,,,,,,,,,,,,,,,,
drug_lamivudine_and_abacavir,lamivudine and abacavir,,J05AR02,,,,,,,,,,,,,,,,,,
drug_tenofovir_disoproxil_and_emtricitabine,tenofovir disoproxil and emtricitabine,,J05AR03,,,,,,,,,,,,,,,,,,
drug_zidovudine_lamivudine_and_abacavir,"zidovudine, lamivudine and abacavir",,J05AR04,,,,,,,,,,,,,,,,,,
drug_zidovudine_lamivudine_and_nevirapine,"zidovudine, lamivudine and nevirapine",,J05AR05,,,,,,,,,,,,,,,,,,
drug_emtricitabine_tenofovir_disoproxil_and_efavirenz,"emtricitabine, tenofovir disoproxil and efavirenz",,J05AR06,,,,,,,,,,,,,,,,,,
drug_stavudine_lamivudine_and_nevirapine,"stavudine, lamivudine and nevirapine",,J05AR07,,,,,,,,,,,,,,,,,,
drug_emtricitabine_tenofovir_disoproxil_and_rilpivirine,"emtricitabine, tenofovir disoproxil and rilpivirine",,J05AR08,,,,,,,,,,,,,,,,,,
drug_emtricitabine_tenofovir_disoproxil_elvitegravir_and_cobicistat,"emtricitabine, tenofovir disoproxil, elvitegravir and cobicistat",,J05AR09,,,,,,,,,,,,,,,,,,
drug_lopinavir_and_ritonavir,lopinavir and ritonavir,,J05AR10,,,,,,,,,,,,,,,,,,
drug_lamivudine_tenofovir_disoproxil_and_efavirenz,"lamivudine, tenofovir disoproxil and efavirenz",,J05AR11,,,,,,,,,,,,,,,,,,
drug_lamivudine_and_tenofovir_disoproxil,lamivudine and tenofovir disoproxil,,J05AR12,,,,,,,,,,,,,,,,,,
drug_lamivudine_abacavir_and_dolutegravir,"lamivudine, abacavir and dolutegravir",,J05AR13,,,,,,,,,,,,,,,,,,
drug_darunavir_and_cobicistat,darunavir and cobicistat,,J05AR14,,,,,,,,,,,,,,,,,,
drug_atazanavir_and_cobicistat,atazanavir and cobicistat,,J05AR15,,,,,,,,,,,,,,,,,,
drug_lamivudine_and_raltegravir,lamivudine and raltegravir,,J05AR16,,,,,,,,,,,,,,,,,,
drug_emtricitabine_and_tenofovir_alafenamide,emtricitabine and tenofovir alafenamide,,J05AR17,,,,,,,,,,,,,,,,,,
drug_emtricitabine_tenofovir_alafenamide_elvitegravir_and_cobicistat,"emtricitabine, tenofovir alafenamide, elvitegravir and cobicistat",,J05AR18,,,,,,,,,,,,,,,,,,
drug_emtricitabine_tenofovir_alafenamide_and_rilpivirine,"emtricitabine, tenofovir alafenamide and rilpivirine",,J05AR19,,,,,,,,,,,,,,,,,,
drug_emtricitabine_tenofovir_alafenamide_and_bictegravir,"emtricitabine, tenofovir alafenamide and bictegravir",,J05AR20,,,,,,,,,,,,,,,,,,
drug_dolutegravir_and_rilpivirine,dolutegravir and rilpivirine,,J05AR21,,,,,,,,,,,,,,,,,,
drug_emtricitabine_tenofovir_alafenamide_darunavir_and_cobicistat,"emtricitabine, tenofovir alafenamide, darunavir and cobicistat",,J05AR22,,,,,,,,,,,,,,,,,,
drug_atazanavir_and_ritonavir,atazanavir and ritonavir,,J05AR23,,,,,,,,,,,,,,,,,,
drug_lamivudine_tenofovir_disoproxil_and_doravirine,"lamivudine, tenofovir disoproxil and doravirine",,J05AR24,,,,,,,,,,,,,,,,,,
drug_lamivudine_and_dolutegravir,lamivudine and dolutegravir,,J05AR25,,,,,,,,,,,,,,,,,,
drug_darunavir_and_ritonavir,darunavir and ritonavir,,J05AR26,,,,,,,,,,,,,,,,,,
drug_lamivudine_tenofovir_disoproxil_and_dolutegravir,"lamivudine, tenofovir disoproxil and dolutegravir",,J05AR27,,,,,,,,,,,,,,,,,,
drug_stavudine_and_lamivudine,stavudine and lamivudine,,J05AR28,,,,,,,,,,,,,,,,,,
drug_moroxydine,moroxydine,,J05AX01,,,,,,,,,,,,,,,,,,
drug_inosine_pranobex,inosine pranobex,,J05AX05,,,,,,,,,,,,,,,,,,
drug_pleconaril,pleconaril,,J05AX06,,,,,,,,,,,,,,,,,,
drug_enfuvirtide,enfuvirtide,,J05AX07,,,,,,,,,,,,,,,,,,
drug_maraviroc,maraviroc,,J05AX09,,,,,,,,,,,,,,,,,,
drug_maribavir,maribavir,,J05AX10,,,,,,,,,,,,,,,,,,
drug_umifenovir,umifenovir,,J05AX13,,,,,,,,,,,,,,,,,,
drug_enisamium_iodide,enisamium iodide,,J05AX17,,,,,,,,,,,,,,,,,,
drug_letermovir,letermovir,,J05AX18,,,,,,,,,,,,,,,,,,
drug_tilorone,tilorone,,J05AX19,,,,,,,,,,,,,,,,,,
drug_pentanedioic_acid_imidazolyl_ethanamide,pentanedioic acid imidazolyl ethanamide,,J05AX21,,,,,,,,,,,,,,,,,,
drug_ibalizumab,ibalizumab,,J05AX23,,,,,,,,,,,,,,,,,,
drug_tecovirimat,tecovirimat,,J05AX24,,,,,,,,,,,,,,,,,,
drug_baloxavir_marboxil,baloxavir marboxil,,J05AX25,,,,,,,,,,,,,,,,,,
drug_amenamevir,amenamevir,,J05AX26,,,,,,,,,,,,,,,,,,
drug_favipiravir,favipiravir,,J05AX27,,,,,,,,,,,,,,,,,,
drug_bulevirtide,bulevirtide,,J05AX28,,,,,,,,,,,,,,,,,,
drug_fostemsavir,fostemsavir,,J05AX29,,,,,,,,,,,,,,,,,,
drug_lenacapavir,lenacapavir,,J05AX31,,,,,,,,,,,,,,,,,,
drug_diphtheria_antitoxin,diphtheria antitoxin,,J06AA01,,,,,,,,,,,,,,,,,,
drug_tetanus_antitoxin,tetanus antitoxin,,J06AA02,,,,,,,,,,,,,,,,,,
drug_snake_venom_antiserum,snake venom antiserum,,J06AA03,,,,,,,,,,,,,,,,,,
drug_botulinum_antitoxin,botulinum antitoxin,,J06AA04,,,,,,,,,,,,,,,,,,
drug_gas_gangrene_sera,gas-gangrene sera,,J06AA05,,,,,,,,,,,,,,,,,,
drug_rabies_serum,rabies serum,,J06AA06,,,,,,,,,,,,,,,,,,
drug_immunoglobulins_normal_human_for_extravascular_adm,"immunoglobulins, normal human, for extravascular adm.",,J06BA01,,,,,,,,,,,,,,,,,,
drug_immunoglobulins_normal_human_for_intravascular_adm,"immunoglobulins, normal human, for intravascular adm.",,J06BA02,,,,,,,,,,,,,,,,,,
drug_anti_d_rh_immunoglobulin,anti-D (rh) immunoglobulin,,J06BB01,,,,,,,,,,,,,,,,,,
drug_tetanus_immunoglobulin,tetanus immunoglobulin,,J06BB02,,,,,,,,,,,,,,,,,,
drug_varicella_zoster_immunoglobulin,varicella/zoster immunoglobulin,,J06BB03,,,,,,,,,,,,,,,,,,
drug_hepatitis_b_immunoglobulin,hepatitis B immunoglobulin,,J06BB04,,,,,,,,,,,,,,,,,,
drug_rabies_immunoglobulin,rabies immunoglobulin,,J06BB05,,,,,,,,,,,,,,,,,,
drug_rubella_immunoglobulin,rubella immunoglobulin,,J06BB06,,,,,,,,,,,,,,,,,,
drug_vaccinia_immunoglobulin,vaccinia immunoglobulin,,J06BB07,,,,,,,,,,,,,,,,,,
drug_staphylococcus_immunoglobulin,staphylococcus immunoglobulin,,J06BB08,,,,,,,,,,,,,,,,,,
drug_cytomegalovirus_immunoglobulin,cytomegalovirus immunoglobulin,,J06BB09,,,,,,,,,,,,,,,,,,
drug_diphtheria_immunoglobulin,diphtheria immunoglobulin,,J06BB10,,,,,,,,,,,,,,,,,,
drug_hepatitis_a_immunoglobulin,hepatitis A immunoglobulin,,J06BB11,,,,,,,,,,,,,,,,,,
drug_encephalitis_tick_borne_immunoglobulin,"encephalitis, tick borne immunoglobulin",,J06BB12,,,,,,,,,,,,,,,,,,
drug_pertussis_immunoglobulin,pertussis immunoglobulin,,J06BB13,,,,,,,,,,,,,,,,,,
drug_measles_immunoglobulin,measles immunoglobulin,,J06BB14,,,,,,,,,,,,,,,,,,
drug_mumps_immunoglobulin,mumps immunoglobulin,,J06BB15,,,,,,,,,,,,,,,,,,
drug_anthrax_immunoglobulin,anthrax immunoglobulin,,J06BB19,,,,,,,,,,,,,,,,,,
drug_nebacumab,nebacumab,,J06BC01,,,,,,,,,,,,,,,,,,
drug_raxibacumab,raxibacumab,,J06BC02,,,,,,,,,,,,,,,,,,
drug_bezlotoxumab,bezlotoxumab,,J06BC03,,,,,,,,,,,,,,,,,,
drug_obiltoxaximab,obiltoxaximab,,J06BC04,,,,,,,,,,,,,,,,,,
drug_palivizumab,palivizumab,,J06BD01,,,,,,,,,,,,,,,,,,
drug_motavizumab,motavizumab,,J06BD02,,,,,,,,,,,,,,,,,,
drug_tixagevimab_and_cilgavimab,tixagevimab and cilgavimab,,J06BD03,,,,,,,,,,,,,,,,,,
drug_ansuvimab,ansuvimab,,J06BD04,,,,,,,,,,,,,,,,,,
drug_sotrovimab,sotrovimab,,J06BD05,,,,,,,,,,,,,,,,,,
drug_regdanvimab,regdanvimab,,J06BD06,,,,,,,,,,,,,,,,,,
drug_casirivimab_and_imdevimab,casirivimab and imdevimab,,J06BD07,,,,,,,,,,,,,,,,,,
drug_nirsevimab,nirsevimab,,J06BD08,,,,,,,,,,,,,,,,,,
drug_anthrax_antigen,anthrax antigen,,J07AC01,,,,,,,,,,,,,,,,,,
drug_brucella_antigen,brucella antigen,,J07AD01,,,,,,,,,,,,,,,,,,
drug_cholera_inactivated_whole_cell,"cholera, inactivated, whole cell",,J07AE01,,,,,,,,,,,,,,,,,,
drug_cholera_live_attenuated,"cholera, live attenuated",,J07AE02,,,,,,,,,,,,,,,,,,
drug_cholera_combinations_with_typhoid_vaccine_inactivated_whole_cell,"cholera, combinations with typhoid vaccine, inactivated, whole cell",,J07AE51,,,,,,,,,,,,,,,,,,
drug_diphtheria_toxoid,diphtheria toxoid,,J07AF01,,,,,,,,,,,,,,,,,,
drug_haemophilus_influenzae_b_purified_antigen_conjugated,"haemophilus influenzae B, purified antigen conjugated",,J07AG01,,,,,,,,,,,,,,,,,,
drug_haemophilus_influenzae_b_combinations_with_toxoids,"haemophilus influenzae B, combinations with toxoids",,J07AG51,,,,,,,,,,,,,,,,,,
drug_haemophilus_influenzae_b_combinations_with_pertussis_and_toxoids,"haemophilus influenzae B, combinations with pertussis and toxoids",,J07AG52,,,,,,,,,,,,,,,,,,
drug_haemophilus_influenzae_b_combinations_with_meningococcus_c_conjugated,"haemophilus influenzae B, combinations with meningococcus C, conjugated",,J07AG53,,,,,,,,,,,,,,,,,,
drug_haemophilus_influenza_b_combinations_with_meningococcus_c_y_conjugated,"haemophilus influenza B, combinations with meningococcus C,Y, conjugated",,J07AG54,,,,,,,,,,,,,,,,,,
drug_meningococcus_a_purified_polysaccharides_antigen,"meningococcus A, purified polysaccharides antigen",,J07AH01,,,,,,,,,,,,,,,,,,
drug_other_meningococcal_monovalent_purified_polysaccharides_antigen,other meningococcal monovalent purified polysaccharides antigen,,J07AH02,,,,,,,,,,,,,,,,,,
drug_meningococcus_a_c_bivalent_purified_polysaccharides_antigen,"meningococcus A,C, bivalent purified polysaccharides antigen",,J07AH03,,,,,,,,,,,,,,,,,,
drug_meningococcus_a_c_y_w_135_tetravalent_purified_polysaccharides_antigen,"meningococcus A,C,Y,W-135, tetravalent purified polysaccharides antigen",,J07AH04,,,,,,,,,,,,,,,,,,
drug_other_meningococcal_polyvalent_purified_polysaccharides_antigen,other meningococcal polyvalent purified polysaccharides antigen,,J07AH05,,,,,,,,,,,,,,,,,,
drug_meningococcus_b_outer_membrane_vesicle_vaccine,"meningococcus B, outer membrane vesicle vaccine",,J07AH06,,,,,,,,,,,,,,,,,,
drug_meningococcus_c_purified_polysaccharides_antigen_conjugated,"meningococcus C, purified polysaccharides antigen conjugated",,J07AH07,,,,,,,,,,,,,,,,,,
drug_meningococcus_a_c_y_w_135_tetravalent_purified_polysaccharides_antigen_conjugated,"meningococcus A,C,Y,W-135, tetravalent purified polysaccharides antigen conjugated",,J07AH08,,,,,,,,,,,,,,,,,,
drug_meningococcus_b_multicomponent_vaccine,"meningococcus B, multicomponent vaccine",,J07AH09,,,,,,,,,,,,,,,,,,
drug_meningococcus_a_purified_polysaccharides_antigen_conjugated,"meningococcus A, purified polysaccharides antigen conjugated",,J07AH10,,,,,,,,,,,,,,,,,,
drug_pertussis_inactivated_whole_cell,"pertussis, inactivated, whole cell",,J07AJ01,,,,,,,,,,,,,,,,,,
drug_pertussis_purified_antigen,"pertussis, purified antigen",,J07AJ02,,,,,,,,,,,,,,,,,,
drug_pertussis_inactivated_whole_cell_combinations_with_toxoids,"pertussis, inactivated, whole cell, combinations with toxoids",,J07AJ51,,,,,,,,,,,,,,,,,,
drug_pertussis_purified_antigen_combinations_with_toxoids,"pertussis, purified antigen, combinations with toxoids",,J07AJ52,,,,,,,,,,,,,,,,,,
drug_plague_inactivated_whole_cell,"plague, inactivated, whole cell",,J07AK01,,,,,,,,,,,,,,,,,,
drug_pneumococcus_purified_polysaccharides_antigen,"pneumococcus, purified polysaccharides antigen",,J07AL01,,,,,,,,,,,,,,,,,,
drug_pneumococcus_purified_polysaccharides_antigen_conjugated,"pneumococcus, purified polysaccharides antigen conjugated",,J07AL02,,,,,,,,,,,,,,,,,,
drug_pneumococcus_purified_polysaccharides_antigen_and_haemophilus_influenzae_conjugated,"pneumococcus purified polysaccharides antigen and haemophilus influenzae, conjugated",,J07AL52,,,,,,,,,,,,,,,,,,
drug_tetanus_toxoid,tetanus toxoid,,J07AM01,,,,,,,,,,,,,,,,,,
drug_tetanus_toxoid_combinations_with_diphtheria_toxoid,"tetanus toxoid, combinations with diphtheria toxoid",,J07AM51,,,,,,,,,,,,,,,,,,
drug_tetanus_toxoid_combinations_with_tetanus_immunoglobulin,"tetanus toxoid, combinations with tetanus immunoglobulin",,J07AM52,,,,,,,,,,,,,,,,,,
drug_tuberculosis_live_attenuated,"tuberculosis, live attenuated",,J07AN01,,,,,,,,,,,,,,,,,,
drug_typhoid_oral_live_attenuated,"typhoid, oral, live attenuated",,J07AP01,,,,,,,,,,,,,,,,,,
drug_typhoid_inactivated_whole_cell,"typhoid, inactivated, whole cell",,J07AP02,,,,,,,,,,,,,,,,,,
drug_typhoid_purified_polysaccharide_antigen,"typhoid, purified polysaccharide antigen",,J07AP03,,,,,,,,,,,,,,,,,,
drug_typhoid_combinations_with_paratyphi_types,"typhoid, combinations with paratyphi types",,J07AP10,,,,,,,,,,,,,,,,,,
drug_typhus_exanthematicus_inactivated_whole_cell,"typhus exanthematicus, inactivated, whole cell",,J07AR01,,,,,,,,,,,,,,,,,,
drug_leptospira_vaccines,leptospira vaccines,,J07AX01,,,,,,,,,,,,,,,,,,
drug_encephalitis_tick_borne_inactivated_whole_virus,"encephalitis, tick borne, inactivated, whole virus",,J07BA01,,,,,,,,,,,,,,,,,,
drug_encephalitis_japanese_inactivated_whole_virus,"encephalitis, Japanese, inactivated, whole virus",,J07BA02,,,,,,,,,,,,,,,,,,
drug_encephalitis_japanese_live_attenuated,"encephalitis, Japanese, live attenuated",,J07BA03,,,,,,,,,,,,,,,,,,
drug_influenza_inactivated_whole_virus,"influenza, inactivated, whole virus",,J07BB01,,,,,,,,,,,,,,,,,,
drug_influenza_inactivated_split_virus_or_surface_antigen,"influenza, inactivated, split virus or surface antigen",,J07BB02,,,,,,,,,,,,,,,,,,
drug_influenza_live_attenuated,"influenza, live attenuated",,J07BB03,,,,,,,,,,,,,,,,,,
drug_influenza_virus_like_particles,"influenza, virus like particles",,J07BB04,,,,,,,,,,,,,,,,,,
drug_hepatitis_b_purified_antigen,"hepatitis B, purified antigen",,J07BC01,,,,,,,,,,,,,,,,,,
drug_hepatitis_a_inactivated_whole_virus,"hepatitis A, inactivated, whole virus",,J07BC02,,,,,,,,,,,,,,,,,,
drug_measles_live_attenuated,"measles, live attenuated",,J07BD01,,,,,,,,,,,,,,,,,,
drug_measles_combinations_with_mumps_live_attenuated,"measles, combinations with mumps, live attenuated",,J07BD51,,,,,,,,,,,,,,,,,,
drug_measles_combinations_with_mumps_and_rubella_live_attenuated,"measles, combinations with mumps and rubella, live attenuated",,J07BD52,,,,,,,,,,,,,,,,,,
drug_measles_combinations_with_rubella_live_attenuated,"measles, combinations with rubella, live attenuated",,J07BD53,,,,,,,,,,,,,,,,,,
drug_measles_combinations_with_mumps_rubella_and_varicella_live_attenuated,"measles, combinations with mumps, rubella and varicella, live attenuated",,J07BD54,,,,,,,,,,,,,,,,,,
drug_mumps_live_attenuated,"mumps, live attenuated",,J07BE01,,,,,,,,,,,,,,,,,,
drug_poliomyelitis_oral_monovalent_live_attenuated,"poliomyelitis oral, monovalent, live attenuated",,J07BF01,,,,,,,,,,,,,,,,,,
drug_poliomyelitis_oral_trivalent_live_attenuated,"poliomyelitis oral, trivalent, live attenuated",,J07BF02,,,,,,,,,,,,,,,,,,
drug_poliomyelitis_trivalent_inactivated_whole_virus,"poliomyelitis, trivalent, inactivated, whole virus",,J07BF03,,,,,,,,,,,,,,,,,,
drug_poliomyelitis_oral_bivalent_live_attenuated,"poliomyelitis oral, bivalent, live attenuated",,J07BF04,,,,,,,,,,,,,,,,,,
drug_rabies_inactivated_whole_virus,"rabies, inactivated, whole virus",,J07BG01,,,,,,,,,,,,,,,,,,
drug_rota_virus_live_attenuated,"rota virus, live attenuated",,J07BH01,,,,,,,,,,,,,,,,,,
drug_rota_virus_pentavalent_live_reassorted,"rota virus, pentavalent, live, reassorted",,J07BH02,,,,,,,,,,,,,,,,,,
drug_rubella_live_attenuated,"rubella, live attenuated",,J07BJ01,,,,,,,,,,,,,,,,,,
drug_rubella_combinations_with_mumps_live_attenuated,"rubella, combinations with mumps, live attenuated",,J07BJ51,,,,,,,,,,,,,,,,,,
drug_varicella_live_attenuated,"varicella, live attenuated",,J07BK01,,,,,,,,,,,,,,,,,,
drug_zoster_live_attenuated,"zoster, live attenuated",,J07BK02,,,,,,,,,,,,,,,,,,
drug_zoster_purified_antigen,"zoster, purified antigen",,J07BK03,,,,,,,,,,,,,,,,,,
drug_yellow_fever_live_attenuated,"yellow fever, live attenuated",,J07BL01,,,,,,,,,,,,,,,,,,
drug_papillomavirus_human_types_6_11_16_18,"papillomavirus (human types 6, 11, 16, 18)",,J07BM01,,,,,,,,,,,,,,,,,,
drug_papillomavirus_human_types_16_18,"papillomavirus (human types 16, 18)",,J07BM02,,,,,,,,,,,,,,,,,,
drug_papillomavirus_human_types_6_11_16_18_31_33_45_52_58,"papillomavirus (human types 6, 11, 16, 18, 31, 33, 45, 52, 58)",,J07BM03,,,,,,,,,,,,,,,,,,
drug_covid_19_rna_based_vaccine,"covid-19, RNA-based vaccine",,J07BN01,,,,,,,,,,,,,,,,,,
drug_covid_19_viral_vector_non_replicating,"covid-19, viral vector, non-replicating",,J07BN02,,,,,,,,,,,,,,,,,,
drug_covid_19_inactivated_virus,"covid-19, inactivated virus",,J07BN03,,,,,,,,,,,,,,,,,,
drug_covid_19_protein_subunit,"covid-19, protein subunit",,J07BN04,,,,,,,,,,,,,,,,,,
drug_covid_19_virus_like_particles,"covid-19, virus-like particles",,J07BN05,,,,,,,,,,,,,,,,,,
drug_smallpox_and_monkeypox_vaccines,smallpox and monkeypox vaccines,,J07BX01,,,,,,,,,,,,,,,,,,
drug_ebola_vaccines,ebola vaccines,,J07BX02,,,,,,,,,,,,,,,,,,
drug_dengue_virus_vaccines,dengue virus vaccines,,J07BX04,,,,,,,,,,,,,,,,,,
drug_respiratory_syncytial_virus_vaccines,respiratory syncytial virus vaccines,,J07BX05,,,,,,,,,,,,,,,,,,
drug_enterovirus_71_vaccines,enterovirus 71 vaccines,,J07BX06,,,,,,,,,,,,,,,,,,
drug_diphtheria_poliomyelitis_tetanus,diphtheria-poliomyelitis-tetanus,,J07CA01,,,,,,,,,,,,,,,,,,
drug_diphtheria_pertussis_poliomyelitis_tetanus,diphtheria-pertussis-poliomyelitis-tetanus,,J07CA02,,,,,,,,,,,,,,,,,,
drug_diphtheria_rubella_tetanus,diphtheria-rubella-tetanus,,J07CA03,,,,,,,,,,,,,,,,,,
drug_haemophilus_influenzae_b_and_poliomyelitis,haemophilus influenzae B and poliomyelitis,,J07CA04,,,,,,,,,,,,,,,,,,
drug_diphtheria_hepatitis_b_pertussis_tetanus,diphtheria-hepatitis B-pertussis-tetanus,,J07CA05,,,,,,,,,,,,,,,,,,
drug_diphtheria_haemophilus_influenzae_b_pertussis_poliomyelitis_tetanus,diphtheria-haemophilus influenzae B-pertussis-poliomyelitis-tetanus,,J07CA06,,,,,,,,,,,,,,,,,,
drug_diphtheria_hepatitis_b_tetanus,diphtheria-hepatitis B-tetanus,,J07CA07,,,,,,,,,,,,,,,,,,
drug_haemophilus_influenzae_b_and_hepatitis_b,haemophilus influenzae B and hepatitis B,,J07CA08,,,,,,,,,,,,,,,,,,
drug_diphtheria_haemophilus_influenzae_b_pertussis_poliomyelitis_tetanus_hepatitis_b,diphtheria-haemophilus influenzae B-pertussis-poliomyelitis-tetanus-hepatitis B,,J07CA09,,,,,,,,,,,,,,,,,,
drug_typhoid_hepatitis_a,typhoid-hepatitis A,,J07CA10,,,,,,,,,,,,,,,,,,
drug_diphtheria_haemophilus_influenzae_b_pertussis_tetanus_hepatitis_b,diphtheria-haemophilus influenzae B-pertussis-tetanus-hepatitis B,,J07CA11,,,,,,,,,,,,,,,,,,
drug_diphtheria_pertussis_poliomyelitis_tetanus_hepatitis_b,diphtheria-pertussis-poliomyelitis-tetanus-hepatitis B,,J07CA12,,,,,,,,,,,,,,,,,,
drug_diphtheria_haemophilus_influenzae_b_pertussis_tetanus_hepatitis_b_meningococcus_a_c,diphtheria-haemophilus influenzae B-pertussis-tetanus-hepatitis B-meningococcus A + C,,J07CA13,,,,,,,,,,,,,,,,,,
drug_malaria_vaccines,malaria vaccines,,J07XA01,,,,,,,,,,,,,,,,,,
drug_cyclophosphamide,cyclophosphamide,,L01AA01,,,,,,,,,,,,,,,,,,
drug_chlorambucil,chlorambucil,,L01AA02,,,,,,,,,,,,,,,,,,
drug_melphalan,melphalan,,L01AA03,,,,,,,,,,,,,,,,,,
drug_chlormethine,chlormethine,,L01AA05,,,,,,,,,,,,,,,,,,
drug_ifosfamide,ifosfamide,,L01AA06,,,,,,,,,,,,,,,,,,
drug_trofosfamide,trofosfamide,,L01AA07,,,,,,,,,,,,,,,,,,
drug_prednimustine,prednimustine,,L01AA08,,,,,,,,,,,,,,,,,,
drug_bendamustine,bendamustine,,L01AA09,,,,,,,,,,,,,,,,,,
drug_melphalan_flufenamide,melphalan flufenamide,,L01AA10,,,,,,,,,,,,,,,,,,
drug_busulfan,busulfan,,L01AB01,,,,,,,,,,,,,,,,,,
drug_treosulfan,treosulfan,,L01AB02,,,,,,,,,,,,,,,,,,
drug_mannosulfan,mannosulfan,,L01AB03,,,,,,,,,,,,,,,,,,
drug_thiotepa,thiotepa,,L01AC01,,,,,,,,,,,,,,,,,,
drug_triaziquone,triaziquone,,L01AC02,,,,,,,,,,,,,,,,,,
drug_carboquone,carboquone,,L01AC03,,,,,,,,,,,,,,,,,,
drug_carmustine,carmustine,,L01AD01,,,,,,,,,,,,,,,,,,
drug_lomustine,lomustine,,L01AD02,,,,,,,,,,,,,,,,,,
drug_semustine,semustine,,L01AD03,,,,,,,,,,,,,,,,,,
drug_streptozocin,streptozocin,,L01AD04,,,,,,,,,,,,,,,,,,
drug_fotemustine,fotemustine,,L01AD05,,,,,,,,,,,,,,,,,,
drug_nimustine,nimustine,,L01AD06,,,,,,,,,,,,,,,,,,
drug_ranimustine,ranimustine,,L01AD07,,,,,,,,,,,,,,,,,,
drug_uramustine,uramustine,,L01AD08,,,,,,,,,,,,,,,,,,
drug_etoglucid,etoglucid,,L01AG01,,,,,,,,,,,,,,,,,,
drug_mitobronitol,mitobronitol,,L01AX01,,,,,,,,,,,,,,,,,,
drug_pipobroman,pipobroman,,L01AX02,,,,,,,,,,,,,,,,,,
drug_temozolomide,temozolomide,,L01AX03,,,,,,,,,,,,,,,,,,
drug_dacarbazine,dacarbazine,,L01AX04,,,,,,,,,,,,,,,,,,
drug_methotrexate,methotrexate,,L01BA01,L04AX03,,,,,,,,,,,,,,,,,
drug_raltitrexed,raltitrexed,,L01BA03,,,,,,,,,,,,,,,,,,
drug_pemetrexed,pemetrexed,,L01BA04,,,,,,,,,,,,,,,,,,
drug_pralatrexate,pralatrexate,,L01BA05,,,,,,,,,,,,,,,,,,
drug_mercaptopurine,mercaptopurine,,L01BB02,,,,,,,,,,,,,,,,,,
drug_tioguanine,tioguanine,,L01BB03,,,,,,,,,,,,,,,,,,
drug_cladribine,cladribine,,L01BB04,L04AA40,,,,,,,,,,,,,,,,,
drug_fludarabine,fludarabine,,L01BB05,,,,,,,,,,,,,,,,,,
drug_clofarabine,clofarabine,,L01BB06,,,,,,,,,,,,,,,,,,
drug_nelarabine,nelarabine,,L01BB07,,,,,,,,,,,,,,,,,,
drug_cytarabine,cytarabine,,L01BC01,,,,,,,,,,,,,,,,,,
drug_fluorouracil,fluorouracil,,L01BC02,,,,,,,,,,,,,,,,,,
drug_tegafur,tegafur,,L01BC03,,,,,,,,,,,,,,,,,,
drug_carmofur,carmofur,,L01BC04,,,,,,,,,,,,,,,,,,
drug_gemcitabine,gemcitabine,,L01BC05,,,,,,,,,,,,,,,,,,
drug_capecitabine,capecitabine,,L01BC06,,,,,,,,,,,,,,,,,,
drug_azacitidine,azacitidine,,L01BC07,,,,,,,,,,,,,,,,,,
drug_decitabine,decitabine,,L01BC08,,,,,,,,,,,,,,,,,,
drug_floxuridine,floxuridine,,L01BC09,,,,,,,,,,,,,,,,,,
drug_fluorouracil_combinations,"fluorouracil, combinations",,L01BC52,,,,,,,,,,,,,,,,,,
drug_tegafur_combinations,"tegafur, combinations",,L01BC53,,,,,,,,,,,,,,,,,,
drug_decitabine_combinations,"decitabine, combinations",,L01BC58,,,,,,,,,,,,,,,,,,
drug_trifluridine_combinations,"trifluridine, combinations",,L01BC59,,,,,,,,,,,,,,,,,,
drug_vinblastine,vinblastine,,L01CA01,,,,,,,,,,,,,,,,,,
drug_vincristine,vincristine,,L01CA02,,,,,,,,,,,,,,,,,,
drug_vindesine,vindesine,,L01CA03,,,,,,,,,,,,,,,,,,
drug_vinorelbine,vinorelbine,,L01CA04,,,,,,,,,,,,,,,,,,
drug_vinflunine,vinflunine,,L01CA05,,,,,,,,,,,,,,,,,,
drug_vintafolide,vintafolide,,L01CA06,,,,,,,,,,,,,,,,,,
drug_etoposide,etoposide,,L01CB01,,,,,,,,,,,,,,,,,,
drug_teniposide,teniposide,,L01CB02,,,,,,,,,,,,,,,,,,
drug_demecolcine,demecolcine,,L01CC01,,,,,,,,,,,,,,,,,,
drug_paclitaxel,paclitaxel,,L01CD01,,,,,,,,,,,,,,,,,,
drug_docetaxel,docetaxel,,L01CD02,,,,,,,,,,,,,,,,,,
drug_paclitaxel_poliglumex,paclitaxel poliglumex,,L01CD03,,,,,,,,,,,,,,,,,,
drug_cabazitaxel,cabazitaxel,,L01CD04,,,,,,,,,,,,,,,,,,
drug_paclitaxel_and_encequidar,paclitaxel and encequidar,,L01CD51,,,,,,,,,,,,,,,,,,
drug_topotecan,topotecan,,L01CE01,,,,,,,,,,,,,,,,,,
drug_irinotecan,irinotecan,,L01CE02,,,,,,,,,,,,,,,,,,
drug_etirinotecan_pegol,etirinotecan pegol,,L01CE03,,,,,,,,,,,,,,,,,,
drug_belotecan,belotecan,,L01CE04,,,,,,,,,,,,,,,,,,
drug_trabectedin,trabectedin,,L01CX01,,,,,,,,,,,,,,,,,,
drug_dactinomycin,dactinomycin,,L01DA01,,,,,,,,,,,,,,,,,,
drug_doxorubicin,doxorubicin,,L01DB01,,,,,,,,,,,,,,,,,,
drug_daunorubicin,daunorubicin,,L01DB02,,,,,,,,,,,,,,,,,,
drug_epirubicin,epirubicin,,L01DB03,,,,,,,,,,,,,,,,,,
drug_aclarubicin,aclarubicin,,L01DB04,,,,,,,,,,,,,,,,,,
drug_zorubicin,zorubicin,,L01DB05,,,,,,,,,,,,,,,,,,
drug_idarubicin,idarubicin,,L01DB06,,,,,,,,,,,,,,,,,,
drug_mitoxantrone,mitoxantrone,,L01DB07,,,,,,,,,,,,,,,,,,
drug_pirarubicin,pirarubicin,,L01DB08,,,,,,,,,,,,,,,,,,
drug_valrubicin,valrubicin,,L01DB09,,,,,,,,,,,,,,,,,,
drug_amrubicin,amrubicin,,L01DB10,,,,,,,,,,,,,,,,,,
drug_pixantrone,pixantrone,,L01DB11,,,,,,,,,,,,,,,,,,
drug_bleomycin,bleomycin,,L01DC01,,,,,,,,,,,,,,,,,,
drug_plicamycin,plicamycin,,L01DC02,,,,,,,,,,,,,,,,,,
drug_mitomycin,mitomycin,,L01DC03,,,,,,,,,,,,,,,,,,
drug_ixabepilone,ixabepilone,,L01DC04,,,,,,,,,,,,,,,,,,
drug_imatinib,imatinib,,L01EA01,,,,,,,,,,,,,,,,,,
drug_dasatinib,dasatinib,,L01EA02,,,,,,,,,,,,,,,,,,
drug_nilotinib,nilotinib,,L01EA03,,,,,,,,,,,,,,,,,,
drug_bosutinib,bosutinib,,L01EA04,,,,,,,,,,,,,,,,,,
drug_ponatinib,ponatinib,,L01EA05,,,,,,,,,,,,,,,,,,
drug_asciminib,asciminib,,L01EA06,,,,,,,,,,,,,,,,,,
drug_gefitinib,gefitinib,,L01EB01,,,,,,,,,,,,,,,,,,
drug_erlotinib,erlotinib,,L01EB02,,,,,,,,,,,,,,,,,,
drug_afatinib,afatinib,,L01EB03,,,,,,,,,,,,,,,,,,
drug_osimertinib,osimertinib,,L01EB04,,,,,,,,,,,,,,,,,,
drug_rociletinib,rociletinib,,L01EB05,,,,,,,,,,,,,,,,,,
drug_olmutinib,olmutinib,,L01EB06,,,,,,,,,,,,,,,,,,
drug_dacomitinib,dacomitinib,,L01EB07,,,,,,,,,,,,,,,,,,
drug_icotinib,icotinib,,L01EB08,,,,,,,,,,,,,,,,,,
drug_lazertinib,lazertinib,,L01EB09,,,,,,,,,,,,,,,,,,
drug_mobocertinib,mobocertinib,,L01EB10,,,,,,,,,,,,,,,,,,
drug_aumolertinib,aumolertinib,,L01EB11,,,,,,,,,,,,,,,,,,
drug_vemurafenib,vemurafenib,,L01EC01,,,,,,,,,,,,,,,,,,
drug_dabrafenib,dabrafenib,,L01EC02,,,,,,,,,,,,,,,,,,
drug_encorafenib,encorafenib,,L01EC03,,,,,,,,,,,,,,,,,,
drug_crizotinib,crizotinib,,L01ED01,,,,,,,,,,,,,,,,,,
drug_ceritinib,ceritinib,,L01ED02,,,,,,,,,,,,,,,,,,
drug_alectinib,alectinib,,L01ED03,,,,,,,,,,,,,,,,,,
drug_brigatinib,brigatinib,,L01ED04,,,,,,,,,,,,,,,,,,
drug_lorlatinib,lorlatinib,,L01ED05,,,,,,,,,,,,,,,,,,
drug_trametinib,trametinib,,L01EE01,,,,,,,,,,,,,,,,,,
drug_cobimetinib,cobimetinib,,L01EE02,,,,,,,,,,,,,,,,,,
drug_binimetinib,binimetinib,,L01EE03,,,,,,,,,,,,,,,,,,
drug_selumetinib,selumetinib,,L01EE04,,,,,,,,,,,,,,,,,,
drug_palbociclib,palbociclib,,L01EF01,,,,,,,,,,,,,,,,,,
drug_ribociclib,ribociclib,,L01EF02,,,,,,,,,,,,,,,,,,
drug_abemaciclib,abemaciclib,,L01EF03,,,,,,,,,,,,,,,,,,
drug_temsirolimus,temsirolimus,,L01EG01,,,,,,,,,,,,,,,,,,
drug_everolimus,everolimus,,L01EG02,L04AH02,,,,,,,,,,,,,,,,,
drug_ridaforolimus,ridaforolimus,,L01EG03,,,,,,,,,,,,,,,,,,
drug_sirolimus,sirolimus,,L01EG04,L04AH01;S01XA23,,,,,,,,,,,,,,,,,
drug_lapatinib,lapatinib,,L01EH01,,,,,,,,,,,,,,,,,,
drug_neratinib,neratinib,,L01EH02,,,,,,,,,,,,,,,,,,
drug_tucatinib,tucatinib,,L01EH03,,,,,,,,,,,,,,,,,,
drug_fedratinib,fedratinib,,L01EJ02,,,,,,,,,,,,,,,,,,
drug_pacritinib,pacritinib,,L01EJ03,,,,,,,,,,,,,,,,,,
drug_momelotinib,momelotinib,,L01EJ04,,,,,,,,,,,,,,,,,,
drug_axitinib,axitinib,,L01EK01,,,,,,,,,,,,,,,,,,
drug_cediranib,cediranib,,L01EK02,,,,,,,,,,,,,,,,,,
drug_tivozanib,tivozanib,,L01EK03,,,,,,,,,,,,,,,,,,
drug_fruquintinib,fruquintinib,,L01EK04,,,,,,,,,,,,,,,,,,
drug_ibrutinib,ibrutinib,,L01EL01,,,,,,,,,,,,,,,,,,
drug_acalabrutinib,acalabrutinib,,L01EL02,,,,,,,,,,,,,,,,,,
drug_zanubrutinib,zanubrutinib,,L01EL03,,,,,,,,,,,,,,,,,,
drug_orelabrutinib,orelabrutinib,,L01EL04,,,,,,,,,,,,,,,,,,
drug_pirtobrutinib,pirtobrutinib,,L01EL05,,,,,,,,,,,,,,,,,,
drug_idelalisib,idelalisib,,L01EM01,,,,,,,,,,,,,,,,,,
drug_copanlisib,copanlisib,,L01EM02,,,,,,,,,,,,,,,,,,
drug_alpelisib,alpelisib,,L01EM03,,,,,,,,,,,,,,,,,,
drug_duvelisib,duvelisib,,L01EM04,,,,,,,,,,,,,,,,,,
drug_parsaclisib,parsaclisib,,L01EM05,,,,,,,,,,,,,,,,,,
drug_erdafitinib,erdafitinib,,L01EN01,,,,,,,,,,,,,,,,,,
drug_pemigatinib,pemigatinib,,L01EN02,,,,,,,,,,,,,,,,,,
drug_infigratinib,infigratinib,,L01EN03,,,,,,,,,,,,,,,,,,
drug_futibatinib,futibatinib,,L01EN04,,,,,,,,,,,,,,,,,,
drug_sunitinib,sunitinib,,L01EX01,,,,,,,,,,,,,,,,,,
drug_sorafenib,sorafenib,,L01EX02,,,,,,,,,,,,,,,,,,
drug_pazopanib,pazopanib,,L01EX03,,,,,,,,,,,,,,,,,,
drug_vandetanib,vandetanib,,L01EX04,,,,,,,,,,,,,,,,,,
drug_regorafenib,regorafenib,,L01EX05,,,,,,,,,,,,,,,,,,
drug_masitinib,masitinib,,L01EX06,,,,,,,,,,,,,,,,,,
drug_cabozantinib,cabozantinib,,L01EX07,,,,,,,,,,,,,,,,,,
drug_lenvatinib,lenvatinib,,L01EX08,,,,,,,,,,,,,,,,,,
drug_nintedanib,nintedanib,,L01EX09,,,,,,,,,,,,,,,,,,
drug_midostaurin,midostaurin,,L01EX10,,,,,,,,,,,,,,,,,,
drug_quizartinib,quizartinib,,L01EX11,,,,,,,,,,,,,,,,,,
drug_larotrectinib,larotrectinib,,L01EX12,,,,,,,,,,,,,,,,,,
drug_gilteritinib,gilteritinib,,L01EX13,,,,,,,,,,,,,,,,,,
drug_entrectinib,entrectinib,,L01EX14,,,,,,,,,,,,,,,,,,
drug_pexidartinib,pexidartinib,,L01EX15,,,,,,,,,,,,,,,,,,
drug_capmatinib,capmatinib,,L01EX17,,,,,,,,,,,,,,,,,,
drug_avapritinib,avapritinib,,L01EX18,,,,,,,,,,,,,,,,,,
drug_ripretinib,ripretinib,,L01EX19,,,,,,,,,,,,,,,,,,
drug_tepotinib,tepotinib,,L01EX21,,,,,,,,,,,,,,,,,,
drug_selpercatinib,selpercatinib,,L01EX22,,,,,,,,,,,,,,,,,,
drug_pralsetinib,pralsetinib,,L01EX23,,,,,,,,,,,,,,,,,,
drug_surufatinib,surufatinib,,L01EX24,,,,,,,,,,,,,,,,,,
drug_umbralisib,umbralisib,,L01EX25,,,,,,,,,,,,,,,,,,
drug_sitravatinib,sitravatinib,,L01EX26,,,,,,,,,,,,,,,,,,
drug_capivasertib,capivasertib,,L01EX27,,,,,,,,,,,,,,,,,,
drug_rituximab,rituximab,,L01FA01,,,,,,,,,,,,,,,,,,
drug_ofatumumab,ofatumumab,,L01FA02,L04AG12,,,,,,,,,,,,,,,,,
drug_obinutuzumab,obinutuzumab,,L01FA03,,,,,,,,,,,,,,,,,,
drug_inotuzumab_ozogamicin,inotuzumab ozogamicin,,L01FB01,,,,,,,,,,,,,,,,,,
drug_moxetumomab_pasudotox,moxetumomab pasudotox,,L01FB02,,,,,,,,,,,,,,,,,,
drug_daratumumab,daratumumab,,L01FC01,,,,,,,,,,,,,,,,,,
drug_isatuximab,isatuximab,,L01FC02,,,,,,,,,,,,,,,,,,
drug_trastuzumab,trastuzumab,,L01FD01,,,,,,,,,,,,,,,,,,
drug_pertuzumab,pertuzumab,,L01FD02,,,,,,,,,,,,,,,,,,
drug_trastuzumab_emtansine,trastuzumab emtansine,,L01FD03,,,,,,,,,,,,,,,,,,
drug_trastuzumab_deruxtecan,trastuzumab deruxtecan,,L01FD04,,,,,,,,,,,,,,,,,,
drug_trastuzumab_duocarmazine,trastuzumab duocarmazine,,L01FD05,,,,,,,,,,,,,,,,,,
drug_margetuximab,margetuximab,,L01FD06,,,,,,,,,,,,,,,,,,
drug_cetuximab,cetuximab,,L01FE01,,,,,,,,,,,,,,,,,,
drug_panitumumab,panitumumab,,L01FE02,,,,,,,,,,,,,,,,,,
drug_necitumumab,necitumumab,,L01FE03,,,,,,,,,,,,,,,,,,
drug_nivolumab,nivolumab,,L01FF01,,,,,,,,,,,,,,,,,,
drug_pembrolizumab,pembrolizumab,,L01FF02,,,,,,,,,,,,,,,,,,
drug_durvalumab,durvalumab,,L01FF03,,,,,,,,,,,,,,,,,,
drug_avelumab,avelumab,,L01FF04,,,,,,,,,,,,,,,,,,
drug_atezolizumab,atezolizumab,,L01FF05,,,,,,,,,,,,,,,,,,
drug_cemiplimab,cemiplimab,,L01FF06,,,,,,,,,,,,,,,,,,
drug_dostarlimab,dostarlimab,,L01FF07,,,,,,,,,,,,,,,,,,
drug_prolgolimab,prolgolimab,,L01FF08,,,,,,,,,,,,,,,,,,
drug_tislelizumab,tislelizumab,,L01FF09,,,,,,,,,,,,,,,,,,
drug_retifanlimab,retifanlimab,,L01FF10,,,,,,,,,,,,,,,,,,
drug_sugemalimab,sugemalimab,,L01FF11,,,,,,,,,,,,,,,,,,
drug_serplulimab,serplulimab,,L01FF12,,,,,,,,,,,,,,,,,,
drug_toripalimab,toripalimab,,L01FF13,,,,,,,,,,,,,,,,,,
drug_bevacizumab,bevacizumab,,L01FG01,S01LA08,,,,,,,,,,,,,,,,,
drug_ramucirumab,ramucirumab,,L01FG02,,,,,,,,,,,,,,,,,,
drug_edrecolomab,edrecolomab,,L01FX01,,,,,,,,,,,,,,,,,,
drug_gemtuzumab_ozogamicin,gemtuzumab ozogamicin,,L01FX02,,,,,,,,,,,,,,,,,,
drug_catumaxomab,catumaxomab,,L01FX03,,,,,,,,,,,,,,,,,,
drug_ipilimumab,ipilimumab,,L01FX04,,,,,,,,,,,,,,,,,,
drug_brentuximab_vedotin,brentuximab vedotin,,L01FX05,,,,,,,,,,,,,,,,,,
drug_dinutuximab_beta,dinutuximab beta,,L01FX06,,,,,,,,,,,,,,,,,,
drug_blinatumomab,blinatumomab,,L01FX07,,,,,,,,,,,,,,,,,,
drug_elotuzumab,elotuzumab,,L01FX08,,,,,,,,,,,,,,,,,,
drug_mogamulizumab,mogamulizumab,,L01FX09,,,,,,,,,,,,,,,,,,
drug_olaratumab,olaratumab,,L01FX10,,,,,,,,,,,,,,,,,,
drug_bermekimab,bermekimab,,L01FX11,,,,,,,,,,,,,,,,,,
drug_tafasitamab,tafasitamab,,L01FX12,,,,,,,,,,,,,,,,,,
drug_enfortumab_vedotin,enfortumab vedotin,,L01FX13,,,,,,,,,,,,,,,,,,
drug_polatuzumab_vedotin,polatuzumab vedotin,,L01FX14,,,,,,,,,,,,,,,,,,
drug_belantamab_mafodotin,belantamab mafodotin,,L01FX15,,,,,,,,,,,,,,,,,,
drug_oportuzumab_monatox,oportuzumab monatox,,L01FX16,,,,,,,,,,,,,,,,,,
drug_sacituzumab_govitecan,sacituzumab govitecan,,L01FX17,,,,,,,,,,,,,,,,,,
drug_amivantamab,amivantamab,,L01FX18,,,,,,,,,,,,,,,,,,
drug_sabatolimab,sabatolimab,,L01FX19,,,,,,,,,,,,,,,,,,
drug_tremelimumab,tremelimumab,,L01FX20,,,,,,,,,,,,,,,,,,
drug_naxitamab,naxitamab,,L01FX21,,,,,,,,,,,,,,,,,,
drug_loncastuximab_tesirine,loncastuximab tesirine,,L01FX22,,,,,,,,,,,,,,,,,,
drug_tisotumab_vedotin,tisotumab vedotin,,L01FX23,,,,,,,,,,,,,,,,,,
drug_teclistamab,teclistamab,,L01FX24,,,,,,,,,,,,,,,,,,
drug_mosunetuzumab,mosunetuzumab,,L01FX25,,,,,,,,,,,,,,,,,,
drug_mirvetuximab_soravtansine,mirvetuximab soravtansine,,L01FX26,,,,,,,,,,,,,,,,,,
drug_epcoritamab,epcoritamab,,L01FX27,,,,,,,,,,,,,,,,,,
drug_glofitamab,glofitamab,,L01FX28,,,,,,,,,,,,,,,,,,
drug_talquetamab,talquetamab,,L01FX29,,,,,,,,,,,,,,,,,,
drug_pertuzumab_and_trastuzumab,pertuzumab and trastuzumab,,L01FY01,,,,,,,,,,,,,,,,,,
drug_nivolumab_and_relatlimab,nivolumab and relatlimab,,L01FY02,,,,,,,,,,,,,,,,,,
drug_prolgolimab_and_nurulimab,prolgolimab and nurulimab,,L01FY03,,,,,,,,,,,,,,,,,,
drug_cisplatin,cisplatin,,L01XA01,,,,,,,,,,,,,,,,,,
drug_carboplatin,carboplatin,,L01XA02,,,,,,,,,,,,,,,,,,
drug_oxaliplatin,oxaliplatin,,L01XA03,,,,,,,,,,,,,,,,,,
drug_satraplatin,satraplatin,,L01XA04,,,,,,,,,,,,,,,,,,
drug_polyplatillen,polyplatillen,,L01XA05,,,,,,,,,,,,,,,,,,
drug_procarbazine,procarbazine,,L01XB01,,,,,,,,,,,,,,,,,,
drug_porfimer_sodium,porfimer sodium,,L01XD01,,,,,,,,,,,,,,,,,,
drug_methyl_aminolevulinate,methyl aminolevulinate,,L01XD03,,,,,,,,,,,,,,,,,,
drug_aminolevulinic_acid,aminolevulinic acid,,L01XD04,,,,,,,,,,,,,,,,,,
drug_temoporfin,temoporfin,,L01XD05,,,,,,,,,,,,,,,,,,
drug_efaproxiral,efaproxiral,,L01XD06,,,,,,,,,,,,,,,,,,
drug_padeliporfin,padeliporfin,,L01XD07,,,,,,,,,,,,,,,,,,
drug_bexarotene,bexarotene,,L01XF03,,,,,,,,,,,,,,,,,,
drug_bortezomib,bortezomib,,L01XG01,,,,,,,,,,,,,,,,,,
drug_carfilzomib,carfilzomib,,L01XG02,,,,,,,,,,,,,,,,,,
drug_ixazomib,ixazomib,,L01XG03,,,,,,,,,,,,,,,,,,
drug_vorinostat,vorinostat,,L01XH01,,,,,,,,,,,,,,,,,,
drug_romidepsin,romidepsin,,L01XH02,,,,,,,,,,,,,,,,,,
drug_panobinostat,panobinostat,,L01XH03,,,,,,,,,,,,,,,,,,
drug_belinostat,belinostat,,L01XH04,,,,,,,,,,,,,,,,,,
drug_entinostat,entinostat,,L01XH05,,,,,,,,,,,,,,,,,,
drug_vismodegib,vismodegib,,L01XJ01,,,,,,,,,,,,,,,,,,
drug_sonidegib,sonidegib,,L01XJ02,,,,,,,,,,,,,,,,,,
drug_glasdegib,glasdegib,,L01XJ03,,,,,,,,,,,,,,,,,,
drug_olaparib,olaparib,,L01XK01,,,,,,,,,,,,,,,,,,
drug_niraparib,niraparib,,L01XK02,,,,,,,,,,,,,,,,,,
drug_rucaparib,rucaparib,,L01XK03,,,,,,,,,,,,,,,,,,
drug_talazoparib,talazoparib,,L01XK04,,,,,,,,,,,,,,,,,,
drug_veliparib,veliparib,,L01XK05,,,,,,,,,,,,,,,,,,
drug_pamiparib,pamiparib,,L01XK06,,,,,,,,,,,,,,,,,,
drug_niraparib_and_abiraterone,niraparib and abiraterone,,L01XK52,,,,,,,,,,,,,,,,,,
drug_sitimagene_ceradenovec,sitimagene ceradenovec,,L01XL01,,,,,,,,,,,,,,,,,,
drug_talimogene_laherparepvec,talimogene laherparepvec,,L01XL02,,,,,,,,,,,,,,,,,,
drug_axicabtagene_ciloleucel,axicabtagene ciloleucel,,L01XL03,,,,,,,,,,,,,,,,,,
drug_tisagenlecleucel,tisagenlecleucel,,L01XL04,,,,,,,,,,,,,,,,,,
drug_ciltacabtagene_autoleucel,ciltacabtagene autoleucel,,L01XL05,,,,,,,,,,,,,,,,,,
drug_brexucabtagene_autoleucel,brexucabtagene autoleucel,,L01XL06,,,,,,,,,,,,,,,,,,
drug_idecabtagene_vicleucel,idecabtagene vicleucel,,L01XL07,,,,,,,,,,,,,,,,,,
drug_lisocabtagene_maraleucel,lisocabtagene maraleucel,,L01XL08,,,,,,,,,,,,,,,,,,
drug_tabelecleucel,tabelecleucel,,L01XL09,,,,,,,,,,,,,,,,,,
drug_nadofaragene_firadenovec,nadofaragene firadenovec,,L01XL10,,,,,,,,,,,,,,,,,,
drug_lifileucel,lifileucel,,L01XL11,,,,,,,,,,,,,,,,,,
drug_amsacrine,amsacrine,,L01XX01,,,,,,,,,,,,,,,,,,
drug_asparaginase,asparaginase,,L01XX02,,,,,,,,,,,,,,,,,,
drug_altretamine,altretamine,,L01XX03,,,,,,,,,,,,,,,,,,
drug_hydroxycarbamide,hydroxycarbamide,,L01XX05,,,,,,,,,,,,,,,,,,
drug_lonidamine,lonidamine,,L01XX07,,,,,,,,,,,,,,,,,,
drug_pentostatin,pentostatin,,L01XX08,,,,,,,,,,,,,,,,,,
drug_masoprocol,masoprocol,,L01XX10,,,,,,,,,,,,,,,,,,
drug_estramustine,estramustine,,L01XX11,,,,,,,,,,,,,,,,,,
drug_mitoguazone,mitoguazone,,L01XX16,,,,,,,,,,,,,,,,,,
drug_tiazofurine,tiazofurine,,L01XX18,,,,,,,,,,,,,,,,,,
drug_mitotane,mitotane,,L01XX23,,,,,,,,,,,,,,,,,,
drug_pegaspargase,pegaspargase,,L01XX24,,,,,,,,,,,,,,,,,,
drug_arsenic_trioxide,arsenic trioxide,,L01XX27,,,,,,,,,,,,,,,,,,
drug_denileukin_diftitox,denileukin diftitox,,L01XX29,,,,,,,,,,,,,,,,,,
drug_celecoxib,celecoxib,,L01XX33,M01AH01,,,,,,,,,,,,,,,,,
drug_anagrelide,anagrelide,,L01XX35,,,,,,,,,,,,,,,,,,
drug_oblimersen,oblimersen,,L01XX36,,,,,,,,,,,,,,,,,,
drug_omacetaxine_mepesuccinate,omacetaxine mepesuccinate,,L01XX40,,,,,,,,,,,,,,,,,,
drug_eribulin,eribulin,,L01XX41,,,,,,,,,,,,,,,,,,
drug_aflibercept,aflibercept,,L01XX44,S01LA05,,,,,,,,,,,,,,,,,
drug_venetoclax,venetoclax,,L01XX52,,,,,,,,,,,,,,,,,,
drug_vosaroxin,vosaroxin,,L01XX53,,,,,,,,,,,,,,,,,,
drug_plitidepsin,plitidepsin,,L01XX57,,,,,,,,,,,,,,,,,,
drug_epacadostat,epacadostat,,L01XX58,,,,,,,,,,,,,,,,,,
drug_enasidenib,enasidenib,,L01XX59,,,,,,,,,,,,,,,,,,
drug_ivosidenib,ivosidenib,,L01XX62,,,,,,,,,,,,,,,,,,
drug_selinexor,selinexor,,L01XX66,,,,,,,,,,,,,,,,,,
drug_tagraxofusp,tagraxofusp,,L01XX67,,,,,,,,,,,,,,,,,,
drug_lurbinectedin,lurbinectedin,,L01XX69,,,,,,,,,,,,,,,,,,
drug_tazemetostat,tazemetostat,,L01XX72,,,,,,,,,,,,,,,,,,
drug_sotorasib,sotorasib,,L01XX73,,,,,,,,,,,,,,,,,,
drug_belzutifan,belzutifan,,L01XX74,,,,,,,,,,,,,,,,,,
drug_tebentafusp,tebentafusp,,L01XX75,,,,,,,,,,,,,,,,,,
drug_adagrasib,adagrasib,,L01XX77,,,,,,,,,,,,,,,,,,
drug_navitoclax,navitoclax,,L01XX78,,,,,,,,,,,,,,,,,,
drug_imetelstat,imetelstat,,L01XX80,,,,,,,,,,,,,,,,,,
drug_cytarabine_and_daunorubicin,cytarabine and daunorubicin,,L01XY01,,,,,,,,,,,,,,,,,,
drug_polyestradiol_phosphate,polyestradiol phosphate,,L02AA02,,,,,,,,,,,,,,,,,,
drug_fosfestrol,fosfestrol,,L02AA04,,,,,,,,,,,,,,,,,,
drug_buserelin,buserelin,,L02AE01,,,,,,,,,,,,,,,,,,
drug_leuprorelin,leuprorelin,,L02AE02,,,,,,,,,,,,,,,,,,
drug_goserelin,goserelin,,L02AE03,,,,,,,,,,,,,,,,,,
drug_triptorelin,triptorelin,,L02AE04,,,,,,,,,,,,,,,,,,
drug_histrelin,histrelin,,L02AE05,,,,,,,,,,,,,,,,,,
drug_leuprorelin_and_bicalutamide,leuprorelin and bicalutamide,,L02AE51,,,,,,,,,,,,,,,,,,
drug_tamoxifen,tamoxifen,,L02BA01,,,,,,,,,,,,,,,,,,
drug_toremifene,toremifene,,L02BA02,,,,,,,,,,,,,,,,,,
drug_fulvestrant,fulvestrant,,L02BA03,,,,,,,,,,,,,,,,,,
drug_elacestrant,elacestrant,,L02BA04,,,,,,,,,,,,,,,,,,
drug_flutamide,flutamide,,L02BB01,,,,,,,,,,,,,,,,,,
drug_nilutamide,nilutamide,,L02BB02,,,,,,,,,,,,,,,,,,
drug_bicalutamide,bicalutamide,,L02BB03,,,,,,,,,,,,,,,,,,
drug_enzalutamide,enzalutamide,,L02BB04,,,,,,,,,,,,,,,,,,
drug_apalutamide,apalutamide,,L02BB05,,,,,,,,,,,,,,,,,,
drug_darolutamide,darolutamide,,L02BB06,,,,,,,,,,,,,,,,,,
drug_aminoglutethimide,aminoglutethimide,,L02BG01,,,,,,,,,,,,,,,,,,
drug_formestane,formestane,,L02BG02,,,,,,,,,,,,,,,,,,
drug_anastrozole,anastrozole,,L02BG03,,,,,,,,,,,,,,,,,,
drug_letrozole,letrozole,,L02BG04,,,,,,,,,,,,,,,,,,
drug_vorozole,vorozole,,L02BG05,,,,,,,,,,,,,,,,,,
drug_exemestane,exemestane,,L02BG06,,,,,,,,,,,,,,,,,,
drug_abarelix,abarelix,,L02BX01,,,,,,,,,,,,,,,,,,
drug_degarelix,degarelix,,L02BX02,,,,,,,,,,,,,,,,,,
drug_abiraterone,abiraterone,,L02BX03,,,,,,,,,,,,,,,,,,
drug_relugolix,relugolix,,L02BX04,,,,,,,,,,,,,,,,,,
drug_abiraterone_and_prednisolone,abiraterone and prednisolone,,L02BX53,,,,,,,,,,,,,,,,,,
drug_filgrastim,filgrastim,,L03AA02,,,,,,,,,,,,,,,,,,
drug_molgramostim,molgramostim,,L03AA03,,,,,,,,,,,,,,,,,,
drug_sargramostim,sargramostim,,L03AA09,,,,,,,,,,,,,,,,,,
drug_lenograstim,lenograstim,,L03AA10,,,,,,,,,,,,,,,,,,
drug_ancestim,ancestim,,L03AA12,,,,,,,,,,,,,,,,,,
drug_pegfilgrastim,pegfilgrastim,,L03AA13,,,,,,,,,,,,,,,,,,
drug_lipegfilgrastim,lipegfilgrastim,,L03AA14,,,,,,,,,,,,,,,,,,
drug_balugrastim,balugrastim,,L03AA15,,,,,,,,,,,,,,,,,,
drug_empegfilgrastim,empegfilgrastim,,L03AA16,,,,,,,,,,,,,,,,,,
drug_pegteograstim,pegteograstim,,L03AA17,,,,,,,,,,,,,,,,,,
drug_efbemalenograstim_alfa,efbemalenograstim alfa,,L03AA18,,,,,,,,,,,,,,,,,,
drug_eflapegrastim,eflapegrastim,,L03AA19,,,,,,,,,,,,,,,,,,
drug_interferon_alfa_natural,interferon alfa natural,,L03AB01,,,,,,,,,,,,,,,,,,
drug_interferon_beta_natural,interferon beta natural,,L03AB02,,,,,,,,,,,,,,,,,,
drug_interferon_gamma,interferon gamma,,L03AB03,,,,,,,,,,,,,,,,,,
drug_interferon_alfa_2a,interferon alfa-2a,,L03AB04,,,,,,,,,,,,,,,,,,
drug_interferon_alfa_2b,interferon alfa-2b,,L03AB05,,,,,,,,,,,,,,,,,,
drug_interferon_alfa_n1,interferon alfa-n1,,L03AB06,,,,,,,,,,,,,,,,,,
drug_interferon_beta_1a,interferon beta-1a,,L03AB07,,,,,,,,,,,,,,,,,,
drug_interferon_beta_1b,interferon beta-1b,,L03AB08,,,,,,,,,,,,,,,,,,
drug_interferon_alfacon_1,interferon alfacon-1,,L03AB09,,,,,,,,,,,,,,,,,,
drug_peginterferon_alfa_2b,peginterferon alfa-2b,,L03AB10,,,,,,,,,,,,,,,,,,
drug_peginterferon_alfa_2a,peginterferon alfa-2a,,L03AB11,,,,,,,,,,,,,,,,,,
drug_albinterferon_alfa_2b,albinterferon alfa-2b,,L03AB12,,,,,,,,,,,,,,,,,,
drug_peginterferon_beta_1a,peginterferon beta-1a,,L03AB13,,,,,,,,,,,,,,,,,,
drug_cepeginterferon_alfa_2b,cepeginterferon alfa-2b,,L03AB14,,,,,,,,,,,,,,,,,,
drug_ropeginterferon_alfa_2b,ropeginterferon alfa-2b,,L03AB15,,,,,,,,,,,,,,,,,,
drug_peginterferon_alfacon_2,peginterferon alfacon-2,,L03AB16,,,,,,,,,,,,,,,,,,
drug_sampeginterferon_beta_1a,sampeginterferon beta-1a,,L03AB17,,,,,,,,,,,,,,,,,,
drug_peginterferon_alfa_2b_combinations,"peginterferon alfa-2b, combinations",,L03AB60,,,,,,,,,,,,,,,,,,
drug_peginterferon_alfa_2a_combinations,"peginterferon alfa-2a, combinations",,L03AB61,,,,,,,,,,,,,,,,,,
drug_aldesleukin,aldesleukin,,L03AC01,,,,,,,,,,,,,,,,,,
drug_oprelvekin,oprelvekin,,L03AC02,,,,,,,,,,,,,,,,,,
drug_lentinan,lentinan,,L03AX01,,,,,,,,,,,,,,,,,,
drug_roquinimex,roquinimex,,L03AX02,,,,,,,,,,,,,,,,,,
drug_bcg_vaccine,BCG vaccine,,L03AX03,,,,,,,,,,,,,,,,,,
drug_pegademase,pegademase,,L03AX04,,,,,,,,,,,,,,,,,,
drug_pidotimod,pidotimod,,L03AX05,,,,,,,,,,,,,,,,,,
drug_poly_i_c,poly I:C,,L03AX07,,,,,,,,,,,,,,,,,,
drug_poly_iclc,poly ICLC,,L03AX08,,,,,,,,,,,,,,,,,,
drug_thymopentin,thymopentin,,L03AX09,,,,,,,,,,,,,,,,,,
drug_immunocyanin,immunocyanin,,L03AX10,,,,,,,,,,,,,,,,,,
drug_tasonermin,tasonermin,,L03AX11,,,,,,,,,,,,,,,,,,
drug_melanoma_vaccine,melanoma vaccine,,L03AX12,,,,,,,,,,,,,,,,,,
drug_glatiramer_acetate,glatiramer acetate,,L03AX13,,,,,,,,,,,,,,,,,,
drug_histamine_dihydrochloride,histamine dihydrochloride,,L03AX14,,,,,,,,,,,,,,,,,,
drug_mifamurtide,mifamurtide,,L03AX15,,,,,,,,,,,,,,,,,,
drug_plerixafor,plerixafor,,L03AX16,,,,,,,,,,,,,,,,,,
drug_sipuleucel_t,sipuleucel-T,,L03AX17,,,,,,,,,,,,,,,,,,
drug_cridanimod,cridanimod,,L03AX18,,,,,,,,,,,,,,,,,,
drug_dasiprotimut_t,dasiprotimut-T,,L03AX19,,,,,,,,,,,,,,,,,,
drug_elapegademase,elapegademase,,L03AX21,,,,,,,,,,,,,,,,,,
drug_leniolisib,leniolisib,,L03AX22,,,,,,,,,,,,,,,,,,
drug_antilymphocyte_immunoglobulin_horse,antilymphocyte immunoglobulin (horse),,L04AA03,,,,,,,,,,,,,,,,,,
drug_antithymocyte_immunoglobulin_rabbit,antithymocyte immunoglobulin (rabbit),,L04AA04,,,,,,,,,,,,,,,,,,
drug_mycophenolic_acid,mycophenolic acid,,L04AA06,,,,,,,,,,,,,,,,,,
drug_alefacept,alefacept,,L04AA15,,,,,,,,,,,,,,,,,,
drug_gusperimus,gusperimus,,L04AA19,,,,,,,,,,,,,,,,,,
drug_abetimus,abetimus,,L04AA22,,,,,,,,,,,,,,,,,,
drug_abatacept,abatacept,,L04AA24,,,,,,,,,,,,,,,,,,
drug_belatacept,belatacept,,L04AA28,,,,,,,,,,,,,,,,,,
drug_apremilast,apremilast,,L04AA32,,,,,,,,,,,,,,,,,,
drug_imlifidase,imlifidase,,L04AA41,,,,,,,,,,,,,,,,,,
drug_belumosudil,belumosudil,,L04AA48,,,,,,,,,,,,,,,,,,
drug_efgartigimod_alfa,efgartigimod alfa,,L04AA58,,,,,,,,,,,,,,,,,,
drug_etanercept,etanercept,,L04AB01,,,,,,,,,,,,,,,,,,
drug_infliximab,infliximab,,L04AB02,,,,,,,,,,,,,,,,,,
drug_afelimomab,afelimomab,,L04AB03,,,,,,,,,,,,,,,,,,
drug_adalimumab,adalimumab,,L04AB04,,,,,,,,,,,,,,,,,,
drug_certolizumab_pegol,certolizumab pegol,,L04AB05,,,,,,,,,,,,,,,,,,
drug_golimumab,golimumab,,L04AB06,,,,,,,,,,,,,,,,,,
drug_opinercept,opinercept,,L04AB07,,,,,,,,,,,,,,,,,,
drug_daclizumab,daclizumab,,L04AC01,,,,,,,,,,,,,,,,,,
drug_basiliximab,basiliximab,,L04AC02,,,,,,,,,,,,,,,,,,
drug_anakinra,anakinra,,L04AC03,,,,,,,,,,,,,,,,,,
drug_rilonacept,rilonacept,,L04AC04,,,,,,,,,,,,,,,,,,
drug_ustekinumab,ustekinumab,,L04AC05,,,,,,,,,,,,,,,,,,
drug_tocilizumab,tocilizumab,,L04AC07,,,,,,,,,,,,,,,,,,
drug_canakinumab,canakinumab,,L04AC08,,,,,,,,,,,,,,,,,,
drug_briakinumab,briakinumab,,L04AC09,,,,,,,,,,,,,,,,,,
drug_secukinumab,secukinumab,,L04AC10,,,,,,,,,,,,,,,,,,
drug_siltuximab,siltuximab,,L04AC11,,,,,,,,,,,,,,,,,,
drug_brodalumab,brodalumab,,L04AC12,,,,,,,,,,,,,,,,,,
drug_ixekizumab,ixekizumab,,L04AC13,,,,,,,,,,,,,,,,,,
drug_sarilumab,sarilumab,,L04AC14,,,,,,,,,,,,,,,,,,
drug_sirukumab,sirukumab,,L04AC15,,,,,,,,,,,,,,,,,,
drug_guselkumab,guselkumab,,L04AC16,,,,,,,,,,,,,,,,,,
drug_tildrakizumab,tildrakizumab,,L04AC17,,,,,,,,,,,,,,,,,,
drug_risankizumab,risankizumab,,L04AC18,,,,,,,,,,,,,,,,,,
drug_satralizumab,satralizumab,,L04AC19,,,,,,,,,,,,,,,,,,
drug_netakimab,netakimab,,L04AC20,,,,,,,,,,,,,,,,,,
drug_bimekizumab,bimekizumab,,L04AC21,,,,,,,,,,,,,,,,,,
drug_spesolimab,spesolimab,,L04AC22,,,,,,,,,,,,,,,,,,
drug_olokizumab,olokizumab,,L04AC23,,,,,,,,,,,,,,,,,,
drug_mirikizumab,mirikizumab,,L04AC24,,,,,,,,,,,,,,,,,,
drug_levilimab,levilimab,,L04AC25,,,,,,,,,,,,,,,,,,
drug_ciclosporin,ciclosporin,,L04AD01,S01XA18,,,,,,,,,,,,,,,,,
drug_voclosporin,voclosporin,,L04AD03,,,,,,,,,,,,,,,,,,
drug_fingolimod,fingolimod,,L04AE01,,,,,,,,,,,,,,,,,,
drug_ozanimod,ozanimod,,L04AE02,,,,,,,,,,,,,,,,,,
drug_siponimod,siponimod,,L04AE03,,,,,,,,,,,,,,,,,,
drug_ponesimod,ponesimod,,L04AE04,,,,,,,,,,,,,,,,,,
drug_etrasimod,etrasimod,,L04AE05,,,,,,,,,,,,,,,,,,
drug_tofacitinib,tofacitinib,,L04AF01,,,,,,,,,,,,,,,,,,
drug_baricitinib,baricitinib,,L04AF02,,,,,,,,,,,,,,,,,,
drug_upadacitinib,upadacitinib,,L04AF03,,,,,,,,,,,,,,,,,,
drug_filgotinib,filgotinib,,L04AF04,,,,,,,,,,,,,,,,,,
drug_itacitinib,itacitinib,,L04AF05,,,,,,,,,,,,,,,,,,
drug_peficitinib,peficitinib,,L04AF06,,,,,,,,,,,,,,,,,,
drug_deucravacitinib,deucravacitinib,,L04AF07,,,,,,,,,,,,,,,,,,
drug_ritlecitinib,ritlecitinib,,L04AF08,,,,,,,,,,,,,,,,,,
drug_muromonab_cd3,muromonab-CD3,,L04AG01,,,,,,,,,,,,,,,,,,
drug_efalizumab,efalizumab,,L04AG02,,,,,,,,,,,,,,,,,,
drug_natalizumab,natalizumab,,L04AG03,,,,,,,,,,,,,,,,,,
drug_belimumab,belimumab,,L04AG04,,,,,,,,,,,,,,,,,,
drug_vedolizumab,vedolizumab,,L04AG05,,,,,,,,,,,,,,,,,,
drug_alemtuzumab,alemtuzumab,,L04AG06,,,,,,,,,,,,,,,,,,
drug_begelomab,begelomab,,L04AG07,,,,,,,,,,,,,,,,,,
drug_ocrelizumab,ocrelizumab,,L04AG08,,,,,,,,,,,,,,,,,,
drug_emapalumab,emapalumab,,L04AG09,,,,,,,,,,,,,,,,,,
drug_inebilizumab,inebilizumab,,L04AG10,,,,,,,,,,,,,,,,,,
drug_anifrolumab,anifrolumab,,L04AG11,,,,,,,,,,,,,,,,,,
drug_teprotumumab,teprotumumab,,L04AG13,,,,,,,,,,,,,,,,,,
drug_ublituximab,ublituximab,,L04AG14,,,,,,,,,,,,,,,,,,
drug_divozilimab,divozilimab,,L04AG15,,,,,,,,,,,,,,,,,,
drug_rozanolixizumab,rozanolixizumab,,L04AG16,,,,,,,,,,,,,,,,,,
drug_eculizumab,eculizumab,,L04AJ01,,,,,,,,,,,,,,,,,,
drug_ravulizumab,ravulizumab,,L04AJ02,,,,,,,,,,,,,,,,,,
drug_pegcetacoplan,pegcetacoplan,,L04AJ03,S01XA31,,,,,,,,,,,,,,,,,
drug_sutimlimab,sutimlimab,,L04AJ04,,,,,,,,,,,,,,,,,,
drug_avacopan,avacopan,,L04AJ05,,,,,,,,,,,,,,,,,,
drug_zilucoplan,zilucoplan,,L04AJ06,,,,,,,,,,,,,,,,,,
drug_crovalimab,crovalimab,,L04AJ07,,,,,,,,,,,,,,,,,,
drug_iptacopan,iptacopan,,L04AJ08,,,,,,,,,,,,,,,,,,
drug_danicopan,danicopan,,L04AJ09,,,,,,,,,,,,,,,,,,
drug_leflunomide,leflunomide,,L04AK01,,,,,,,,,,,,,,,,,,
drug_teriflunomide,teriflunomide,,L04AK02,,,,,,,,,,,,,,,,,,
drug_azathioprine,azathioprine,,L04AX01,,,,,,,,,,,,,,,,,,
drug_thalidomide,thalidomide,,L04AX02,,,,,,,,,,,,,,,,,,
drug_lenalidomide,lenalidomide,,L04AX04,,,,,,,,,,,,,,,,,,
drug_pirfenidone,pirfenidone,,L04AX05,,,,,,,,,,,,,,,,,,
drug_pomalidomide,pomalidomide,,L04AX06,,,,,,,,,,,,,,,,,,
drug_dimethyl_fumarate,dimethyl fumarate,,L04AX07,,,,,,,,,,,,,,,,,,
drug_darvadstrocel,darvadstrocel,,L04AX08,,,,,,,,,,,,,,,,,,
drug_diroximel_fumarate,diroximel fumarate,,L04AX09,,,,,,,,,,,,,,,,,,
drug_phenylbutazone,phenylbutazone,,M01AA01,M02AA01,,,,,,,,,,,,,,,,,
drug_mofebutazone,mofebutazone,,M01AA02,M02AA02,,,,,,,,,,,,,,,,,
drug_oxyphenbutazone,oxyphenbutazone,,M01AA03,M02AA04;S01BC02,,,,,,,,,,,,,,,,,
drug_clofezone,clofezone,,M01AA05,M02AA03,,,,,,,,,,,,,,,,,
drug_kebuzone,kebuzone,,M01AA06,,,,,,,,,,,,,,,,,,
drug_sulindac,sulindac,,M01AB02,,,,,,,,,,,,,,,,,,
drug_tolmetin,tolmetin,,M01AB03,M02AA21,,,,,,,,,,,,,,,,,
drug_zomepirac,zomepirac,,M01AB04,,,,,,,,,,,,,,,,,,
drug_alclofenac,alclofenac,,M01AB06,,,,,,,,,,,,,,,,,,
drug_bumadizone,bumadizone,,M01AB07,,,,,,,,,,,,,,,,,,
drug_etodolac,etodolac,,M01AB08,,,,,,,,,,,,,,,,,,
drug_lonazolac,lonazolac,,M01AB09,,,,,,,,,,,,,,,,,,
drug_fentiazac,fentiazac,,M01AB10,M02AA14,,,,,,,,,,,,,,,,,
drug_acemetacin,acemetacin,,M01AB11,,,,,,,,,,,,,,,,,,
drug_difenpiramide,difenpiramide,,M01AB12,,,,,,,,,,,,,,,,,,
drug_oxametacin,oxametacin,,M01AB13,,,,,,,,,,,,,,,,,,
drug_proglumetacin,proglumetacin,,M01AB14,,,,,,,,,,,,,,,,,,
drug_ketorolac,ketorolac,,M01AB15,S01BC05,,,,,,,,,,,,,,,,,
drug_aceclofenac,aceclofenac,,M01AB16,M02AA25,,,,,,,,,,,,,,,,,
drug_bufexamac,bufexamac,,M01AB17,M02AA09,,,,,,,,,,,,,,,,,
drug_indometacin_combinations,"indometacin, combinations",,M01AB51,,,,,,,,,,,,,,,,,,
drug_diclofenac_combinations,"diclofenac, combinations",,M01AB55,,,,,,,,,,,,,,,,,,
drug_piroxicam,piroxicam,,M01AC01,M02AA07;S01BC06,,,,,,,,,,,,,,,,,
drug_tenoxicam,tenoxicam,,M01AC02,,,,,,,,,,,,,,,,,,
drug_droxicam,droxicam,,M01AC04,,,,,,,,,,,,,,,,,,
drug_lornoxicam,lornoxicam,,M01AC05,,,,,,,,,,,,,,,,,,
drug_meloxicam,meloxicam,,M01AC06,,,,,,,,,,,,,,,,,,
drug_meloxicam_combinations,"meloxicam, combinations",,M01AC56,,,,,,,,,,,,,,,,,,
drug_ketoprofen,ketoprofen,,M01AE03,M02AA10,,,,,,,,,,,,,,,,,
drug_fenoprofen,fenoprofen,,M01AE04,,,,,,,,,,,,,,,,,,
drug_fenbufen,fenbufen,,M01AE05,,,,,,,,,,,,,,,,,,
drug_benoxaprofen,benoxaprofen,,M01AE06,,,,,,,,,,,,,,,,,,
drug_suprofen,suprofen,,M01AE07,,,,,,,,,,,,,,,,,,
drug_pirprofen,pirprofen,,M01AE08,,,,,,,,,,,,,,,,,,
drug_flurbiprofen,flurbiprofen,,M01AE09,M02AA19;R02AX01;S01BC04,,,,,,,,,,,,,,,,,
drug_indoprofen,indoprofen,,M01AE10,,,,,,,,,,,,,,,,,,
drug_tiaprofenic_acid,tiaprofenic acid,,M01AE11,,,,,,,,,,,,,,,,,,
drug_oxaprozin,oxaprozin,,M01AE12,,,,,,,,,,,,,,,,,,
drug_ibuproxam,ibuproxam,,M01AE13,,,,,,,,,,,,,,,,,,
drug_dexibuprofen,dexibuprofen,,M01AE14,,,,,,,,,,,,,,,,,,
drug_alminoprofen,alminoprofen,,M01AE16,,,,,,,,,,,,,,,,,,
drug_dexketoprofen,dexketoprofen,,M01AE17,M02AA27,,,,,,,,,,,,,,,,,
drug_naproxcinod,naproxcinod,,M01AE18,,,,,,,,,,,,,,,,,,
drug_ibuprofen_combinations,"ibuprofen, combinations",,M01AE51,,,,,,,,,,,,,,,,,,
drug_naproxen_and_esomeprazole,naproxen and esomeprazole,,M01AE52,,,,,,,,,,,,,,,,,,
drug_ketoprofen_combinations,"ketoprofen, combinations",,M01AE53,,,,,,,,,,,,,,,,,,
drug_naproxen_and_misoprostol,naproxen and misoprostol,,M01AE56,,,,,,,,,,,,,,,,,,
drug_naproxen_and_diphenhydramine,naproxen and diphenhydramine,,M01AE57,,,,,,,,,,,,,,,,,,
drug_mefenamic_acid,mefenamic acid,,M01AG01,,,,,,,,,,,,,,,,,,
drug_tolfenamic_acid,tolfenamic acid,,M01AG02,,,,,,,,,,,,,,,,,,
drug_flufenamic_acid,flufenamic acid,,M01AG03,,,,,,,,,,,,,,,,,,
drug_meclofenamic_acid,meclofenamic acid,,M01AG04,M02AA18,,,,,,,,,,,,,,,,,
drug_rofecoxib,rofecoxib,,M01AH02,,,,,,,,,,,,,,,,,,
drug_valdecoxib,valdecoxib,,M01AH03,,,,,,,,,,,,,,,,,,
drug_parecoxib,parecoxib,,M01AH04,,,,,,,,,,,,,,,,,,
drug_etoricoxib,etoricoxib,,M01AH05,,,,,,,,,,,,,,,,,,
drug_lumiracoxib,lumiracoxib,,M01AH06,,,,,,,,,,,,,,,,,,
drug_polmacoxib,polmacoxib,,M01AH07,,,,,,,,,,,,,,,,,,
drug_nabumetone,nabumetone,,M01AX01,,,,,,,,,,,,,,,,,,
drug_niflumic_acid,niflumic acid,,M01AX02,M02AA17,,,,,,,,,,,,,,,,,
drug_azapropazone,azapropazone,,M01AX04,,,,,,,,,,,,,,,,,,
drug_glucosamine,glucosamine,,M01AX05,,,,,,,,,,,,,,,,,,
drug_glucosaminoglycan_polysulfate,glucosaminoglycan polysulfate,,M01AX12,,,,,,,,,,,,,,,,,,
drug_proquazone,proquazone,,M01AX13,,,,,,,,,,,,,,,,,,
drug_orgotein,orgotein,,M01AX14,,,,,,,,,,,,,,,,,,
drug_nimesulide,nimesulide,,M01AX17,M02AA26,,,,,,,,,,,,,,,,,
drug_feprazone,feprazone,,M01AX18,M02AA16,,,,,,,,,,,,,,,,,
drug_diacerein,diacerein,,M01AX21,,,,,,,,,,,,,,,,,,
drug_morniflumate,morniflumate,,M01AX22,,,,,,,,,,,,,,,,,,
drug_tenidap,tenidap,,M01AX23,,,,,,,,,,,,,,,,,,
drug_chondroitin_sulfate,chondroitin sulfate,,M01AX25,,,,,,,,,,,,,,,,,,
drug_avocado_and_soyabean_oil_unsaponifiables,"avocado and soyabean oil, unsaponifiables",,M01AX26,,,,,,,,,,,,,,,,,,
drug_feprazone_combinations,"feprazone, combinations",,M01AX68,,,,,,,,,,,,,,,,,,
drug_phenylbutazone_and_corticosteroids,phenylbutazone and corticosteroids,,M01BA01,,,,,,,,,,,,,,,,,,
drug_dipyrocetyl_and_corticosteroids,dipyrocetyl and corticosteroids,,M01BA02,,,,,,,,,,,,,,,,,,
drug_acetylsalicylic_acid_and_corticosteroids,acetylsalicylic acid and corticosteroids,,M01BA03,,,,,,,,,,,,,,,,,,
drug_oxycinchophen,oxycinchophen,,M01CA03,,,,,,,,,,,,,,,,,,
drug_sodium_aurothiomalate,sodium aurothiomalate,,M01CB01,,,,,,,,,,,,,,,,,,
drug_sodium_aurotiosulfate,sodium aurotiosulfate,,M01CB02,,,,,,,,,,,,,,,,,,
drug_auranofin,auranofin,,M01CB03,,,,,,,,,,,,,,,,,,
drug_aurothioglucose,aurothioglucose,,M01CB04,,,,,,,,,,,,,,,,,,
drug_aurotioprol,aurotioprol,,M01CB05,,,,,,,,,,,,,,,,,,
drug_penicillamine,penicillamine,,M01CC01,,,,,,,,,,,,,,,,,,
drug_bucillamine,bucillamine,,M01CC02,,,,,,,,,,,,,,,,,,
drug_etofenamate,etofenamate,,M02AA06,,,,,,,,,,,,,,,,,,
drug_felbinac,felbinac,,M02AA08,,,,,,,,,,,,,,,,,,
drug_bendazac,bendazac,,M02AA11,S01BC07,,,,,,,,,,,,,,,,,
drug_suxibuzone,suxibuzone,,M02AA22,,,,,,,,,,,,,,,,,,
drug_nifenazone,nifenazone,,M02AA24,N02BB05,,,,,,,,,,,,,,,,,
drug_piketoprofen,piketoprofen,,M02AA28,,,,,,,,,,,,,,,,,,
drug_esflurbiprofen,esflurbiprofen,,M02AA29,,,,,,,,,,,,,,,,,,
drug_loxoprofen,loxoprofen,,M02AA31,,,,,,,,,,,,,,,,,,
drug_capsaicin,capsaicin,,M02AB01,N01BX04,,,,,,,,,,,,,,,,,
drug_zucapsaicin,zucapsaicin,,M02AB02,,,,,,,,,,,,,,,,,,
drug_idrocilamide,idrocilamide,,M02AX05,,,,,,,,,,,,,,,,,,
drug_tolperisone,tolperisone,,M02AX06,M03BX04,,,,,,,,,,,,,,,,,
drug_alcuronium,alcuronium,,M03AA01,,,,,,,,,,,,,,,,,,
drug_tubocurarine,tubocurarine,,M03AA02,,,,,,,,,,,,,,,,,,
drug_dimethyltubocurarine,dimethyltubocurarine,,M03AA04,,,,,,,,,,,,,,,,,,
drug_suxamethonium,suxamethonium,,M03AB01,,,,,,,,,,,,,,,,,,
drug_pancuronium,pancuronium,,M03AC01,,,,,,,,,,,,,,,,,,
drug_gallamine,gallamine,,M03AC02,,,,,,,,,,,,,,,,,,
drug_vecuronium,vecuronium,,M03AC03,,,,,,,,,,,,,,,,,,
drug_atracurium,atracurium,,M03AC04,,,,,,,,,,,,,,,,,,
drug_hexafluronium,hexafluronium,,M03AC05,,,,,,,,,,,,,,,,,,
drug_pipecuronium_bromide,pipecuronium bromide,,M03AC06,,,,,,,,,,,,,,,,,,
drug_doxacurium_chloride,doxacurium chloride,,M03AC07,,,,,,,,,,,,,,,,,,
drug_fazadinium_bromide,fazadinium bromide,,M03AC08,,,,,,,,,,,,,,,,,,
drug_rocuronium_bromide,rocuronium bromide,,M03AC09,,,,,,,,,,,,,,,,,,
drug_mivacurium_chloride,mivacurium chloride,,M03AC10,,,,,,,,,,,,,,,,,,
drug_cisatracurium,cisatracurium,,M03AC11,,,,,,,,,,,,,,,,,,
drug_botulinum_toxin,botulinum toxin,,M03AX01,,,,,,,,,,,,,,,,,,
drug_phenprobamate,phenprobamate,,M03BA01,,,,,,,,,,,,,,,,,,
drug_carisoprodol,carisoprodol,,M03BA02,,,,,,,,,,,,,,,,,,
drug_methocarbamol,methocarbamol,,M03BA03,,,,,,,,,,,,,,,,,,
drug_styramate,styramate,,M03BA04,,,,,,,,,,,,,,,,,,
drug_febarbamate,febarbamate,,M03BA05,,,,,,,,,,,,,,,,,,
drug_phenprobamate_combinations_excl_psycholeptics,"phenprobamate, combinations excl. psycholeptics",,M03BA51,,,,,,,,,,,,,,,,,,
drug_carisoprodol_combinations_excl_psycholeptics,"carisoprodol, combinations excl. psycholeptics",,M03BA52,,,,,,,,,,,,,,,,,,
drug_methocarbamol_combinations_excl_psycholeptics,"methocarbamol, combinations excl. psycholeptics",,M03BA53,,,,,,,,,,,,,,,,,,
drug_phenprobamate_combinations_with_psycholeptics,"phenprobamate, combinations with psycholeptics",,M03BA71,,,,,,,,,,,,,,,,,,
drug_carisoprodol_combinations_with_psycholeptics,"carisoprodol, combinations with psycholeptics",,M03BA72,,,,,,,,,,,,,,,,,,
drug_methocarbamol_combinations_with_psycholeptics,"methocarbamol, combinations with psycholeptics",,M03BA73,,,,,,,,,,,,,,,,,,
drug_chlormezanone,chlormezanone,,M03BB02,,,,,,,,,,,,,,,,,,
drug_chlorzoxazone,chlorzoxazone,,M03BB03,,,,,,,,,,,,,,,,,,
drug_chlormezanone_combinations_excl_psycholeptics,"chlormezanone, combinations excl. psycholeptics",,M03BB52,,,,,,,,,,,,,,,,,,
drug_chlorzoxazone_combinations_excl_psycholeptics,"chlorzoxazone, combinations excl. psycholeptics",,M03BB53,,,,,,,,,,,,,,,,,,
drug_chlormezanone_combinations_with_psycholeptics,"chlormezanone, combinations with psycholeptics",,M03BB72,,,,,,,,,,,,,,,,,,
drug_chlorzoxazone_combinations_with_psycholeptics,"chlorzoxazone, combinations with psycholeptics",,M03BB73,,,,,,,,,,,,,,,,,,
drug_orphenadrine_citrate,orphenadrine (citrate),,M03BC01,,,,,,,,,,,,,,,,,,
drug_orphenadrine_combinations,"orphenadrine, combinations",,M03BC51,,,,,,,,,,,,,,,,,,
drug_baclofen,baclofen,,M03BX01,,,,,,,,,,,,,,,,,,
drug_tizanidine,tizanidine,,M03BX02,,,,,,,,,,,,,,,,,,
drug_pridinol,pridinol,,M03BX03,,,,,,,,,,,,,,,,,,
drug_thiocolchicoside,thiocolchicoside,,M03BX05,,,,,,,,,,,,,,,,,,
drug_mephenesin,mephenesin,,M03BX06,,,,,,,,,,,,,,,,,,
drug_tetrazepam,tetrazepam,,M03BX07,,,,,,,,,,,,,,,,,,
drug_cyclobenzaprine,cyclobenzaprine,,M03BX08,,,,,,,,,,,,,,,,,,
drug_eperisone,eperisone,,M03BX09,,,,,,,,,,,,,,,,,,
drug_fenyramidol,fenyramidol,,M03BX30,,,,,,,,,,,,,,,,,,
drug_pridinol_combinations,"pridinol, combinations",,M03BX53,,,,,,,,,,,,,,,,,,
drug_thiocolchicoside_combinations,"thiocolchicoside, combinations",,M03BX55,,,,,,,,,,,,,,,,,,
drug_dantrolene,dantrolene,,M03CA01,,,,,,,,,,,,,,,,,,
drug_allopurinol,allopurinol,,M04AA01,,,,,,,,,,,,,,,,,,
drug_tisopurine,tisopurine,,M04AA02,,,,,,,,,,,,,,,,,,
drug_febuxostat,febuxostat,,M04AA03,,,,,,,,,,,,,,,,,,
drug_allopurinol_combinations,"allopurinol, combinations",,M04AA51,,,,,,,,,,,,,,,,,,
drug_probenecid,probenecid,,M04AB01,,,,,,,,,,,,,,,,,,
drug_sulfinpyrazone,sulfinpyrazone,,M04AB02,,,,,,,,,,,,,,,,,,
drug_benzbromarone,benzbromarone,,M04AB03,,,,,,,,,,,,,,,,,,
drug_isobromindione,isobromindione,,M04AB04,,,,,,,,,,,,,,,,,,
drug_lesinurad,lesinurad,,M04AB05,,,,,,,,,,,,,,,,,,
drug_colchicine,colchicine,,M04AC01,,,,,,,,,,,,,,,,,,
drug_cinchophen,cinchophen,,M04AC02,,,,,,,,,,,,,,,,,,
drug_colchicine_and_probenecid,colchicine and probenecid,,M04AC51,,,,,,,,,,,,,,,,,,
drug_urate_oxidase,urate oxidase,,M04AX01,,,,,,,,,,,,,,,,,,
drug_pegloticase,pegloticase,,M04AX02,,,,,,,,,,,,,,,,,,
drug_etidronic_acid,etidronic acid,,M05BA01,,,,,,,,,,,,,,,,,,
drug_clodronic_acid,clodronic acid,,M05BA02,,,,,,,,,,,,,,,,,,
drug_pamidronic_acid,pamidronic acid,,M05BA03,,,,,,,,,,,,,,,,,,
drug_alendronic_acid,alendronic acid,,M05BA04,,,,,,,,,,,,,,,,,,
drug_tiludronic_acid,tiludronic acid,,M05BA05,,,,,,,,,,,,,,,,,,
drug_ibandronic_acid,ibandronic acid,,M05BA06,,,,,,,,,,,,,,,,,,
drug_risedronic_acid,risedronic acid,,M05BA07,,,,,,,,,,,,,,,,,,
drug_zoledronic_acid,zoledronic acid,,M05BA08,,,,,,,,,,,,,,,,,,
drug_etidronic_acid_and_calcium_sequential,"etidronic acid and calcium, sequential",,M05BB01,,,,,,,,,,,,,,,,,,
drug_risedronic_acid_and_calcium_sequential,"risedronic acid and calcium, sequential",,M05BB02,,,,,,,,,,,,,,,,,,
drug_alendronic_acid_and_colecalciferol,alendronic acid and colecalciferol,,M05BB03,,,,,,,,,,,,,,,,,,
drug_risedronic_acid_calcium_and_colecalciferol_sequential,"risedronic acid, calcium and colecalciferol, sequential",,M05BB04,,,,,,,,,,,,,,,,,,
drug_alendronic_acid_calcium_and_colecalciferol_sequential,"alendronic acid, calcium and colecalciferol, sequential",,M05BB05,,,,,,,,,,,,,,,,,,
drug_alendronic_acid_and_alfacalcidol_sequential,"alendronic acid and alfacalcidol, sequential",,M05BB06,,,,,,,,,,,,,,,,,,
drug_risedronic_acid_and_colecalciferol,risedronic acid and colecalciferol,,M05BB07,,,,,,,,,,,,,,,,,,
drug_zoledronic_acid_calcium_and_colecalciferol_sequential,"zoledronic acid, calcium and colecalciferol, sequential",,M05BB08,,,,,,,,,,,,,,,,,,
drug_ibandronic_acid_and_colecalciferol,ibandronic acid and colecalciferol,,M05BB09,,,,,,,,,,,,,,,,,,
drug_dibotermin_alfa,dibotermin alfa,,M05BC01,,,,,,,,,,,,,,,,,,
drug_eptotermin_alfa,eptotermin alfa,,M05BC02,,,,,,,,,,,,,,,,,,
drug_ipriflavone,ipriflavone,,M05BX01,,,,,,,,,,,,,,,,,,
drug_strontium_ranelate,strontium ranelate,,M05BX03,,,,,,,,,,,,,,,,,,
drug_denosumab,denosumab,,M05BX04,,,,,,,,,,,,,,,,,,
drug_burosumab,burosumab,,M05BX05,,,,,,,,,,,,,,,,,,
drug_romosozumab,romosozumab,,M05BX06,,,,,,,,,,,,,,,,,,
drug_vosoritide,vosoritide,,M05BX07,,,,,,,,,,,,,,,,,,
drug_menatetrenone,menatetrenone,,M05BX08,,,,,,,,,,,,,,,,,,
drug_strontium_ranelate_and_colecalciferol,strontium ranelate and colecalciferol,,M05BX53,,,,,,,,,,,,,,,,,,
drug_hydroquinine,hydroquinine,,M09AA01,,,,,,,,,,,,,,,,,,
drug_quinine_combinations_with_psycholeptics,"quinine, combinations with psycholeptics",,M09AA72,,,,,,,,,,,,,,,,,,
drug_chymopapain,chymopapain,,M09AB01,,,,,,,,,,,,,,,,,,
drug_collagenase_clostridium_histolyticum,collagenase clostridium histolyticum,,M09AB02,,,,,,,,,,,,,,,,,,
drug_trypsin_combinations,"trypsin, combinations",,M09AB52,,,,,,,,,,,,,,,,,,
drug_chondrocytes_autologous,"chondrocytes, autologous",,M09AX02,,,,,,,,,,,,,,,,,,
drug_ataluren,ataluren,,M09AX03,,,,,,,,,,,,,,,,,,
drug_drisapersen,drisapersen,,M09AX04,,,,,,,,,,,,,,,,,,
drug_aceneuramic_acid,aceneuramic acid,,M09AX05,,,,,,,,,,,,,,,,,,
drug_eteplirsen,eteplirsen,,M09AX06,,,,,,,,,,,,,,,,,,
drug_nusinersen,nusinersen,,M09AX07,,,,,,,,,,,,,,,,,,
drug_golodirsen,golodirsen,,M09AX08,,,,,,,,,,,,,,,,,,
drug_onasemnogene_abeparvovec,onasemnogene abeparvovec,,M09AX09,,,,,,,,,,,,,,,,,,
drug_risdiplam,risdiplam,,M09AX10,,,,,,,,,,,,,,,,,,
drug_palovarotene,palovarotene,,M09AX11,,,,,,,,,,,,,,,,,,
drug_viltolarsen,viltolarsen,,M09AX12,,,,,,,,,,,,,,,,,,
drug_casimersen,casimersen,,M09AX13,,,,,,,,,,,,,,,,,,
drug_givinostat,givinostat,,M09AX14,,,,,,,,,,,,,,,,,,
drug_delandistrogene_moxeparvovec,delandistrogene moxeparvovec,,M09AX15,,,,,,,,,,,,,,,,,,
drug_diethyl_ether,diethyl ether,,N01AA01,,,,,,,,,,,,,,,,,,
drug_vinyl_ether,vinyl ether,,N01AA02,,,,,,,,,,,,,,,,,,
drug_halothane,halothane,,N01AB01,,,,,,,,,,,,,,,,,,
drug_chloroform,chloroform,,N01AB02,,,,,,,,,,,,,,,,,,
drug_enflurane,enflurane,,N01AB04,,,,,,,,,,,,,,,,,,
drug_trichloroethylene,trichloroethylene,,N01AB05,,,,,,,,,,,,,,,,,,
drug_isoflurane,isoflurane,,N01AB06,,,,,,,,,,,,,,,,,,
drug_desflurane,desflurane,,N01AB07,,,,,,,,,,,,,,,,,,
drug_sevoflurane,sevoflurane,,N01AB08,,,,,,,,,,,,,,,,,,
drug_methohexital,methohexital,,N01AF01,N05CA15,,,,,,,,,,,,,,,,,
drug_hexobarbital,hexobarbital,,N01AF02,N05CA16,,,,,,,,,,,,,,,,,
drug_thiopental,thiopental,,N01AF03,N05CA19,,,,,,,,,,,,,,,,,
drug_narcobarbital,narcobarbital,,N01AG01,,,,,,,,,,,,,,,,,,
drug_fentanyl,fentanyl,,N01AH01,N02AB03,,,,,,,,,,,,,,,,,
drug_alfentanil,alfentanil,,N01AH02,,,,,,,,,,,,,,,,,,
drug_sufentanil,sufentanil,,N01AH03,,,,,,,,,,,,,,,,,,
drug_phenoperidine,phenoperidine,,N01AH04,,,,,,,,,,,,,,,,,,
drug_anileridine,anileridine,,N01AH05,,,,,,,,,,,,,,,,,,
drug_remifentanil,remifentanil,,N01AH06,,,,,,,,,,,,,,,,,,
drug_fentanyl_combinations,"fentanyl, combinations",,N01AH51,,,,,,,,,,,,,,,,,,
drug_ketamine,ketamine,,N01AX03,,,,,,,,,,,,,,,,,,
drug_propanidid,propanidid,,N01AX04,,,,,,,,,,,,,,,,,,
drug_alfaxalone,alfaxalone,,N01AX05,,,,,,,,,,,,,,,,,,
drug_etomidate,etomidate,,N01AX07,,,,,,,,,,,,,,,,,,
drug_propofol,propofol,,N01AX10,,,,,,,,,,,,,,,,,,
drug_sodium_oxybate,sodium oxybate,,N01AX11,N07XX04,,,,,,,,,,,,,,,,,
drug_nitrous_oxide,nitrous oxide,,N01AX13,,,,,,,,,,,,,,,,,,
drug_esketamine,esketamine,,N01AX14,N06AX27,,,,,,,,,,,,,,,,,
drug_xenon,xenon,,N01AX15,,,,,,,,,,,,,,,,,,
drug_nitrous_oxide_combinations,"nitrous oxide, combinations",,N01AX63,,,,,,,,,,,,,,,,,,
drug_metabutethamine,metabutethamine,,N01BA01,,,,,,,,,,,,,,,,,,
drug_chloroprocaine,chloroprocaine,,N01BA04,S01HA08,,,,,,,,,,,,,,,,,
drug_procaine_combinations,"procaine, combinations",,N01BA52,,,,,,,,,,,,,,,,,,
drug_tetracaine_combinations,"tetracaine, combinations",,N01BA53,,,,,,,,,,,,,,,,,,
drug_bupivacaine,bupivacaine,,N01BB01,,,,,,,,,,,,,,,,,,
drug_mepivacaine,mepivacaine,,N01BB03,,,,,,,,,,,,,,,,,,
drug_prilocaine,prilocaine,,N01BB04,,,,,,,,,,,,,,,,,,
drug_butanilicaine,butanilicaine,,N01BB05,,,,,,,,,,,,,,,,,,
drug_etidocaine,etidocaine,,N01BB07,,,,,,,,,,,,,,,,,,
drug_articaine,articaine,,N01BB08,,,,,,,,,,,,,,,,,,
drug_ropivacaine,ropivacaine,,N01BB09,,,,,,,,,,,,,,,,,,
drug_levobupivacaine,levobupivacaine,,N01BB10,,,,,,,,,,,,,,,,,,
drug_bupivacaine_combinations,"bupivacaine, combinations",,N01BB51,,,,,,,,,,,,,,,,,,
drug_lidocaine_combinations,"lidocaine, combinations",,N01BB52,,,,,,,,,,,,,,,,,,
drug_mepivacaine_combinations,"mepivacaine, combinations",,N01BB53,,,,,,,,,,,,,,,,,,
drug_prilocaine_combinations,"prilocaine, combinations",,N01BB54,,,,,,,,,,,,,,,,,,
drug_etidocaine_combinations,"etidocaine, combinations",,N01BB57,,,,,,,,,,,,,,,,,,
drug_articaine_combinations,"articaine, combinations",,N01BB58,,,,,,,,,,,,,,,,,,
drug_bupivacaine_and_meloxicam,bupivacaine and meloxicam,,N01BB59,,,,,,,,,,,,,,,,,,
drug_cocaine,cocaine,,N01BC01,R02AD03;S01HA01;S02DA02,,,,,,,,,,,,,,,,,
drug_ethyl_chloride,ethyl chloride,,N01BX01,,,,,,,,,,,,,,,,,,
drug_dyclonine,dyclonine,,N01BX02,R02AD04,,,,,,,,,,,,,,,,,
drug_morphine,morphine,,N02AA01,,,,,,,,,,,,,,,,,,
drug_hydromorphone,hydromorphone,,N02AA03,,,,,,,,,,,,,,,,,,
drug_nicomorphine,nicomorphine,,N02AA04,,,,,,,,,,,,,,,,,,
drug_oxycodone,oxycodone,,N02AA05,,,,,,,,,,,,,,,,,,
drug_dihydrocodeine,dihydrocodeine,,N02AA08,,,,,,,,,,,,,,,,,,
drug_papaveretum,papaveretum,,N02AA10,,,,,,,,,,,,,,,,,,
drug_oxymorphone,oxymorphone,,N02AA11,,,,,,,,,,,,,,,,,,
drug_hydromorphone_and_naloxone,hydromorphone and naloxone,,N02AA53,,,,,,,,,,,,,,,,,,
drug_oxycodone_and_naloxone,oxycodone and naloxone,,N02AA55,,,,,,,,,,,,,,,,,,
drug_oxycodone_and_naltrexone,oxycodone and naltrexone,,N02AA56,,,,,,,,,,,,,,,,,,
drug_dihydrocodeine_combinations,"dihydrocodeine, combinations",,N02AA58,,,,,,,,,,,,,,,,,,
drug_codeine_combinations_excl_psycholeptics,"codeine, combinations excl. psycholeptics",,N02AA59,,,,,,,,,,,,,,,,,,
drug_codeine_combinations_with_psycholeptics,"codeine, combinations with psycholeptics",,N02AA79,,,,,,,,,,,,,,,,,,
drug_ketobemidone,ketobemidone,,N02AB01,,,,,,,,,,,,,,,,,,
drug_pethidine,pethidine,,N02AB02,,,,,,,,,,,,,,,,,,
drug_pethidine_combinations_excl_psycholeptics,"pethidine, combinations excl. psycholeptics",,N02AB52,,,,,,,,,,,,,,,,,,
drug_pethidine_combinations_with_psycholeptics,"pethidine, combinations with psycholeptics",,N02AB72,,,,,,,,,,,,,,,,,,
drug_dextromoramide,dextromoramide,,N02AC01,,,,,,,,,,,,,,,,,,
drug_piritramide,piritramide,,N02AC03,,,,,,,,,,,,,,,,,,
drug_dextropropoxyphene,dextropropoxyphene,,N02AC04,,,,,,,,,,,,,,,,,,
drug_bezitramide,bezitramide,,N02AC05,,,,,,,,,,,,,,,,,,
drug_methadone_combinations_excl_psycholeptics,"methadone, combinations excl. psycholeptics",,N02AC52,,,,,,,,,,,,,,,,,,
drug_dextropropoxyphene_combinations_excl_psycholeptics,"dextropropoxyphene, combinations excl. psycholeptics",,N02AC54,,,,,,,,,,,,,,,,,,
drug_dextropropoxyphene_combinations_with_psycholeptics,"dextropropoxyphene, combinations with psycholeptics",,N02AC74,,,,,,,,,,,,,,,,,,
drug_pentazocine,pentazocine,,N02AD01,,,,,,,,,,,,,,,,,,
drug_phenazocine,phenazocine,,N02AD02,,,,,,,,,,,,,,,,,,
drug_pentazocine_and_naloxone,pentazocine and naloxone,,N02AD51,,,,,,,,,,,,,,,,,,
drug_buprenorphine,buprenorphine,,N02AE01,N07BC01,,,,,,,,,,,,,,,,,
drug_butorphanol,butorphanol,,N02AF01,,,,,,,,,,,,,,,,,,
drug_nalbuphine,nalbuphine,,N02AF02,,,,,,,,,,,,,,,,,,
drug_morphine_and_antispasmodics,morphine and antispasmodics,,N02AG01,,,,,,,,,,,,,,,,,,
drug_ketobemidone_and_antispasmodics,ketobemidone and antispasmodics,,N02AG02,,,,,,,,,,,,,,,,,,
drug_pethidine_and_antispasmodics,pethidine and antispasmodics,,N02AG03,,,,,,,,,,,,,,,,,,
drug_hydromorphone_and_antispasmodics,hydromorphone and antispasmodics,,N02AG04,,,,,,,,,,,,,,,,,,
drug_dihydrocodeine_and_paracetamol,dihydrocodeine and paracetamol,,N02AJ01,,,,,,,,,,,,,,,,,,
drug_dihydrocodeine_and_acetylsalicylic_acid,dihydrocodeine and acetylsalicylic acid,,N02AJ02,,,,,,,,,,,,,,,,,,
drug_dihydrocodeine_and_other_non_opioid_analgesics,dihydrocodeine and other non-opioid analgesics,,N02AJ03,,,,,,,,,,,,,,,,,,
drug_codeine_and_paracetamol,codeine and paracetamol,,N02AJ06,,,,,,,,,,,,,,,,,,
drug_codeine_and_acetylsalicylic_acid,codeine and acetylsalicylic acid,,N02AJ07,,,,,,,,,,,,,,,,,,
drug_codeine_and_ibuprofen,codeine and ibuprofen,,N02AJ08,,,,,,,,,,,,,,,,,,
drug_codeine_and_other_non_opioid_analgesics,codeine and other non-opioid analgesics,,N02AJ09,,,,,,,,,,,,,,,,,,
drug_tramadol_and_paracetamol,tramadol and paracetamol,,N02AJ13,,,,,,,,,,,,,,,,,,
drug_tramadol_and_dexketoprofen,tramadol and dexketoprofen,,N02AJ14,,,,,,,,,,,,,,,,,,
drug_tramadol_and_other_non_opioid_analgesics,tramadol and other non-opioid analgesics,,N02AJ15,,,,,,,,,,,,,,,,,,
drug_tramadol_and_celecoxib,tramadol and celecoxib,,N02AJ16,,,,,,,,,,,,,,,,,,
drug_oxycodone_and_paracetamol,oxycodone and paracetamol,,N02AJ17,,,,,,,,,,,,,,,,,,
drug_oxycodone_and_acetylsalicylic_acid,oxycodone and acetylsalicylic acid,,N02AJ18,,,,,,,,,,,,,,,,,,
drug_oxycodone_and_ibuprofen,oxycodone and ibuprofen,,N02AJ19,,,,,,,,,,,,,,,,,,
drug_hydrocodone_and_paracetamol,hydrocodone and paracetamol,,N02AJ22,,,,,,,,,,,,,,,,,,
drug_hydrocodone_and_ibuprofen,hydrocodone and ibuprofen,,N02AJ23,,,,,,,,,,,,,,,,,,
drug_tilidine,tilidine,,N02AX01,,,,,,,,,,,,,,,,,,
drug_tramadol,tramadol,,N02AX02,,,,,,,,,,,,,,,,,,
drug_dezocine,dezocine,,N02AX03,,,,,,,,,,,,,,,,,,
drug_meptazinol,meptazinol,,N02AX05,,,,,,,,,,,,,,,,,,
drug_tapentadol,tapentadol,,N02AX06,,,,,,,,,,,,,,,,,,
drug_oliceridine,oliceridine,,N02AX07,,,,,,,,,,,,,,,,,,
drug_tilidine_and_naloxone,tilidine and naloxone,,N02AX51,,,,,,,,,,,,,,,,,,
drug_choline_salicylate,choline salicylate,,N02BA03,,,,,,,,,,,,,,,,,,
drug_sodium_salicylate,sodium salicylate,,N02BA04,,,,,,,,,,,,,,,,,,
drug_salicylamide,salicylamide,,N02BA05,,,,,,,,,,,,,,,,,,
drug_salsalate,salsalate,,N02BA06,,,,,,,,,,,,,,,,,,
drug_ethenzamide,ethenzamide,,N02BA07,,,,,,,,,,,,,,,,,,
drug_morpholine_salicylate,morpholine salicylate,,N02BA08,,,,,,,,,,,,,,,,,,
drug_dipyrocetyl,dipyrocetyl,,N02BA09,,,,,,,,,,,,,,,,,,
drug_benorilate,benorilate,,N02BA10,,,,,,,,,,,,,,,,,,
drug_diflunisal,diflunisal,,N02BA11,,,,,,,,,,,,,,,,,,
drug_potassium_salicylate,potassium salicylate,,N02BA12,,,,,,,,,,,,,,,,,,
drug_guacetisal,guacetisal,,N02BA14,,,,,,,,,,,,,,,,,,
drug_imidazole_salicylate,imidazole salicylate,,N02BA16,,,,,,,,,,,,,,,,,,
drug_acetylsalicylic_acid_combinations_excl_psycholeptics,"acetylsalicylic acid, combinations excl. psycholeptics",,N02BA51,,,,,,,,,,,,,,,,,,
drug_salicylamide_combinations_excl_psycholeptics,"salicylamide, combinations excl. psycholeptics",,N02BA55,,,,,,,,,,,,,,,,,,
drug_ethenzamide_combinations_excl_psycholeptics,"ethenzamide, combinations excl. psycholeptics",,N02BA57,,,,,,,,,,,,,,,,,,
drug_dipyrocetyl_combinations_excl_psycholeptics,"dipyrocetyl, combinations excl. psycholeptics",,N02BA59,,,,,,,,,,,,,,,,,,
drug_carbasalate_calcium_combinations_excl_psycholeptics,carbasalate calcium combinations excl. psycholeptics,,N02BA65,,,,,,,,,,,,,,,,,,
drug_magnesium_salicylate_combinations_excl_psycholeptics,"magnesium salicylate, combinations excl. psycholeptics",,N02BA67,,,,,,,,,,,,,,,,,,
drug_acetylsalicylic_acid_combinations_with_psycholeptics,"acetylsalicylic acid, combinations with psycholeptics",,N02BA71,,,,,,,,,,,,,,,,,,
drug_salicylamide_combinations_with_psycholeptics,"salicylamide, combinations with psycholeptics",,N02BA75,,,,,,,,,,,,,,,,,,
drug_ethenzamide_combinations_with_psycholeptics,"ethenzamide, combinations with psycholeptics",,N02BA77,,,,,,,,,,,,,,,,,,
drug_dipyrocetyl_combinations_with_psycholeptics,"dipyrocetyl, combinations with psycholeptics",,N02BA79,,,,,,,,,,,,,,,,,,
drug_phenazone,phenazone,,N02BB01,S02DA03,,,,,,,,,,,,,,,,,
drug_metamizole_sodium,metamizole sodium,,N02BB02,,,,,,,,,,,,,,,,,,
drug_aminophenazone,aminophenazone,,N02BB03,,,,,,,,,,,,,,,,,,
drug_propyphenazone,propyphenazone,,N02BB04,,,,,,,,,,,,,,,,,,
drug_phenazone_combinations_excl_psycholeptics,"phenazone, combinations excl. psycholeptics",,N02BB51,,,,,,,,,,,,,,,,,,
drug_metamizole_sodium_combinations_excl_psycholeptics,"metamizole sodium, combinations excl. psycholeptics",,N02BB52,,,,,,,,,,,,,,,,,,
drug_aminophenazone_combinations_excl_psycholeptics,"aminophenazone, combinations excl. psycholeptics",,N02BB53,,,,,,,,,,,,,,,,,,
drug_propyphenazone_combinations_excl_psycholeptics,"propyphenazone, combinations excl. psycholeptics",,N02BB54,,,,,,,,,,,,,,,,,,
drug_phenazone_combinations_with_psycholeptics,"phenazone, combinations with psycholeptics",,N02BB71,,,,,,,,,,,,,,,,,,
drug_metamizole_sodium_combinations_with_psycholeptics,"metamizole sodium, combinations with psycholeptics",,N02BB72,,,,,,,,,,,,,,,,,,
drug_aminophenazone_combinations_with_psycholeptics,"aminophenazone, combinations with psycholeptics",,N02BB73,,,,,,,,,,,,,,,,,,
drug_propyphenazone_combinations_with_psycholeptics,"propyphenazone, combinations with psycholeptics",,N02BB74,,,,,,,,,,,,,,,,,,
drug_paracetamol,paracetamol,,N02BE01,,,,,,,,,,,,,,,,,,
drug_phenacetin,phenacetin,,N02BE03,,,,,,,,,,,,,,,,,,
drug_bucetin,bucetin,,N02BE04,,,,,,,,,,,,,,,,,,
drug_propacetamol,propacetamol,,N02BE05,,,,,,,,,,,,,,,,,,
drug_paracetamol_combinations_excl_psycholeptics,"paracetamol, combinations excl. psycholeptics",,N02BE51,,,,,,,,,,,,,,,,,,
drug_phenacetin_combinations_excl_psycholeptics,"phenacetin, combinations excl. psycholeptics",,N02BE53,,,,,,,,,,,,,,,,,,
drug_bucetin_combinations_excl_psycholeptics,"bucetin, combinations excl. psycholeptics",,N02BE54,,,,,,,,,,,,,,,,,,
drug_paracetamol_combinations_with_psycholeptics,"paracetamol, combinations with psycholeptics",,N02BE71,,,,,,,,,,,,,,,,,,
drug_phenacetin_combinations_with_psycholeptics,"phenacetin, combinations with psycholeptics",,N02BE73,,,,,,,,,,,,,,,,,,
drug_bucetin_combinations_with_psycholeptics,"bucetin, combinations with psycholeptics",,N02BE74,,,,,,,,,,,,,,,,,,
drug_gabapentin,gabapentin,,N02BF01,,,,,,,,,,,,,,,,,,
drug_pregabalin,pregabalin,,N02BF02,,,,,,,,,,,,,,,,,,
drug_mirogabalin,mirogabalin,,N02BF03,,,,,,,,,,,,,,,,,,
drug_rimazolium,rimazolium,,N02BG02,,,,,,,,,,,,,,,,,,
drug_glafenine,glafenine,,N02BG03,,,,,,,,,,,,,,,,,,
drug_floctafenine,floctafenine,,N02BG04,,,,,,,,,,,,,,,,,,
drug_viminol,viminol,,N02BG05,,,,,,,,,,,,,,,,,,
drug_nefopam,nefopam,,N02BG06,,,,,,,,,,,,,,,,,,
drug_flupirtine,flupirtine,,N02BG07,,,,,,,,,,,,,,,,,,
drug_ziconotide,ziconotide,,N02BG08,,,,,,,,,,,,,,,,,,
drug_methoxyflurane,methoxyflurane,,N02BG09,,,,,,,,,,,,,,,,,,
drug_cannabinoids,cannabinoids,,N02BG10,,,,,,,,,,,,,,,,,,
drug_tanezumab,tanezumab,,N02BG12,,,,,,,,,,,,,,,,,,
drug_dihydroergotamine,dihydroergotamine,,N02CA01,,,,,,,,,,,,,,,,,,
drug_ergotamine,ergotamine,,N02CA02,,,,,,,,,,,,,,,,,,
drug_methysergide,methysergide,,N02CA04,,,,,,,,,,,,,,,,,,
drug_dihydroergotamine_combinations,"dihydroergotamine, combinations",,N02CA51,,,,,,,,,,,,,,,,,,
drug_ergotamine_combinations_excl_psycholeptics,"ergotamine, combinations excl. psycholeptics",,N02CA52,,,,,,,,,,,,,,,,,,
drug_ergotamine_combinations_with_psycholeptics,"ergotamine, combinations with psycholeptics",,N02CA72,,,,,,,,,,,,,,,,,,
drug_flumedroxone,flumedroxone,,N02CB01,,,,,,,,,,,,,,,,,,
drug_sumatriptan,sumatriptan,,N02CC01,,,,,,,,,,,,,,,,,,
drug_naratriptan,naratriptan,,N02CC02,,,,,,,,,,,,,,,,,,
drug_zolmitriptan,zolmitriptan,,N02CC03,,,,,,,,,,,,,,,,,,
drug_rizatriptan,rizatriptan,,N02CC04,,,,,,,,,,,,,,,,,,
drug_almotriptan,almotriptan,,N02CC05,,,,,,,,,,,,,,,,,,
drug_eletriptan,eletriptan,,N02CC06,,,,,,,,,,,,,,,,,,
drug_frovatriptan,frovatriptan,,N02CC07,,,,,,,,,,,,,,,,,,
drug_lasmiditan,lasmiditan,,N02CC08,,,,,,,,,,,,,,,,,,
drug_sumatriptan_and_naproxen,sumatriptan and naproxen,,N02CC51,,,,,,,,,,,,,,,,,,
drug_erenumab,erenumab,,N02CD01,,,,,,,,,,,,,,,,,,
drug_galcanezumab,galcanezumab,,N02CD02,,,,,,,,,,,,,,,,,,
drug_fremanezumab,fremanezumab,,N02CD03,,,,,,,,,,,,,,,,,,
drug_ubrogepant,ubrogepant,,N02CD04,,,,,,,,,,,,,,,,,,
drug_eptinezumab,eptinezumab,,N02CD05,,,,,,,,,,,,,,,,,,
drug_rimegepant,rimegepant,,N02CD06,,,,,,,,,,,,,,,,,,
drug_atogepant,atogepant,,N02CD07,,,,,,,,,,,,,,,,,,
drug_pizotifen,pizotifen,,N02CX01,,,,,,,,,,,,,,,,,,
drug_iprazochrome,iprazochrome,,N02CX03,,,,,,,,,,,,,,,,,,
drug_dimetotiazine,dimetotiazine,,N02CX05,,,,,,,,,,,,,,,,,,
drug_oxetorone,oxetorone,,N02CX06,,,,,,,,,,,,,,,,,,
drug_methylphenobarbital,methylphenobarbital,,N03AA01,,,,,,,,,,,,,,,,,,
drug_phenobarbital,phenobarbital,,N03AA02,,,,,,,,,,,,,,,,,,
drug_primidone,primidone,,N03AA03,,,,,,,,,,,,,,,,,,
drug_barbexaclone,barbexaclone,,N03AA04,,,,,,,,,,,,,,,,,,
drug_metharbital,metharbital,,N03AA30,,,,,,,,,,,,,,,,,,
drug_ethotoin,ethotoin,,N03AB01,,,,,,,,,,,,,,,,,,
drug_phenytoin,phenytoin,,N03AB02,,,,,,,,,,,,,,,,,,
drug_amino_diphenylhydantoin_valeric_acid,amino(diphenylhydantoin) valeric acid,,N03AB03,,,,,,,,,,,,,,,,,,
drug_mephenytoin,mephenytoin,,N03AB04,,,,,,,,,,,,,,,,,,
drug_fosphenytoin,fosphenytoin,,N03AB05,,,,,,,,,,,,,,,,,,
drug_phenytoin_combinations,"phenytoin, combinations",,N03AB52,,,,,,,,,,,,,,,,,,
drug_mephenytoin_combinations,"mephenytoin, combinations",,N03AB54,,,,,,,,,,,,,,,,,,
drug_paramethadione,paramethadione,,N03AC01,,,,,,,,,,,,,,,,,,
drug_trimethadione,trimethadione,,N03AC02,,,,,,,,,,,,,,,,,,
drug_ethadione,ethadione,,N03AC03,,,,,,,,,,,,,,,,,,
drug_ethosuximide,ethosuximide,,N03AD01,,,,,,,,,,,,,,,,,,
drug_phensuximide,phensuximide,,N03AD02,,,,,,,,,,,,,,,,,,
drug_mesuximide,mesuximide,,N03AD03,,,,,,,,,,,,,,,,,,
drug_ethosuximide_combinations,"ethosuximide, combinations",,N03AD51,,,,,,,,,,,,,,,,,,
drug_clonazepam,clonazepam,,N03AE01,,,,,,,,,,,,,,,,,,
drug_carbamazepine,carbamazepine,,N03AF01,,,,,,,,,,,,,,,,,,
drug_oxcarbazepine,oxcarbazepine,,N03AF02,,,,,,,,,,,,,,,,,,
drug_rufinamide,rufinamide,,N03AF03,,,,,,,,,,,,,,,,,,
drug_eslicarbazepine,eslicarbazepine,,N03AF04,,,,,,,,,,,,,,,,,,
drug_valproic_acid,valproic acid,,N03AG01,,,,,,,,,,,,,,,,,,
drug_valpromide,valpromide,,N03AG02,,,,,,,,,,,,,,,,,,
drug_aminobutyric_acid,aminobutyric acid,,N03AG03,,,,,,,,,,,,,,,,,,
drug_vigabatrin,vigabatrin,,N03AG04,,,,,,,,,,,,,,,,,,
drug_progabide,progabide,,N03AG05,,,,,,,,,,,,,,,,,,
drug_tiagabine,tiagabine,,N03AG06,,,,,,,,,,,,,,,,,,
drug_sultiame,sultiame,,N03AX03,,,,,,,,,,,,,,,,,,
drug_phenacemide,phenacemide,,N03AX07,,,,,,,,,,,,,,,,,,
drug_lamotrigine,lamotrigine,,N03AX09,,,,,,,,,,,,,,,,,,
drug_felbamate,felbamate,,N03AX10,,,,,,,,,,,,,,,,,,
drug_topiramate,topiramate,,N03AX11,,,,,,,,,,,,,,,,,,
drug_pheneturide,pheneturide,,N03AX13,,,,,,,,,,,,,,,,,,
drug_levetiracetam,levetiracetam,,N03AX14,,,,,,,,,,,,,,,,,,
drug_zonisamide,zonisamide,,N03AX15,,,,,,,,,,,,,,,,,,
drug_stiripentol,stiripentol,,N03AX17,,,,,,,,,,,,,,,,,,
drug_lacosamide,lacosamide,,N03AX18,,,,,,,,,,,,,,,,,,
drug_carisbamate,carisbamate,,N03AX19,,,,,,,,,,,,,,,,,,
drug_retigabine,retigabine,,N03AX21,,,,,,,,,,,,,,,,,,
drug_perampanel,perampanel,,N03AX22,,,,,,,,,,,,,,,,,,
drug_brivaracetam,brivaracetam,,N03AX23,,,,,,,,,,,,,,,,,,
drug_cannabidiol,cannabidiol,,N03AX24,,,,,,,,,,,,,,,,,,
drug_cenobamate,cenobamate,,N03AX25,,,,,,,,,,,,,,,,,,
drug_ganaxolone,ganaxolone,,N03AX27,,,,,,,,,,,,,,,,,,
drug_beclamide,beclamide,,N03AX30,,,,,,,,,,,,,,,,,,
drug_trihexyphenidyl,trihexyphenidyl,,N04AA01,,,,,,,,,,,,,,,,,,
drug_biperiden,biperiden,,N04AA02,,,,,,,,,,,,,,,,,,
drug_metixene,metixene,,N04AA03,,,,,,,,,,,,,,,,,,
drug_procyclidine,procyclidine,,N04AA04,,,,,,,,,,,,,,,,,,
drug_profenamine,profenamine,,N04AA05,,,,,,,,,,,,,,,,,,
drug_dexetimide,dexetimide,,N04AA08,,,,,,,,,,,,,,,,,,
drug_phenglutarimide,phenglutarimide,,N04AA09,,,,,,,,,,,,,,,,,,
drug_mazaticol,mazaticol,,N04AA10,,,,,,,,,,,,,,,,,,
drug_bornaprine,bornaprine,,N04AA11,,,,,,,,,,,,,,,,,,
drug_tropatepine,tropatepine,,N04AA12,,,,,,,,,,,,,,,,,,
drug_etanautine,etanautine,,N04AB01,,,,,,,,,,,,,,,,,,
drug_orphenadrine_chloride,orphenadrine (chloride),,N04AB02,,,,,,,,,,,,,,,,,,
drug_benzatropine,benzatropine,,N04AC01,,,,,,,,,,,,,,,,,,
drug_etybenzatropine,etybenzatropine,,N04AC30,,,,,,,,,,,,,,,,,,
drug_levodopa,levodopa,,N04BA01,,,,,,,,,,,,,,,,,,
drug_levodopa_and_decarboxylase_inhibitor,levodopa and decarboxylase inhibitor,,N04BA02,,,,,,,,,,,,,,,,,,
drug_levodopa_decarboxylase_inhibitor_and_comt_inhibitor,"levodopa, decarboxylase inhibitor and COMT inhibitor",,N04BA03,,,,,,,,,,,,,,,,,,
drug_melevodopa,melevodopa,,N04BA04,,,,,,,,,,,,,,,,,,
drug_melevodopa_and_decarboxylase_inhibitor,melevodopa and decarboxylase inhibitor,,N04BA05,,,,,,,,,,,,,,,,,,
drug_etilevodopa_and_decarboxylase_inhibitor,etilevodopa and decarboxylase inhibitor,,N04BA06,,,,,,,,,,,,,,,,,,
drug_foslevodopa_and_decarboxylase_inhibitor,foslevodopa and decarboxylase inhibitor,,N04BA07,,,,,,,,,,,,,,,,,,
drug_amantadine,amantadine,,N04BB01,,,,,,,,,,,,,,,,,,
drug_pergolide,pergolide,,N04BC02,,,,,,,,,,,,,,,,,,
drug_dihydroergocryptine_mesylate,dihydroergocryptine mesylate,,N04BC03,,,,,,,,,,,,,,,,,,
drug_ropinirole,ropinirole,,N04BC04,,,,,,,,,,,,,,,,,,
drug_pramipexole,pramipexole,,N04BC05,,,,,,,,,,,,,,,,,,
drug_piribedil,piribedil,,N04BC08,,,,,,,,,,,,,,,,,,
drug_rotigotine,rotigotine,,N04BC09,,,,,,,,,,,,,,,,,,
drug_selegiline,selegiline,,N04BD01,,,,,,,,,,,,,,,,,,
drug_rasagiline,rasagiline,,N04BD02,,,,,,,,,,,,,,,,,,
drug_safinamide,safinamide,,N04BD03,,,,,,,,,,,,,,,,,,
drug_tolcapone,tolcapone,,N04BX01,,,,,,,,,,,,,,,,,,
drug_entacapone,entacapone,,N04BX02,,,,,,,,,,,,,,,,,,
drug_budipine,budipine,,N04BX03,,,,,,,,,,,,,,,,,,
drug_opicapone,opicapone,,N04BX04,,,,,,,,,,,,,,,,,,
drug_istradefylline,istradefylline,,N04CX01,,,,,,,,,,,,,,,,,,
drug_chlorpromazine,chlorpromazine,,N05AA01,,,,,,,,,,,,,,,,,,
drug_levomepromazine,levomepromazine,,N05AA02,,,,,,,,,,,,,,,,,,
drug_promazine,promazine,,N05AA03,,,,,,,,,,,,,,,,,,
drug_acepromazine,acepromazine,,N05AA04,,,,,,,,,,,,,,,,,,
drug_triflupromazine,triflupromazine,,N05AA05,,,,,,,,,,,,,,,,,,
drug_cyamemazine,cyamemazine,,N05AA06,,,,,,,,,,,,,,,,,,
drug_chlorproethazine,chlorproethazine,,N05AA07,,,,,,,,,,,,,,,,,,
drug_dixyrazine,dixyrazine,,N05AB01,,,,,,,,,,,,,,,,,,
drug_fluphenazine,fluphenazine,,N05AB02,,,,,,,,,,,,,,,,,,
drug_perphenazine,perphenazine,,N05AB03,,,,,,,,,,,,,,,,,,
drug_prochlorperazine,prochlorperazine,,N05AB04,,,,,,,,,,,,,,,,,,
drug_thiopropazate,thiopropazate,,N05AB05,,,,,,,,,,,,,,,,,,
drug_trifluoperazine,trifluoperazine,,N05AB06,,,,,,,,,,,,,,,,,,
drug_acetophenazine,acetophenazine,,N05AB07,,,,,,,,,,,,,,,,,,
drug_thioproperazine,thioproperazine,,N05AB08,,,,,,,,,,,,,,,,,,
drug_butaperazine,butaperazine,,N05AB09,,,,,,,,,,,,,,,,,,
drug_perazine,perazine,,N05AB10,,,,,,,,,,,,,,,,,,
drug_periciazine,periciazine,,N05AC01,,,,,,,,,,,,,,,,,,
drug_thioridazine,thioridazine,,N05AC02,,,,,,,,,,,,,,,,,,
drug_mesoridazine,mesoridazine,,N05AC03,,,,,,,,,,,,,,,,,,
drug_pipotiazine,pipotiazine,,N05AC04,,,,,,,,,,,,,,,,,,
drug_haloperidol,haloperidol,,N05AD01,,,,,,,,,,,,,,,,,,
drug_trifluperidol,trifluperidol,,N05AD02,,,,,,,,,,,,,,,,,,
drug_melperone,melperone,,N05AD03,,,,,,,,,,,,,,,,,,
drug_moperone,moperone,,N05AD04,,,,,,,,,,,,,,,,,,
drug_pipamperone,pipamperone,,N05AD05,,,,,,,,,,,,,,,,,,
drug_bromperidol,bromperidol,,N05AD06,,,,,,,,,,,,,,,,,,
drug_benperidol,benperidol,,N05AD07,,,,,,,,,,,,,,,,,,
drug_droperidol,droperidol,,N05AD08,,,,,,,,,,,,,,,,,,
drug_fluanisone,fluanisone,,N05AD09,,,,,,,,,,,,,,,,,,
drug_lumateperone,lumateperone,,N05AD10,,,,,,,,,,,,,,,,,,
drug_oxypertine,oxypertine,,N05AE01,,,,,,,,,,,,,,,,,,
drug_molindone,molindone,,N05AE02,,,,,,,,,,,,,,,,,,
drug_sertindole,sertindole,,N05AE03,,,,,,,,,,,,,,,,,,
drug_ziprasidone,ziprasidone,,N05AE04,,,,,,,,,,,,,,,,,,
drug_lurasidone,lurasidone,,N05AE05,,,,,,,,,,,,,,,,,,
drug_flupentixol,flupentixol,,N05AF01,,,,,,,,,,,,,,,,,,
drug_clopenthixol,clopenthixol,,N05AF02,,,,,,,,,,,,,,,,,,
drug_chlorprothixene,chlorprothixene,,N05AF03,,,,,,,,,,,,,,,,,,
drug_tiotixene,tiotixene,,N05AF04,,,,,,,,,,,,,,,,,,
drug_zuclopenthixol,zuclopenthixol,,N05AF05,,,,,,,,,,,,,,,,,,
drug_fluspirilene,fluspirilene,,N05AG01,,,,,,,,,,,,,,,,,,
drug_pimozide,pimozide,,N05AG02,,,,,,,,,,,,,,,,,,
drug_penfluridol,penfluridol,,N05AG03,,,,,,,,,,,,,,,,,,
drug_loxapine,loxapine,,N05AH01,,,,,,,,,,,,,,,,,,
drug_clozapine,clozapine,,N05AH02,,,,,,,,,,,,,,,,,,
drug_olanzapine,olanzapine,,N05AH03,,,,,,,,,,,,,,,,,,
drug_quetiapine,quetiapine,,N05AH04,,,,,,,,,,,,,,,,,,
drug_asenapine,asenapine,,N05AH05,,,,,,,,,,,,,,,,,,
drug_clotiapine,clotiapine,,N05AH06,,,,,,,,,,,,,,,,,,
drug_olanzapine_and_samidorphan,olanzapine and samidorphan,,N05AH53,,,,,,,,,,,,,,,,,,
drug_sulpiride,sulpiride,,N05AL01,,,,,,,,,,,,,,,,,,
drug_sultopride,sultopride,,N05AL02,,,,,,,,,,,,,,,,,,
drug_tiapride,tiapride,,N05AL03,,,,,,,,,,,,,,,,,,
drug_remoxipride,remoxipride,,N05AL04,,,,,,,,,,,,,,,,,,
drug_amisulpride,amisulpride,,N05AL05,,,,,,,,,,,,,,,,,,
drug_veralipride,veralipride,,N05AL06,,,,,,,,,,,,,,,,,,
drug_levosulpiride,levosulpiride,,N05AL07,,,,,,,,,,,,,,,,,,
drug_lithium,lithium,,N05AN01,,,,,,,,,,,,,,,,,,
drug_prothipendyl,prothipendyl,,N05AX07,,,,,,,,,,,,,,,,,,
drug_risperidone,risperidone,,N05AX08,,,,,,,,,,,,,,,,,,
drug_mosapramine,mosapramine,,N05AX10,,,,,,,,,,,,,,,,,,
drug_zotepine,zotepine,,N05AX11,,,,,,,,,,,,,,,,,,
drug_aripiprazole,aripiprazole,,N05AX12,,,,,,,,,,,,,,,,,,
drug_paliperidone,paliperidone,,N05AX13,,,,,,,,,,,,,,,,,,
drug_iloperidone,iloperidone,,N05AX14,,,,,,,,,,,,,,,,,,
drug_cariprazine,cariprazine,,N05AX15,,,,,,,,,,,,,,,,,,
drug_brexpiprazole,brexpiprazole,,N05AX16,,,,,,,,,,,,,,,,,,
drug_pimavanserin,pimavanserin,,N05AX17,,,,,,,,,,,,,,,,,,
drug_diazepam,diazepam,,N05BA01,,,,,,,,,,,,,,,,,,
drug_chlordiazepoxide,chlordiazepoxide,,N05BA02,,,,,,,,,,,,,,,,,,
drug_medazepam,medazepam,,N05BA03,,,,,,,,,,,,,,,,,,
drug_oxazepam,oxazepam,,N05BA04,,,,,,,,,,,,,,,,,,
drug_potassium_clorazepate,potassium clorazepate,,N05BA05,,,,,,,,,,,,,,,,,,
drug_lorazepam,lorazepam,,N05BA06,,,,,,,,,,,,,,,,,,
drug_adinazolam,adinazolam,,N05BA07,,,,,,,,,,,,,,,,,,
drug_bromazepam,bromazepam,,N05BA08,,,,,,,,,,,,,,,,,,
drug_clobazam,clobazam,,N05BA09,,,,,,,,,,,,,,,,,,
drug_ketazolam,ketazolam,,N05BA10,,,,,,,,,,,,,,,,,,
drug_prazepam,prazepam,,N05BA11,,,,,,,,,,,,,,,,,,
drug_alprazolam,alprazolam,,N05BA12,,,,,,,,,,,,,,,,,,
drug_halazepam,halazepam,,N05BA13,,,,,,,,,,,,,,,,,,
drug_pinazepam,pinazepam,,N05BA14,,,,,,,,,,,,,,,,,,
drug_camazepam,camazepam,,N05BA15,,,,,,,,,,,,,,,,,,
drug_nordazepam,nordazepam,,N05BA16,,,,,,,,,,,,,,,,,,
drug_fludiazepam,fludiazepam,,N05BA17,,,,,,,,,,,,,,,,,,
drug_ethyl_loflazepate,ethyl loflazepate,,N05BA18,,,,,,,,,,,,,,,,,,
drug_etizolam,etizolam,,N05BA19,,,,,,,,,,,,,,,,,,
drug_clotiazepam,clotiazepam,,N05BA21,,,,,,,,,,,,,,,,,,
drug_cloxazolam,cloxazolam,,N05BA22,,,,,,,,,,,,,,,,,,
drug_tofisopam,tofisopam,,N05BA23,,,,,,,,,,,,,,,,,,
drug_bentazepam,bentazepam,,N05BA24,,,,,,,,,,,,,,,,,,
drug_mexazolam,mexazolam,,N05BA25,,,,,,,,,,,,,,,,,,
drug_lorazepam_combinations,"lorazepam, combinations",,N05BA56,,,,,,,,,,,,,,,,,,
drug_hydroxyzine,hydroxyzine,,N05BB01,,,,,,,,,,,,,,,,,,
drug_captodiame,captodiame,,N05BB02,,,,,,,,,,,,,,,,,,
drug_hydroxyzine_combinations,"hydroxyzine, combinations",,N05BB51,,,,,,,,,,,,,,,,,,
drug_meprobamate,meprobamate,,N05BC01,,,,,,,,,,,,,,,,,,
drug_emylcamate,emylcamate,,N05BC03,,,,,,,,,,,,,,,,,,
drug_mebutamate,mebutamate,,N05BC04,,,,,,,,,,,,,,,,,,
drug_meprobamate_combinations,"meprobamate, combinations",,N05BC51,N05CX01,,,,,,,,,,,,,,,,,
drug_benzoctamine,benzoctamine,,N05BD01,,,,,,,,,,,,,,,,,,
drug_buspirone,buspirone,,N05BE01,,,,,,,,,,,,,,,,,,
drug_mephenoxalone,mephenoxalone,,N05BX01,,,,,,,,,,,,,,,,,,
drug_gedocarnil,gedocarnil,,N05BX02,,,,,,,,,,,,,,,,,,
drug_etifoxine,etifoxine,,N05BX03,,,,,,,,,,,,,,,,,,
drug_fabomotizole,fabomotizole,,N05BX04,,,,,,,,,,,,,,,,,,
drug_lavandulae_aetheroleum,Lavandulae aetheroleum,,N05BX05,,,,,,,,,,,,,,,,,,
drug_pentobarbital,pentobarbital,,N05CA01,,,,,,,,,,,,,,,,,,
drug_amobarbital,amobarbital,,N05CA02,,,,,,,,,,,,,,,,,,
drug_butobarbital,butobarbital,,N05CA03,,,,,,,,,,,,,,,,,,
drug_barbital,barbital,,N05CA04,,,,,,,,,,,,,,,,,,
drug_aprobarbital,aprobarbital,,N05CA05,,,,,,,,,,,,,,,,,,
drug_secobarbital,secobarbital,,N05CA06,,,,,,,,,,,,,,,,,,
drug_talbutal,talbutal,,N05CA07,,,,,,,,,,,,,,,,,,
drug_vinylbital,vinylbital,,N05CA08,,,,,,,,,,,,,,,,,,
drug_vinbarbital,vinbarbital,,N05CA09,,,,,,,,,,,,,,,,,,
drug_cyclobarbital,cyclobarbital,,N05CA10,,,,,,,,,,,,,,,,,,
drug_heptabarbital,heptabarbital,,N05CA11,,,,,,,,,,,,,,,,,,
drug_reposal,reposal,,N05CA12,,,,,,,,,,,,,,,,,,
drug_etallobarbital,etallobarbital,,N05CA20,,,,,,,,,,,,,,,,,,
drug_allobarbital,allobarbital,,N05CA21,,,,,,,,,,,,,,,,,,
drug_proxibarbal,proxibarbal,,N05CA22,,,,,,,,,,,,,,,,,,
drug_combinations_of_barbiturates,combinations of barbiturates,,N05CB01,,,,,,,,,,,,,,,,,,
drug_barbiturates_in_combination_with_other_drugs,barbiturates in combination with other drugs,,N05CB02,,,,,,,,,,,,,,,,,,
drug_chloral_hydrate,chloral hydrate,,N05CC01,,,,,,,,,,,,,,,,,,
drug_chloralodol,chloralodol,,N05CC02,,,,,,,,,,,,,,,,,,
drug_acetylglycinamide_chloral_hydrate,acetylglycinamide chloral hydrate,,N05CC03,,,,,,,,,,,,,,,,,,
drug_dichloralphenazone,dichloralphenazone,,N05CC04,,,,,,,,,,,,,,,,,,
drug_paraldehyde,paraldehyde,,N05CC05,,,,,,,,,,,,,,,,,,
drug_flurazepam,flurazepam,,N05CD01,,,,,,,,,,,,,,,,,,
drug_nitrazepam,nitrazepam,,N05CD02,,,,,,,,,,,,,,,,,,
drug_flunitrazepam,flunitrazepam,,N05CD03,,,,,,,,,,,,,,,,,,
drug_estazolam,estazolam,,N05CD04,,,,,,,,,,,,,,,,,,
drug_triazolam,triazolam,,N05CD05,,,,,,,,,,,,,,,,,,
drug_lormetazepam,lormetazepam,,N05CD06,,,,,,,,,,,,,,,,,,
drug_temazepam,temazepam,,N05CD07,,,,,,,,,,,,,,,,,,
drug_midazolam,midazolam,,N05CD08,,,,,,,,,,,,,,,,,,
drug_brotizolam,brotizolam,,N05CD09,,,,,,,,,,,,,,,,,,
drug_quazepam,quazepam,,N05CD10,,,,,,,,,,,,,,,,,,
drug_loprazolam,loprazolam,,N05CD11,,,,,,,,,,,,,,,,,,
drug_doxefazepam,doxefazepam,,N05CD12,,,,,,,,,,,,,,,,,,
drug_cinolazepam,cinolazepam,,N05CD13,,,,,,,,,,,,,,,,,,
drug_remimazolam,remimazolam,,N05CD14,,,,,,,,,,,,,,,,,,
drug_nimetazepam,nimetazepam,,N05CD15,,,,,,,,,,,,,,,,,,
drug_glutethimide,glutethimide,,N05CE01,,,,,,,,,,,,,,,,,,
drug_methyprylon,methyprylon,,N05CE02,,,,,,,,,,,,,,,,,,
drug_pyrithyldione,pyrithyldione,,N05CE03,,,,,,,,,,,,,,,,,,
drug_zopiclone,zopiclone,,N05CF01,,,,,,,,,,,,,,,,,,
drug_zolpidem,zolpidem,,N05CF02,,,,,,,,,,,,,,,,,,
drug_zaleplon,zaleplon,,N05CF03,,,,,,,,,,,,,,,,,,
drug_eszopiclone,eszopiclone,,N05CF04,,,,,,,,,,,,,,,,,,
drug_melatonin,melatonin,,N05CH01,,,,,,,,,,,,,,,,,,
drug_ramelteon,ramelteon,,N05CH02,,,,,,,,,,,,,,,,,,
drug_tasimelteon,tasimelteon,,N05CH03,,,,,,,,,,,,,,,,,,
drug_suvorexant,suvorexant,,N05CJ01,,,,,,,,,,,,,,,,,,
drug_lemborexant,lemborexant,,N05CJ02,,,,,,,,,,,,,,,,,,
drug_daridorexant,daridorexant,,N05CJ03,,,,,,,,,,,,,,,,,,
drug_methaqualone,methaqualone,,N05CM01,,,,,,,,,,,,,,,,,,
drug_clomethiazole,clomethiazole,,N05CM02,,,,,,,,,,,,,,,,,,
drug_bromisoval,bromisoval,,N05CM03,,,,,,,,,,,,,,,,,,
drug_carbromal,carbromal,,N05CM04,,,,,,,,,,,,,,,,,,
drug_propiomazine,propiomazine,,N05CM06,,,,,,,,,,,,,,,,,,
drug_triclofos,triclofos,,N05CM07,,,,,,,,,,,,,,,,,,
drug_ethchlorvynol,ethchlorvynol,,N05CM08,,,,,,,,,,,,,,,,,,
drug_valerianae_radix,Valerianae radix,,N05CM09,,,,,,,,,,,,,,,,,,
drug_hexapropymate,hexapropymate,,N05CM10,,,,,,,,,,,,,,,,,,
drug_bromides,bromides,,N05CM11,,,,,,,,,,,,,,,,,,
drug_apronal,apronal,,N05CM12,,,,,,,,,,,,,,,,,,
drug_valnoctamide,valnoctamide,,N05CM13,,,,,,,,,,,,,,,,,,
drug_methylpentynol,methylpentynol,,N05CM15,,,,,,,,,,,,,,,,,,
drug_niaprazine,niaprazine,,N05CM16,,,,,,,,,,,,,,,,,,
drug_dexmedetomidine,dexmedetomidine,,N05CM18,,,,,,,,,,,,,,,,,,
drug_methaqualone_combinations,"methaqualone, combinations",,N05CX02,,,,,,,,,,,,,,,,,,
drug_methylpentynol_combinations,"methylpentynol, combinations",,N05CX03,,,,,,,,,,,,,,,,,,
drug_clomethiazole_combinations,"clomethiazole, combinations",,N05CX04,,,,,,,,,,,,,,,,,,
drug_emepronium_combinations,"emepronium, combinations",,N05CX05,,,,,,,,,,,,,,,,,,
drug_dipiperonylaminoethanol_combinations,"dipiperonylaminoethanol, combinations",,N05CX06,,,,,,,,,,,,,,,,,,
drug_desipramine,desipramine,,N06AA01,,,,,,,,,,,,,,,,,,
drug_imipramine,imipramine,,N06AA02,,,,,,,,,,,,,,,,,,
drug_imipramine_oxide,imipramine oxide,,N06AA03,,,,,,,,,,,,,,,,,,
drug_clomipramine,clomipramine,,N06AA04,,,,,,,,,,,,,,,,,,
drug_opipramol,opipramol,,N06AA05,,,,,,,,,,,,,,,,,,
drug_trimipramine,trimipramine,,N06AA06,,,,,,,,,,,,,,,,,,
drug_lofepramine,lofepramine,,N06AA07,,,,,,,,,,,,,,,,,,
drug_dibenzepin,dibenzepin,,N06AA08,,,,,,,,,,,,,,,,,,
drug_amitriptyline,amitriptyline,,N06AA09,,,,,,,,,,,,,,,,,,
drug_nortriptyline,nortriptyline,,N06AA10,,,,,,,,,,,,,,,,,,
drug_protriptyline,protriptyline,,N06AA11,,,,,,,,,,,,,,,,,,
drug_iprindole,iprindole,,N06AA13,,,,,,,,,,,,,,,,,,
drug_melitracen,melitracen,,N06AA14,,,,,,,,,,,,,,,,,,
drug_butriptyline,butriptyline,,N06AA15,,,,,,,,,,,,,,,,,,
drug_dosulepin,dosulepin,,N06AA16,,,,,,,,,,,,,,,,,,
drug_amoxapine,amoxapine,,N06AA17,,,,,,,,,,,,,,,,,,
drug_dimetacrine,dimetacrine,,N06AA18,,,,,,,,,,,,,,,,,,
drug_amineptine,amineptine,,N06AA19,,,,,,,,,,,,,,,,,,
drug_maprotiline,maprotiline,,N06AA21,,,,,,,,,,,,,,,,,,
drug_quinupramine,quinupramine,,N06AA23,,,,,,,,,,,,,,,,,,
drug_zimeldine,zimeldine,,N06AB02,,,,,,,,,,,,,,,,,,
drug_fluoxetine,fluoxetine,,N06AB03,,,,,,,,,,,,,,,,,,
drug_citalopram,citalopram,,N06AB04,,,,,,,,,,,,,,,,,,
drug_paroxetine,paroxetine,,N06AB05,,,,,,,,,,,,,,,,,,
drug_sertraline,sertraline,,N06AB06,,,,,,,,,,,,,,,,,,
drug_alaproclate,alaproclate,,N06AB07,,,,,,,,,,,,,,,,,,
drug_fluvoxamine,fluvoxamine,,N06AB08,,,,,,,,,,,,,,,,,,
drug_etoperidone,etoperidone,,N06AB09,,,,,,,,,,,,,,,,,,
drug_escitalopram,escitalopram,,N06AB10,,,,,,,,,,,,,,,,,,
drug_isocarboxazid,isocarboxazid,,N06AF01,,,,,,,,,,,,,,,,,,
drug_nialamide,nialamide,,N06AF02,,,,,,,,,,,,,,,,,,
drug_phenelzine,phenelzine,,N06AF03,,,,,,,,,,,,,,,,,,
drug_tranylcypromine,tranylcypromine,,N06AF04,,,,,,,,,,,,,,,,,,
drug_iproniazide,iproniazide,,N06AF05,,,,,,,,,,,,,,,,,,
drug_iproclozide,iproclozide,,N06AF06,,,,,,,,,,,,,,,,,,
drug_moclobemide,moclobemide,,N06AG02,,,,,,,,,,,,,,,,,,
drug_toloxatone,toloxatone,,N06AG03,,,,,,,,,,,,,,,,,,
drug_oxitriptan,oxitriptan,,N06AX01,,,,,,,,,,,,,,,,,,
drug_tryptophan,tryptophan,,N06AX02,,,,,,,,,,,,,,,,,,
drug_mianserin,mianserin,,N06AX03,,,,,,,,,,,,,,,,,,
drug_nomifensine,nomifensine,,N06AX04,,,,,,,,,,,,,,,,,,
drug_trazodone,trazodone,,N06AX05,,,,,,,,,,,,,,,,,,
drug_nefazodone,nefazodone,,N06AX06,,,,,,,,,,,,,,,,,,
drug_minaprine,minaprine,,N06AX07,,,,,,,,,,,,,,,,,,
drug_bifemelane,bifemelane,,N06AX08,,,,,,,,,,,,,,,,,,
drug_viloxazine,viloxazine,,N06AX09,,,,,,,,,,,,,,,,,,
drug_oxaflozane,oxaflozane,,N06AX10,,,,,,,,,,,,,,,,,,
drug_mirtazapine,mirtazapine,,N06AX11,,,,,,,,,,,,,,,,,,
drug_bupropion,bupropion,,N06AX12,,,,,,,,,,,,,,,,,,
drug_medifoxamine,medifoxamine,,N06AX13,,,,,,,,,,,,,,,,,,
drug_tianeptine,tianeptine,,N06AX14,,,,,,,,,,,,,,,,,,
drug_pivagabine,pivagabine,,N06AX15,,,,,,,,,,,,,,,,,,
drug_venlafaxine,venlafaxine,,N06AX16,,,,,,,,,,,,,,,,,,
drug_milnacipran,milnacipran,,N06AX17,,,,,,,,,,,,,,,,,,
drug_reboxetine,reboxetine,,N06AX18,,,,,,,,,,,,,,,,,,
drug_gepirone,gepirone,,N06AX19,,,,,,,,,,,,,,,,,,
drug_duloxetine,duloxetine,,N06AX21,,,,,,,,,,,,,,,,,,
drug_agomelatine,agomelatine,,N06AX22,,,,,,,,,,,,,,,,,,
drug_desvenlafaxine,desvenlafaxine,,N06AX23,,,,,,,,,,,,,,,,,,
drug_vilazodone,vilazodone,,N06AX24,,,,,,,,,,,,,,,,,,
drug_hyperici_herba,Hyperici herba,,N06AX25,,,,,,,,,,,,,,,,,,
drug_vortioxetine,vortioxetine,,N06AX26,,,,,,,,,,,,,,,,,,
drug_levomilnacipran,levomilnacipran,,N06AX28,,,,,,,,,,,,,,,,,,
drug_brexanolone,brexanolone,,N06AX29,,,,,,,,,,,,,,,,,,
drug_bupropion_and_dextromethorphan,bupropion and dextromethorphan,,N06AX62,,,,,,,,,,,,,,,,,,
drug_amfetamine,amfetamine,,N06BA01,,,,,,,,,,,,,,,,,,
drug_dexamfetamine,dexamfetamine,,N06BA02,,,,,,,,,,,,,,,,,,
drug_metamfetamine,metamfetamine,,N06BA03,,,,,,,,,,,,,,,,,,
drug_methylphenidate,methylphenidate,,N06BA04,,,,,,,,,,,,,,,,,,
drug_pemoline,pemoline,,N06BA05,,,,,,,,,,,,,,,,,,
drug_fencamfamin,fencamfamin,,N06BA06,,,,,,,,,,,,,,,,,,
drug_modafinil,modafinil,,N06BA07,,,,,,,,,,,,,,,,,,
drug_fenozolone,fenozolone,,N06BA08,,,,,,,,,,,,,,,,,,
drug_atomoxetine,atomoxetine,,N06BA09,,,,,,,,,,,,,,,,,,
drug_fenetylline,fenetylline,,N06BA10,,,,,,,,,,,,,,,,,,
drug_dexmethylphenidate,dexmethylphenidate,,N06BA11,,,,,,,,,,,,,,,,,,
drug_lisdexamfetamine,lisdexamfetamine,,N06BA12,,,,,,,,,,,,,,,,,,
drug_armodafinil,armodafinil,,N06BA13,,,,,,,,,,,,,,,,,,
drug_solriamfetol,solriamfetol,,N06BA14,,,,,,,,,,,,,,,,,,
drug_dexmethylphenidate_and_serdexmethylphenidate,dexmethylphenidate and serdexmethylphenidate,,N06BA15,,,,,,,,,,,,,,,,,,
drug_propentofylline,propentofylline,,N06BC02,,,,,,,,,,,,,,,,,,
drug_meclofenoxate,meclofenoxate,,N06BX01,,,,,,,,,,,,,,,,,,
drug_pyritinol,pyritinol,,N06BX02,,,,,,,,,,,,,,,,,,
drug_piracetam,piracetam,,N06BX03,,,,,,,,,,,,,,,,,,
drug_deanol,deanol,,N06BX04,,,,,,,,,,,,,,,,,,
drug_fipexide,fipexide,,N06BX05,,,,,,,,,,,,,,,,,,
drug_citicoline,citicoline,,N06BX06,,,,,,,,,,,,,,,,,,
drug_oxiracetam,oxiracetam,,N06BX07,,,,,,,,,,,,,,,,,,
drug_pirisudanol,pirisudanol,,N06BX08,,,,,,,,,,,,,,,,,,
drug_linopirdine,linopirdine,,N06BX09,,,,,,,,,,,,,,,,,,
drug_nizofenone,nizofenone,,N06BX10,,,,,,,,,,,,,,,,,,
drug_aniracetam,aniracetam,,N06BX11,,,,,,,,,,,,,,,,,,
drug_acetylcarnitine,acetylcarnitine,,N06BX12,,,,,,,,,,,,,,,,,,
drug_idebenone,idebenone,,N06BX13,,,,,,,,,,,,,,,,,,
drug_prolintane,prolintane,,N06BX14,,,,,,,,,,,,,,,,,,
drug_pipradrol,pipradrol,,N06BX15,,,,,,,,,,,,,,,,,,
drug_pramiracetam,pramiracetam,,N06BX16,,,,,,,,,,,,,,,,,,
drug_adrafinil,adrafinil,,N06BX17,,,,,,,,,,,,,,,,,,
drug_vinpocetine,vinpocetine,,N06BX18,,,,,,,,,,,,,,,,,,
drug_temgicoluril,temgicoluril,,N06BX21,,,,,,,,,,,,,,,,,,
drug_phenibut,phenibut,,N06BX22,,,,,,,,,,,,,,,,,,
drug_amitriptyline_and_psycholeptics,amitriptyline and psycholeptics,,N06CA01,,,,,,,,,,,,,,,,,,
drug_melitracen_and_psycholeptics,melitracen and psycholeptics,,N06CA02,,,,,,,,,,,,,,,,,,
drug_fluoxetine_and_psycholeptics,fluoxetine and psycholeptics,,N06CA03,,,,,,,,,,,,,,,,,,
drug_tacrine,tacrine,,N06DA01,,,,,,,,,,,,,,,,,,
drug_donepezil,donepezil,,N06DA02,,,,,,,,,,,,,,,,,,
drug_rivastigmine,rivastigmine,,N06DA03,,,,,,,,,,,,,,,,,,
drug_galantamine,galantamine,,N06DA04,,,,,,,,,,,,,,,,,,
drug_ipidacrine,ipidacrine,,N06DA05,,,,,,,,,,,,,,,,,,
drug_donepezil_and_memantine,donepezil and memantine,,N06DA52,,,,,,,,,,,,,,,,,,
drug_donepezil_memantine_and_ginkgo_folium,"donepezil, memantine and Ginkgo folium",,N06DA53,,,,,,,,,,,,,,,,,,
drug_memantine,memantine,,N06DX01,,,,,,,,,,,,,,,,,,
drug_ginkgo_folium,Ginkgo folium,,N06DX02,,,,,,,,,,,,,,,,,,
drug_aducanumab,aducanumab,,N06DX03,,,,,,,,,,,,,,,,,,
drug_lecanemab,lecanemab,,N06DX04,,,,,,,,,,,,,,,,,,
drug_donanemab,donanemab,,N06DX05,,,,,,,,,,,,,,,,,,
drug_neostigmine,neostigmine,,N07AA01,S01EB06,,,,,,,,,,,,,,,,,
drug_pyridostigmine,pyridostigmine,,N07AA02,,,,,,,,,,,,,,,,,,
drug_distigmine,distigmine,,N07AA03,,,,,,,,,,,,,,,,,,
drug_ambenonium,ambenonium,,N07AA30,,,,,,,,,,,,,,,,,,
drug_neostigmine_combinations,"neostigmine, combinations",,N07AA51,,,,,,,,,,,,,,,,,,
drug_carbachol,carbachol,,N07AB01,S01EB02,,,,,,,,,,,,,,,,,
drug_bethanechol,bethanechol,,N07AB02,,,,,,,,,,,,,,,,,,
drug_pilocarpine,pilocarpine,,N07AX01,S01EB01,,,,,,,,,,,,,,,,,
drug_choline_alfoscerate,choline alfoscerate,,N07AX02,,,,,,,,,,,,,,,,,,
drug_cevimeline,cevimeline,,N07AX03,,,,,,,,,,,,,,,,,,
drug_nicotine,nicotine,,N07BA01,,,,,,,,,,,,,,,,,,
drug_varenicline,varenicline,,N07BA03,S01XA28,,,,,,,,,,,,,,,,,
drug_cytisinicline,cytisinicline,,N07BA04,,,,,,,,,,,,,,,,,,
drug_disulfiram,disulfiram,,N07BB01,P03AA04,,,,,,,,,,,,,,,,,
drug_calcium_carbimide,calcium carbimide,,N07BB02,,,,,,,,,,,,,,,,,,
drug_acamprosate,acamprosate,,N07BB03,,,,,,,,,,,,,,,,,,
drug_naltrexone,naltrexone,,N07BB04,,,,,,,,,,,,,,,,,,
drug_nalmefene,nalmefene,,N07BB05,,,,,,,,,,,,,,,,,,
drug_methadone,methadone,,N07BC02,,,,,,,,,,,,,,,,,,
drug_levacetylmethadol,levacetylmethadol,,N07BC03,,,,,,,,,,,,,,,,,,
drug_lofexidine,lofexidine,,N07BC04,,,,,,,,,,,,,,,,,,
drug_levomethadone,levomethadone,,N07BC05,,,,,,,,,,,,,,,,,,
drug_diamorphine,diamorphine,,N07BC06,,,,,,,,,,,,,,,,,,
drug_buprenorphine_combinations,"buprenorphine, combinations",,N07BC51,,,,,,,,,,,,,,,,,,
drug_betahistine,betahistine,,N07CA01,,,,,,,,,,,,,,,,,,
drug_cinnarizine,cinnarizine,,N07CA02,,,,,,,,,,,,,,,,,,
drug_flunarizine,flunarizine,,N07CA03,,,,,,,,,,,,,,,,,,
drug_acetylleucine,acetylleucine,,N07CA04,,,,,,,,,,,,,,,,,,
drug_cinnarizine_combinations,"cinnarizine, combinations",,N07CA52,,,,,,,,,,,,,,,,,,
drug_tirilazad,tirilazad,,N07XX01,,,,,,,,,,,,,,,,,,
drug_riluzole,riluzole,,N07XX02,,,,,,,,,,,,,,,,,,
drug_xaliproden,xaliproden,,N07XX03,,,,,,,,,,,,,,,,,,
drug_amifampridine,amifampridine,,N07XX05,,,,,,,,,,,,,,,,,,
drug_tetrabenazine,tetrabenazine,,N07XX06,,,,,,,,,,,,,,,,,,
drug_fampridine,fampridine,,N07XX07,,,,,,,,,,,,,,,,,,
drug_tafamidis,tafamidis,,N07XX08,,,,,,,,,,,,,,,,,,
drug_laquinimod,laquinimod,,N07XX10,,,,,,,,,,,,,,,,,,
drug_pitolisant,pitolisant,,N07XX11,,,,,,,,,,,,,,,,,,
drug_patisiran,patisiran,,N07XX12,,,,,,,,,,,,,,,,,,
drug_valbenazine,valbenazine,,N07XX13,,,,,,,,,,,,,,,,,,
drug_edaravone,edaravone,,N07XX14,,,,,,,,,,,,,,,,,,
drug_inotersen,inotersen,,N07XX15,,,,,,,,,,,,,,,,,,
drug_deutetrabenazine,deutetrabenazine,,N07XX16,,,,,,,,,,,,,,,,,,
drug_arimoclomol,arimoclomol,,N07XX17,,,,,,,,,,,,,,,,,,
drug_vutrisiran,vutrisiran,,N07XX18,,,,,,,,,,,,,,,,,,
drug_sodium_phenylbutyrate_and_ursodoxicoltaurine,sodium phenylbutyrate and ursodoxicoltaurine,,N07XX19,,,,,,,,,,,,,,,,,,
drug_eplontersen,eplontersen,,N07XX21,,,,,,,,,,,,,,,,,,
drug_tofersen,tofersen,,N07XX22,,,,,,,,,,,,,,,,,,
drug_troriluzole,troriluzole,,N07XX23,,,,,,,,,,,,,,,,,,
drug_dextromethorphan_combinations,"dextromethorphan, combinations",,N07XX59,,,,,,,,,,,,,,,,,,
drug_tilbroquinol,tilbroquinol,,P01AA05,,,,,,,,,,,,,,,,,,
drug_tilbroquinol_and_tiliquinol,tilbroquinol and tiliquinol,,P01AA30,,,,,,,,,,,,,,,,,,
drug_clioquinol_combinations,"clioquinol, combinations",,P01AA52,,,,,,,,,,,,,,,,,,
drug_nimorazole,nimorazole,,P01AB06,,,,,,,,,,,,,,,,,,
drug_secnidazole,secnidazole,,P01AB07,,,,,,,,,,,,,,,,,,
drug_metronidazole_and_furazolidone,metronidazole and furazolidone,,P01AB51,,,,,,,,,,,,,,,,,,
drug_metronidazole_and_diloxanide,metronidazole and diloxanide,,P01AB52,,,,,,,,,,,,,,,,,,
drug_diloxanide,diloxanide,,P01AC01,,,,,,,,,,,,,,,,,,
drug_clefamide,clefamide,,P01AC02,,,,,,,,,,,,,,,,,,
drug_etofamide,etofamide,,P01AC03,,,,,,,,,,,,,,,,,,
drug_teclozan,teclozan,,P01AC04,,,,,,,,,,,,,,,,,,
drug_arsthinol,arsthinol,,P01AR01,,,,,,,,,,,,,,,,,,
drug_difetarsone,difetarsone,,P01AR02,,,,,,,,,,,,,,,,,,
drug_glycobiarsol,glycobiarsol,,P01AR03,,,,,,,,,,,,,,,,,,
drug_glycobiarsol_combinations,"glycobiarsol, combinations",,P01AR53,,,,,,,,,,,,,,,,,,
drug_chiniofon,chiniofon,,P01AX01,,,,,,,,,,,,,,,,,,
drug_emetine,emetine,,P01AX02,,,,,,,,,,,,,,,,,,
drug_phanquinone,phanquinone,,P01AX04,,,,,,,,,,,,,,,,,,
drug_mepacrine,mepacrine,,P01AX05,,,,,,,,,,,,,,,,,,
drug_atovaquone,atovaquone,,P01AX06,,,,,,,,,,,,,,,,,,
drug_trimetrexate,trimetrexate,,P01AX07,,,,,,,,,,,,,,,,,,
drug_tenonitrozole,tenonitrozole,,P01AX08,,,,,,,,,,,,,,,,,,
drug_dehydroemetine,dehydroemetine,,P01AX09,,,,,,,,,,,,,,,,,,
drug_fumagillin,fumagillin,,P01AX10,,,,,,,,,,,,,,,,,,
drug_nitazoxanide,nitazoxanide,,P01AX11,,,,,,,,,,,,,,,,,,
drug_emetine_combinations,"emetine, combinations",,P01AX52,,,,,,,,,,,,,,,,,,
drug_chloroquine,chloroquine,,P01BA01,,,,,,,,,,,,,,,,,,
drug_hydroxychloroquine,hydroxychloroquine,,P01BA02,,,,,,,,,,,,,,,,,,
drug_primaquine,primaquine,,P01BA03,,,,,,,,,,,,,,,,,,
drug_amodiaquine,amodiaquine,,P01BA06,,,,,,,,,,,,,,,,,,
drug_tafenoquine,tafenoquine,,P01BA07,,,,,,,,,,,,,,,,,,
drug_proguanil,proguanil,,P01BB01,,,,,,,,,,,,,,,,,,
drug_cycloguanil_embonate,cycloguanil embonate,,P01BB02,,,,,,,,,,,,,,,,,,
drug_proguanil_and_atovaquone,proguanil and atovaquone,,P01BB51,,,,,,,,,,,,,,,,,,
drug_chloroquine_and_proguanil,chloroquine and proguanil,,P01BB52,,,,,,,,,,,,,,,,,,
drug_quinine,quinine,,P01BC01,,,,,,,,,,,,,,,,,,
drug_mefloquine,mefloquine,,P01BC02,,,,,,,,,,,,,,,,,,
drug_pyrimethamine,pyrimethamine,,P01BD01,,,,,,,,,,,,,,,,,,
drug_pyrimethamine_combinations,"pyrimethamine, combinations",,P01BD51,,,,,,,,,,,,,,,,,,
drug_artemisinin,artemisinin,,P01BE01,,,,,,,,,,,,,,,,,,
drug_artemether,artemether,,P01BE02,,,,,,,,,,,,,,,,,,
drug_artesunate,artesunate,,P01BE03,,,,,,,,,,,,,,,,,,
drug_artemotil,artemotil,,P01BE04,,,,,,,,,,,,,,,,,,
drug_artenimol,artenimol,,P01BE05,,,,,,,,,,,,,,,,,,
drug_artemether_and_lumefantrine,artemether and lumefantrine,,P01BF01,,,,,,,,,,,,,,,,,,
drug_artesunate_and_mefloquine,artesunate and mefloquine,,P01BF02,,,,,,,,,,,,,,,,,,
drug_artesunate_and_amodiaquine,artesunate and amodiaquine,,P01BF03,,,,,,,,,,,,,,,,,,
drug_artesunate_sulfalene_and_pyrimethamine,"artesunate, sulfalene and pyrimethamine",,P01BF04,,,,,,,,,,,,,,,,,,
drug_artenimol_and_piperaquine,artenimol and piperaquine,,P01BF05,,,,,,,,,,,,,,,,,,
drug_artesunate_and_pyronaridine,artesunate and pyronaridine,,P01BF06,,,,,,,,,,,,,,,,,,
drug_artemisinin_and_piperaquine,artemisinin and piperaquine,,P01BF07,,,,,,,,,,,,,,,,,,
drug_artemisinin_and_naphthoquine,artemisinin and naphthoquine,,P01BF08,,,,,,,,,,,,,,,,,,
drug_artesunate_sulfadoxine_and_pyrimethamine,"artesunate, sulfadoxine and pyrimethamine",,P01BF09,,,,,,,,,,,,,,,,,,
drug_halofantrine,halofantrine,,P01BX01,,,,,,,,,,,,,,,,,,
drug_arterolane_and_piperaquine,arterolane and piperaquine,,P01BX02,,,,,,,,,,,,,,,,,,
drug_benznidazole,benznidazole,,P01CA02,,,,,,,,,,,,,,,,,,
drug_fexinidazole,fexinidazole,,P01CA03,,,,,,,,,,,,,,,,,,
drug_meglumine_antimonate,meglumine antimonate,,P01CB01,,,,,,,,,,,,,,,,,,
drug_sodium_stibogluconate,sodium stibogluconate,,P01CB02,,,,,,,,,,,,,,,,,,
drug_nifurtimox,nifurtimox,,P01CC01,,,,,,,,,,,,,,,,,,
drug_melarsoprol,melarsoprol,,P01CD01,,,,,,,,,,,,,,,,,,
drug_pentamidine_isethionate,pentamidine isethionate,,P01CX01,,,,,,,,,,,,,,,,,,
drug_suramin_sodium,suramin sodium,,P01CX02,,,,,,,,,,,,,,,,,,
drug_miltefosine,miltefosine,,P01CX04,,,,,,,,,,,,,,,,,,
drug_praziquantel,praziquantel,,P02BA01,,,,,,,,,,,,,,,,,,
drug_oxamniquine,oxamniquine,,P02BA02,,,,,,,,,,,,,,,,,,
drug_arpraziquantel,arpraziquantel,,P02BA03,,,,,,,,,,,,,,,,,,
drug_metrifonate,metrifonate,,P02BB01,,,,,,,,,,,,,,,,,,
drug_niridazole,niridazole,,P02BX02,,,,,,,,,,,,,,,,,,
drug_stibophen,stibophen,,P02BX03,,,,,,,,,,,,,,,,,,
drug_triclabendazole,triclabendazole,,P02BX04,,,,,,,,,,,,,,,,,,
drug_mebendazole,mebendazole,,P02CA01,,,,,,,,,,,,,,,,,,
drug_albendazole,albendazole,,P02CA03,,,,,,,,,,,,,,,,,,
drug_ciclobendazole,ciclobendazole,,P02CA04,,,,,,,,,,,,,,,,,,
drug_flubendazole,flubendazole,,P02CA05,,,,,,,,,,,,,,,,,,
drug_fenbendazole,fenbendazole,,P02CA06,,,,,,,,,,,,,,,,,,
drug_mebendazole_combinations,"mebendazole, combinations",,P02CA51,,,,,,,,,,,,,,,,,,
drug_piperazine,piperazine,,P02CB01,,,,,,,,,,,,,,,,,,
drug_diethylcarbamazine,diethylcarbamazine,,P02CB02,,,,,,,,,,,,,,,,,,
drug_pyrantel,pyrantel,,P02CC01,,,,,,,,,,,,,,,,,,
drug_oxantel,oxantel,,P02CC02,,,,,,,,,,,,,,,,,,
drug_levamisole,levamisole,,P02CE01,,,,,,,,,,,,,,,,,,
drug_pyrvinium,pyrvinium,,P02CX01,,,,,,,,,,,,,,,,,,
drug_bephenium,bephenium,,P02CX02,,,,,,,,,,,,,,,,,,
drug_moxidectin,moxidectin,,P02CX03,,,,,,,,,,,,,,,,,,
drug_niclosamide,niclosamide,,P02DA01,,,,,,,,,,,,,,,,,,
drug_desaspidin,desaspidin,,P02DX01,,,,,,,,,,,,,,,,,,
drug_dichlorophen,dichlorophen,,P02DX02,,,,,,,,,,,,,,,,,,
drug_dixanthogen,dixanthogen,,P03AA01,,,,,,,,,,,,,,,,,,
drug_potassium_polysulfide,potassium polysulfide,,P03AA02,,,,,,,,,,,,,,,,,,
drug_thiram,thiram,,P03AA05,,,,,,,,,,,,,,,,,,
drug_disulfiram_combinations,"disulfiram, combinations",,P03AA54,,,,,,,,,,,,,,,,,,
drug_clofenotane,clofenotane,,P03AB01,,,,,,,,,,,,,,,,,,
drug_lindane,lindane,,P03AB02,,,,,,,,,,,,,,,,,,
drug_clofenotane_combinations,"clofenotane, combinations",,P03AB51,,,,,,,,,,,,,,,,,,
drug_pyrethrum,pyrethrum,,P03AC01,,,,,,,,,,,,,,,,,,
drug_bioallethrin,bioallethrin,,P03AC02,,,,,,,,,,,,,,,,,,
drug_phenothrin,phenothrin,,P03AC03,,,,,,,,,,,,,,,,,,
drug_permethrin,permethrin,,P03AC04,,,,,,,,,,,,,,,,,,
drug_pyrethrum_combinations,"pyrethrum, combinations",,P03AC51,,,,,,,,,,,,,,,,,,
drug_bioallethrin_combinations,"bioallethrin, combinations",,P03AC52,,,,,,,,,,,,,,,,,,
drug_phenothrin_combinations,"phenothrin, combinations",,P03AC53,,,,,,,,,,,,,,,,,,
drug_permethrin_combinations,"permethrin, combinations",,P03AC54,,,,,,,,,,,,,,,,,,
drug_benzyl_benzoate,benzyl benzoate,,P03AX01,,,,,,,,,,,,,,,,,,
drug_copper_oleinate,copper oleinate,,P03AX02,,,,,,,,,,,,,,,,,,
drug_malathion,malathion,,P03AX03,,,,,,,,,,,,,,,,,,
drug_quassia,quassia,,P03AX04,,,,,,,,,,,,,,,,,,
drug_dimeticone,dimeticone,,P03AX05,,,,,,,,,,,,,,,,,,
drug_benzyl_alcohol,benzyl alcohol,,P03AX06,,,,,,,,,,,,,,,,,,
drug_abametapir,abametapir,,P03AX07,,,,,,,,,,,,,,,,,,
drug_cyfluthrin,cyfluthrin,,P03BA01,,,,,,,,,,,,,,,,,,
drug_cypermethrin,cypermethrin,,P03BA02,,,,,,,,,,,,,,,,,,
drug_decamethrin,decamethrin,,P03BA03,,,,,,,,,,,,,,,,,,
drug_tetramethrin,tetramethrin,,P03BA04,,,,,,,,,,,,,,,,,,
drug_diethyltoluamide,diethyltoluamide,,P03BX01,,,,,,,,,,,,,,,,,,
drug_dimethylphthalate,dimethylphthalate,,P03BX02,,,,,,,,,,,,,,,,,,
drug_dibutylphthalate,dibutylphthalate,,P03BX03,,,,,,,,,,,,,,,,,,
drug_dibutylsuccinate,dibutylsuccinate,,P03BX04,,,,,,,,,,,,,,,,,,
drug_dimethylcarbate,dimethylcarbate,,P03BX05,,,,,,,,,,,,,,,,,,
drug_etohexadiol,etohexadiol,,P03BX06,,,,,,,,,,,,,,,,,,
drug_cyclopentamine,cyclopentamine,,R01AA02,,,,,,,,,,,,,,,,,,
drug_tetryzoline,tetryzoline,,R01AA06,R01AB03;S01GA02,,,,,,,,,,,,,,,,,
drug_xylometazoline,xylometazoline,,R01AA07,R01AB06;S01GA03,,,,,,,,,,,,,,,,,
drug_naphazoline,naphazoline,,R01AA08,R01AB02;S01GA01,,,,,,,,,,,,,,,,,
drug_tramazoline,tramazoline,,R01AA09,,,,,,,,,,,,,,,,,,
drug_metizoline,metizoline,,R01AA10,,,,,,,,,,,,,,,,,,
drug_tuaminoheptane,tuaminoheptane,,R01AA11,R01AB08,,,,,,,,,,,,,,,,,
drug_fenoxazoline,fenoxazoline,,R01AA12,,,,,,,,,,,,,,,,,,
drug_tymazoline,tymazoline,,R01AA13,,,,,,,,,,,,,,,,,,
drug_indanazoline,indanazoline,,R01AA15,,,,,,,,,,,,,,,,,,
drug_levocabastine,levocabastine,,R01AC02,S01GX02,,,,,,,,,,,,,,,,,
drug_azelastine,azelastine,,R01AC03,R06AX19;S01GX07,,,,,,,,,,,,,,,,,
drug_antazoline,antazoline,,R01AC04,R06AX05,,,,,,,,,,,,,,,,,
drug_spaglumic_acid,spaglumic acid,,R01AC05,S01GX03,,,,,,,,,,,,,,,,,
drug_nedocromil,nedocromil,,R01AC07,R03BC03;S01GX04,,,,,,,,,,,,,,,,,
drug_olopatadine,olopatadine,,R01AC08,S01GX09,,,,,,,,,,,,,,,,,
drug_cromoglicic_acid_combinations,"cromoglicic acid, combinations",,R01AC51,S01GX51,,,,,,,,,,,,,,,,,
drug_flunisolide,flunisolide,,R01AD04,R03BA03,,,,,,,,,,,,,,,,,
drug_fluticasone_furoate,fluticasone furoate,,R01AD12,R03BA09,,,,,,,,,,,,,,,,,
drug_ciclesonide,ciclesonide,,R01AD13,R03BA08,,,,,,,,,,,,,,,,,
drug_dexamethasone_combinations,"dexamethasone, combinations",,R01AD53,,,,,,,,,,,,,,,,,,
drug_tixocortol_combinations,"tixocortol, combinations",,R01AD57,,,,,,,,,,,,,,,,,,
drug_fluticasone_combinations,"fluticasone, combinations",,R01AD58,,,,,,,,,,,,,,,,,,
drug_mometasone_combinations,"mometasone, combinations",,R01AD59,,,,,,,,,,,,,,,,,,
drug_hydrocortisone_combinations,"hydrocortisone, combinations",,R01AD60,,,,,,,,,,,,,,,,,,
drug_calcium_hexamine_thiocyanate,calcium hexamine thiocyanate,,R01AX01,,,,,,,,,,,,,,,,,,
drug_ipratropium_bromide,ipratropium bromide,,R01AX03,R03BB01,,,,,,,,,,,,,,,,,
drug_ritiometan,ritiometan,,R01AX05,,,,,,,,,,,,,,,,,,
drug_phenylpropanolamine,phenylpropanolamine,,R01BA01,,,,,,,,,,,,,,,,,,
drug_pseudoephedrine,pseudoephedrine,,R01BA02,,,,,,,,,,,,,,,,,,
drug_phenylpropanolamine_combinations,"phenylpropanolamine, combinations",,R01BA51,,,,,,,,,,,,,,,,,,
drug_pseudoephedrine_combinations,"pseudoephedrine, combinations",,R01BA52,,,,,,,,,,,,,,,,,,
drug_phenylephrine_combinations,"phenylephrine, combinations",,R01BA53,S01GA55,,,,,,,,,,,,,,,,,
drug_ambazone,ambazone,,R02AA01,,,,,,,,,,,,,,,,,,
drug_dichlorobenzyl_alcohol,dichlorobenzyl alcohol,,R02AA03,,,,,,,,,,,,,,,,,,
drug_benzethonium,benzethonium,,R02AA09,,,,,,,,,,,,,,,,,,
drug_myristyl_benzalkonium,myristyl-benzalkonium,,R02AA10,,,,,,,,,,,,,,,,,,
drug_hexylresorcinol,hexylresorcinol,,R02AA12,,,,,,,,,,,,,,,,,,
drug_acriflavinium_chloride,acriflavinium chloride,,R02AA13,,,,,,,,,,,,,,,,,,
drug_fusafungine,fusafungine,,R02AB03,,,,,,,,,,,,,,,,,,
drug_gramicidin,gramicidin,,R02AB30,,,,,,,,,,,,,,,,,,
drug_ambroxol,ambroxol,,R02AD05,R05CB06,,,,,,,,,,,,,,,,,
drug_orciprenaline,orciprenaline,,R03AB03,R03CB03,,,,,,,,,,,,,,,,,
drug_salbutamol,salbutamol,,R03AC02,R03CC02,,,,,,,,,,,,,,,,,
drug_terbutaline,terbutaline,,R03AC03,R03CC03,,,,,,,,,,,,,,,,,
drug_rimiterol,rimiterol,,R03AC05,,,,,,,,,,,,,,,,,,
drug_hexoprenaline,hexoprenaline,,R03AC06,R03CC05,,,,,,,,,,,,,,,,,
drug_isoetarine,isoetarine,,R03AC07,R03CC06,,,,,,,,,,,,,,,,,
drug_pirbuterol,pirbuterol,,R03AC08,R03CC07,,,,,,,,,,,,,,,,,
drug_tretoquinol,tretoquinol,,R03AC09,R03CC09,,,,,,,,,,,,,,,,,
drug_carbuterol,carbuterol,,R03AC10,R03CC10,,,,,,,,,,,,,,,,,
drug_tulobuterol,tulobuterol,,R03AC11,R03CC11,,,,,,,,,,,,,,,,,
drug_salmeterol,salmeterol,,R03AC12,,,,,,,,,,,,,,,,,,
drug_formoterol,formoterol,,R03AC13,R03CC15,,,,,,,,,,,,,,,,,
drug_clenbuterol,clenbuterol,,R03AC14,R03CC13,,,,,,,,,,,,,,,,,
drug_reproterol,reproterol,,R03AC15,R03CC14,,,,,,,,,,,,,,,,,
drug_procaterol,procaterol,,R03AC16,R03CC08,,,,,,,,,,,,,,,,,
drug_bitolterol,bitolterol,,R03AC17,,,,,,,,,,,,,,,,,,
drug_indacaterol,indacaterol,,R03AC18,,,,,,,,,,,,,,,,,,
drug_olodaterol,olodaterol,,R03AC19,,,,,,,,,,,,,,,,,,
drug_epinephrine_and_other_drugs_for_obstructive_airway_diseases,epinephrine and other drugs for obstructive airway diseases,,R03AK01,,,,,,,,,,,,,,,,,,
drug_isoprenaline_and_other_drugs_for_obstructive_airway_diseases,isoprenaline and other drugs for obstructive airway diseases,,R03AK02,,,,,,,,,,,,,,,,,,
drug_salbutamol_and_sodium_cromoglicate,salbutamol and sodium cromoglicate,,R03AK04,,,,,,,,,,,,,,,,,,
drug_reproterol_and_sodium_cromoglicate,reproterol and sodium cromoglicate,,R03AK05,,,,,,,,,,,,,,,,,,
drug_salmeterol_and_fluticasone,salmeterol and fluticasone,,R03AK06,,,,,,,,,,,,,,,,,,
drug_formoterol_and_budesonide,formoterol and budesonide,,R03AK07,,,,,,,,,,,,,,,,,,
drug_formoterol_and_beclometasone,formoterol and beclometasone,,R03AK08,,,,,,,,,,,,,,,,,,
drug_formoterol_and_mometasone,formoterol and mometasone,,R03AK09,,,,,,,,,,,,,,,,,,
drug_vilanterol_and_fluticasone_furoate,vilanterol and fluticasone furoate,,R03AK10,,,,,,,,,,,,,,,,,,
drug_formoterol_and_fluticasone,formoterol and fluticasone,,R03AK11,,,,,,,,,,,,,,,,,,
drug_salmeterol_and_budesonide,salmeterol and budesonide,,R03AK12,,,,,,,,,,,,,,,,,,
drug_salbutamol_and_beclometasone,salbutamol and beclometasone,,R03AK13,,,,,,,,,,,,,,,,,,
drug_indacaterol_and_mometasone,indacaterol and mometasone,,R03AK14,,,,,,,,,,,,,,,,,,
drug_salbutamol_and_budesonide,salbutamol and budesonide,,R03AK15,,,,,,,,,,,,,,,,,,
drug_fenoterol_and_ipratropium_bromide,fenoterol and ipratropium bromide,,R03AL01,,,,,,,,,,,,,,,,,,
drug_salbutamol_and_ipratropium_bromide,salbutamol and ipratropium bromide,,R03AL02,,,,,,,,,,,,,,,,,,
drug_vilanterol_and_umeclidinium_bromide,vilanterol and umeclidinium bromide,,R03AL03,,,,,,,,,,,,,,,,,,
drug_indacaterol_and_glycopyrronium_bromide,indacaterol and glycopyrronium bromide,,R03AL04,,,,,,,,,,,,,,,,,,
drug_formoterol_and_aclidinium_bromide,formoterol and aclidinium bromide,,R03AL05,,,,,,,,,,,,,,,,,,
drug_olodaterol_and_tiotropium_bromide,olodaterol and tiotropium bromide,,R03AL06,,,,,,,,,,,,,,,,,,
drug_formoterol_and_glycopyrronium_bromide,formoterol and glycopyrronium bromide,,R03AL07,,,,,,,,,,,,,,,,,,
drug_vilanterol_umeclidinium_bromide_and_fluticasone_furoate,"vilanterol, umeclidinium bromide and fluticasone furoate",,R03AL08,,,,,,,,,,,,,,,,,,
drug_formoterol_glycopyrronium_bromide_and_beclometasone,"formoterol, glycopyrronium bromide and beclometasone",,R03AL09,,,,,,,,,,,,,,,,,,
drug_formoterol_and_tiotropium_bromide,formoterol and tiotropium bromide,,R03AL10,,,,,,,,,,,,,,,,,,
drug_formoterol_glycopyrronium_bromide_and_budesonide,"formoterol, glycopyrronium bromide and budesonide",,R03AL11,,,,,,,,,,,,,,,,,,
drug_indacaterol_glycopyrronium_bromide_and_mometasone,"indacaterol, glycopyrronium bromide and mometasone",,R03AL12,,,,,,,,,,,,,,,,,,
drug_oxitropium_bromide,oxitropium bromide,,R03BB02,,,,,,,,,,,,,,,,,,
drug_stramoni_preparations,stramoni preparations,,R03BB03,,,,,,,,,,,,,,,,,,
drug_tiotropium_bromide,tiotropium bromide,,R03BB04,,,,,,,,,,,,,,,,,,
drug_aclidinium_bromide,aclidinium bromide,,R03BB05,,,,,,,,,,,,,,,,,,
drug_umeclidinium_bromide,umeclidinium bromide,,R03BB07,,,,,,,,,,,,,,,,,,
drug_revefenacin,revefenacin,,R03BB08,,,,,,,,,,,,,,,,,,
drug_tiotropium_bromide_combinations,"tiotropium bromide, combinations",,R03BB54,,,,,,,,,,,,,,,,,,
drug_fenspiride,fenspiride,,R03BX01,R03DX03,,,,,,,,,,,,,,,,,
drug_methoxyphenamine,methoxyphenamine,,R03CB02,,,,,,,,,,,,,,,,,,
drug_isoprenaline_combinations,"isoprenaline, combinations",,R03CB51,,,,,,,,,,,,,,,,,,
drug_orciprenaline_combinations,"orciprenaline, combinations",,R03CB53,,,,,,,,,,,,,,,,,,
drug_bambuterol,bambuterol,,R03CC12,,,,,,,,,,,,,,,,,,
drug_terbutaline_combinations,"terbutaline, combinations",,R03CC53,,,,,,,,,,,,,,,,,,
drug_clenbuterol_and_ambroxol,clenbuterol and ambroxol,,R03CC63,,,,,,,,,,,,,,,,,,
drug_diprophylline,diprophylline,,R03DA01,,,,,,,,,,,,,,,,,,
drug_choline_theophyllinate,choline theophyllinate,,R03DA02,,,,,,,,,,,,,,,,,,
drug_proxyphylline,proxyphylline,,R03DA03,,,,,,,,,,,,,,,,,,
drug_theophylline,theophylline,,R03DA04,,,,,,,,,,,,,,,,,,
drug_aminophylline,aminophylline,,R03DA05,,,,,,,,,,,,,,,,,,
drug_etamiphylline,etamiphylline,,R03DA06,,,,,,,,,,,,,,,,,,
drug_bamifylline,bamifylline,,R03DA08,,,,,,,,,,,,,,,,,,
drug_acefylline_piperazine,acefylline piperazine,,R03DA09,,,,,,,,,,,,,,,,,,
drug_bufylline,bufylline,,R03DA10,,,,,,,,,,,,,,,,,,
drug_doxofylline,doxofylline,,R03DA11,,,,,,,,,,,,,,,,,,
drug_mepyramine_theophyllinacetate,mepyramine theophyllinacetate,,R03DA12,,,,,,,,,,,,,,,,,,
drug_combinations_of_xanthines,combinations of xanthines,,R03DA20,,,,,,,,,,,,,,,,,,
drug_diprophylline_combinations,"diprophylline, combinations",,R03DA51,,,,,,,,,,,,,,,,,,
drug_theophylline_combinations_excl_psycholeptics,"theophylline, combinations excl. psycholeptics",,R03DA54,,,,,,,,,,,,,,,,,,
drug_aminophylline_combinations,"aminophylline, combinations",,R03DA55,,,,,,,,,,,,,,,,,,
drug_theobromine_combinations,"theobromine, combinations",,R03DA57,,,,,,,,,,,,,,,,,,
drug_theophylline_combinations_with_psycholeptics,"theophylline, combinations with psycholeptics",,R03DA74,,,,,,,,,,,,,,,,,,
drug_diprophylline_and_adrenergics,diprophylline and adrenergics,,R03DB01,,,,,,,,,,,,,,,,,,
drug_choline_theophyllinate_and_adrenergics,choline theophyllinate and adrenergics,,R03DB02,,,,,,,,,,,,,,,,,,
drug_proxyphylline_and_adrenergics,proxyphylline and adrenergics,,R03DB03,,,,,,,,,,,,,,,,,,
drug_theophylline_and_adrenergics,theophylline and adrenergics,,R03DB04,,,,,,,,,,,,,,,,,,
drug_aminophylline_and_adrenergics,aminophylline and adrenergics,,R03DB05,,,,,,,,,,,,,,,,,,
drug_etamiphylline_and_adrenergics,etamiphylline and adrenergics,,R03DB06,,,,,,,,,,,,,,,,,,
drug_zafirlukast,zafirlukast,,R03DC01,,,,,,,,,,,,,,,,,,
drug_pranlukast,pranlukast,,R03DC02,,,,,,,,,,,,,,,,,,
drug_montelukast,montelukast,,R03DC03,,,,,,,,,,,,,,,,,,
drug_ibudilast,ibudilast,,R03DC04,,,,,,,,,,,,,,,,,,
drug_montelukast_combinations,"montelukast, combinations",,R03DC53,,,,,,,,,,,,,,,,,,
drug_eprozinol,eprozinol,,R03DX02,,,,,,,,,,,,,,,,,,
drug_omalizumab,omalizumab,,R03DX05,,,,,,,,,,,,,,,,,,
drug_seratrodast,seratrodast,,R03DX06,,,,,,,,,,,,,,,,,,
drug_reslizumab,reslizumab,,R03DX08,,,,,,,,,,,,,,,,,,
drug_mepolizumab,mepolizumab,,R03DX09,,,,,,,,,,,,,,,,,,
drug_benralizumab,benralizumab,,R03DX10,,,,,,,,,,,,,,,,,,
drug_tezepelumab,tezepelumab,,R03DX11,,,,,,,,,,,,,,,,,,
drug_tyloxapol,tyloxapol,,R05CA01,,,,,,,,,,,,,,,,,,
drug_potassium_iodide,potassium iodide,,R05CA02,S01XA04;V03AB21,,,,,,,,,,,,,,,,,
drug_guaifenesin,guaifenesin,,R05CA03,,,,,,,,,,,,,,,,,,
drug_ipecacuanha,ipecacuanha,,R05CA04,V03AB01,,,,,,,,,,,,,,,,,
drug_altheae_radix,altheae radix,,R05CA05,,,,,,,,,,,,,,,,,,
drug_senega,senega,,R05CA06,,,,,,,,,,,,,,,,,,
drug_antimony_pentasulfide,antimony pentasulfide,,R05CA07,,,,,,,,,,,,,,,,,,
drug_creosote,creosote,,R05CA08,,,,,,,,,,,,,,,,,,
drug_guaiacolsulfonate,guaiacolsulfonate,,R05CA09,,,,,,,,,,,,,,,,,,
drug_levoverbenone,levoverbenone,,R05CA11,,,,,,,,,,,,,,,,,,
drug_hederae_helicis_folium,Hederae helicis folium,,R05CA12,,,,,,,,,,,,,,,,,,
drug_cineole,cineole,,R05CA13,,,,,,,,,,,,,,,,,,
drug_acetylcysteine,acetylcysteine,,R05CB01,S01XA08;V03AB23,,,,,,,,,,,,,,,,,
drug_bromhexine,bromhexine,,R05CB02,,,,,,,,,,,,,,,,,,
drug_carbocisteine,carbocisteine,,R05CB03,,,,,,,,,,,,,,,,,,
drug_eprazinone,eprazinone,,R05CB04,,,,,,,,,,,,,,,,,,
drug_mesna,mesna,,R05CB05,V03AF01,,,,,,,,,,,,,,,,,
drug_sobrerol,sobrerol,,R05CB07,,,,,,,,,,,,,,,,,,
drug_domiodol,domiodol,,R05CB08,,,,,,,,,,,,,,,,,,
drug_letosteine,letosteine,,R05CB09,,,,,,,,,,,,,,,,,,
drug_stepronin,stepronin,,R05CB11,,,,,,,,,,,,,,,,,,
drug_dornase_alfa_desoxyribonuclease,dornase alfa (desoxyribonuclease),,R05CB13,,,,,,,,,,,,,,,,,,
drug_neltenexine,neltenexine,,R05CB14,,,,,,,,,,,,,,,,,,
drug_erdosteine,erdosteine,,R05CB15,,,,,,,,,,,,,,,,,,
drug_ethylmorphine,ethylmorphine,,R05DA01,S01XA06,,,,,,,,,,,,,,,,,
drug_hydrocodone,hydrocodone,,R05DA03,,,,,,,,,,,,,,,,,,
drug_codeine,codeine,,R05DA04,,,,,,,,,,,,,,,,,,
drug_opium_alkaloids_with_morphine,opium alkaloids with morphine,,R05DA05,,,,,,,,,,,,,,,,,,
drug_normethadone,normethadone,,R05DA06,,,,,,,,,,,,,,,,,,
drug_noscapine,noscapine,,R05DA07,,,,,,,,,,,,,,,,,,
drug_pholcodine,pholcodine,,R05DA08,,,,,,,,,,,,,,,,,,
drug_dextromethorphan,dextromethorphan,,R05DA09,,,,,,,,,,,,,,,,,,
drug_thebacon,thebacon,,R05DA10,,,,,,,,,,,,,,,,,,
drug_dimemorfan,dimemorfan,,R05DA11,,,,,,,,,,,,,,,,,,
drug_acetyldihydrocodeine,acetyldihydrocodeine,,R05DA12,,,,,,,,,,,,,,,,,,
drug_benzonatate,benzonatate,,R05DB01,,,,,,,,,,,,,,,,,,
drug_benproperine,benproperine,,R05DB02,,,,,,,,,,,,,,,,,,
drug_clobutinol,clobutinol,,R05DB03,,,,,,,,,,,,,,,,,,
drug_isoaminile,isoaminile,,R05DB04,,,,,,,,,,,,,,,,,,
drug_pentoxyverine,pentoxyverine,,R05DB05,,,,,,,,,,,,,,,,,,
drug_oxolamine,oxolamine,,R05DB07,,,,,,,,,,,,,,,,,,
drug_oxeladin,oxeladin,,R05DB09,,,,,,,,,,,,,,,,,,
drug_clofedanol,clofedanol,,R05DB10,,,,,,,,,,,,,,,,,,
drug_pipazetate,pipazetate,,R05DB11,,,,,,,,,,,,,,,,,,
drug_bibenzonium_bromide,bibenzonium bromide,,R05DB12,,,,,,,,,,,,,,,,,,
drug_butamirate,butamirate,,R05DB13,,,,,,,,,,,,,,,,,,
drug_fedrilate,fedrilate,,R05DB14,,,,,,,,,,,,,,,,,,
drug_zipeprol,zipeprol,,R05DB15,,,,,,,,,,,,,,,,,,
drug_dibunate,dibunate,,R05DB16,,,,,,,,,,,,,,,,,,
drug_droxypropine,droxypropine,,R05DB17,,,,,,,,,,,,,,,,,,
drug_prenoxdiazine,prenoxdiazine,,R05DB18,,,,,,,,,,,,,,,,,,
drug_dropropizine,dropropizine,,R05DB19,,,,,,,,,,,,,,,,,,
drug_cloperastine,cloperastine,,R05DB21,,,,,,,,,,,,,,,,,,
drug_meprotixol,meprotixol,,R05DB22,,,,,,,,,,,,,,,,,,
drug_piperidione,piperidione,,R05DB23,,,,,,,,,,,,,,,,,,
drug_tipepidine,tipepidine,,R05DB24,,,,,,,,,,,,,,,,,,
drug_morclofone,morclofone,,R05DB25,,,,,,,,,,,,,,,,,,
drug_nepinalone,nepinalone,,R05DB26,,,,,,,,,,,,,,,,,,
drug_levodropropizine,levodropropizine,,R05DB27,,,,,,,,,,,,,,,,,,
drug_dimethoxanate,dimethoxanate,,R05DB28,,,,,,,,,,,,,,,,,,
drug_gefapixant,gefapixant,,R05DB29,,,,,,,,,,,,,,,,,,
drug_opium_derivatives_and_mucolytics,opium derivatives and mucolytics,,R05FA01,,,,,,,,,,,,,,,,,,
drug_opium_derivatives_and_expectorants,opium derivatives and expectorants,,R05FA02,,,,,,,,,,,,,,,,,,
drug_cough_suppressants_and_mucolytics,cough suppressants and mucolytics,,R05FB01,,,,,,,,,,,,,,,,,,
drug_cough_suppressants_and_expectorants,cough suppressants and expectorants,,R05FB02,,,,,,,,,,,,,,,,,,
drug_bromazine,bromazine,,R06AA01,,,,,,,,,,,,,,,,,,
drug_diphenylpyraline,diphenylpyraline,,R06AA07,,,,,,,,,,,,,,,,,,
drug_carbinoxamine,carbinoxamine,,R06AA08,,,,,,,,,,,,,,,,,,
drug_doxylamine,doxylamine,,R06AA09,,,,,,,,,,,,,,,,,,
drug_trimethobenzamide,trimethobenzamide,,R06AA10,,,,,,,,,,,,,,,,,,
drug_dimenhydrinate,dimenhydrinate,,R06AA11,,,,,,,,,,,,,,,,,,
drug_diphenhydramine_combinations,"diphenhydramine, combinations",,R06AA52,,,,,,,,,,,,,,,,,,
drug_clemastine_combinations,"clemastine, combinations",,R06AA54,,,,,,,,,,,,,,,,,,
drug_chlorphenoxamine_combinations,"chlorphenoxamine, combinations",,R06AA56,,,,,,,,,,,,,,,,,,
drug_diphenylpyraline_combinations,"diphenylpyraline, combinations",,R06AA57,,,,,,,,,,,,,,,,,,
drug_doxylamine_combinations,"doxylamine, combinations",,R06AA59,,,,,,,,,,,,,,,,,,
drug_dimenhydrinate_combinations,"dimenhydrinate, combinations",,R06AA61,,,,,,,,,,,,,,,,,,
drug_brompheniramine,brompheniramine,,R06AB01,,,,,,,,,,,,,,,,,,
drug_dexchlorpheniramine,dexchlorpheniramine,,R06AB02,,,,,,,,,,,,,,,,,,
drug_chlorphenamine,chlorphenamine,,R06AB04,,,,,,,,,,,,,,,,,,
drug_dexbrompheniramine,dexbrompheniramine,,R06AB06,,,,,,,,,,,,,,,,,,
drug_talastine,talastine,,R06AB07,,,,,,,,,,,,,,,,,,
drug_brompheniramine_combinations,"brompheniramine, combinations",,R06AB51,,,,,,,,,,,,,,,,,,
drug_dexchlorpheniramine_combinations,"dexchlorpheniramine, combinations",,R06AB52,,,,,,,,,,,,,,,,,,
drug_chlorphenamine_combinations,"chlorphenamine, combinations",,R06AB54,,,,,,,,,,,,,,,,,,
drug_dexbrompheniramine_combinations,"dexbrompheniramine, combinations",,R06AB56,,,,,,,,,,,,,,,,,,
drug_histapyrrodine,histapyrrodine,,R06AC02,,,,,,,,,,,,,,,,,,
drug_methapyrilene,methapyrilene,,R06AC05,,,,,,,,,,,,,,,,,,
drug_histapyrrodine_combinations,"histapyrrodine, combinations",,R06AC52,,,,,,,,,,,,,,,,,,
drug_chloropyramine_combinations,"chloropyramine, combinations",,R06AC53,,,,,,,,,,,,,,,,,,
drug_alimemazine,alimemazine,,R06AD01,,,,,,,,,,,,,,,,,,
drug_thiethylperazine,thiethylperazine,,R06AD03,,,,,,,,,,,,,,,,,,
drug_methdilazine,methdilazine,,R06AD04,,,,,,,,,,,,,,,,,,
drug_hydroxyethylpromethazine,hydroxyethylpromethazine,,R06AD05,,,,,,,,,,,,,,,,,,
drug_thiazinam,thiazinam,,R06AD06,,,,,,,,,,,,,,,,,,
drug_mequitazine,mequitazine,,R06AD07,,,,,,,,,,,,,,,,,,
drug_oxomemazine,oxomemazine,,R06AD08,,,,,,,,,,,,,,,,,,
drug_promethazine_combinations,"promethazine, combinations",,R06AD52,,,,,,,,,,,,,,,,,,
drug_hydroxyethylpromethazine_combinations,"hydroxyethylpromethazine, combinations",,R06AD55,,,,,,,,,,,,,,,,,,
drug_buclizine,buclizine,,R06AE01,,,,,,,,,,,,,,,,,,
drug_cyclizine,cyclizine,,R06AE03,,,,,,,,,,,,,,,,,,
drug_chlorcyclizine,chlorcyclizine,,R06AE04,,,,,,,,,,,,,,,,,,
drug_meclozine,meclozine,,R06AE05,,,,,,,,,,,,,,,,,,
drug_oxatomide,oxatomide,,R06AE06,,,,,,,,,,,,,,,,,,
drug_cetirizine,cetirizine,,R06AE07,S01GX12,,,,,,,,,,,,,,,,,
drug_levocetirizine,levocetirizine,,R06AE09,,,,,,,,,,,,,,,,,,
drug_buclizine_combinations,"buclizine, combinations",,R06AE51,,,,,,,,,,,,,,,,,,
drug_cyclizine_combinations,"cyclizine, combinations",,R06AE53,,,,,,,,,,,,,,,,,,
drug_meclozine_combinations,"meclozine, combinations",,R06AE55,,,,,,,,,,,,,,,,,,
drug_cyproheptadine,cyproheptadine,,R06AX02,,,,,,,,,,,,,,,,,,
drug_phenindamine,phenindamine,,R06AX04,,,,,,,,,,,,,,,,,,
drug_triprolidine,triprolidine,,R06AX07,,,,,,,,,,,,,,,,,,
drug_pyrrobutamine,pyrrobutamine,,R06AX08,,,,,,,,,,,,,,,,,,
drug_azatadine,azatadine,,R06AX09,,,,,,,,,,,,,,,,,,
drug_astemizole,astemizole,,R06AX11,,,,,,,,,,,,,,,,,,
drug_terfenadine,terfenadine,,R06AX12,,,,,,,,,,,,,,,,,,
drug_loratadine,loratadine,,R06AX13,,,,,,,,,,,,,,,,,,
drug_mebhydrolin,mebhydrolin,,R06AX15,,,,,,,,,,,,,,,,,,
drug_deptropine,deptropine,,R06AX16,,,,,,,,,,,,,,,,,,
drug_ketotifen,ketotifen,,R06AX17,S01GX08,,,,,,,,,,,,,,,,,
drug_acrivastine,acrivastine,,R06AX18,,,,,,,,,,,,,,,,,,
drug_tritoqualine,tritoqualine,,R06AX21,,,,,,,,,,,,,,,,,,
drug_ebastine,ebastine,,R06AX22,,,,,,,,,,,,,,,,,,
drug_pimethixene,pimethixene,,R06AX23,,,,,,,,,,,,,,,,,,
drug_epinastine,epinastine,,R06AX24,S01GX10,,,,,,,,,,,,,,,,,
drug_mizolastine,mizolastine,,R06AX25,,,,,,,,,,,,,,,,,,
drug_fexofenadine,fexofenadine,,R06AX26,,,,,,,,,,,,,,,,,,
drug_desloratadine,desloratadine,,R06AX27,,,,,,,,,,,,,,,,,,
drug_rupatadine,rupatadine,,R06AX28,,,,,,,,,,,,,,,,,,
drug_bilastine,bilastine,,R06AX29,S01GX13,,,,,,,,,,,,,,,,,
drug_quifenadine,quifenadine,,R06AX31,,,,,,,,,,,,,,,,,,
drug_sequifenadine,sequifenadine,,R06AX32,,,,,,,,,,,,,,,,,,
drug_thenalidine_combinations,"thenalidine, combinations",,R06AX53,,,,,,,,,,,,,,,,,,
drug_pyrrobutamine_combinations,"pyrrobutamine, combinations",,R06AX58,,,,,,,,,,,,,,,,,,
drug_colfosceril_palmitate,colfosceril palmitate,,R07AA01,,,,,,,,,,,,,,,,,,
drug_natural_phospholipids,natural phospholipids,,R07AA02,,,,,,,,,,,,,,,,,,
drug_doxapram,doxapram,,R07AB01,,,,,,,,,,,,,,,,,,
drug_nikethamide,nikethamide,,R07AB02,,,,,,,,,,,,,,,,,,
drug_pentetrazol,pentetrazol,,R07AB03,,,,,,,,,,,,,,,,,,
drug_etamivan,etamivan,,R07AB04,,,,,,,,,,,,,,,,,,
drug_bemegride,bemegride,,R07AB05,,,,,,,,,,,,,,,,,,
drug_prethcamide,prethcamide,,R07AB06,,,,,,,,,,,,,,,,,,
drug_almitrine,almitrine,,R07AB07,,,,,,,,,,,,,,,,,,
drug_dimefline,dimefline,,R07AB08,,,,,,,,,,,,,,,,,,
drug_mepixanox,mepixanox,,R07AB09,,,,,,,,,,,,,,,,,,
drug_nikethamide_combinations,"nikethamide, combinations",,R07AB52,,,,,,,,,,,,,,,,,,
drug_pentetrazol_combinations,"pentetrazol, combinations",,R07AB53,,,,,,,,,,,,,,,,,,
drug_nitric_oxide,nitric oxide,,R07AX01,,,,,,,,,,,,,,,,,,
drug_ivacaftor,ivacaftor,,R07AX02,,,,,,,,,,,,,,,,,,
drug_ivacaftor_and_lumacaftor,ivacaftor and lumacaftor,,R07AX30,,,,,,,,,,,,,,,,,,
drug_ivacaftor_and_tezacaftor,ivacaftor and tezacaftor,,R07AX31,,,,,,,,,,,,,,,,,,
drug_ivacaftor_tezacaftor_and_elexacaftor,"ivacaftor, tezacaftor and elexacaftor",,R07AX32,,,,,,,,,,,,,,,,,,
drug_dihydrostreptomycin,dihydrostreptomycin,,S01AA15,,,,,,,,,,,,,,,,,,
drug_antibiotics_in_combination_with_other_drugs,antibiotics in combination with other drugs,,S01AA20,,,,,,,,,,,,,,,,,,
drug_micronomicin,micronomicin,,S01AA22,,,,,,,,,,,,,,,,,,
drug_azidamfenicol,azidamfenicol,,S01AA25,,,,,,,,,,,,,,,,,,
drug_combinations_of_different_antibiotics,combinations of different antibiotics,,S01AA30,,,,,,,,,,,,,,,,,,
drug_sulfadicramide,sulfadicramide,,S01AB03,,,,,,,,,,,,,,,,,,
drug_sulfafenazol,sulfafenazol,,S01AB05,,,,,,,,,,,,,,,,,,
drug_trifluridine,trifluridine,,S01AD02,,,,,,,,,,,,,,,,,,
drug_interferon,interferon,,S01AD05,,,,,,,,,,,,,,,,,,
drug_fomivirsen,fomivirsen,,S01AD08,,,,,,,,,,,,,,,,,,
drug_besifloxacin,besifloxacin,,S01AE08,,,,,,,,,,,,,,,,,,
drug_mercury_compounds,mercury compounds,,S01AX01,,,,,,,,,,,,,,,,,,
drug_silver_compounds,silver compounds,,S01AX02,,,,,,,,,,,,,,,,,,
drug_zinc_compounds,zinc compounds,,S01AX03,,,,,,,,,,,,,,,,,,
drug_bibrocathol,bibrocathol,,S01AX05,,,,,,,,,,,,,,,,,,
drug_sodium_borate,sodium borate,,S01AX07,,,,,,,,,,,,,,,,,,
drug_sodium_propionate,sodium propionate,,S01AX10,,,,,,,,,,,,,,,,,,
drug_picloxydine,picloxydine,,S01AX16,,,,,,,,,,,,,,,,,,
drug_medrysone,medrysone,,S01BA08,,,,,,,,,,,,,,,,,,
drug_formocortal,formocortal,,S01BA12,,,,,,,,,,,,,,,,,,
drug_loteprednol,loteprednol,,S01BA14,,,,,,,,,,,,,,,,,,
drug_hydrocortisone_and_mydriatics,hydrocortisone and mydriatics,,S01BB01,,,,,,,,,,,,,,,,,,
drug_prednisolone_and_mydriatics,prednisolone and mydriatics,,S01BB02,,,,,,,,,,,,,,,,,,
drug_fluorometholone_and_mydriatics,fluorometholone and mydriatics,,S01BB03,,,,,,,,,,,,,,,,,,
drug_betamethasone_and_mydriatics,betamethasone and mydriatics,,S01BB04,,,,,,,,,,,,,,,,,,
drug_pranoprofen,pranoprofen,,S01BC09,,,,,,,,,,,,,,,,,,
drug_nepafenac,nepafenac,,S01BC10,,,,,,,,,,,,,,,,,,
drug_bromfenac,bromfenac,,S01BC11,,,,,,,,,,,,,,,,,,
drug_dexamethasone_and_antiinfectives,dexamethasone and antiinfectives,,S01CA01,S02CA06;S03CA01,,,,,,,,,,,,,,,,,
drug_prednisolone_and_antiinfectives,prednisolone and antiinfectives,,S01CA02,S02CA01;S03CA02,,,,,,,,,,,,,,,,,
drug_hydrocortisone_and_antiinfectives,hydrocortisone and antiinfectives,,S01CA03,S02CA03;S03CA04,,,,,,,,,,,,,,,,,
drug_fluocortolone_and_antiinfectives,fluocortolone and antiinfectives,,S01CA04,,,,,,,,,,,,,,,,,,
drug_betamethasone_and_antiinfectives,betamethasone and antiinfectives,,S01CA05,S03CA06,,,,,,,,,,,,,,,,,
drug_fludrocortisone_and_antiinfectives,fludrocortisone and antiinfectives,,S01CA06,S02CA07;S03CA05,,,,,,,,,,,,,,,,,
drug_fluorometholone_and_antiinfectives,fluorometholone and antiinfectives,,S01CA07,,,,,,,,,,,,,,,,,,
drug_methylprednisolone_and_antiinfectives,methylprednisolone and antiinfectives,,S01CA08,S03CA07,,,,,,,,,,,,,,,,,
drug_chloroprednisone_and_antiinfectives,chloroprednisone and antiinfectives,,S01CA09,,,,,,,,,,,,,,,,,,
drug_fluocinolone_acetonide_and_antiinfectives,fluocinolone acetonide and antiinfectives,,S01CA10,S02CA05,,,,,,,,,,,,,,,,,
drug_clobetasone_and_antiinfectives,clobetasone and antiinfectives,,S01CA11,,,,,,,,,,,,,,,,,,
drug_loteprednol_and_antiinfectives,loteprednol and antiinfectives,,S01CA12,,,,,,,,,,,,,,,,,,
drug_diclofenac_and_antiinfectives,diclofenac and antiinfectives,,S01CC01,,,,,,,,,,,,,,,,,,
drug_indometacin_and_antiinfectives,indometacin and antiinfectives,,S01CC02,,,,,,,,,,,,,,,,,,
drug_dipivefrine,dipivefrine,,S01EA02,,,,,,,,,,,,,,,,,,
drug_apraclonidine,apraclonidine,,S01EA03,,,,,,,,,,,,,,,,,,
drug_epinephrine_combinations,"epinephrine, combinations",,S01EA51,,,,,,,,,,,,,,,,,,
drug_ecothiopate,ecothiopate,,S01EB03,,,,,,,,,,,,,,,,,,
drug_demecarium,demecarium,,S01EB04,,,,,,,,,,,,,,,,,,
drug_physostigmine,physostigmine,,S01EB05,V03AB19,,,,,,,,,,,,,,,,,
drug_fluostigmine,fluostigmine,,S01EB07,,,,,,,,,,,,,,,,,,
drug_aceclidine,aceclidine,,S01EB08,,,,,,,,,,,,,,,,,,
drug_acetylcholine,acetylcholine,,S01EB09,,,,,,,,,,,,,,,,,,
drug_paraoxon,paraoxon,,S01EB10,,,,,,,,,,,,,,,,,,
drug_pilocarpine_combinations,"pilocarpine, combinations",,S01EB51,,,,,,,,,,,,,,,,,,
drug_aceclidine_combinations,"aceclidine, combinations",,S01EB58,,,,,,,,,,,,,,,,,,
drug_acetazolamide,acetazolamide,,S01EC01,,,,,,,,,,,,,,,,,,
drug_diclofenamide,diclofenamide,,S01EC02,,,,,,,,,,,,,,,,,,
drug_dorzolamide,dorzolamide,,S01EC03,,,,,,,,,,,,,,,,,,
drug_brinzolamide,brinzolamide,,S01EC04,,,,,,,,,,,,,,,,,,
drug_methazolamide,methazolamide,,S01EC05,,,,,,,,,,,,,,,,,,
drug_brinzolamide_combinations,"brinzolamide, combinations",,S01EC54,,,,,,,,,,,,,,,,,,
drug_levobunolol,levobunolol,,S01ED03,,,,,,,,,,,,,,,,,,
drug_metipranolol,metipranolol,,S01ED04,,,,,,,,,,,,,,,,,,
drug_befunolol,befunolol,,S01ED06,,,,,,,,,,,,,,,,,,
drug_timolol_combinations,"timolol, combinations",,S01ED51,,,,,,,,,,,,,,,,,,
drug_betaxolol_combinations,"betaxolol, combinations",,S01ED52,,,,,,,,,,,,,,,,,,
drug_metipranolol_combinations,"metipranolol, combinations",,S01ED54,,,,,,,,,,,,,,,,,,
drug_carteolol_combinations,"carteolol, combinations",,S01ED55,,,,,,,,,,,,,,,,,,
drug_latanoprost,latanoprost,,S01EE01,,,,,,,,,,,,,,,,,,
drug_unoprostone,unoprostone,,S01EE02,,,,,,,,,,,,,,,,,,
drug_bimatoprost,bimatoprost,,S01EE03,,,,,,,,,,,,,,,,,,
drug_travoprost,travoprost,,S01EE04,,,,,,,,,,,,,,,,,,
drug_tafluprost,tafluprost,,S01EE05,,,,,,,,,,,,,,,,,,
drug_latanoprostene_bunod,latanoprostene bunod,,S01EE06,,,,,,,,,,,,,,,,,,
drug_latanoprost_and_netarsudil,latanoprost and netarsudil,,S01EE51,,,,,,,,,,,,,,,,,,
drug_dapiprazole,dapiprazole,,S01EX02,,,,,,,,,,,,,,,,,,
drug_netarsudil,netarsudil,,S01EX05,,,,,,,,,,,,,,,,,,
drug_omidenepag,omidenepag,,S01EX06,,,,,,,,,,,,,,,,,,
drug_ripasudil,ripasudil,,S01EX07,,,,,,,,,,,,,,,,,,
drug_cyclopentolate,cyclopentolate,,S01FA04,,,,,,,,,,,,,,,,,,
drug_homatropine,homatropine,,S01FA05,,,,,,,,,,,,,,,,,,
drug_tropicamide,tropicamide,,S01FA06,,,,,,,,,,,,,,,,,,
drug_cyclopentolate_combinations,"cyclopentolate, combinations",,S01FA54,,,,,,,,,,,,,,,,,,
drug_tropicamide_combinations,"tropicamide, combinations",,S01FA56,,,,,,,,,,,,,,,,,,
drug_phenylephrine_and_ketorolac,phenylephrine and ketorolac,,S01FB51,,,,,,,,,,,,,,,,,,
drug_naphazoline_combinations,"naphazoline, combinations",,S01GA51,,,,,,,,,,,,,,,,,,
drug_tetryzoline_combinations,"tetryzoline, combinations",,S01GA52,,,,,,,,,,,,,,,,,,
drug_xylometazoline_combinations,"xylometazoline, combinations",,S01GA53,,,,,,,,,,,,,,,,,,
drug_oxedrine_combinations,"oxedrine, combinations",,S01GA56,,,,,,,,,,,,,,,,,,
drug_lodoxamide,lodoxamide,,S01GX05,,,,,,,,,,,,,,,,,,
drug_emedastine,emedastine,,S01GX06,,,,,,,,,,,,,,,,,,
drug_alcaftadine,alcaftadine,,S01GX11,,,,,,,,,,,,,,,,,,
drug_proxymetacaine,proxymetacaine,,S01HA04,,,,,,,,,,,,,,,,,,
drug_fluorescein,fluorescein,,S01JA01,,,,,,,,,,,,,,,,,,
drug_rose_bengal_sodium,rose bengal sodium,,S01JA02,,,,,,,,,,,,,,,,,,
drug_fluorescein_combinations,"fluorescein, combinations",,S01JA51,,,,,,,,,,,,,,,,,,
drug_hypromellose,hypromellose,,S01KA02,,,,,,,,,,,,,,,,,,
drug_hyaluronic_acid_combinations,"hyaluronic acid, combinations",,S01KA51,,,,,,,,,,,,,,,,,,
drug_trypan_blue,trypan blue,,S01KX02,,,,,,,,,,,,,,,,,,
drug_verteporfin,verteporfin,,S01LA01,,,,,,,,,,,,,,,,,,
drug_anecortave,anecortave,,S01LA02,,,,,,,,,,,,,,,,,,
drug_pegaptanib,pegaptanib,,S01LA03,,,,,,,,,,,,,,,,,,
drug_ranibizumab,ranibizumab,,S01LA04,,,,,,,,,,,,,,,,,,
drug_brolucizumab,brolucizumab,,S01LA06,,,,,,,,,,,,,,,,,,
drug_abicipar_pegol,abicipar pegol,,S01LA07,,,,,,,,,,,,,,,,,,
drug_faricimab,faricimab,,S01LA09,,,,,,,,,,,,,,,,,,
drug_guaiazulen,guaiazulen,,S01XA01,,,,,,,,,,,,,,,,,,
drug_sodium_chloride_hypertonic,"sodium chloride, hypertonic",,S01XA03,,,,,,,,,,,,,,,,,,
drug_sodium_edetate,sodium edetate,,S01XA05,,,,,,,,,,,,,,,,,,
drug_alum,alum,,S01XA07,,,,,,,,,,,,,,,,,,
drug_iodoheparinate,iodoheparinate,,S01XA09,,,,,,,,,,,,,,,,,,
drug_limbal_stem_cells_autologous,"limbal stem cells, autologous",,S01XA19,,,,,,,,,,,,,,,,,,
drug_artificial_tears_and_other_indifferent_preparations,artificial tears and other indifferent preparations,,S01XA20,,,,,,,,,,,,,,,,,,
drug_ocriplasmin,ocriplasmin,,S01XA22,,,,,,,,,,,,,,,,,,
drug_cenegermin,cenegermin,,S01XA24,,,,,,,,,,,,,,,,,,
drug_lifitegrast,lifitegrast,,S01XA25,,,,,,,,,,,,,,,,,,
drug_riboflavin,riboflavin,,S01XA26,,,,,,,,,,,,,,,,,,
drug_voretigene_neparvovec,voretigene neparvovec,,S01XA27,,,,,,,,,,,,,,,,,,
drug_sepofarsen,sepofarsen,,S01XA29,,,,,,,,,,,,,,,,,,
drug_boric_acid,boric acid,,S02AA03,,,,,,,,,,,,,,,,,,
drug_aluminium_acetotartrate,aluminium acetotartrate,,S02AA04,,,,,,,,,,,,,,,,,,
drug_antiinfectives_combinations,"antiinfectives, combinations",,S02AA30,S03AA30,,,,,,,,,,,,,,,,,
drug_flumetasone_and_antiinfectives,flumetasone and antiinfectives,,S02CA02,,,,,,,,,,,,,,,,,,
drug_triamcinolone_and_antiinfectives,triamcinolone and antiinfectives,,S02CA04,,,,,,,,,,,,,,,,,,
drug_feather,feather,,V01AA01,,,,,,,,,,,,,,,,,,
drug_grass_pollen,grass pollen,,V01AA02,,,,,,,,,,,,,,,,,,
drug_house_dust_mites,house dust mites,,V01AA03,,,,,,,,,,,,,,,,,,
drug_mould_fungus_and_yeast_fungus,mould fungus and yeast fungus,,V01AA04,,,,,,,,,,,,,,,,,,
drug_tree_pollen,tree pollen,,V01AA05,,,,,,,,,,,,,,,,,,
drug_insects,insects,,V01AA07,,,,,,,,,,,,,,,,,,
drug_food,food,,V01AA08,,,,,,,,,,,,,,,,,,
drug_textiles,textiles,,V01AA09,,,,,,,,,,,,,,,,,,
drug_flowers,flowers,,V01AA10,,,,,,,,,,,,,,,,,,
drug_animals,animals,,V01AA11,,,,,,,,,,,,,,,,,,
drug_nalorphine,nalorphine,,V03AB02,,,,,,,,,,,,,,,,,,
drug_edetates,edetates,,V03AB03,,,,,,,,,,,,,,,,,,
drug_pralidoxime,pralidoxime,,V03AB04,,,,,,,,,,,,,,,,,,
drug_prednisolone_and_promethazine,prednisolone and promethazine,,V03AB05,,,,,,,,,,,,,,,,,,
drug_thiosulfate,thiosulfate,,V03AB06,,,,,,,,,,,,,,,,,,
drug_sodium_nitrite,sodium nitrite,,V03AB08,,,,,,,,,,,,,,,,,,
drug_dimercaprol,dimercaprol,,V03AB09,,,,,,,,,,,,,,,,,,
drug_obidoxime,obidoxime,,V03AB13,,,,,,,,,,,,,,,,,,
drug_protamine,protamine,,V03AB14,,,,,,,,,,,,,,,,,,
drug_methylthioninium_chloride,methylthioninium chloride,,V03AB17,V04CG05,,,,,,,,,,,,,,,,,
drug_copper_sulfate,copper sulfate,,V03AB20,,,,,,,,,,,,,,,,,,
drug_amyl_nitrite,amyl nitrite,,V03AB22,,,,,,,,,,,,,,,,,,
drug_digitalis_antitoxin,digitalis antitoxin,,V03AB24,,,,,,,,,,,,,,,,,,
drug_flumazenil,flumazenil,,V03AB25,,,,,,,,,,,,,,,,,,
drug_methionine,methionine,,V03AB26,,,,,,,,,,,,,,,,,,
drug_4_dimethylaminophenol,4-dimethylaminophenol,,V03AB27,,,,,,,,,,,,,,,,,,
drug_cholinesterase,cholinesterase,,V03AB29,,,,,,,,,,,,,,,,,,
drug_prussian_blue,prussian blue,,V03AB31,,,,,,,,,,,,,,,,,,
drug_glutathione,glutathione,,V03AB32,,,,,,,,,,,,,,,,,,
drug_fomepizole,fomepizole,,V03AB34,,,,,,,,,,,,,,,,,,
drug_sugammadex,sugammadex,,V03AB35,,,,,,,,,,,,,,,,,,
drug_idarucizumab,idarucizumab,,V03AB37,,,,,,,,,,,,,,,,,,
drug_andexanet_alfa,andexanet alfa,,V03AB38,,,,,,,,,,,,,,,,,,
drug_pralidoxime_and_atropine,pralidoxime and atropine,,V03AB54,,,,,,,,,,,,,,,,,,
drug_deferoxamine,deferoxamine,,V03AC01,,,,,,,,,,,,,,,,,,
drug_deferiprone,deferiprone,,V03AC02,,,,,,,,,,,,,,,,,,
drug_deferasirox,deferasirox,,V03AC03,,,,,,,,,,,,,,,,,,
drug_polystyrene_sulfonate,polystyrene sulfonate,,V03AE01,,,,,,,,,,,,,,,,,,
drug_sevelamer,sevelamer,,V03AE02,,,,,,,,,,,,,,,,,,
drug_lanthanum_carbonate,lanthanum carbonate,,V03AE03,,,,,,,,,,,,,,,,,,
drug_calcium_acetate_and_magnesium_carbonate,calcium acetate and magnesium carbonate,,V03AE04,,,,,,,,,,,,,,,,,,
drug_sucroferric_oxyhydroxide,sucroferric oxyhydroxide,,V03AE05,,,,,,,,,,,,,,,,,,
drug_colestilan,colestilan,,V03AE06,,,,,,,,,,,,,,,,,,
drug_calcium_acetate,calcium acetate,,V03AE07,,,,,,,,,,,,,,,,,,
drug_ferric_citrate,ferric citrate,,V03AE08,,,,,,,,,,,,,,,,,,
drug_patiromer_calcium,patiromer calcium,,V03AE09,,,,,,,,,,,,,,,,,,
drug_sodium_zirconium_cyclosilicate,sodium zirconium cyclosilicate,,V03AE10,,,,,,,,,,,,,,,,,,
drug_dexrazoxane,dexrazoxane,,V03AF02,,,,,,,,,,,,,,,,,,
drug_calcium_folinate,calcium folinate,,V03AF03,,,,,,,,,,,,,,,,,,
drug_calcium_levofolinate,calcium levofolinate,,V03AF04,,,,,,,,,,,,,,,,,,
drug_amifostine,amifostine,,V03AF05,,,,,,,,,,,,,,,,,,
drug_sodium_folinate,sodium folinate,,V03AF06,,,,,,,,,,,,,,,,,,
drug_rasburicase,rasburicase,,V03AF07,,,,,,,,,,,,,,,,,,
drug_palifermin,palifermin,,V03AF08,,,,,,,,,,,,,,,,,,
drug_glucarpidase,glucarpidase,,V03AF09,,,,,,,,,,,,,,,,,,
drug_sodium_levofolinate,sodium levofolinate,,V03AF10,,,,,,,,,,,,,,,,,,
drug_arginine_and_lysine,arginine and lysine,,V03AF11,,,,,,,,,,,,,,,,,,
drug_trilaciclib,trilaciclib,,V03AF12,,,,,,,,,,,,,,,,,,
drug_sodium_cellulose_phosphate,sodium cellulose phosphate,,V03AG01,,,,,,,,,,,,,,,,,,
drug_oxygen,oxygen,,V03AN01,,,,,,,,,,,,,,,,,,
drug_carbon_dioxide,carbon dioxide,,V03AN02,,,,,,,,,,,,,,,,,,
drug_helium,helium,,V03AN03,,,,,,,,,,,,,,,,,,
drug_nitrogen,nitrogen,,V03AN04,,,,,,,,,,,,,,,,,,
drug_medical_air,medical air,,V03AN05,,,,,,,,,,,,,,,,,,
drug_nalfurafine,nalfurafine,,V03AX02,,,,,,,,,,,,,,,,,,
drug_cobicistat,cobicistat,,V03AX03,,,,,,,,,,,,,,,,,,
drug_difelikefalin,difelikefalin,,V03AX04,,,,,,,,,,,,,,,,,,
drug_vitamin_a_concentrates,vitamin A concentrates,,V04CB01,,,,,,,,,,,,,,,,,,
drug_sincalide,sincalide,,V04CC03,,,,,,,,,,,,,,,,,,
drug_ceruletide,ceruletide,,V04CC04,,,,,,,,,,,,,,,,,,
drug_metyrapone,metyrapone,,V04CD01,,,,,,,,,,,,,,,,,,
drug_corticorelin,corticorelin,,V04CD04,,,,,,,,,,,,,,,,,,
drug_somatorelin,somatorelin,,V04CD05,,,,,,,,,,,,,,,,,,
drug_macimorelin,macimorelin,,V04CD06,,,,,,,,,,,,,,,,,,
drug_galactose,galactose,,V04CE01,,,,,,,,,,,,,,,,,,
drug_sulfobromophthalein,sulfobromophthalein,,V04CE02,,,,,,,,,,,,,,,,,,
drug_methacetin_13c,methacetin (13C),,V04CE03,,,,,,,,,,,,,,,,,,
drug_tuberculin,tuberculin,,V04CF01,,,,,,,,,,,,,,,,,,
drug_cation_exchange_resins,cation exchange resins,,V04CG01,,,,,,,,,,,,,,,,,,
drug_betazole,betazole,,V04CG02,,,,,,,,,,,,,,,,,,
drug_histamine_phosphate,histamine phosphate,,V04CG03,,,,,,,,,,,,,,,,,,
drug_pentagastrin,pentagastrin,,V04CG04,,,,,,,,,,,,,,,,,,
drug_caffeine_and_sodium_benzoate,caffeine and sodium benzoate,,V04CG30,,,,,,,,,,,,,,,,,,
drug_inulin_and_other_polyfructosans,inulin and other polyfructosans,,V04CH01,,,,,,,,,,,,,,,,,,
drug_indigo_carmine,indigo carmine,,V04CH02,,,,,,,,,,,,,,,,,,
drug_phenolsulfonphthalein,phenolsulfonphthalein,,V04CH03,,,,,,,,,,,,,,,,,,
drug_alsactide,alsactide,,V04CH04,,,,,,,,,,,,,,,,,,
drug_aminohippuric_acid,aminohippuric acid,,V04CH30,,,,,,,,,,,,,,,,,,
drug_thyrotropin,thyrotropin,,V04CJ01,,,,,,,,,,,,,,,,,,
drug_protirelin,protirelin,,V04CJ02,,,,,,,,,,,,,,,,,,
drug_secretin,secretin,,V04CK01,,,,,,,,,,,,,,,,,,
drug_pancreozymin_cholecystokinin,pancreozymin (cholecystokinin),,V04CK02,,,,,,,,,,,,,,,,,,
drug_bentiromide,bentiromide,,V04CK03,,,,,,,,,,,,,,,,,,
drug_indocyanine_green,indocyanine green,,V04CX01,,,,,,,,,,,,,,,,,,
drug_methacholine,methacholine,,V04CX03,,,,,,,,,,,,,,,,,,
drug_13c_urea,13C-urea,,V04CX05,,,,,,,,,,,,,,,,,,
drug_hexaminolevulinate,hexaminolevulinate,,V04CX06,,,,,,,,,,,,,,,,,,
drug_edrophonium,edrophonium,,V04CX07,,,,,,,,,,,,,,,,,,
drug_carbon_monoxide,carbon monoxide,,V04CX08,,,,,,,,,,,,,,,,,,
drug_patent_blue,patent blue,,V04CX09,,,,,,,,,,,,,,,,,,
drug_pafolacianine,pafolacianine,,V04CX10,,,,,,,,,,,,,,,,,,
drug_lithium_chloride,lithium chloride,,V04CX11,,,,,,,,,,,,,,,,,,
drug_fructose,fructose,,V06DC02,,,,,,,,,,,,,,,,,,
drug_diatrizoic_acid,diatrizoic acid,,V08AA01,,,,,,,,,,,,,,,,,,
drug_metrizoic_acid,metrizoic acid,,V08AA02,,,,,,,,,,,,,,,,,,
drug_iodamide,iodamide,,V08AA03,,,,,,,,,,,,,,,,,,
drug_iotalamic_acid,iotalamic acid,,V08AA04,,,,,,,,,,,,,,,,,,
drug_ioxitalamic_acid,ioxitalamic acid,,V08AA05,,,,,,,,,,,,,,,,,,
drug_ioglicic_acid,ioglicic acid,,V08AA06,,,,,,,,,,,,,,,,,,
drug_acetrizoic_acid,acetrizoic acid,,V08AA07,,,,,,,,,,,,,,,,,,
drug_iocarmic_acid,iocarmic acid,,V08AA08,,,,,,,,,,,,,,,,,,
drug_methiodal,methiodal,,V08AA09,,,,,,,,,,,,,,,,,,
drug_diodone,diodone,,V08AA10,,,,,,,,,,,,,,,,,,
drug_metrizamide,metrizamide,,V08AB01,,,,,,,,,,,,,,,,,,
drug_iohexol,iohexol,,V08AB02,,,,,,,,,,,,,,,,,,
drug_ioxaglic_acid,ioxaglic acid,,V08AB03,,,,,,,,,,,,,,,,,,
drug_iopamidol,iopamidol,,V08AB04,,,,,,,,,,,,,,,,,,
drug_iopromide,iopromide,,V08AB05,,,,,,,,,,,,,,,,,,
drug_iotrolan,iotrolan,,V08AB06,,,,,,,,,,,,,,,,,,
drug_ioversol,ioversol,,V08AB07,,,,,,,,,,,,,,,,,,
drug_iopentol,iopentol,,V08AB08,,,,,,,,,,,,,,,,,,
drug_iodixanol,iodixanol,,V08AB09,,,,,,,,,,,,,,,,,,
drug_iomeprol,iomeprol,,V08AB10,,,,,,,,,,,,,,,,,,
drug_iobitridol,iobitridol,,V08AB11,,,,,,,,,,,,,,,,,,
drug_ioxilan,ioxilan,,V08AB12,,,,,,,,,,,,,,,,,,
drug_iodoxamic_acid,iodoxamic acid,,V08AC01,,,,,,,,,,,,,,,,,,
drug_iotroxic_acid,iotroxic acid,,V08AC02,,,,,,,,,,,,,,,,,,
drug_ioglycamic_acid,ioglycamic acid,,V08AC03,,,,,,,,,,,,,,,,,,
drug_adipiodone,adipiodone,,V08AC04,,,,,,,,,,,,,,,,,,
drug_iobenzamic_acid,iobenzamic acid,,V08AC05,,,,,,,,,,,,,,,,,,
drug_iopanoic_acid,iopanoic acid,,V08AC06,,,,,,,,,,,,,,,,,,
drug_iocetamic_acid,iocetamic acid,,V08AC07,,,,,,,,,,,,,,,,,,
drug_sodium_iopodate,sodium iopodate,,V08AC08,,,,,,,,,,,,,,,,,,
drug_tyropanoic_acid,tyropanoic acid,,V08AC09,,,,,,,,,,,,,,,,,,
drug_calcium_iopodate,calcium iopodate,,V08AC10,,,,,,,,,,,,,,,,,,
drug_ethyl_esters_of_iodised_fatty_acids,ethyl esters of iodised fatty acids,,V08AD01,,,,,,,,,,,,,,,,,,
drug_iopydol,iopydol,,V08AD02,,,,,,,,,,,,,,,,,,
drug_propyliodone,propyliodone,,V08AD03,,,,,,,,,,,,,,,,,,
drug_iofendylate,iofendylate,,V08AD04,,,,,,,,,,,,,,,,,,
drug_barium_sulfate_with_suspending_agents,barium sulfate with suspending agents,,V08BA01,,,,,,,,,,,,,,,,,,
drug_barium_sulfate_without_suspending_agents,barium sulfate without suspending agents,,V08BA02,,,,,,,,,,,,,,,,,,
drug_gadopentetic_acid,gadopentetic acid,,V08CA01,,,,,,,,,,,,,,,,,,
drug_gadoteric_acid,gadoteric acid,,V08CA02,,,,,,,,,,,,,,,,,,
drug_gadodiamide,gadodiamide,,V08CA03,,,,,,,,,,,,,,,,,,
drug_gadoteridol,gadoteridol,,V08CA04,,,,,,,,,,,,,,,,,,
drug_mangafodipir,mangafodipir,,V08CA05,,,,,,,,,,,,,,,,,,
drug_gadoversetamide,gadoversetamide,,V08CA06,,,,,,,,,,,,,,,,,,
drug_ferric_ammonium_citrate,ferric ammonium citrate,,V08CA07,,,,,,,,,,,,,,,,,,
drug_gadobenic_acid,gadobenic acid,,V08CA08,,,,,,,,,,,,,,,,,,
drug_gadobutrol,gadobutrol,,V08CA09,,,,,,,,,,,,,,,,,,
drug_gadoxetic_acid,gadoxetic acid,,V08CA10,,,,,,,,,,,,,,,,,,
drug_gadofosveset,gadofosveset,,V08CA11,,,,,,,,,,,,,,,,,,
drug_gadopiclenol,gadopiclenol,,V08CA12,,,,,,,,,,,,,,,,,,
drug_ferumoxsil,ferumoxsil,,V08CB01,,,,,,,,,,,,,,,,,,
drug_ferristene,ferristene,,V08CB02,,,,,,,,,,,,,,,,,,
drug_iron_oxide_nanoparticles,"iron oxide, nanoparticles",,V08CB03,,,,,,,,,,,,,,,,,,
drug_perflubron,perflubron,,V08CX01,,,,,,,,,,,,,,,,,,
drug_perflutren_human_albumin_microspheres,"perflutren, human albumin microspheres",,V08DA01,,,,,,,,,,,,,,,,,,
drug_microparticles_of_galactose,microparticles of galactose,,V08DA02,,,,,,,,,,,,,,,,,,
drug_perflenapent,perflenapent,,V08DA03,,,,,,,,,,,,,,,,,,
drug_perflutren_phospholipid_microspheres,"perflutren, phospholipid microspheres",,V08DA04,,,,,,,,,,,,,,,,,,
drug_sulfur_hexafluoride_phospholipid_microspheres,"sulfur hexafluoride, phospholipid microspheres",,V08DA05,,,,,,,,,,,,,,,,,,
drug_perflubutane_phospholipid_microspheres,"perflubutane, phospholipid microspheres",,V08DA06,,,,,,,,,,,,,,,,,,
drug_technetium_99mtc_exametazime,technetium (99mTc) exametazime,,V09AA01,,,,,,,,,,,,,,,,,,
drug_technetium_99mtc_bicisate,technetium (99mTc) bicisate,,V09AA02,,,,,,,,,,,,,,,,,,
drug_iodine_iofetamine_123i,iodine iofetamine (123I),,V09AB01,,,,,,,,,,,,,,,,,,
drug_iodine_iolopride_123i,iodine iolopride (123I),,V09AB02,,,,,,,,,,,,,,,,,,
drug_iodine_ioflupane_123i,iodine ioflupane (123I),,V09AB03,,,,,,,,,,,,,,,,,,
drug_indium_111in_pentetic_acid,indium (111In) pentetic acid,,V09AX01,,,,,,,,,,,,,,,,,,
drug_iodine_124i_2beta_carbomethoxy_3beta_4_iodophenyl_tropane,iodine (124I) 2beta-carbomethoxy-3beta-(4 iodophenyl)-tropane,,V09AX03,,,,,,,,,,,,,,,,,,
drug_flutemetamol_18f,flutemetamol (18F),,V09AX04,,,,,,,,,,,,,,,,,,
drug_florbetapir_18f,florbetapir (18F),,V09AX05,,,,,,,,,,,,,,,,,,
drug_florbetaben_18f,florbetaben (18F),,V09AX06,,,,,,,,,,,,,,,,,,
drug_flortaucipir_18f,flortaucipir (18F),,V09AX07,,,,,,,,,,,,,,,,,,
drug_technetium_99mtc_oxidronic_acid,technetium (99mTc) oxidronic acid,,V09BA01,,,,,,,,,,,,,,,,,,
drug_technetium_99mtc_medronic_acid,technetium (99mTc) medronic acid,,V09BA02,,,,,,,,,,,,,,,,,,
drug_technetium_99mtc_pyrophosphate,technetium (99mTc) pyrophosphate,,V09BA03,,,,,,,,,,,,,,,,,,
drug_technetium_99mtc_butedronic_acid,technetium (99mTc) butedronic acid,,V09BA04,,,,,,,,,,,,,,,,,,
drug_technetium_99mtc_pentetic_acid,technetium (99mTc) pentetic acid,,V09CA01,V09EA01,,,,,,,,,,,,,,,,,
drug_technetium_99mtc_succimer,technetium (99mTc) succimer,,V09CA02,,,,,,,,,,,,,,,,,,
drug_technetium_99mtc_mertiatide,technetium (99mTc) mertiatide,,V09CA03,,,,,,,,,,,,,,,,,,
drug_technetium_99mtc_gluceptate,technetium (99mTc) gluceptate,,V09CA04,,,,,,,,,,,,,,,,,,
drug_technetium_99mtc_gluconate,technetium (99mTc) gluconate,,V09CA05,,,,,,,,,,,,,,,,,,
drug_technetium_99mtc_ethylenedicysteine,technetium (99mTc) ethylenedicysteine,,V09CA06,,,,,,,,,,,,,,,,,,
drug_sodium_iodohippurate_123i,sodium iodohippurate (123I),,V09CX01,,,,,,,,,,,,,,,,,,
drug_sodium_iodohippurate_131i,sodium iodohippurate (131I),,V09CX02,,,,,,,,,,,,,,,,,,
drug_sodium_iothalamate_125i,sodium iothalamate (125I),,V09CX03,,,,,,,,,,,,,,,,,,
drug_chromium_51cr_edetate,chromium (51Cr) edetate,,V09CX04,,,,,,,,,,,,,,,,,,
drug_technetium_99mtc_disofenin,technetium (99mTc) disofenin,,V09DA01,,,,,,,,,,,,,,,,,,
drug_technetium_99mtc_etifenin,technetium (99mTc) etifenin,,V09DA02,,,,,,,,,,,,,,,,,,
drug_technetium_99mtc_lidofenin,technetium (99mTc) lidofenin,,V09DA03,,,,,,,,,,,,,,,,,,
drug_technetium_99mtc_mebrofenin,technetium (99mTc) mebrofenin,,V09DA04,,,,,,,,,,,,,,,,,,
drug_technetium_99mtc_galtifenin,technetium (99mTc) galtifenin,,V09DA05,,,,,,,,,,,,,,,,,,
drug_technetium_99mtc_nanocolloid,technetium (99mTc) nanocolloid,,V09DB01,V09EA03,,,,,,,,,,,,,,,,,
drug_technetium_99mtc_microcolloid,technetium (99mTc) microcolloid,,V09DB02,,,,,,,,,,,,,,,,,,
drug_technetium_99mtc_millimicrospheres,technetium (99mTc) millimicrospheres,,V09DB03,,,,,,,,,,,,,,,,,,
drug_technetium_99mtc_tin_colloid,technetium (99mTc) tin colloid,,V09DB04,,,,,,,,,,,,,,,,,,
drug_technetium_99mtc_sulfur_colloid,technetium (99mTc) sulfur colloid,,V09DB05,,,,,,,,,,,,,,,,,,
drug_technetium_99mtc_rheniumsulfide_colloid,technetium (99mTc) rheniumsulfide colloid,,V09DB06,,,,,,,,,,,,,,,,,,
drug_technetium_99mtc_phytate,technetium (99mTc) phytate,,V09DB07,,,,,,,,,,,,,,,,,,
drug_selenium_75se_tauroselcholic_acid,selenium (75Se) tauroselcholic acid,,V09DX01,,,,,,,,,,,,,,,,,,
drug_technetium_99mtc_technegas,technetium (99mTc) technegas,,V09EA02,,,,,,,,,,,,,,,,,,
drug_technetium_99mtc_macrosalb,technetium (99mTc) macrosalb,,V09EB01,,,,,,,,,,,,,,,,,,
drug_technetium_99mtc_microspheres,technetium (99mTc) microspheres,,V09EB02,,,,,,,,,,,,,,,,,,
drug_krypton_81mkr_gas,krypton (81mKr) gas,,V09EX01,,,,,,,,,,,,,,,,,,
drug_xenon_127xe_gas,xenon (127Xe) gas,,V09EX02,,,,,,,,,,,,,,,,,,
drug_xenon_133xe_gas,xenon (133Xe) gas,,V09EX03,,,,,,,,,,,,,,,,,,
drug_technetium_99mtc_pertechnetate,technetium (99mTc) pertechnetate,,V09FX01,,,,,,,,,,,,,,,,,,
drug_sodium_iodide_123i,sodium iodide (123I),,V09FX02,,,,,,,,,,,,,,,,,,
drug_sodium_iodide_131i,sodium iodide (131I),,V09FX03,V10XA01,,,,,,,,,,,,,,,,,
drug_sodium_iodide_124i,sodium iodide (124I),,V09FX04,,,,,,,,,,,,,,,,,,
drug_technetium_99mtc_sestamibi,technetium (99mTc) sestamibi,,V09GA01,,,,,,,,,,,,,,,,,,
drug_technetium_99mtc_tetrofosmin,technetium (99mTc) tetrofosmin,,V09GA02,,,,,,,,,,,,,,,,,,
drug_technetium_99mtc_teboroxime,technetium (99mTc) teboroxime,,V09GA03,,,,,,,,,,,,,,,,,,
drug_technetium_99mtc_human_albumin,technetium (99mTc) human albumin,,V09GA04,,,,,,,,,,,,,,,,,,
drug_technetium_99mtc_furifosmin,technetium (99mTc) furifosmin,,V09GA05,,,,,,,,,,,,,,,,,,
drug_technetium_99mtc_stannous_agent_labelled_cells,technetium (99mTc) stannous agent labelled cells,,V09GA06,,,,,,,,,,,,,,,,,,
drug_technetium_99mtc_apcitide,technetium (99mTc) apcitide,,V09GA07,,,,,,,,,,,,,,,,,,
drug_fibrinogen_125i,fibrinogen (125I),,V09GB01,,,,,,,,,,,,,,,,,,
drug_iodine_125i_human_albumin,iodine (125I) human albumin,,V09GB02,,,,,,,,,,,,,,,,,,
drug_thallium_201tl_chloride,thallium (201Tl) chloride,,V09GX01,,,,,,,,,,,,,,,,,,
drug_indium_111in_imciromab,indium (111In) imciromab,,V09GX02,,,,,,,,,,,,,,,,,,
drug_chromium_51cr_chromate_labelled_cells,chromium (51Cr) chromate labelled cells,,V09GX03,,,,,,,,,,,,,,,,,,
drug_rubidium_82rb_chloride,rubidium (82Rb) chloride,,V09GX04,,,,,,,,,,,,,,,,,,
drug_ammonia_13n,ammonia (13N),,V09GX05,,,,,,,,,,,,,,,,,,
drug_technetium_99mtc_human_immunoglobulin,technetium (99mTc) human immunoglobulin,,V09HA01,,,,,,,,,,,,,,,,,,
drug_technetium_99mtc_exametazime_labelled_cells,technetium (99mTc) exametazime labelled cells,,V09HA02,,,,,,,,,,,,,,,,,,
drug_technetium_99mtc_antigranulocyte_antibody,technetium (99mTc) antigranulocyte antibody,,V09HA03,,,,,,,,,,,,,,,,,,
drug_technetium_99mtc_sulesomab,technetium (99mTc) sulesomab,,V09HA04,,,,,,,,,,,,,,,,,,
drug_indium_111in_oxinate_labelled_cells,indium (111In) oxinate labelled cells,,V09HB01,,,,,,,,,,,,,,,,,,
drug_indium_111in_tropolonate_labelled_cells,indium (111In) tropolonate labelled cells,,V09HB02,,,,,,,,,,,,,,,,,,
drug_gallium_67ga_citrate,gallium (67Ga) citrate,,V09HX01,,,,,,,,,,,,,,,,,,
drug_technetium_99mtc_anticarcinoembryonicantigen_antibody,technetium (99mTc) antiCarcinoEmbryonicAntigen antibody,,V09IA01,,,,,,,,,,,,,,,,,,
drug_technetium_99mtc_antimelanoma_antibody,technetium (99mTc) antimelanoma antibody,,V09IA02,,,,,,,,,,,,,,,,,,
drug_technetium_99mtc_pentavalent_succimer,technetium (99mTc) pentavalent succimer,,V09IA03,,,,,,,,,,,,,,,,,,
drug_technetium_99mtc_votumumab,technetium (99mTc) votumumab,,V09IA04,,,,,,,,,,,,,,,,,,
drug_technetium_99mtc_depreotide,technetium (99mTc) depreotide,,V09IA05,,,,,,,,,,,,,,,,,,
drug_technetium_99mtc_arcitumomab,technetium (99mTc) arcitumomab,,V09IA06,,,,,,,,,,,,,,,,,,
drug_technetium_99mtc_hynic_octreotide,technetium (99mTc) hynic-octreotide,,V09IA07,,,,,,,,,,,,,,,,,,
drug_technetium_99mtc_etarfolatide,technetium (99mTc) etarfolatide,,V09IA08,,,,,,,,,,,,,,,,,,
drug_technetium_99mtc_tilmanocept,technetium (99mTc) tilmanocept,,V09IA09,,,,,,,,,,,,,,,,,,
drug_technetium_99mtc_trofolastat_chloride,technetium (99mTc)trofolastat chloride,,V09IA10,,,,,,,,,,,,,,,,,,
drug_indium_111in_pentetreotide,indium (111In) pentetreotide,,V09IB01,,,,,,,,,,,,,,,,,,
drug_indium_111in_satumomab_pendetide,indium (111In) satumomab pendetide,,V09IB02,,,,,,,,,,,,,,,,,,
drug_indium_111in_antiovariumcarcinoma_antibody,indium (111In) antiovariumcarcinoma antibody,,V09IB03,,,,,,,,,,,,,,,,,,
drug_indium_111in_capromab_pendetide,indium (111In) capromab pendetide,,V09IB04,,,,,,,,,,,,,,,,,,
drug_iobenguane_123i,iobenguane (123I),,V09IX01,,,,,,,,,,,,,,,,,,
drug_iobenguane_131i,iobenguane (131I),,V09IX02,V10XA02,,,,,,,,,,,,,,,,,
drug_iodine_125i_cc49_monoclonal_antibody,iodine (125I) CC49-monoclonal antibody,,V09IX03,,,,,,,,,,,,,,,,,,
drug_fludeoxyglucose_18f,fludeoxyglucose (18F),,V09IX04,,,,,,,,,,,,,,,,,,
drug_fluorodopa_18f,fluorodopa (18F),,V09IX05,,,,,,,,,,,,,,,,,,
drug_sodium_fluoride_18f,sodium fluoride (18F),,V09IX06,,,,,,,,,,,,,,,,,,
drug_fluorocholine_18f,fluorocholine (18F),,V09IX07,,,,,,,,,,,,,,,,,,
drug_fluoroethylcholine_18f,fluoroethylcholine (18F),,V09IX08,,,,,,,,,,,,,,,,,,
drug_gallium_68ga_edotreotide,gallium (68Ga) edotreotide,,V09IX09,,,,,,,,,,,,,,,,,,
drug_fluoroethyl_l_tyrosine_18f,fluoroethyl-L-tyrosine (18F),,V09IX10,,,,,,,,,,,,,,,,,,
drug_fluoroestradiol_18f,fluoroestradiol (18F),,V09IX11,,,,,,,,,,,,,,,,,,
drug_fluciclovine_18f,fluciclovine (18F),,V09IX12,,,,,,,,,,,,,,,,,,
drug_methionine_11c,methionine (11C),,V09IX13,,,,,,,,,,,,,,,,,,
drug_gallium_68ga_gozetotide,gallium (68Ga) gozetotide,,V09IX14,,,,,,,,,,,,,,,,,,
drug_copper_64cu_dotatate,copper (64Cu) dotatate,,V09IX15,,,,,,,,,,,,,,,,,,
drug_piflufolastat_18f,piflufolastat (18F),,V09IX16,,,,,,,,,,,,,,,,,,
drug_psma_1007_18f,PSMA-1007 (18F),,V09IX17,,,,,,,,,,,,,,,,,,
drug_iodine_131i_norcholesterol,iodine (131I) norcholesterol,,V09XA01,,,,,,,,,,,,,,,,,,
drug_iodocholesterol_131i,iodocholesterol (131I),,V09XA02,,,,,,,,,,,,,,,,,,
drug_iodine_131i_human_albumin,iodine (131I) human albumin,,V09XA03,,,,,,,,,,,,,,,,,,
drug_cobalt_57co_cyanocobalamine,cobalt (57Co) cyanocobalamine,,V09XX01,,,,,,,,,,,,,,,,,,
drug_cobalt_58co_cyanocobalamine,cobalt (58Co) cyanocobalamine,,V09XX02,,,,,,,,,,,,,,,,,,
drug_selenium_75se_norcholesterol,selenium (75Se) norcholesterol,,V09XX03,,,,,,,,,,,,,,,,,,
drug_ferric_59fe_citrate,ferric (59Fe) citrate,,V09XX04,,,,,,,,,,,,,,,,,,
drug_yttrium_90y_citrate_colloid,yttrium (90Y) citrate colloid,,V10AA01,,,,,,,,,,,,,,,,,,
drug_yttrium_90y_ferrihydroxide_colloid,yttrium (90Y) ferrihydroxide colloid,,V10AA02,,,,,,,,,,,,,,,,,,
drug_yttrium_90y_silicate_colloid,yttrium (90Y) silicate colloid,,V10AA03,,,,,,,,,,,,,,,,,,
drug_phosphorous_32p_chromicphosphate_colloid,phosphorous (32P) chromicphosphate colloid,,V10AX01,,,,,,,,,,,,,,,,,,
drug_samarium_153sm_hydroxyapatite_colloid,samarium (153Sm) hydroxyapatite colloid,,V10AX02,,,,,,,,,,,,,,,,,,
drug_dysprosium_165dy_colloid,dysprosium (165Dy) colloid,,V10AX03,,,,,,,,,,,,,,,,,,
drug_erbium_169er_citrate_colloid,erbium (169Er) citrate colloid,,V10AX04,,,,,,,,,,,,,,,,,,
drug_rhenium_186re_sulfide_colloid,rhenium (186Re) sulfide colloid,,V10AX05,,,,,,,,,,,,,,,,,,
drug_gold_198au_colloidal,gold (198Au) colloidal,,V10AX06,,,,,,,,,,,,,,,,,,
drug_strontium_89sr_chloride,strontium (89Sr) chloride,,V10BX01,,,,,,,,,,,,,,,,,,
drug_samarium_153sm_lexidronam,samarium (153Sm) lexidronam,,V10BX02,,,,,,,,,,,,,,,,,,
drug_rhenium_186re_etidronic_acid,rhenium (186Re) etidronic acid,,V10BX03,,,,,,,,,,,,,,,,,,
drug_iodine_131i_omburtamab,iodine (131I) omburtamab,,V10XA03,,,,,,,,,,,,,,,,,,
drug_tositumomab_iodine_131i_tositumomab,tositumomab/iodine (131I) tositumomab,,V10XA53,,,,,,,,,,,,,,,,,,
drug_sodium_phosphate_32p,sodium phosphate (32P),,V10XX01,,,,,,,,,,,,,,,,,,
drug_ibritumomab_tiuxetan_90y,ibritumomab tiuxetan (90Y),,V10XX02,,,,,,,,,,,,,,,,,,
drug_radium_223ra_dichloride,radium (223Ra) dichloride,,V10XX03,,,,,,,,,,,,,,,,,,
drug_lutetium_177lu_oxodotreotide,lutetium (177Lu) oxodotreotide,,V10XX04,,,,,,,,,,,,,,,,,,
drug_lutetium_177lu_vipivotide_tetraxetan,lutetium (177Lu) vipivotide tetraxetan,,V10XX05,,,,,,,,,,,,,,,,,,
