english_name,slovak_name,atc_primary,atc_all
sodium fluoride,,A01AA01,A12CD01
sodium monofluorophosphate,,A01AA02,A12CD02
olaflur,,A01AA03,
stannous fluoride,,A01AA04,
combinations,,A01AA30,A02AA10;A02AB10;A02AC10;A06AG20;A07BC30;A10AB30;A10AC30;A10AD30;A10AE30;A11CC20;B01AC30;B02BC30;B05BA10;B05CA10;B05CB10;B05CX10;C01CA30;D01AA20;D01AE20;G03GA30;G04BE30;J01CA20;J01CE30;J01EB20;J01EC20;J01ED20;J06BB30;J07BC20;N01BB20;N06DX30;R01AX30;R05CA10;R05CB10;R05DA20;R05DB20;R07AA30;S01HA30;S02DA30
"sodium fluoride, combinations",,A01AA51,
hydrogen peroxide,,A01AB02,D08AX01;D11AX25;S02AA06
chlorhexidine,,A01AB03,B05CA02;D08AC02;D09AA12;R02AA05;S01AX09;S02AA09;S03AA04
amphotericin B,,A01AB04,A07AA07;G01AA03;J02AA01
polynoxylin,,A01AB05,D01AE05
domiphen,,A01AB06,
oxyquinoline,,A01AB07,D08AH03;G01AC30;R02AA14
neomycin,,A01AB08,A07AA01;B05CA09;D06AX04;J01GB05;R02AB01;S01AA03;S02AA07;S03AA01
miconazole,,A01AB09,A07AC01;D01AC02;G01AF04;J02AB01;S02AA13
natamycin,,A01AB10,A07AA03;D01AA02;G01AA02;S01AA10
various,,A01AB11,A01AD11;M02AX10;R01AX10;R02AA20;V01AA20
hexetidine,,A01AB12,G01AX16
tetracycline,,A01AB13,D06AA04;J01AA07;S01AA09;S02AA08;S03AA02
benzoxonium chloride,,A01AB14,D08AJ05
tibezonium iodide,,A01AB15,
mepartricin,,A01AB16,D01AA06;G01AA09;G04CX03
metronidazole,,A01AB17,D06BX01;G01AF01;J01XD01;P01AB01
clotrimazole,,A01AB18,D01AC01;G01AF02
sodium perborate,,A01AB19,
chlortetracycline,,A01AB21,D06AA02;J01AA03;S01AA02
doxycycline,,A01AB22,J01AA02
minocycline,,A01AB23,D10AF07;J01AA08
octenidine,,A01AB24,R02AA21
oxytetracycline,,A01AB25,D06AA03;G01AA07;J01AA06;S01AA04
chlorhexidine and cetylpyridinium,,A01AB53,
triamcinolone,,A01AC01,C05AA12;D07AB09;D07XB02;H02AB08;R01AD11;R03BA06;S01BA05
dexamethasone,,A01AC02,C05AA09;D07AB19;D07XB05;D10AA03;H02AB02;R01AD03;S01BA01;S01CB01;S02BA06;S03BA01
hydrocortisone,,A01AC03,A07EA02;C05AA01;D07AA02;D07XA01;H02AB09;S01BA02;S01CB03;S02BA01
prednisolone,,A01AC04,A07EA01;C05AA04;D07AA03;D07XA02;H02AB06;R01AD02;S01BA04;S01CB02;S02BA03;S03BA02
"prednisolone, combinations",,A01AC54,R01AD52
epinephrine,,A01AD01,B02BC09;C01CA24;R01AA14;R03AA01;S01EA01
benzydamine,,A01AD02,G02CC03;M01AX07;M02AA05;R02AX03
acetylsalicylic acid,,A01AD05,B01AC06;N02BA01
adrenalone,,A01AD06,B02BC05
amlexanox,,A01AD07,R03DX01
becaplermin,,A01AD08,D03AX06
magnesium carbonate,,A02AA01,A06AD01
magnesium oxide,,A02AA02,A06AD02;A12CC10
magnesium peroxide,,A02AA03,A06AD03
magnesium hydroxide,,A02AA04,G04BX01
magnesium silicate,,A02AA05,
aluminium hydroxide,,A02AB01,
algeldrate,,A02AB02,
aluminium phosphate,,A02AB03,
dihydroxialumini sodium carbonate,,A02AB04,
aluminium acetoacetate,,A02AB05,
aloglutamol,,A02AB06,
aluminium glycinate,,A02AB07,
calcium carbonate,,A02AC01,A12AA04
calcium silicate,,A02AC02,
ordinary salt combinations,,A02AD01,
magaldrate,,A02AD02,
almagate,,A02AD03,
hydrotalcite,,A02AD04,
almasilate,,A02AD05,
magaldrate and antiflatulents,,A02AF01,
ordinary salt combinations and antiflatulents,,A02AF02,
cimetidine,,A02BA01,
ranitidine,,A02BA02,
famotidine,,A02BA03,
nizatidine,,A02BA04,
niperotidine,,A02BA05,
roxatidine,,A02BA06,
ranitidine bismuth citrate,,A02BA07,
lafutidine,,A02BA08,
"cimetidine, combinations",,A02BA51,
"famotidine, combinations",,A02BA53,
misoprostol,,A02BB01,G02AD06
enprostil,,A02BB02,
omeprazole,,A02BC01,
pantoprazole,,A02BC02,
lansoprazole,,A02BC03,
rabeprazole,,A02BC04,
esomeprazole,,A02BC05,
dexlansoprazole,,A02BC06,
dexrabeprazole,,A02BC07,
vonoprazan,,A02BC08,
tegoprazan,,A02BC09,
"omeprazole, combinations",,A02BC51,
"lansoprazole, combinations",,A02BC53,
"rabeprazole, combinations",,A02BC54,
"omeprazole, amoxicillin and metronidazole",,A02BD01,
"lansoprazole, tetracycline and metronidazole",,A02BD02,
"lansoprazole, amoxicillin and metronidazole",,A02BD03,
"pantoprazole, amoxicillin and clarithromycin",,A02BD04,
"omeprazole, amoxicillin and clarithromycin",,A02BD05,
"esomeprazole, amoxicillin and clarithromycin",,A02BD06,
"lansoprazole, amoxicillin and clarithromycin",,A02BD07,
"bismuth subcitrate, tetracycline and metronidazole",,A02BD08,
"lansoprazole, clarithromycin and tinidazole",,A02BD09,
"lansoprazole, amoxicillin and levofloxacin",,A02BD10,
"pantoprazole, amoxicillin, clarithromycin and metronidazole",,A02BD11,
"rabeprazole, amoxicillin and clarithromycin",,A02BD12,
"rabeprazole, amoxicillin and metronidazole",,A02BD13,
"vonoprazan, amoxicillin and clarithromycin",,A02BD14,
"vonoprazan, amoxicillin and metronidazole",,A02BD15,
"omeprazole, amoxicillin and rifabutin",,A02BD16,
vonoprazan and amoxicillin,,A02BD17,
carbenoxolone,,A02BX01,
sucralfate,,A02BX02,
pirenzepine,,A02BX03,
methiosulfonium chloride,,A02BX04,
bismuth subcitrate,,A02BX05,
proglumide,,A02BX06,
gefarnate,,A02BX07,
sulglicotide,,A02BX08,
acetoxolone,,A02BX09,
zolimidine,,A02BX10,
troxipide,,A02BX11,
bismuth subnitrate,,A02BX12,
alginic acid,,A02BX13,
rebamipide,,A02BX14,
teprenone,,A02BX15,
irsogladine,,A02BX16,
"carbenoxolone, combinations excl. psycholeptics",,A02BX51,
"carbenoxolone, combinations with psycholeptics",,A02BX71,
"gefarnate, combinations with psycholeptics",,A02BX77,
oxyphencyclimine,,A03AA01,
camylofin,,A03AA03,
mebeverine,,A03AA04,
trimebutine,,A03AA05,
rociverine,,A03AA06,
dicycloverine,,A03AA07,
dihexyverine,,A03AA08,
difemerine,,A03AA09,
piperidolate,,A03AA30,
benzilone,,A03AB01,
glycopyrronium bromide,,A03AB02,R03BB06
oxyphenonium,,A03AB03,
penthienate,,A03AB04,
propantheline,,A03AB05,
otilonium bromide,,A03AB06,
methantheline,,A03AB07,
tridihexethyl,,A03AB08,
isopropamide,,A03AB09,
hexocyclium,,A03AB10,
poldine,,A03AB11,
mepenzolate,,A03AB12,
bevonium,,A03AB13,
pipenzolate,,A03AB14,
diphemanil,,A03AB15,
(2-benzhydryloxyethyl)diethyl-methylammonium iodide,,A03AB16,
tiemonium iodide,,A03AB17,
prifinium bromide,,A03AB18,
timepidium bromide,,A03AB19,
fenpiverinium,,A03AB21,
"oxyphenonium, combinations",,A03AB53,
dimethylaminopropionylphenothiazine,,A03AC02,
nicofetamide,,A03AC04,
tiropramide,,A03AC05,
papaverine,,A03AD01,G04BE02
drotaverine,,A03AD02,
moxaverine,,A03AD30,
alosetron,,A03AE01,
cilansetron,,A03AE03,
fenpiprane,,A03AX01,
diisopromine,,A03AX02,
chlorbenzoxamine,,A03AX03,
pinaverium,,A03AX04,
fenoverine,,A03AX05,
idanpramine,,A03AX06,
proxazole,,A03AX07,
alverine,,A03AX08,
trepibutone,,A03AX09,
isometheptene,,A03AX10,
caroverine,,A03AX11,
phloroglucinol,,A03AX12,
silicones,,A03AX13,
valethamate,,A03AX14,
menthae piperitae aetheroleum,,A03AX15,
trimethyldiphenylpropylamine,,A03AX30,
"alverine, combinations",,A03AX58,
atropine,,A03BA01,S01FA01
hyoscyamine,,A03BA03,
belladonna total alkaloids,,A03BA04,
butylscopolamine,,A03BB01,
methylatropine,,A03BB02,
methylscopolamine,,A03BB03,S01FA03
fentonium,,A03BB04,
cimetropium bromide,,A03BB05,
homatropine methylbromide,,A03BB06,
isopropamide and psycholeptics,,A03CA01,
clidinium and psycholeptics,,A03CA02,
oxyphencyclimine and psycholeptics,,A03CA03,
otilonium bromide and psycholeptics,,A03CA04,
glycopyrronium bromide and psycholeptics,,A03CA05,
bevonium and psycholeptics,,A03CA06,
ambutonium and psycholeptics,,A03CA07,
diphemanil and psycholeptics,,A03CA08,
pipenzolate and psycholeptics,,A03CA09,
emepronium and psycholeptics,,A03CA30,
propantheline and psycholeptics,,A03CA34,
methylscopolamine and psycholeptics,,A03CB01,
belladonna total alkaloids and psycholeptics,,A03CB02,
atropine and psycholeptics,,A03CB03,
homatropine methylbromide and psycholeptics,,A03CB04,
hyoscyamine and psycholeptics,,A03CB31,
tropenzilone and analgesics,,A03DA01,
pitofenone and analgesics,,A03DA02,
bevonium and analgesics,,A03DA03,
ciclonium and analgesics,,A03DA04,
camylofin and analgesics,,A03DA05,
trospium and analgesics,,A03DA06,
tiemonium iodide and analgesics,,A03DA07,
butylscopolamine and analgesics,,A03DB04,
metoclopramide,,A03FA01,
cisapride,,A03FA02,
domperidone,,A03FA03,
bromopride,,A03FA04,
alizapride,,A03FA05,
clebopride,,A03FA06,
itopride,,A03FA07,
cinitapride,,A03FA08,
mosapride,,A03FA09,
acotiamide,,A03FA10,
ondansetron,,A04AA01,
granisetron,,A04AA02,
tropisetron,,A04AA03,
dolasetron,,A04AA04,
palonosetron,,A04AA05,
"palonosetron, combinations",,A04AA55,
scopolamine,,A04AD01,N05CM05;S01FA02
cerium oxalate,,A04AD02,
chlorobutanol,,A04AD04,
metopimazine,,A04AD05,
dronabinol,,A04AD10,
nabilone,,A04AD11,
aprepitant,,A04AD12,
casopitant,,A04AD13,
rolapitant,,A04AD14,
"scopolamine, combinations",,A04AD51,
"chlorobutanol, combinations",,A04AD54,
chenodeoxycholic acid,,A05AA01,
ursodeoxycholic acid,,A05AA02,
cholic acid,,A05AA03,
obeticholic acid,,A05AA04,
ursodoxicoltaurine,,A05AA05,
nicotinyl methylamide,,A05AB01,
piprozolin,,A05AX01,
hymecromone,,A05AX02,
cyclobutyrol,,A05AX03,
maralixibat chloride,,A05AX04,
odevixibat,,A05AX05,
elafibranor,,A05AX06,
arginine glutamate,,A05BA01,
silymarin,,A05BA03,
citiolone,,A05BA04,
epomediol,,A05BA05,
ornithine oxoglurate,,A05BA06,
tidiacic arginine,,A05BA07,
glycyrrhizic acid,,A05BA08,
metadoxine,,A05BA09,
phospholipids,,A05BA10,
liquid paraffin,,A06AA01,
docusate sodium,,A06AA02,
"liquid paraffin, combinations",,A06AA51,
oxyphenisatine,,A06AB01,
bisacodyl,,A06AB02,A06AG02
dantron,,A06AB03,
phenolphthalein,,A06AB04,
castor oil,,A06AB05,
senna glycosides,,A06AB06,
cascara,,A06AB07,
sodium picosulfate,,A06AB08,
bisoxatin,,A06AB09,
contact laxatives in combination,,A06AB20,
contact laxatives in combination with belladonna alkaloids,,A06AB30,
"bisacodyl, combinations",,A06AB52,
"dantron, combinations",,A06AB53,
"senna glycosides, combinations",,A06AB56,
"cascara, combinations",,A06AB57,
"sodium picosulfate, combinations",,A06AB58,
ispaghula (psylla seeds),,A06AC01,
ethulose,,A06AC02,
sterculia,,A06AC03,
linseed,,A06AC05,
methylcellulose,,A06AC06,
triticum (wheat fibre),,A06AC07,
polycarbophil calcium,,A06AC08,
"ispaghula, combinations",,A06AC51,
"sterculia, combinations",,A06AC53,
"linseed, combinations",,A06AC55,
magnesium sulfate,,A06AD04,A12CC02;B05XA05;D11AX05;V04CC02
mineral salts in combination,,A06AD10,
lactulose,,A06AD11,
lactitol,,A06AD12,
sodium sulfate,,A06AD13,A12CA02
pentaerithrityl,,A06AD14,
macrogol,,A06AD15,
mannitol,,A06AD16,B05BC01;B05CX04;R05CB16;V04CX04
sodium phosphate,,A06AD17,A06AG01;B05XA09;V03AG05
sorbitol,,A06AD18,A06AG07;B05CX02;V04CC01
magnesium citrate,,A06AD19,A12CC04;B05CB03
sodium tartrate,,A06AD21,
"lactulose, combinations",,A06AD61,
"macrogol, combinations",,A06AD65,
"dantron, incl. combinations",,A06AG03,
glycerol,,A06AG04,A06AX01
oil,,A06AG06,
"docusate sodium, incl. combinations",,A06AG10,
"sodium lauryl sulfoacetate, incl. combinations",,A06AG11,
methylnaltrexone bromide,,A06AH01,
alvimopan,,A06AH02,
naloxegol,,A06AH03,
naloxone,,A06AH04,V03AB15
naldemedine,,A06AH05,
carbon dioxide producing drugs,,A06AX02,
lubiprostone,,A06AX03,
linaclotide,,A06AX04,
prucalopride,,A06AX05,
tegaserod,,A06AX06,
plecanatide,,A06AX07,
tenapanor,,A06AX08,
elobixibat,,A06AX09,
nystatin,,A07AA02,D01AA01;G01AA01
streptomycin,,A07AA04,J01GA01
polymyxin B,,A07AA05,J01XB02;S01AA18;S02AA11;S03AA03
paromomycin,,A07AA06,
kanamycin,,A07AA08,J01GB04;S01AA24
vancomycin,,A07AA09,J01XA01;S01AA28
colistin,,A07AA10,J01XB01
rifaximin,,A07AA11,D06AX11
fidaxomicin,,A07AA12,
rifamycin,,A07AA13,D06AX15;J04AB03;S01AA16;S02AA12
"neomycin, combinations",,A07AA51,
"streptomycin, combinations",,A07AA54,
phthalylsulfathiazole,,A07AB02,
sulfaguanidine,,A07AB03,
succinylsulfathiazole,,A07AB04,
broxyquinoline,,A07AX01,G01AC06;P01AA01
acetarsol,,A07AX02,G01AB01;P01CD02
nifuroxazide,,A07AX03,
nifurzide,,A07AX04,
medicinal charcoal,,A07BA01,
"medicinal charcoal, combinations",,A07BA51,
pectin,,A07BC01,
kaolin,,A07BC02,
crospovidone,,A07BC03,
attapulgite,,A07BC04,
diosmectite,,A07BC05,
"attapulgite, combinations",,A07BC54,
diphenoxylate,,A07DA01,
opium,,A07DA02,N02AA02
loperamide,,A07DA03,
difenoxin,,A07DA04,
loperamide oxide,,A07DA05,
eluxadoline,,A07DA06,
"morphine, combinations",,A07DA52,N02AA51
"loperamide, combinations",,A07DA53,
prednisone,,A07EA03,H02AB07
betamethasone,,A07EA04,C05AA05;D07AC01;D07XC01;H02AB01;R01AD06;R03BA04;S01BA06;S01CB04;S02BA07;S03BA03
tixocortol,,A07EA05,R01AD07
budesonide,,A07EA06,D07AC09;R01AD05;R03BA02
beclometasone,,A07EA07,D07AC15;R01AD01;R03BA01
cromoglicic acid,,A07EB01,D11AH03;R01AC01;R03BC01;S01GX01
sulfasalazine,,A07EC01,
mesalazine,,A07EC02,
olsalazine,,A07EC03,
balsalazide,,A07EC04,
lactic acid producing organisms,,A07FA01,
saccharomyces boulardii,,A07FA02,
escherichia coli,,A07FA03,
"lactic acid producing organisms, combinations",,A07FA51,
albumin tannate,,A07XA01,
ceratonia,,A07XA02,
calcium compounds,,A07XA03,
racecadotril,,A07XA04,
crofelemer,,A07XA06,
"albumin tannate, combinations",,A07XA51,
phentermine,,A08AA01,
fenfluramine,,A08AA02,N03AX26
amfepramone,,A08AA03,
dexfenfluramine,,A08AA04,
mazindol,,A08AA05,
etilamfetamine,,A08AA06,
cathine,,A08AA07,
clobenzorex,,A08AA08,
mefenorex,,A08AA09,
sibutramine,,A08AA10,
lorcaserin,,A08AA11,
setmelanotide,,A08AA12,
phentermine and topiramate,,A08AA51,
"ephedrine, combinations",,A08AA56,
bupropion and naltrexone,,A08AA62,
orlistat,,A08AB01,
rimonabant,,A08AX01,
diastase,,A09AA01,
"multienzymes (lipase, protease etc.)",,A09AA02,
pepsin,,A09AA03,
tilactase,,A09AA04,
glutamic acid hydrochloride,,A09AB01,
betaine hydrochloride,,A09AB02,
hydrochloric acid,,A09AB03,B05XA13
citric acid,,A09AB04,
pepsin and acid preparations,,A09AC01,
multienzymes and acid preparations,,A09AC02,
insulin (human),,A10AB01,A10AC01;A10AD01;A10AE01;A10AF01
insulin (beef),,A10AB02,A10AC02;A10AD02;A10AE02
insulin (pork),,A10AB03,A10AC03;A10AD03;A10AE03
insulin lispro,,A10AB04,A10AC04;A10AD04
insulin aspart,,A10AB05,A10AD05
insulin glulisine,,A10AB06,
insulin degludec and insulin aspart,,A10AD06,
insulin glargine,,A10AE04,
insulin detemir,,A10AE05,
insulin degludec,,A10AE06,
insulin icodec,,A10AE07,
insulin glargine and lixisenatide,,A10AE54,
insulin degludec and liraglutide,,A10AE56,
phenformin,,A10BA01,
metformin,,A10BA02,
buformin,,A10BA03,
glibenclamide,,A10BB01,
chlorpropamide,,A10BB02,
tolbutamide,,A10BB03,V04CA01
glibornuride,,A10BB04,
tolazamide,,A10BB05,
carbutamide,,A10BB06,
glipizide,,A10BB07,
gliquidone,,A10BB08,
gliclazide,,A10BB09,
metahexamide,,A10BB10,
glisoxepide,,A10BB11,
glimepiride,,A10BB12,
acetohexamide,,A10BB31,
glymidine,,A10BC01,
phenformin and sulfonylureas,,A10BD01,
metformin and sulfonylureas,,A10BD02,
metformin and rosiglitazone,,A10BD03,
glimepiride and rosiglitazone,,A10BD04,
metformin and pioglitazone,,A10BD05,
glimepiride and pioglitazone,,A10BD06,
metformin and sitagliptin,,A10BD07,
metformin and vildagliptin,,A10BD08,
pioglitazone and alogliptin,,A10BD09,
metformin and saxagliptin,,A10BD10,
metformin and linagliptin,,A10BD11,
pioglitazone and sitagliptin,,A10BD12,
metformin and alogliptin,,A10BD13,
metformin and repaglinide,,A10BD14,
metformin and dapagliflozin,,A10BD15,
metformin and canagliflozin,,A10BD16,
metformin and acarbose,,A10BD17,
metformin and gemigliptin,,A10BD18,
linagliptin and empagliflozin,,A10BD19,
metformin and empagliflozin,,A10BD20,
saxagliptin and dapagliflozin,,A10BD21,
metformin and evogliptin,,A10BD22,
metformin and ertugliflozin,,A10BD23,
sitagliptin and ertugliflozin,,A10BD24,
"metformin, saxagliptin and dapagliflozin",,A10BD25,
metformin and lobeglitazone,,A10BD26,
"metformin, linagliptin and empagliflozin",,A10BD27,
metformin and teneligliptin,,A10BD28,
sitagliptin and dapagliflozin,,A10BD29,
acarbose,,A10BF01,
miglitol,,A10BF02,
voglibose,,A10BF03,
troglitazone,,A10BG01,
rosiglitazone,,A10BG02,
pioglitazone,,A10BG03,
lobeglitazone,,A10BG04,
sitagliptin,,A10BH01,
vildagliptin,,A10BH02,
saxagliptin,,A10BH03,
alogliptin,,A10BH04,
linagliptin,,A10BH05,
gemigliptin,,A10BH06,
evogliptin,,A10BH07,
teneligliptin,,A10BH08,
sitagliptin and simvastatin,,A10BH51,
gemigliptin and rosuvastatin,,A10BH52,
exenatide,,A10BJ01,
liraglutide,,A10BJ02,
lixisenatide,,A10BJ03,
albiglutide,,A10BJ04,
dulaglutide,,A10BJ05,
semaglutide,,A10BJ06,
beinaglutide,,A10BJ07,
dapagliflozin,,A10BK01,
canagliflozin,,A10BK02,
empagliflozin,,A10BK03,
ertugliflozin,,A10BK04,
ipragliflozin,,A10BK05,
sotagliflozin,,A10BK06,
luseogliflozin,,A10BK07,
bexagliflozin,,A10BK08,
guar gum,,A10BX01,
repaglinide,,A10BX02,
nateglinide,,A10BX03,
pramlintide,,A10BX05,
benfluorex,,A10BX06,
mitiglinide,,A10BX08,
imeglimin,,A10BX15,
tirzepatide,,A10BX16,
carfloglitazar,,A10BX17,
dorzagliatin,,A10BX18,
tolrestat,,A10XA01,
teplizumab,,A10XX01,
multivitamins and iron,,A11AA01,
multivitamins and calcium,,A11AA02,
"multivitamins and other minerals, incl. combinations",,A11AA03,
multivitamins and trace elements,,A11AA04,
retinol (vit A),,A11CA01,
betacarotene,,A11CA02,D02BB01
ergocalciferol,,A11CC01,
dihydrotachysterol,,A11CC02,
alfacalcidol,,A11CC03,
calcitriol,,A11CC04,D05AX03
colecalciferol,,A11CC05,
calcifediol,,A11CC06,H05BX05
"colecalciferol, combinations",,A11CC55,
thiamine (vit B1),,A11DA01,
sulbutiamine,,A11DA02,
benfotiamine,,A11DA03,
ascorbic acid (vit C),,A11GA01,
ascorbic acid (vit C) and calcium,,A11GB01,
nicotinamide,,A11HA01,
pyridoxine (vit B6),,A11HA02,
tocopherol (vit E),,A11HA03,
riboflavin (vit B2),,A11HA04,
biotin,,A11HA05,
pyridoxal phosphate,,A11HA06,
inositol,,A11HA07,
tocofersolan,,A11HA08,
dexpanthenol,,A11HA30,D03AX03;S01XA12
calcium pantothenate,,A11HA31,D03AX04
pantethine,,A11HA32,
calcium phosphate,,A12AA01,
calcium glubionate,,A12AA02,
calcium gluconate,,A12AA03,B05XA19;D11AX03
calcium lactate,,A12AA05,
calcium lactate gluconate,,A12AA06,
calcium chloride,,A12AA07,B05XA07;G04BA03
calcium glycerylphosphate,,A12AA08,
calcium citrate lysine complex,,A12AA09,
calcium glucoheptonate,,A12AA10,
calcium pangamate,,A12AA11,
calcium citrate,,A12AA13,
calcium (different salts in combination),,A12AA20,
calcium laevulate,,A12AA30,
potassium chloride,,A12BA01,B05XA01
potassium citrate,,A12BA02,
potassium hydrogentartrate,,A12BA03,
potassium hydrogencarbonate,,A12BA04,
potassium gluconate,,A12BA05,
potassium (different salts in combination),,A12BA30,
"potassium chloride, combinations",,A12BA51,
sodium chloride,,A12CA01,B05CB01;B05XA03
zinc sulfate,,A12CB01,B05XA18
zinc gluconate,,A12CB02,
zinc protein complex,,A12CB03,
magnesium chloride,,A12CC01,B05XA11
magnesium gluconate,,A12CC03,
magnesium aspartate,,A12CC05,
magnesium lactate,,A12CC06,
magnesium levulinate,,A12CC07,
magnesium pidolate,,A12CC08,
magnesium orotate,,A12CC09,
magnesium (different salts in combination),,A12CC30,
"fluoride, combinations",,A12CD51,
sodium selenate,,A12CE01,
sodium selenite,,A12CE02,B05XA20
androstanolone,,A14AA01,G03BB02
stanozolol,,A14AA02,
metandienone,,A14AA03,D11AE01
metenolone,,A14AA04,
oxymetholone,,A14AA05,
quinbolone,,A14AA06,
prasterone,,A14AA07,G03XX01
oxandrolone,,A14AA08,
norethandrolone,,A14AA09,
nandrolone,,A14AB01,S01XA11
ethylestrenol,,A14AB02,
oxabolone cipionate,,A14AB03,
levocarnitine,,A16AA01,
ademetionine,,A16AA02,
glutamine,,A16AA03,
mercaptamine,,A16AA04,S01XA21
carglumic acid,,A16AA05,
betaine,,A16AA06,
metreleptin,,A16AA07,
alglucerase,,A16AB01,
imiglucerase,,A16AB02,
agalsidase alfa,,A16AB03,
agalsidase beta,,A16AB04,
laronidase,,A16AB05,
sacrosidase,,A16AB06,
alglucosidase alfa,,A16AB07,
galsulfase,,A16AB08,
idursulfase,,A16AB09,
velaglucerase alfa,,A16AB10,
taliglucerase alfa,,A16AB11,
elosulfase alfa,,A16AB12,
asfotase alfa,,A16AB13,
sebelipase alfa,,A16AB14,
velmanase alfa,,A16AB15,
idursulfase beta,,A16AB16,
cerliponase alfa,,A16AB17,
vestronidase alfa,,A16AB18,
pegvaliase,,A16AB19,
pegunigalsidase alfa,,A16AB20,
atidarsagene autotemcel,,A16AB21,
avalglucosidase alfa,,A16AB22,
cipaglucosidase alfa,,A16AB23,
pegzilarginase,,A16AB24,
olipudase alfa,,A16AB25,
eladocagene exuparvovec,,A16AB26,
pabinafusp alfa,,A16AB27,
thioctic acid,,A16AX01,
anethole trithione,,A16AX02,
sodium phenylbutyrate,,A16AX03,
nitisinone,,A16AX04,
zinc acetate,,A16AX05,
miglustat,,A16AX06,
sapropterin,,A16AX07,
teduglutide,,A16AX08,
glycerol phenylbutyrate,,A16AX09,
eliglustat,,A16AX10,
sodium benzoate,,A16AX11,
trientine,,A16AX12,
uridine triacetate,,A16AX13,
migalastat,,A16AX14,
telotristat,,A16AX15,
givosiran,,A16AX16,
triheptanoin,,A16AX17,
lumasiran,,A16AX18,
fosdenopterin,,A16AX19,
lonafarnib,,A16AX20,
elivaldogene autotemcel,,A16AX21,
tiomolibdic acid,,A16AX22,
leriglitazone,,A16AX23,
sodium benzoate and sodium phenylacetate,,A16AX30,
dicoumarol,,B01AA01,
phenindione,,B01AA02,
warfarin,,B01AA03,
phenprocoumon,,B01AA04,
acenocoumarol,,B01AA07,
ethyl biscoumacetate,,B01AA08,
clorindione,,B01AA09,
diphenadione,,B01AA10,
tioclomarol,,B01AA11,
fluindione,,B01AA12,
heparin,,B01AB01,C05BA03;S01XA14
antithrombin III,,B01AB02,
dalteparin,,B01AB04,
enoxaparin,,B01AB05,
nadroparin,,B01AB06,
parnaparin,,B01AB07,
reviparin,,B01AB08,
danaparoid,,B01AB09,
tinzaparin,,B01AB10,
sulodexide,,B01AB11,
bemiparin,,B01AB12,
"heparin, combinations",,B01AB51,C05BA53
ditazole,,B01AC01,
cloricromen,,B01AC02,
picotamide,,B01AC03,
clopidogrel,,B01AC04,
ticlopidine,,B01AC05,
dipyridamole,,B01AC07,
carbasalate calcium,,B01AC08,N02BA15
epoprostenol,,B01AC09,
indobufen,,B01AC10,
iloprost,,B01AC11,
abciximab,,B01AC13,
aloxiprin,,B01AC15,N02BA02
eptifibatide,,B01AC16,
tirofiban,,B01AC17,
triflusal,,B01AC18,
beraprost,,B01AC19,
treprostinil,,B01AC21,
prasugrel,,B01AC22,
cilostazol,,B01AC23,
ticagrelor,,B01AC24,
cangrelor,,B01AC25,
vorapaxar,,B01AC26,
selexipag,,B01AC27,
limaprost,,B01AC28,
"acetylsalicylic acid, combinations with proton pump inhibitors",,B01AC56,
streptokinase,,B01AD01,
alteplase,,B01AD02,S01XA13
anistreplase,,B01AD03,
urokinase,,B01AD04,
fibrinolysin,,B01AD05,
brinase,,B01AD06,
reteplase,,B01AD07,
saruplase,,B01AD08,
ancrod,,B01AD09,
drotrecogin alfa (activated),,B01AD10,
tenecteplase,,B01AD11,
protein C,,B01AD12,
apadamtase alfa and cinaxadamtase alfa,,B01AD13,
desirudin,,B01AE01,
lepirudin,,B01AE02,
argatroban,,B01AE03,
melagatran,,B01AE04,
ximelagatran,,B01AE05,
bivalirudin,,B01AE06,
dabigatran etexilate,,B01AE07,
rivaroxaban,,B01AF01,
apixaban,,B01AF02,
edoxaban,,B01AF03,
betrixaban,,B01AF04,
rivaroxaban and acetylsalicylic acid,,B01AF51,
defibrotide,,B01AX01,
dermatan sulfate,,B01AX04,
fondaparinux,,B01AX05,
caplacizumab,,B01AX07,
aminocaproic acid,,B02AA01,
tranexamic acid,,B02AA02,
aminomethylbenzoic acid,,B02AA03,
aprotinin,,B02AB01,
alfa1 antitrypsin,,B02AB02,
camostat,,B02AB04,
ulinastatin,,B02AB05,
phytomenadione,,B02BA01,
menadione,,B02BA02,
"fibrinogen, human",,B02BB01,
absorbable gelatin sponge,,B02BC01,
oxidized cellulose,,B02BC02,
tetragalacturonic acid hydroxymethylester,,B02BC03,
thrombin,,B02BC06,B02BD30
collagen,,B02BC07,G04BX11
calcium alginate,,B02BC08,
"coagulation factor IX, II, VII and X in combination",,B02BD01,
coagulation factor VIII,,B02BD02,
factor VIII inhibitor bypassing activity,,B02BD03,
coagulation factor IX,,B02BD04,
coagulation factor VII,,B02BD05,
von Willebrand factor and coagulation factor VIII in combination,,B02BD06,
coagulation factor XIII,,B02BD07,
coagulation factor VIIa,,B02BD08,
von Willebrand factor,,B02BD10,
catridecacog,,B02BD11,
coagulation factor X,,B02BD13,
susoctocog alfa,,B02BD14,
valoctocogene roxaparvovec,,B02BD15,
etranacogene dezaparvovec,,B02BD16,
etamsylate,,B02BX01,
carbazochrome,,B02BX02,
batroxobin,,B02BX03,
romiplostim,,B02BX04,
eltrombopag,,B02BX05,
emicizumab,,B02BX06,
lusutrombopag,,B02BX07,
avatrombopag,,B02BX08,
fostamatinib,,B02BX09,
concizumab,,B02BX10,
ferrous glycine sulfate,,B03AA01,
ferrous fumarate,,B03AA02,
ferrous gluconate,,B03AA03,
ferrous carbonate,,B03AA04,
ferrous chloride,,B03AA05,
ferrous succinate,,B03AA06,
ferrous sulfate,,B03AA07,
ferrous tartrate,,B03AA08,
ferrous aspartate,,B03AA09,
ferrous ascorbate,,B03AA10,
ferrous iodine,,B03AA11,
ferrous sodium citrate,,B03AA12,
ferric sodium citrate,,B03AB01,
saccharated iron oxide,,B03AB02,
sodium feredetate,,B03AB03,
ferric hydroxide,,B03AB04,
ferric oxide polymaltose complexes,,B03AB05,
chondroitin sulfate-iron complex,,B03AB07,
ferric acetyl transferrin,,B03AB08,
ferric proteinsuccinylate,,B03AB09,
ferric maltol,,B03AB10,
ferrous amino acid complex and folic acid,,B03AD01,
ferrous fumarate and folic acid,,B03AD02,
ferrous sulfate and folic acid,,B03AD03,
ferric oxide polymaltose complexes and folic acid,,B03AD04,
ferrous gluconate and folic acid,,B03AD05,
"iron, vitamin B12 and folic acid",,B03AE01,
"iron, multivitamins and folic acid",,B03AE02,
iron and multivitamins,,B03AE03,
"iron, multivitamins and minerals",,B03AE04,
various combinations,,B03AE10,D10AX30
cyanocobalamin,,B03BA01,
cyanocobalamin tannin complex,,B03BA02,
hydroxocobalamin,,B03BA03,V03AB33
cobamamide,,B03BA04,
mecobalamin,,B03BA05,
"cyanocobalamin, combinations",,B03BA51,
"hydroxocobalamin, combinations",,B03BA53,
folic acid,,B03BB01,V04CX02
"folic acid, combinations",,B03BB51,
erythropoietin,,B03XA01,
darbepoetin alfa,,B03XA02,
methoxy polyethylene glycol-epoetin beta,,B03XA03,
peginesatide,,B03XA04,
roxadustat,,B03XA05,
luspatercept,,B03XA06,
daprodustat,,B03XA07,
vadadustat,,B03XA08,
albumin,,B05AA01,
other plasma protein fractions,,B05AA02,
fluorocarbon blood substitutes,,B05AA03,
dextran,,B05AA05,
gelatin agents,,B05AA06,
hydroxyethylstarch,,B05AA07,
hemoglobin crosfumaril,,B05AA08,
hemoglobin raffimer,,B05AA09,
hemoglobin glutamer (bovine),,B05AA10,
erythrocytes,,B05AX01,
thrombocytes,,B05AX02,
blood plasma,,B05AX03,
stem cells from umbilical cord blood,,B05AX04,
amino acids,,B05BA01,
fat emulsions,,B05BA02,
carbohydrates,,B05BA03,
protein hydrolysates,,B05BA04,
electrolytes,,B05BB01,
electrolytes with carbohydrates,,B05BB02,
trometamol,,B05BB03,B05XX02
electrolytes in combination with other drugs,,B05BB04,B05XA31
carbamide,,B05BC02,D02AE01
cetylpyridinium,,B05CA01,D08AJ03;D09AA07;R02AA06
nitrofural,,B05CA03,D08AF01;D09AA03;P01CC02;S01AX04;S02AA02
sulfamethizole,,B05CA04,D06BA04;J01EB02;S01AB01
taurolidine,,B05CA05,
mandelic acid,,B05CA06,J01XX06
noxytiolin,,B05CA07,
ethacridine lactate,,B05CA08,D08AA01
sodium citrate,,B05CB02,
sodium bicarbonate,,B05CB04,B05XA02
glucose,,B05CX01,V04CA02;V06DC01
glycine,,B05CX03,
ammonium chloride,,B05XA04,G04BA01
"potassium phosphate, incl. combinations with other potassium salts",,B05XA06,
sodium acetate,,B05XA08,
magnesium phosphate,,B05XA10,
zinc chloride,,B05XA12,
sodium glycerophosphate,,B05XA14,
potassium lactate,,B05XA15,
cardioplegia solutions,,B05XA16,
potassium acetate,,B05XA17,
combinations of electrolytes,,B05XA30,
arginine hydrochloride,,B05XB01,
alanyl glutamine,,B05XB02,
lysine,,B05XB03,
fibrinolysin and desoxyribonuclease,,B06AA02,
hyaluronidase,,B06AA03,
chymotrypsin,,B06AA04,S01KX01
trypsin,,B06AA07,D03BA01
desoxyribonuclease,,B06AA10,
"streptokinase, combinations",,B06AA55,
hemin,,B06AB01,
"c1-inhibitor, plasma derived",,B06AC01,
icatibant,,B06AC02,
ecallantide,,B06AC03,
conestat alfa,,B06AC04,
lanadelumab,,B06AC05,
berotralstat,,B06AC06,
crizanlizumab,,B06AX01,
betibeglogene autotemcel,,B06AX02,
voxelotor,,B06AX03,
mitapivat,,B06AX04,
exagamglogene autotemcel,,B06AX05,
acetyldigitoxin,,C01AA01,
acetyldigoxin,,C01AA02,
digitalis leaves,,C01AA03,
digitoxin,,C01AA04,
digoxin,,C01AA05,
lanatoside C,,C01AA06,
deslanoside,,C01AA07,
metildigoxin,,C01AA08,
gitoformate,,C01AA09,
"acetyldigoxin, combinations",,C01AA52,
proscillaridin,,C01AB01,
"proscillaridin, combinations",,C01AB51,
g-strophanthin,,C01AC01,
cymarin,,C01AC03,
peruvoside,,C01AX02,
quinidine,,C01BA01,
procainamide,,C01BA02,
disopyramide,,C01BA03,
sparteine,,C01BA04,
ajmaline,,C01BA05,
prajmaline,,C01BA08,
lorajmine,,C01BA12,
hydroquinidine,,C01BA13,
"quinidine, combinations excl. psycholeptics",,C01BA51,
"quinidine, combinations with psycholeptics",,C01BA71,
lidocaine,,C01BB01,C05AD01;D04AB01;N01BB02;R02AD02;S01HA07;S02DA01
mexiletine,,C01BB02,
tocainide,,C01BB03,
aprindine,,C01BB04,
propafenone,,C01BC03,
flecainide,,C01BC04,
lorcainide,,C01BC07,
encainide,,C01BC08,
ethacizine,,C01BC09,
amiodarone,,C01BD01,
bretylium tosilate,,C01BD02,
bunaftine,,C01BD03,
dofetilide,,C01BD04,
ibutilide,,C01BD05,
tedisamil,,C01BD06,
dronedarone,,C01BD07,
moracizine,,C01BG01,
cibenzoline,,C01BG07,
vernakalant,,C01BG11,
etilefrine,,C01CA01,
isoprenaline,,C01CA02,R03AB02;R03CB01
norepinephrine,,C01CA03,
dopamine,,C01CA04,
norfenefrine,,C01CA05,
phenylephrine,,C01CA06,C05AX06;R01AA04;R01AB01;R01BA03;S01FB01;S01GA05
dobutamine,,C01CA07,
oxedrine,,C01CA08,S01GA06
metaraminol,,C01CA09,
methoxamine,,C01CA10,
mephentermine,,C01CA11,
dimetofrine,,C01CA12,
prenalterol,,C01CA13,
dopexamine,,C01CA14,
gepefrine,,C01CA15,
ibopamine,,C01CA16,S01FB03
midodrine,,C01CA17,
octopamine,,C01CA18,
fenoldopam,,C01CA19,
cafedrine,,C01CA21,
arbutamine,,C01CA22,
theodrenaline,,C01CA23,
amezinium metilsulfate,,C01CA25,
ephedrine,,C01CA26,R01AA03;R01AB05;R03CA02;S01FB02
droxidopa,,C01CA27,
centhaquine,,C01CA28,
"etilefrine, combinations",,C01CA51,
amrinone,,C01CE01,
milrinone,,C01CE02,
enoximone,,C01CE03,
bucladesine,,C01CE04,
angiotensinamide,,C01CX06,
xamoterol,,C01CX07,
levosimendan,,C01CX08,
angiotensin II,,C01CX09,
omecamtiv mecarbil,,C01CX10,
glyceryl trinitrate,,C01DA02,C05AE01
methylpropylpropanediol dinitrate,,C01DA04,
pentaerithrityl tetranitrate,,C01DA05,
propatylnitrate,,C01DA07,
isosorbide dinitrate,,C01DA08,C05AE02
trolnitrate,,C01DA09,
eritrityl tetranitrate,,C01DA13,
isosorbide mononitrate,,C01DA14,
organic nitrates in combination,,C01DA20,
tenitramine,,C01DA38,
"glyceryl trinitrate, combinations",,C01DA52,
"methylpropylpropanediol dinitrate, combinations",,C01DA54,
"pentaerithrityl tetranitrate, combinations",,C01DA55,
"propatylnitrate, combinations",,C01DA57,
"isosorbide dinitrate, combinations",,C01DA58,
"trolnitrate, combinations",,C01DA59,
"eritrityl tetranitrate, combinations",,C01DA63,
organic nitrates in combination with psycholeptics,,C01DA70,
flosequinan,,C01DB01,
itramin tosilate,,C01DX01,
prenylamine,,C01DX02,
oxyfedrine,,C01DX03,
benziodarone,,C01DX04,
carbocromen,,C01DX05,
hexobendine,,C01DX06,
etafenone,,C01DX07,
heptaminol,,C01DX08,
imolamine,,C01DX09,
dilazep,,C01DX10,
trapidil,,C01DX11,
molsidomine,,C01DX12,
efloxate,,C01DX13,
cinepazet,,C01DX14,
cloridarol,,C01DX15,
nicorandil,,C01DX16,
linsidomine,,C01DX18,
nesiritide,,C01DX19,
serelaxin,,C01DX21,
vericiguat,,C01DX22,
"itramin tosilate, combinations",,C01DX51,
"prenylamine, combinations",,C01DX52,
"oxyfedrine, combinations",,C01DX53,
"benziodarone, combinations",,C01DX54,
alprostadil,,C01EA01,G04BE01
camphora,,C01EB02,
indometacin,,C01EB03,M01AB01;M02AA23;S01BC01
crataegus glycosides,,C01EB04,
creatinolfosfate,,C01EB05,
fosfocreatine,,C01EB06,
"fructose 1,6-diphosphate",,C01EB07,
ubidecarenone,,C01EB09,
adenosine,,C01EB10,
tiracizine,,C01EB11,
acadesine,,C01EB13,
trimetazidine,,C01EB15,
ibuprofen,,C01EB16,G02CC01;M01AE01;M02AA13;R02AX02
ivabradine,,C01EB17,
ranolazine,,C01EB18,
regadenoson,,C01EB21,
meldonium,,C01EB22,
tiazotic acid,,C01EB23,
mavacamten,,C01EB24,
rescinnamine,,C02AA01,
reserpine,,C02AA02,
combinations of rauwolfia alkaloids,,C02AA03,
"rauwolfia alkaloids, whole root",,C02AA04,
deserpidine,,C02AA05,
methoserpidine,,C02AA06,
bietaserpine,,C02AA07,
"reserpine, combinations",,C02AA52,
"combinations of rauwolfia alkoloids, combinations",,C02AA53,
"bietaserpine, combinations",,C02AA57,
methyldopa (levorotatory),,C02AB01,
methyldopa (racemic),,C02AB02,
clonidine,,C02AC01,N02CX02;S01EA04
guanfacine,,C02AC02,
tolonidine,,C02AC04,
moxonidine,,C02AC05,
rilmenidine,,C02AC06,
trimetaphan,,C02BA01,
mecamylamine,,C02BB01,
prazosin,,C02CA01,
indoramin,,C02CA02,
trimazosin,,C02CA03,
doxazosin,,C02CA04,
urapidil,,C02CA06,
betanidine,,C02CC01,
guanethidine,,C02CC02,S01EX01
guanoxan,,C02CC03,
debrisoquine,,C02CC04,
guanoclor,,C02CC05,
guanazodine,,C02CC06,
guanoxabenz,,C02CC07,
diazoxide,,C02DA01,V03AH01
dihydralazine,,C02DB01,
hydralazine,,C02DB02,
endralazine,,C02DB03,
cadralazine,,C02DB04,
minoxidil,,C02DC01,D11AX01
nitroprusside,,C02DD01,
pinacidil,,C02DG01,
veratrum,,C02KA01,
metirosine,,C02KB01,
pargyline,,C02KC01,
ketanserin,,C02KD01,
aprocitentan,,C02KN01,
bosentan,,C02KX01,
ambrisentan,,C02KX02,
sitaxentan,,C02KX03,
macitentan,,C02KX04,
riociguat,,C02KX05,
ambrisentan and tadalafil,,C02KX52,
macitentan and tadalafil,,C02KX54,
reserpine and diuretics,,C02LA01,
rescinnamine and diuretics,,C02LA02,
deserpidine and diuretics,,C02LA03,
methoserpidine and diuretics,,C02LA04,
bietaserpine and diuretics,,C02LA07,
"rauwolfia alkaloids, whole root and diuretics",,C02LA08,
syrosingopine and diuretics,,C02LA09,
combination of rauwolfia alkaloids and diuretics incl. other combinations,,C02LA50,
"reserpine and diuretics, combinations with other drugs",,C02LA51,
"rescinnamine and diuretics, combinations with other drugs",,C02LA52,
"reserpine and diuretics, combinations with psycholeptics",,C02LA71,
methyldopa (levorotatory) and diuretics,,C02LB01,
clonidine and diuretics,,C02LC01,
moxonidine and diuretics,,C02LC05,
"clonidine and diuretics, combinations with other drugs",,C02LC51,
prazosin and diuretics,,C02LE01,
guanethidine and diuretics,,C02LF01,
dihydralazine and diuretics,,C02LG01,
hydralazine and diuretics,,C02LG02,
picodralazine and diuretics,,C02LG03,
"dihydralazine and diuretics, combinations with other drugs",,C02LG51,
"picodralazine and diuretics, combinations with psycholeptics",,C02LG73,
veratrum and diuretics,,C02LK01,
pargyline and diuretics,,C02LL01,
pinacidil and diuretics,,C02LX01,
bendroflumethiazide,,C03AA01,
hydroflumethiazide,,C03AA02,
hydrochlorothiazide,,C03AA03,
chlorothiazide,,C03AA04,
polythiazide,,C03AA05,
trichlormethiazide,,C03AA06,
cyclopenthiazide,,C03AA07,
methyclothiazide,,C03AA08,
cyclothiazide,,C03AA09,
mebutizide,,C03AA13,
bendroflumethiazide and potassium,,C03AB01,
hydroflumethiazide and potassium,,C03AB02,
hydrochlorothiazide and potassium,,C03AB03,
chlorothiazide and potassium,,C03AB04,
polythiazide and potassium,,C03AB05,
trichlormethiazide and potassium,,C03AB06,
cyclopenthiazide and potassium,,C03AB07,
methyclothiazide and potassium,,C03AB08,
cyclothiazide and potassium,,C03AB09,
"chlorothiazide, combinations",,C03AH01,
"hydroflumethiazide, combinations",,C03AH02,
"hydrochlorothiazide, combinations",,C03AX01,
quinethazone,,C03BA02,
clopamide,,C03BA03,
chlortalidone,,C03BA04,
mefruside,,C03BA05,
clofenamide,,C03BA07,
metolazone,,C03BA08,
meticrane,,C03BA09,
xipamide,,C03BA10,
indapamide,,C03BA11,
clorexolone,,C03BA12,
fenquizone,,C03BA13,
"clorexolone, combinations with psycholeptics",,C03BA82,
quinethazone and potassium,,C03BB02,
clopamide and potassium,,C03BB03,
chlortalidone and potassium,,C03BB04,
mefruside and potassium,,C03BB05,
clofenamide and potassium,,C03BB07,
mersalyl,,C03BC01,
theobromine,,C03BD01,R03DA07
cicletanine,,C03BX03,
furosemide,,C03CA01,
bumetanide,,C03CA02,
piretanide,,C03CA03,
torasemide,,C03CA04,
furosemide and potassium,,C03CB01,
bumetanide and potassium,,C03CB02,
etacrynic acid,,C03CC01,
tienilic acid,,C03CC02,
muzolimine,,C03CD01,
etozolin,,C03CX01,
spironolactone,,C03DA01,
potassium canrenoate,,C03DA02,
canrenone,,C03DA03,
eplerenone,,C03DA04,
finerenone,,C03DA05,
amiloride,,C03DB01,
triamterene,,C03DB02,
hydrochlorothiazide and potassium-sparing agents,,C03EA01,
trichlormethiazide and potassium-sparing agents,,C03EA02,
epitizide and potassium-sparing agents,,C03EA03,
altizide and potassium-sparing agents,,C03EA04,
mebutizide and potassium-sparing agents,,C03EA05,
chlortalidone and potassium-sparing agents,,C03EA06,
cyclopenthiazide and potassium-sparing agents,,C03EA07,
metolazone and potassium-sparing agents,,C03EA12,
bendroflumethiazide and potassium-sparing agents,,C03EA13,
butizide and potassium-sparing agents,,C03EA14,
furosemide and potassium-sparing agents,,C03EB01,
bumetanide and potassium-sparing agents,,C03EB02,
tolvaptan,,C03XA01,
conivaptan,,C03XA02,
isoxsuprine,,C04AA01,
buphenine,,C04AA02,G02CA02
bamethan,,C04AA31,
phentolamine,,C04AB01,V03AB36
tolazoline,,C04AB02,M02AX02
nicotinic acid,,C04AC01,C10AD02
nicotinyl alcohol (pyridylcarbinol),,C04AC02,C10AD05
inositol nicotinate,,C04AC03,
ciclonicate,,C04AC07,
pentifylline,,C04AD01,
xantinol nicotinate,,C04AD02,
pentoxifylline,,C04AD03,
etofylline nicotinate,,C04AD04,
ergoloid mesylates,,C04AE01,
nicergoline,,C04AE02,
dihydroergocristine,,C04AE04,
"ergoloid mesylates, combinations",,C04AE51,
"dihydroergocristine, combinations",,C04AE54,
kallidinogenase,,C04AF01,
cyclandelate,,C04AX01,
phenoxybenzamine,,C04AX02,
vincamine,,C04AX07,
moxisylyte,,C04AX10,G04BE06
bencyclane,,C04AX11,
vinburnine,,C04AX17,
suloctidil,,C04AX19,
buflomedil,,C04AX20,
naftidrofuryl,,C04AX21,
butalamine,,C04AX23,
visnadine,,C04AX24,
cetiedil,,C04AX26,
cinepazide,,C04AX27,
ifenprodil,,C04AX28,
azapetine,,C04AX30,
fasudil,,C04AX32,
clazosentan,,C04AX33,
fluorometholone,,C05AA06,D07AB06;D07XB04;D10AA01;S01BA07;S01CB05
fluocortolone,,C05AA08,D07AC05;D07XC05;H02AB03
fluocinolone acetonide,,C05AA10,D07AC04;S01BA15;S02BA08
fluocinonide,,C05AA11,D07AC08
tetracaine,,C05AD02,D04AB06;N01BA03;S01HA03
benzocaine,,C05AD03,D04AB04;N01BA05;R02AD01
cinchocaine,,C05AD04,D04AB02;N01BB06;S01HA06;S02DA04
procaine,,C05AD05,N01BA02;S01HA05
oxetacaine,,C05AD06,
pramocaine,,C05AD07,D04AB07
diltiazem,,C05AE03,C08DB01
aluminium preparations,,C05AX01,
"bismuth preparations, combinations",,C05AX02,
"other preparations, combinations",,C05AX03,
zinc preparations,,C05AX04,
tribenoside,,C05AX05,C05CX01
organo-heparinoid,,C05BA01,
sodium apolate,,C05BA02,
pentosan polysulfate sodium,,C05BA04,G04BX15
"heparinoid, combinations",,C05BA51,
monoethanolamine oleate,,C05BB01,
polidocanol,,C05BB02,
invert sugar,,C05BB03,
sodium tetradecyl sulfate,,C05BB04,
phenol,,C05BB05,D08AE03;N01BX03;R02AA19
"glucose, combinations",,C05BB56,
calcium dobesilate,,C05BX01,
"calcium dobesilate, combinations",,C05BX51,
rutoside,,C05CA01,
monoxerutin,,C05CA02,
diosmin,,C05CA03,
troxerutin,,C05CA04,
hidrosmin,,C05CA05,
"rutoside, combinations",,C05CA51,
"diosmin, combinations",,C05CA53,
"troxerutin, combinations",,C05CA54,
naftazone,,C05CX02,
Hippocastani semen,,C05CX03,
beperminogene perplasmid,,C05XX01,
alprenolol,,C07AA01,
oxprenolol,,C07AA02,
pindolol,,C07AA03,
propranolol,,C07AA05,
timolol,,C07AA06,S01ED01
sotalol,,C07AA07,
nadolol,,C07AA12,
mepindolol,,C07AA14,
carteolol,,C07AA15,S01ED05
tertatolol,,C07AA16,
bopindolol,,C07AA17,
bupranolol,,C07AA19,
penbutolol,,C07AA23,
cloranolol,,C07AA27,
practolol,,C07AB01,
metoprolol,,C07AB02,
atenolol,,C07AB03,
acebutolol,,C07AB04,
betaxolol,,C07AB05,S01ED02
bevantolol,,C07AB06,
bisoprolol,,C07AB07,
celiprolol,,C07AB08,
esmolol,,C07AB09,
epanolol,,C07AB10,
s-atenolol,,C07AB11,
nebivolol,,C07AB12,
talinolol,,C07AB13,
landiolol,,C07AB14,
labetalol,,C07AG01,
carvedilol,,C07AG02,
oxprenolol and thiazides,,C07BA02,
propranolol and thiazides,,C07BA05,
timolol and thiazides,,C07BA06,
sotalol and thiazides,,C07BA07,
nadolol and thiazides,,C07BA12,
"metipranolol and thiazides, combinations",,C07BA68,
metoprolol and thiazides,,C07BB02,
atenolol and thiazides,,C07BB03,
acebutolol and thiazides,,C07BB04,
bevantolol and thiazides,,C07BB06,
bisoprolol and thiazides,,C07BB07,
nebivolol and thiazides,,C07BB12,
"metoprolol and thiazides, combinations",,C07BB52,
labetalol and thiazides,,C07BG01,
oxprenolol and other diuretics,,C07CA02,
pindolol and other diuretics,,C07CA03,
bopindolol and other diuretics,,C07CA17,
penbutolol and other diuretics,,C07CA23,
metoprolol and other diuretics,,C07CB02,
atenolol and other diuretics,,C07CB03,
"atenolol and other diuretics, combinations",,C07CB53,
labetalol and other diuretics,,C07CG01,
"timolol, thiazides and other diuretics",,C07DA06,
"atenolol, thiazides and other diuretics",,C07DB01,
metoprolol and felodipine,,C07FB02,
atenolol and nifedipine,,C07FB03,
bisoprolol and amlodipine,,C07FB07,
nebivolol and amlodipine,,C07FB12,
metoprolol and amlodipine,,C07FB13,
propranolol and other combinations,,C07FX01,
sotalol and acetylsalicylic acid,,C07FX02,
metoprolol and acetylsalicylic acid,,C07FX03,
bisoprolol and acetylsalicylic acid,,C07FX04,
metoprolol and ivabradine,,C07FX05,
carvedilol and ivabradine,,C07FX06,
amlodipine,,C08CA01,
felodipine,,C08CA02,
isradipine,,C08CA03,
nicardipine,,C08CA04,
nifedipine,,C08CA05,
nimodipine,,C08CA06,
nisoldipine,,C08CA07,
nitrendipine,,C08CA08,
lacidipine,,C08CA09,
nilvadipine,,C08CA10,
manidipine,,C08CA11,
barnidipine,,C08CA12,
lercanidipine,,C08CA13,
cilnidipine,,C08CA14,
benidipine,,C08CA15,
clevidipine,,C08CA16,
levamlodipine,,C08CA17,
amlodipine and celecoxib,,C08CA51,
"nifedipine, combinations",,C08CA55,
mibefradil,,C08CX01,
verapamil,,C08DA01,
gallopamil,,C08DA02,
"verapamil, combinations",,C08DA51,
fendiline,,C08EA01,
bepridil,,C08EA02,
lidoflazine,,C08EX01,
perhexiline,,C08EX02,
nifedipine and diuretics,,C08GA01,
amlodipine and diuretics,,C08GA02,
captopril,,C09AA01,
enalapril,,C09AA02,
lisinopril,,C09AA03,
perindopril,,C09AA04,
ramipril,,C09AA05,
quinapril,,C09AA06,
benazepril,,C09AA07,
cilazapril,,C09AA08,
fosinopril,,C09AA09,
trandolapril,,C09AA10,
spirapril,,C09AA11,
delapril,,C09AA12,
moexipril,,C09AA13,
temocapril,,C09AA14,
zofenopril,,C09AA15,
imidapril,,C09AA16,
captopril and diuretics,,C09BA01,
enalapril and diuretics,,C09BA02,
lisinopril and diuretics,,C09BA03,
perindopril and diuretics,,C09BA04,
ramipril and diuretics,,C09BA05,
quinapril and diuretics,,C09BA06,
benazepril and diuretics,,C09BA07,
cilazapril and diuretics,,C09BA08,
fosinopril and diuretics,,C09BA09,
delapril and diuretics,,C09BA12,
moexipril and diuretics,,C09BA13,
zofenopril and diuretics,,C09BA15,
enalapril and lercanidipine,,C09BB02,
lisinopril and amlodipine,,C09BB03,
perindopril and amlodipine,,C09BB04,
ramipril and felodipine,,C09BB05,
enalapril and nitrendipine,,C09BB06,
ramipril and amlodipine,,C09BB07,
trandolapril and verapamil,,C09BB10,
delapril and manidipine,,C09BB12,
benazepril and amlodipine,,C09BB13,
"perindopril, amlodipine and indapamide",,C09BX01,
perindopril and bisoprolol,,C09BX02,
"ramipril, amlodipine and hydrochlorothiazide",,C09BX03,
"perindopril, bisoprolol and amlodipine",,C09BX04,
ramipril and bisoprolol,,C09BX05,
"perindopril, bisoprolol, amlodipine and indapamide",,C09BX06,
zofenopril and nebivolol,,C09BX07,
losartan,,C09CA01,
eprosartan,,C09CA02,
valsartan,,C09CA03,
irbesartan,,C09CA04,
tasosartan,,C09CA05,
candesartan,,C09CA06,
telmisartan,,C09CA07,
olmesartan medoxomil,,C09CA08,
azilsartan medoxomil,,C09CA09,
fimasartan,,C09CA10,
losartan and diuretics,,C09DA01,
eprosartan and diuretics,,C09DA02,
valsartan and diuretics,,C09DA03,
irbesartan and diuretics,,C09DA04,
candesartan and diuretics,,C09DA06,
telmisartan and diuretics,,C09DA07,
olmesartan medoxomil and diuretics,,C09DA08,
azilsartan medoxomil and diuretics,,C09DA09,
fimasartan and diuretics,,C09DA10,
valsartan and amlodipine,,C09DB01,
olmesartan medoxomil and amlodipine,,C09DB02,
telmisartan and amlodipine,,C09DB04,
irbesartan and amlodipine,,C09DB05,
losartan and amlodipine,,C09DB06,
candesartan and amlodipine,,C09DB07,
valsartan and lercanidipine,,C09DB08,
fimasartan and amlodipine,,C09DB09,
"valsartan, amlodipine and hydrochlorothiazide",,C09DX01,
valsartan and aliskiren,,C09DX02,
"olmesartan medoxomil, amlodipine and hydrochlorothiazide",,C09DX03,
valsartan and sacubitril,,C09DX04,
valsartan and nebivolol,,C09DX05,
"candesartan, amlodipine and hydrochlorothiazide",,C09DX06,
"irbesartan, amlodipine and hydrochlorothiazide",,C09DX07,
"telmisartan, amlodipine and hydrochlorothiazide",,C09DX08,
remikiren,,C09XA01,
aliskiren,,C09XA02,
aliskiren and hydrochlorothiazide,,C09XA52,
aliskiren and amlodipine,,C09XA53,
"aliskiren, amlodipine and hydrochlorothiazide",,C09XA54,
simvastatin,,C10AA01,
lovastatin,,C10AA02,
pravastatin,,C10AA03,
fluvastatin,,C10AA04,
atorvastatin,,C10AA05,
cerivastatin,,C10AA06,
rosuvastatin,,C10AA07,
pitavastatin,,C10AA08,
clofibrate,,C10AB01,
bezafibrate,,C10AB02,
aluminium clofibrate,,C10AB03,
gemfibrozil,,C10AB04,
fenofibrate,,C10AB05,
simfibrate,,C10AB06,
ronifibrate,,C10AB07,
ciprofibrate,,C10AB08,
etofibrate,,C10AB09,
clofibride,,C10AB10,
choline fenofibrate,,C10AB11,
pemafibrate,,C10AB12,
colestyramine,,C10AC01,
colestipol,,C10AC02,
colextran,,C10AC03,
colesevelam,,C10AC04,
niceritrol,,C10AD01,
nicofuranose,,C10AD03,
aluminium nicotinate,,C10AD04,
acipimox,,C10AD06,
"nicotinic acid, combinations",,C10AD52,
dextrothyroxine,,C10AX01,
probucol,,C10AX02,
tiadenol,,C10AX03,
meglutol,,C10AX05,
omega-3-triglycerides incl. other esters and acids,,C10AX06,
magnesium pyridoxal 5-phosphate glutamate,,C10AX07,
policosanol,,C10AX08,
ezetimibe,,C10AX09,
alipogene tiparvovec,,C10AX10,
mipomersen,,C10AX11,
lomitapide,,C10AX12,
evolocumab,,C10AX13,
alirocumab,,C10AX14,
bempedoic acid,,C10AX15,
inclisiran,,C10AX16,
evinacumab,,C10AX17,
volanesorsen,,C10AX18,
lovastatin and nicotinic acid,,C10BA01,
simvastatin and ezetimibe,,C10BA02,
pravastatin and fenofibrate,,C10BA03,
simvastatin and fenofibrate,,C10BA04,
atorvastatin and ezetimibe,,C10BA05,
rosuvastatin and ezetimibe,,C10BA06,
rosuvastatin and omega-3 fatty acids,,C10BA07,
atorvastatin and omega-3 fatty acids,,C10BA08,
rosuvastatin and fenofibrate,,C10BA09,
bempedoic acid and ezetimibe,,C10BA10,
pravastatin and ezetimibe,,C10BA11,
"pravastatin, ezetimibe and fenofibrate",,C10BA12,
simvastatin and acetylsalicylic acid,,C10BX01,
pravastatin and acetylsalicylic acid,,C10BX02,
atorvastatin and amlodipine,,C10BX03,
"simvastatin, acetylsalicylic acid and ramipril",,C10BX04,
rosuvastatin and acetylsalicylic acid,,C10BX05,
"atorvastatin, acetylsalicylic acid and ramipril",,C10BX06,
"rosuvastatin, amlodipine and lisinopril",,C10BX07,
atorvastatin and acetylsalicylic acid,,C10BX08,
rosuvastatin and amlodipine,,C10BX09,
rosuvastatin and valsartan,,C10BX10,
"atorvastatin, amlodipine and perindopril",,C10BX11,
"atorvastatin, acetylsalicylic acid and perindopril",,C10BX12,
"rosuvastatin, perindopril and indapamide",,C10BX13,
"rosuvastatin, amlodipine and perindopril",,C10BX14,
atorvastatin and perindopril,,C10BX15,
rosuvastatin and fimasartan,,C10BX16,
rosuvastatin and ramipril,,C10BX17,
"atorvastatin, amlodipine and ramipril",,C10BX18,
"atorvastatin, amlodipine and candesartan",,C10BX19,
rosuvastatin and telmisartan,,C10BX20,
rosuvastatin and perindopril,,C10BX21,
hachimycin,,D01AA03,G01AA06;J02AA02
pecilocin,,D01AA04,
pyrrolnitrin,,D01AA07,
griseofulvin,,D01AA08,D01BA01
econazole,,D01AC03,G01AF05
chlormidazole,,D01AC04,
isoconazole,,D01AC05,G01AF07
tiabendazole,,D01AC06,P02CA02
tioconazole,,D01AC07,G01AF08
ketoconazole,,D01AC08,G01AF11;H02CA03;J02AB02
sulconazole,,D01AC09,
bifonazole,,D01AC10,
oxiconazole,,D01AC11,G01AF17
fenticonazole,,D01AC12,G01AF12
omoconazole,,D01AC13,G01AF16
sertaconazole,,D01AC14,G01AF19
fluconazole,,D01AC15,J02AC01
flutrimazole,,D01AC16,G01AF18
eberconazole,,D01AC17,
luliconazole,,D01AC18,
efinaconazole,,D01AC19,
imidazoles/triazoles in combination with corticosteroids,,D01AC20,
neticonazole,,D01AC21,
lanoconazole,,D01AC22,
"miconazole, combinations",,D01AC52,
"bifonazole, combinations",,D01AC60,
bromochlorosalicylanilide,,D01AE01,
methylrosaniline,,D01AE02,G01AX09
tribromometacresol,,D01AE03,
undecylenic acid,,D01AE04,
2-(4-chlorphenoxy)-ethanol,,D01AE06,
chlorphenesin,,D01AE07,
ticlatone,,D01AE08,
sulbentine,,D01AE09,
ethyl hydroxybenzoate,,D01AE10,
haloprogin,,D01AE11,
salicylic acid,,D01AE12,S01BC08
selenium sulfide,,D01AE13,
ciclopirox,,D01AE14,G01AX12
terbinafine,,D01AE15,D01BA02
amorolfine,,D01AE16,
dimazole,,D01AE17,
tolnaftate,,D01AE18,
tolciclate,,D01AE19,
flucytosine,,D01AE21,J02AX01
naftifine,,D01AE22,
butenafine,,D01AE23,
tavaborole,,D01AE24,
liranaftate,,D01AE25,
"undecylenic acid, combinations",,D01AE54,
fosravuconazole,,D01BA03,
"carbamide, combinations",,D02AE51,
aminobenzoic acid,,D02BA01,
octinoxate,,D02BA02,
afamelanotide,,D02BB02,
cadexomer iodine,,D03AX01,
dextranomer,,D03AX02,
hyaluronic acid,,D03AX05,M09AX01;R01AX09;S01KA01
crilanomer,,D03AX09,
enoxolone,,D03AX10,
sodium chlorite,,D03AX11,
trolamine,,D03AX12,
Betulae cortex,,D03AX13,
"Centella asiatica herba, incl. combinations",,D03AX14,
trafermin,,D03AX15,
beremagene geperpavec,,D03AX16,
collagenase,,D03BA02,
bromelains,,D03BA03,M09AB03
"collagenase, combinations",,D03BA52,
thonzylamine,,D04AA01,R01AC06;R06AC06
mepyramine,,D04AA02,R06AC01
thenalidine,,D04AA03,R06AX03
tripelennamine,,D04AA04,R06AC04
chloropyramine,,D04AA09,R06AC03
promethazine,,D04AA10,R06AD02
tolpropamine,,D04AA12,
dimetindene,,D04AA13,R06AB03
clemastine,,D04AA14,R06AA04
bamipine,,D04AA15,R06AX01
pheniramine,,D04AA16,R06AB05
isothipendyl,,D04AA22,R06AD09
diphenhydramine,,D04AA32,R06AA02
diphenhydramine methylbromide,,D04AA33,
chlorphenoxamine,,D04AA34,R06AA06
oxybuprocaine,,D04AB03,S01HA02
quinisocaine,,D04AB05,
doxepin,,D04AX01,N06AA12
dithranol,,D05AC01,
"dithranol, combinations",,D05AC51,
trioxysalen,,D05AD01,D05BA01
methoxsalen,,D05AD02,D05BA02
fumaric acid,,D05AX01,
calcipotriol,,D05AX02,
tacalcitol,,D05AX04,
tazarotene,,D05AX05,
roflumilast,,D05AX06,R03DX07
tapinarof,,D05AX07,
"calcipotriol, combinations",,D05AX52,
tazarotene and ulobetasol,,D05AX55,
bergapten,,D05BA03,
etretinate,,D05BB01,
acitretin,,D05BB02,
"fumaric acid derivatives, combinations",,D05BX51,
demeclocycline,,D06AA01,J01AA01
fusidic acid,,D06AX01,D09AA02;J01XC01;S01AA13
chloramphenicol,,D06AX02,D10AF03;G01AA05;J01BA01;S01AA01;S02AA01;S03AA08
bacitracin,,D06AX05,J01XX10;R02AB04;S01AA32
gentamicin,,D06AX07,J01GB03;S01AA11;S02AA14;S03AA06
tyrothricin,,D06AX08,R02AB02;S01AA05
mupirocin,,D06AX09,R01AX06
virginiamycin,,D06AX10,
amikacin,,D06AX12,J01GB06;S01AA21
retapamulin,,D06AX13,
ozenoxacin,,D06AX14,
silver sulfadiazine,,D06BA01,
sulfathiazole,,D06BA02,J01EB07
mafenide,,D06BA03,
sulfanilamide,,D06BA05,J01EB06
sulfamerazine,,D06BA06,J01ED07
"silver sulfadiazine, combinations",,D06BA51,
idoxuridine,,D06BB01,J05AB02;S01AD01
tromantadine,,D06BB02,J05AC03
aciclovir,,D06BB03,J05AB01;S01AD03
podophyllotoxin,,D06BB04,
inosine,,D06BB05,G01AX02;S01XA10
penciclovir,,D06BB06,J05AB13
lysozyme,,D06BB07,J05AX02
ibacitabine,,D06BB08,
edoxudine,,D06BB09,
imiquimod,,D06BB10,
docosanol,,D06BB11,
sinecatechins,,D06BB12,
"aciclovir, combinations",,D06BB53,
ingenol mebutate,,D06BX02,
tirbanibulin,,D06BX03,
methylprednisolone,,D07AA01,D10AA02;H02AB04
clobetasone,,D07AB01,S01BA09
hydrocortisone butyrate,,D07AB02,
flumetasone,,D07AB03,D07XB01
fluocortin,,D07AB04,
fluperolone,,D07AB05,
fluprednidene,,D07AB07,D07XB03
desonide,,D07AB08,S01BA11
alclometasone,,D07AB10,S01BA10
hydrocortisone buteprate,,D07AB11,
clocortolone,,D07AB21,
combinations of corticosteroids,,D07AB30,D07XB30
fluclorolone,,D07AC02,
desoximetasone,,D07AC03,D07XC02
diflucortolone,,D07AC06,D07XC04
fludroxycortide,,D07AC07,
diflorasone,,D07AC10,
amcinonide,,D07AC11,
halometasone,,D07AC12,
mometasone,,D07AC13,D07XC03;R01AD09;R03BA07
methylprednisolone aceponate,,D07AC14,
hydrocortisone aceponate,,D07AC16,
fluticasone,,D07AC17,R01AD08;R03BA05
prednicarbate,,D07AC18,
difluprednate,,D07AC19,S01BA16
ulobetasol,,D07AC21,
clobetasol,,D07AD01,
halcinonide,,D07AD02,
prednisolone and antiseptics,,D07BA01,
hydrocortisone and antiseptics,,D07BA04,
flumetasone and antiseptics,,D07BB01,
desonide and antiseptics,,D07BB02,
triamcinolone and antiseptics,,D07BB03,
hydrocortisone butyrate and antiseptics,,D07BB04,
betamethasone and antiseptics,,D07BC01,
fluocinolone acetonide and antiseptics,,D07BC02,
fluocortolone and antiseptics,,D07BC03,
diflucortolone and antiseptics,,D07BC04,
hydrocortisone and antibiotics,,D07CA01,
methylprednisolone and antibiotics,,D07CA02,
prednisolone and antibiotics,,D07CA03,
triamcinolone and antibiotics,,D07CB01,
fluprednidene and antibiotics,,D07CB02,
fluorometholone and antibiotics,,D07CB03,
dexamethasone and antibiotics,,D07CB04,
flumetasone and antibiotics,,D07CB05,
betamethasone and antibiotics,,D07CC01,
fluocinolone acetonide and antibiotics,,D07CC02,
fludroxycortide and antibiotics,,D07CC03,
beclometasone and antibiotics,,D07CC04,
fluocinonide and antibiotics,,D07CC05,
fluocortolone and antibiotics,,D07CC06,
clobetasol and antibiotics,,D07CD01,
aminoacridine,,D08AA02,
euflavine,,D08AA03,
dibrompropamidine,,D08AC01,S01AX14
propamidine,,D08AC03,S01AX15
hexamidine,,D08AC04,R01AX07;R02AA18;S01AX08;S03AA05
polihexanide,,D08AC05,S01AX24
"chlorhexidine, combinations",,D08AC52,
hexachlorophene,,D08AE01,
policresulen,,D08AE02,G01AX03
triclosan,,D08AE04,D09AA06
chloroxylenol,,D08AE05,
biphenylol,,D08AE06,
iodine/octylphenoxypolyglycolether,,D08AG01,
povidone-iodine,,D08AG02,D09AA09;D11AC06;G01AX11;R02AA15;S01AX18
iodine,,D08AG03,
diiodohydroxypropane,,D08AG04,
dequalinium,,D08AH01,G01AC05;R02AA02
chlorquinaldol,,D08AH02,G01AC03;P01AA04;R02AA11
clioquinol,,D08AH30,D09AA10;G01AC02;P01AA02;S02AA05
benzalkonium,,D08AJ01,D09AA11;R02AA16
cetrimonium,,D08AJ02,R02AA17
cetrimide,,D08AJ04,D11AC01
didecyldimethylammonium chloride,,D08AJ06,
benzethonium chloride,,D08AJ08,
decamethoxine,,D08AJ10,
"octenidine, combinations",,D08AJ57,G01AX66
"benzethonium chloride, combinations",,D08AJ58,
"dodeclonium bromide, combinations",,D08AJ59,
mercuric amidochloride,,D08AK01,
phenylmercuric borate,,D08AK02,
mercuric chloride,,D08AK03,
merbromin,,D08AK04,
"mercury, metallic",,D08AK05,
thiomersal,,D08AK06,
mercuric iodide,,D08AK30,
silver nitrate,,D08AL01,
silver,,D08AL30,
eosin,,D08AX02,
propanol,,D08AX03,
tosylchloramide sodium,,D08AX04,
isopropanol,,D08AX05,
potassium permanganate,,D08AX06,V03AB18
sodium hypochlorite,,D08AX07,
ethanol,,D08AX08,V03AB16;V03AZ01
"propanol, combinations",,D08AX53,
framycetin,,D09AA01,R01AX08;S01AA07
phenylmercuric nitrate,,D09AA04,
benzododecinium,,D09AA05,
aluminium chlorohydrate,,D09AA08,M05BX02
iodoform,,D09AA13,
zinc bandage without supplements,,D09AB01,
zinc bandage with supplements,,D09AB02,
bithionol,,D10AB01,P02BX01
sulfur,,D10AB02,
tioxolone,,D10AB03,
mesulfen,,D10AB05,P03AA03
tretinoin,,D10AD01,L01XF01
retinol,,D10AD02,R01AX02;S01XA02
adapalene,,D10AD03,
isotretinoin,,D10AD04,D10BA01
motretinide,,D10AD05,
trifarotene,,D10AD06,
"tretinoin, combinations",,D10AD51,
"adapalene, combinations",,D10AD53,
"isotretinoin, combinations",,D10AD54,
benzoyl peroxide,,D10AE01,
"benzoyl peroxide, combinations",,D10AE51,
clindamycin,,D10AF01,G01AA10;J01FF01
erythromycin,,D10AF02,J01FA01;S01AA17
meclocycline,,D10AF04,
nadifloxacin,,D10AF05,
sulfacetamide,,D10AF06,S01AB04
"clindamycin, combinations",,D10AF51,
"erythromycin, combinations",,D10AF52,
aluminium chloride,,D10AX01,
resorcinol,,D10AX02,S01AX06
azelaic acid,,D10AX03,
aluminium oxide,,D10AX04,
dapsone,,D10AX05,J04BA02
clascoterone,,D10AX06,
ichtasol,,D10BX01,
glycopyrronium,,D11AA01,
cadmium compounds,,D11AC02,
selenium compounds,,D11AC03,
sulfur compounds,,D11AC08,
xenysalate,,D11AC09,
others,,D11AC30,
tacrolimus,,D11AH01,L04AD02
pimecrolimus,,D11AH02,
alitretinoin,,D11AH04,L01XF02
dupilumab,,D11AH05,
crisaborole,,D11AH06,
tralokinumab,,D11AH07,
abrocitinib,,D11AH08,
ruxolitinib,,D11AH09,L01EJ01
lebrikizumab,,D11AH10,
delgocitinib,,D11AH11,
nemolizumab,,D11AH12,
gamolenic acid,,D11AX02,
lithium succinate,,D11AX04,
mequinol,,D11AX06,
tiratricol,,D11AX08,H03AA04
oxaceprol,,D11AX09,M01AX24
finasteride,,D11AX10,G04CB01
hydroquinone,,D11AX11,
pyrithione zinc,,D11AX12,
monobenzone,,D11AX13,
eflornithine,,D11AX16,L01XX79;P01CX03
diclofenac,,D11AX18,M01AB05;M02AA15;S01BC03
brimonidine,,D11AX21,S01EA05;S01GA07
ivermectin,,D11AX22,P02CF01
aminobenzoate potassium,,D11AX23,
deoxycholic acid,,D11AX24,
caffeine,,D11AX26,N06BC01
oxymetazoline,,D11AX27,R01AA05;R01AB07;S01GA04
"gamolenic acid, combinations",,D11AX52,
"collagen, combinations",,D11AX57,
candicidin,,G01AA04,
carfecillin,,G01AA08,
pentamycin,,G01AA11,
"nystatin, combinations",,G01AA51,
diiodohydroxyquinoline,,G01AC01,
lactic acid,,G01AD01,
acetic acid,,G01AD02,S02AA10
ascorbic acid,,G01AD03,S01XA15
sulfatolamide,,G01AE01,
combinations of sulfonamides,,G01AE10,
ornidazole,,G01AF06,J01XD03;P01AB03
azanidazole,,G01AF13,P01AB04
propenidazole,,G01AF14,P01AB05
butoconazole,,G01AF15,
combinations of imidazole derivatives,,G01AF20,
tinidazole,,G01AF21,J01XD02;P01AB02
"econazole, combinations",,G01AF55,
terconazole,,G01AG02,
clodantoin,,G01AX01,
nifuratel,,G01AX05,
furazolidone,,G01AX06,
protiofate,,G01AX13,
lactobacillus,,G01AX14,
copper usnate,,G01AX15,
dapivirine,,G01AX17,
methylergometrine,,G02AB01,
ergot alkaloids,,G02AB02,
ergometrine,,G02AB03,
methylergometrine and oxytocin,,G02AC01,
dinoprost,,G02AD01,
dinoprostone,,G02AD02,
gemeprost,,G02AD03,
carboprost,,G02AD04,
sulprostone,,G02AD05,
plastic IUD,,G02BA01,
plastic IUD with copper,,G02BA02,
plastic IUD with progestogen,,G02BA03,
vaginal ring with progestogen and estrogen,,G02BB01,
vaginal ring with progestogen,,G02BB02,
ritodrine,,G02CA01,
fenoterol,,G02CA03,R03AC04;R03CC04
bromocriptine,,G02CB01,N04BC01
lisuride,,G02CB02,N02CA07
cabergoline,,G02CB03,N04BC06
quinagolide,,G02CB04,
metergoline,,G02CB05,
terguride,,G02CB06,
naproxen,,G02CC02,M01AE02;M02AA12
flunoxaprofen,,G02CC04,M01AE15
atosiban,,G02CX01,
flibanserin,,G02CX02,
Agni casti fructus,,G02CX03,
Cimicifugae rhizoma,,G02CX04,
bremelanotide,,G02CX05,
fezolinetant,,G02CX06,
etynodiol and ethinylestradiol,,G03AA01,
quingestanol and ethinylestradiol,,G03AA02,
lynestrenol and ethinylestradiol,,G03AA03,G03AB02
megestrol and ethinylestradiol,,G03AA04,G03AB01
norethisterone and ethinylestradiol,,G03AA05,G03AB04
norgestrel and ethinylestradiol,,G03AA06,
levonorgestrel and ethinylestradiol,,G03AA07,G03AB03
medroxyprogesterone and ethinylestradiol,,G03AA08,
desogestrel and ethinylestradiol,,G03AA09,G03AB05
gestodene and ethinylestradiol,,G03AA10,G03AB06
norgestimate and ethinylestradiol,,G03AA11,G03AB09
drospirenone and ethinylestradiol,,G03AA12,
norelgestromin and ethinylestradiol,,G03AA13,
nomegestrol and estradiol,,G03AA14,
chlormadinone and ethinylestradiol,,G03AA15,G03AB07
dienogest and ethinylestradiol,,G03AA16,
medroxyprogesterone and estradiol,,G03AA17,
drospirenone and estetrol,,G03AA18,
dienogest and estradiol,,G03AB08,
norethisterone,,G03AC01,G03DC02
lynestrenol,,G03AC02,G03DC03
levonorgestrel,,G03AC03,G03AD01
quingestanol,,G03AC04,
megestrol,,G03AC05,G03DB02;L02AB01
medroxyprogesterone,,G03AC06,G03DA02;L02AB02
norgestrienone,,G03AC07,
etonogestrel,,G03AC08,
desogestrel,,G03AC09,
drospirenone,,G03AC10,
ulipristal,,G03AD02,G03XB02
fluoxymesterone,,G03BA01,
methyltestosterone,,G03BA02,G03EK01
testosterone,,G03BA03,
mesterolone,,G03BB01,
ethinylestradiol,,G03CA01,L02AA03
estradiol,,G03CA03,
estriol,,G03CA04,G03CC06
chlorotrianisene,,G03CA06,
estrone,,G03CA07,G03CC04
promestriene,,G03CA09,
"estradiol, combinations",,G03CA53,
conjugated estrogens,,G03CA57,
dienestrol,,G03CB01,G03CC02
diethylstilbestrol,,G03CB02,G03CC05;L02AA01
methallenestril,,G03CB03,G03CC03
moxestrol,,G03CB04,
conjugated estrogens and bazedoxifene,,G03CC07,
tibolone,,G03CX01,
gestonorone,,G03DA01,L02AB03
hydroxyprogesterone,,G03DA03,
progesterone,,G03DA04,
dydrogesterone,,G03DB01,
medrogestone,,G03DB03,
nomegestrol,,G03DB04,
demegestone,,G03DB05,
chlormadinone,,G03DB06,
promegestone,,G03DB07,
dienogest,,G03DB08,
allylestrenol,,G03DC01,
ethisterone,,G03DC04,
etynodiol,,G03DC06,
methylestrenolone,,G03DC31,
methyltestosterone and estrogen,,G03EA01,
testosterone and estrogen,,G03EA02,
prasterone and estrogen,,G03EA03,
norethisterone and estrogen,,G03FA01,G03FB05
hydroxyprogesterone and estrogen,,G03FA02,
ethisterone and estrogen,,G03FA03,
progesterone and estrogen,,G03FA04,
methylnortestosterone and estrogen,,G03FA05,
etynodiol and estrogen,,G03FA06,
lynestrenol and estrogen,,G03FA07,G03FB02
megestrol and estrogen,,G03FA08,G03FB04
noretynodrel and estrogen,,G03FA09,
norgestrel and estrogen,,G03FA10,G03FB01
levonorgestrel and estrogen,,G03FA11,G03FB09
medroxyprogesterone and estrogen,,G03FA12,G03FB06
norgestimate and estrogen,,G03FA13,
dydrogesterone and estrogen,,G03FA14,G03FB08
dienogest and estrogen,,G03FA15,
trimegestone and estrogen,,G03FA16,G03FB11
drospirenone and estrogen,,G03FA17,
chlormadinone and estrogen,,G03FB03,
medrogestone and estrogen,,G03FB07,
desogestrel and estrogen,,G03FB10,
nomegestrol and estrogen,,G03FB12,
chorionic gonadotrophin,,G03GA01,
human menopausal gonadotrophin,,G03GA02,
serum gonadotrophin,,G03GA03,
urofollitropin,,G03GA04,
follitropin alfa,,G03GA05,
follitropin beta,,G03GA06,
lutropin alfa,,G03GA07,
choriogonadotropin alfa,,G03GA08,
corifollitropin alfa,,G03GA09,
follitropin delta,,G03GA10,
cyclofenil,,G03GB01,
clomifene,,G03GB02,
epimestrol,,G03GB03,
cyproterone,,G03HA01,
cyproterone and estrogen,,G03HB01,
danazol,,G03XA01,
gestrinone,,G03XA02,
mifepristone,,G03XB01,
"mifepristone, combinations",,G03XB51,
raloxifene,,G03XC01,
bazedoxifene,,G03XC02,
lasofoxifene,,G03XC03,
ormeloxifene,,G03XC04,
ospemifene,,G03XC05,
emepronium,,G04BD01,
flavoxate,,G04BD02,
meladrazine,,G04BD03,
oxybutynin,,G04BD04,
terodiline,,G04BD05,
propiverine,,G04BD06,
tolterodine,,G04BD07,
solifenacin,,G04BD08,
trospium,,G04BD09,
darifenacin,,G04BD10,
fesoterodine,,G04BD11,
mirabegron,,G04BD12,
desfesoterodine,,G04BD13,
imidafenacin,,G04BD14,
vibegron,,G04BD15,
sildenafil,,G04BE03,
yohimbine,,G04BE04,
apomorphine,,G04BE07,N04BC07
tadalafil,,G04BE08,
vardenafil,,G04BE09,
avanafil,,G04BE10,
udenafil,,G04BE11,
"papaverine, combinations",,G04BE52,
acetohydroxamic acid,,G04BX03,
phenazopyridine,,G04BX06,
succinimide,,G04BX10,
phenyl salicylate,,G04BX12,
dimethyl sulfoxide,,G04BX13,M02AX03
dapoxetine,,G04BX14,
tiopronin,,G04BX16,
sodium salicylate and methenamine,,G04BX17,
alfuzosin,,G04CA01,
tamsulosin,,G04CA02,
terazosin,,G04CA03,
silodosin,,G04CA04,
alfuzosin and finasteride,,G04CA51,
tamsulosin and dutasteride,,G04CA52,
tamsulosin and solifenacin,,G04CA53,
tamsulosin and tadalafil,,G04CA54,
doxazosin and finasteride,,G04CA55,
dutasteride,,G04CB02,
finasteride and tadalafil,,G04CB51,
Prunus africanae cortex,,G04CX01,
Sabalis serrulatae fructus,,G04CX02,
fexapotide,,G04CX04,
corticotropin,,H01AA01,
tetracosactide,,H01AA02,
thyrotropin alfa,,H01AB01,
somatropin,,H01AC01,
somatrem,,H01AC02,
mecasermin,,H01AC03,
sermorelin,,H01AC04,V04CD03
mecasermin rinfabate,,H01AC05,
tesamorelin,,H01AC06,
somapacitan,,H01AC07,
somatrogon,,H01AC08,
lonapegsomatropin,,H01AC09,
pegvisomant,,H01AX01,
vasopressin (argipressin),,H01BA01,
desmopressin,,H01BA02,
lypressin,,H01BA03,
terlipressin,,H01BA04,
ornipressin,,H01BA05,
demoxytocin,,H01BB01,
oxytocin,,H01BB02,
carbetocin,,H01BB03,
gonadorelin,,H01CA01,V04CM01
nafarelin,,H01CA02,
somatostatin,,H01CB01,
octreotide,,H01CB02,
lanreotide,,H01CB03,
vapreotide,,H01CB04,
pasireotide,,H01CB05,
ganirelix,,H01CC01,
cetrorelix,,H01CC02,
elagolix,,H01CC03,
linzagolix,,H01CC04,
"elagolix, estradiol and norethisterone",,H01CC53,
"relugolix, estradiol and norethisterone",,H01CC54,
aldosterone,,H02AA01,
fludrocortisone,,H02AA02,
desoxycortone,,H02AA03,
paramethasone,,H02AB05,
cortisone,,H02AB10,S01BA03
prednylidene,,H02AB11,
rimexolone,,H02AB12,S01BA13
deflazacort,,H02AB13,
cloprednol,,H02AB14,
meprednisone,,H02AB15,
cortivazol,,H02AB17,
vamorolone,,H02AB18,
"methylprednisolone, combinations",,H02BX01,
trilostane,,H02CA01,
osilodrostat,,H02CA02,
levoketoconazole,,H02CA04,
levothyroxine sodium,,H03AA01,
liothyronine sodium,,H03AA02,
combinations of levothyroxine and liothyronine,,H03AA03,
thyroid gland preparations,,H03AA05,
levothyroxine sodium and iodine compounds,,H03AA51,
methylthiouracil,,H03BA01,
propylthiouracil,,H03BA02,
benzylthiouracil,,H03BA03,
carbimazole,,H03BB01,
thiamazole,,H03BB02,
"thiamazole, combinations",,H03BB52,
potassium perchlorate,,H03BC01,
diiodotyrosine,,H03BX01,
dibromotyrosine,,H03BX02,
glucagon,,H04AA01,
dasiglucagon,,H04AA02,
parathyroid gland extract,,H05AA01,
teriparatide,,H05AA02,
parathyroid hormone,,H05AA03,
abaloparatide,,H05AA04,
palopegteriparatide,,H05AA05,
calcitonin (salmon synthetic),,H05BA01,
calcitonin (pork natural),,H05BA02,
calcitonin (human synthetic),,H05BA03,
elcatonin,,H05BA04,
cinacalcet,,H05BX01,
paricalcitol,,H05BX02,
doxercalciferol,,H05BX03,
etelcalcetide,,H05BX04,
evocalcet,,H05BX06,
lymecycline,,J01AA04,
metacycline,,J01AA05,
rolitetracycline,,J01AA09,
penimepicycline,,J01AA10,
clomocycline,,J01AA11,
tigecycline,,J01AA12,
eravacycline,,J01AA13,
sarecycline,,J01AA14,
omadacycline,,J01AA15,
combinations of tetracyclines,,J01AA20,
"oxytetracycline, combinations",,J01AA56,
thiamphenicol,,J01BA02,
"thiamphenicol, combinations",,J01BA52,
ampicillin,,J01CA01,S01AA19
pivampicillin,,J01CA02,
carbenicillin,,J01CA03,
amoxicillin,,J01CA04,
carindacillin,,J01CA05,
bacampicillin,,J01CA06,
epicillin,,J01CA07,
pivmecillinam,,J01CA08,
azlocillin,,J01CA09,
mezlocillin,,J01CA10,
mecillinam,,J01CA11,
piperacillin,,J01CA12,
ticarcillin,,J01CA13,
metampicillin,,J01CA14,
talampicillin,,J01CA15,
sulbenicillin,,J01CA16,
temocillin,,J01CA17,
hetacillin,,J01CA18,
aspoxicillin,,J01CA19,
"ampicillin, combinations",,J01CA51,
benzylpenicillin,,J01CE01,S01AA14
phenoxymethylpenicillin,,J01CE02,
propicillin,,J01CE03,
azidocillin,,J01CE04,
pheneticillin,,J01CE05,
penamecillin,,J01CE06,
clometocillin,,J01CE07,
benzathine benzylpenicillin,,J01CE08,
procaine benzylpenicillin,,J01CE09,
benzathine phenoxymethylpenicillin,,J01CE10,
dicloxacillin,,J01CF01,
cloxacillin,,J01CF02,
meticillin,,J01CF03,
oxacillin,,J01CF04,
flucloxacillin,,J01CF05,
nafcillin,,J01CF06,
sulbactam,,J01CG01,
tazobactam,,J01CG02,
ampicillin and beta-lactamase inhibitor,,J01CR01,
amoxicillin and beta-lactamase inhibitor,,J01CR02,
ticarcillin and beta-lactamase inhibitor,,J01CR03,
sultamicillin,,J01CR04,
piperacillin and beta-lactamase inhibitor,,J01CR05,
combinations of penicillins,,J01CR50,
cefalexin,,J01DB01,
cefaloridine,,J01DB02,
cefalotin,,J01DB03,
cefazolin,,J01DB04,
cefadroxil,,J01DB05,
cefazedone,,J01DB06,
cefatrizine,,J01DB07,
cefapirin,,J01DB08,
cefradine,,J01DB09,
cefacetrile,,J01DB10,
cefroxadine,,J01DB11,
ceftezole,,J01DB12,
cefoxitin,,J01DC01,
cefuroxime,,J01DC02,S01AA27
cefamandole,,J01DC03,
cefaclor,,J01DC04,
cefotetan,,J01DC05,
cefonicid,,J01DC06,
cefotiam,,J01DC07,
loracarbef,,J01DC08,
cefmetazole,,J01DC09,
cefprozil,,J01DC10,
ceforanide,,J01DC11,
cefminox,,J01DC12,
cefbuperazone,,J01DC13,
flomoxef,,J01DC14,
cefuroxime and beta-lactamase inhibitor,,J01DC52,
cefotaxime,,J01DD01,
ceftazidime,,J01DD02,
cefsulodin,,J01DD03,
ceftriaxone,,J01DD04,
cefmenoxime,,J01DD05,S01AA31;S02AA18
latamoxef,,J01DD06,
ceftizoxime,,J01DD07,
cefixime,,J01DD08,
cefodizime,,J01DD09,
cefetamet,,J01DD10,
cefpiramide,,J01DD11,
cefoperazone,,J01DD12,
cefpodoxime,,J01DD13,
ceftibuten,,J01DD14,
cefdinir,,J01DD15,
cefditoren,,J01DD16,
cefcapene,,J01DD17,
cefteram,,J01DD18,
cefotaxime and beta-lactamase inhibitor,,J01DD51,
ceftazidime and beta-lactamase inhibitor,,J01DD52,
"ceftriaxone, combinations",,J01DD54,
cefixime and beta-lactamase inhibitor,,J01DD58,
cefoperazone and beta-lactamase inhibitor,,J01DD62,
ceftriaxone and beta-lactamase inhibitor,,J01DD63,
cefpodoxime and beta-lactamase inhibitor,,J01DD64,
cefepime,,J01DE01,
cefpirome,,J01DE02,
cefozopran,,J01DE03,
cefepime and beta-lactamase inhibitor,,J01DE51,
aztreonam,,J01DF01,
carumonam,,J01DF02,
meropenem,,J01DH02,
ertapenem,,J01DH03,
doripenem,,J01DH04,
biapenem,,J01DH05,
tebipenem pivoxil,,J01DH06,
imipenem and cilastatin,,J01DH51,
meropenem and vaborbactam,,J01DH52,
panipenem and betamipron,,J01DH55,
"imipenem, cilastatin and relebactam",,J01DH56,
ceftobiprole medocaril,,J01DI01,
ceftaroline fosamil,,J01DI02,
faropenem,,J01DI03,
cefiderocol,,J01DI04,
ceftolozane and beta-lactamase inhibitor,,J01DI54,
trimethoprim,,J01EA01,
brodimoprim,,J01EA02,
iclaprim,,J01EA03,
sulfaisodimidine,,J01EB01,
sulfadimidine,,J01EB03,
sulfapyridine,,J01EB04,
sulfafurazole,,J01EB05,S01AB02
sulfathiourea,,J01EB08,
sulfamethoxazole,,J01EC01,
sulfadiazine,,J01EC02,
sulfamoxole,,J01EC03,
sulfadimethoxine,,J01ED01,
sulfalene,,J01ED02,
sulfametomidine,,J01ED03,
sulfametoxydiazine,,J01ED04,
sulfamethoxypyridazine,,J01ED05,
sulfaperin,,J01ED06,
sulfaphenazole,,J01ED08,
sulfamazone,,J01ED09,
sulfamethoxazole and trimethoprim,,J01EE01,
sulfadiazine and trimethoprim,,J01EE02,
sulfametrole and trimethoprim,,J01EE03,
sulfamoxole and trimethoprim,,J01EE04,
sulfadimidine and trimethoprim,,J01EE05,
sulfadiazine and tetroxoprim,,J01EE06,
sulfamerazine and trimethoprim,,J01EE07,
spiramycin,,J01FA02,
midecamycin,,J01FA03,
oleandomycin,,J01FA05,
roxithromycin,,J01FA06,
josamycin,,J01FA07,
troleandomycin,,J01FA08,
clarithromycin,,J01FA09,
azithromycin,,J01FA10,S01AA26
miocamycin,,J01FA11,
rokitamycin,,J01FA12,
dirithromycin,,J01FA13,
flurithromycin,,J01FA14,
telithromycin,,J01FA15,
solithromycin,,J01FA16,
lincomycin,,J01FF02,
pristinamycin,,J01FG01,
quinupristin/dalfopristin,,J01FG02,
streptoduocin,,J01GA02,
tobramycin,,J01GB01,S01AA12
netilmicin,,J01GB07,S01AA23
sisomicin,,J01GB08,
dibekacin,,J01GB09,S01AA29
ribostamycin,,J01GB10,
isepamicin,,J01GB11,
arbekacin,,J01GB12,
bekanamycin,,J01GB13,
plazomicin,,J01GB14,
ofloxacin,,J01MA01,S01AE01;S02AA16
ciprofloxacin,,J01MA02,S01AE03;S02AA15;S03AA07
pefloxacin,,J01MA03,
enoxacin,,J01MA04,
temafloxacin,,J01MA05,
norfloxacin,,J01MA06,S01AE02
lomefloxacin,,J01MA07,S01AE04
fleroxacin,,J01MA08,
sparfloxacin,,J01MA09,
rufloxacin,,J01MA10,
grepafloxacin,,J01MA11,
levofloxacin,,J01MA12,S01AE05
trovafloxacin,,J01MA13,
moxifloxacin,,J01MA14,S01AE07
gemifloxacin,,J01MA15,
gatifloxacin,,J01MA16,S01AE06
prulifloxacin,,J01MA17,
pazufloxacin,,J01MA18,
garenoxacin,,J01MA19,
sitafloxacin,,J01MA21,
tosufloxacin,,J01MA22,S01AE09
delafloxacin,,J01MA23,
levonadifloxacin,,J01MA24,
lascufloxacin,,J01MA25,
rosoxacin,,J01MB01,
nalidixic acid,,J01MB02,
piromidic acid,,J01MB03,
pipemidic acid,,J01MB04,
oxolinic acid,,J01MB05,
cinoxacin,,J01MB06,
flumequine,,J01MB07,
nemonoxacin,,J01MB08,
"penicillins, combinations with other antibacterials",,J01RA01,
"sulfonamides, combinations with other antibacterials (excl. trimethoprim)",,J01RA02,
cefuroxime and metronidazole,,J01RA03,
spiramycin and metronidazole,,J01RA04,
levofloxacin and ornidazole,,J01RA05,
cefepime and amikacin,,J01RA06,
"azithromycin, fluconazole and secnidazole",,J01RA07,
tetracycline and oleandomycin,,J01RA08,
ofloxacin and ornidazole,,J01RA09,
ciprofloxacin and metronidazole,,J01RA10,
ciprofloxacin and tinidazole,,J01RA11,
ciprofloxacin and ornidazole,,J01RA12,
norfloxacin and tinidazole,,J01RA13,
norfloxacin and metronidazole,,J01RA14,
cefixime and ornidazole,,J01RA15,
cefixime and azithromycin,,J01RA16,
teicoplanin,,J01XA02,
telavancin,,J01XA03,
dalbavancin,,J01XA04,
oritavancin,,J01XA05,
nitrofurantoin,,J01XE01,
nifurtoinol,,J01XE02,
furazidin,,J01XE03,
"nitrofurantoin, combinations",,J01XE51,
fosfomycin,,J01XX01,S02AA17
xibornol,,J01XX02,
clofoctol,,J01XX03,
spectinomycin,,J01XX04,
methenamine,,J01XX05,
nitroxoline,,J01XX07,
linezolid,,J01XX08,
daptomycin,,J01XX09,
tedizolid,,J01XX11,
lefamulin,,J01XX12,
itraconazole,,J02AC02,
voriconazole,,J02AC03,
posaconazole,,J02AC04,
isavuconazole,,J02AC05,
oteseconazole,,J02AC06,
caspofungin,,J02AX04,
micafungin,,J02AX05,
anidulafungin,,J02AX06,
ibrexafungerp,,J02AX07,
rezafungin acetate,,J02AX08,
4-aminosalicylic acid,,J04AA01,
sodium aminosalicylate,,J04AA02,
calcium aminosalicylate,,J04AA03,
cycloserine,,J04AB01,
rifampicin,,J04AB02,
rifabutin,,J04AB04,
rifapentine,,J04AB05,
enviomycin,,J04AB06,
capreomycin,,J04AB30,
isoniazid,,J04AC01,
"isoniazid, combinations",,J04AC51,
protionamide,,J04AD01,
tiocarlide,,J04AD02,
ethionamide,,J04AD03,
pyrazinamide,,J04AK01,
ethambutol,,J04AK02,
terizidone,,J04AK03,
morinamide,,J04AK04,
bedaquiline,,J04AK05,
delamanid,,J04AK06,
thioacetazone,,J04AK07,
pretomanid,,J04AK08,
streptomycin and isoniazid,,J04AM01,
rifampicin and isoniazid,,J04AM02,
ethambutol and isoniazid,,J04AM03,
thioacetazone and isoniazid,,J04AM04,
"rifampicin, pyrazinamide and isoniazid",,J04AM05,
"rifampicin, pyrazinamide, ethambutol and isoniazid",,J04AM06,
"rifampicin, ethambutol and isoniazid",,J04AM07,
"isoniazid, sulfamethoxazole, trimethoprim and pyridoxine",,J04AM08,
clofazimine,,J04BA01,
aldesulfone sodium,,J04BA03,
dapsone and rifampicin,,J04BA50,
"dapsone, rifampicin and clofazimine",,J04BA51,
metisazone,,J05AA01,
vidarabine,,J05AB03,S01AD06
ganciclovir,,J05AB06,S01AD09
famciclovir,,J05AB09,S01AD07
valaciclovir,,J05AB11,
cidofovir,,J05AB12,
valganciclovir,,J05AB14,
brivudine,,J05AB15,
remdesivir,,J05AB16,
brincidofovir,,J05AB17,
molnupiravir,,J05AB18,
rimantadine,,J05AC02,
foscarnet,,J05AD01,
fosfonet,,J05AD02,
saquinavir,,J05AE01,
indinavir,,J05AE02,
ritonavir,,J05AE03,
nelfinavir,,J05AE04,
amprenavir,,J05AE05,
fosamprenavir,,J05AE07,
atazanavir,,J05AE08,
tipranavir,,J05AE09,
darunavir,,J05AE10,
ensitrelvir,,J05AE16,
nirmatrelvir and ritonavir,,J05AE30,
zidovudine,,J05AF01,
didanosine,,J05AF02,
zalcitabine,,J05AF03,
stavudine,,J05AF04,
lamivudine,,J05AF05,
abacavir,,J05AF06,
tenofovir disoproxil,,J05AF07,
adefovir dipivoxil,,J05AF08,
emtricitabine,,J05AF09,
entecavir,,J05AF10,
telbivudine,,J05AF11,
clevudine,,J05AF12,
tenofovir alafenamide,,J05AF13,
nevirapine,,J05AG01,
delavirdine,,J05AG02,
efavirenz,,J05AG03,
etravirine,,J05AG04,
rilpivirine,,J05AG05,
doravirine,,J05AG06,
zanamivir,,J05AH01,
oseltamivir,,J05AH02,
peramivir,,J05AH03,
laninamivir,,J05AH04,
raltegravir,,J05AJ01,
elvitegravir,,J05AJ02,
dolutegravir,,J05AJ03,
cabotegravir,,J05AJ04,
ribavirin,,J05AP01,
telaprevir,,J05AP02,
boceprevir,,J05AP03,
faldaprevir,,J05AP04,
simeprevir,,J05AP05,
asunaprevir,,J05AP06,
daclatasvir,,J05AP07,
sofosbuvir,,J05AP08,
dasabuvir,,J05AP09,
elbasvir,,J05AP10,
grazoprevir,,J05AP11,
coblopasvir,,J05AP12,
ravidasvir,,J05AP13,
sofosbuvir and ledipasvir,,J05AP51,
"dasabuvir, ombitasvir, paritaprevir and ritonavir",,J05AP52,
"ombitasvir, paritaprevir and ritonavir",,J05AP53,
elbasvir and grazoprevir,,J05AP54,
sofosbuvir and velpatasvir,,J05AP55,
"sofosbuvir, velpatasvir and voxilaprevir",,J05AP56,
glecaprevir and pibrentasvir,,J05AP57,
"daclatasvir, asunaprevir and beclabuvir",,J05AP58,
zidovudine and lamivudine,,J05AR01,
lamivudine and abacavir,,J05AR02,
tenofovir disoproxil and emtricitabine,,J05AR03,
"zidovudine, lamivudine and abacavir",,J05AR04,
"zidovudine, lamivudine and nevirapine",,J05AR05,
"emtricitabine, tenofovir disoproxil and efavirenz",,J05AR06,
"stavudine, lamivudine and nevirapine",,J05AR07,
"emtricitabine, tenofovir disoproxil and rilpivirine",,J05AR08,
"emtricitabine, tenofovir disoproxil, elvitegravir and cobicistat",,J05AR09,
lopinavir and ritonavir,,J05AR10,
"lamivudine, tenofovir disoproxil and efavirenz",,J05AR11,
lamivudine and tenofovir disoproxil,,J05AR12,
"lamivudine, abacavir and dolutegravir",,J05AR13,
darunavir and cobicistat,,J05AR14,
atazanavir and cobicistat,,J05AR15,
lamivudine and raltegravir,,J05AR16,
emtricitabine and tenofovir alafenamide,,J05AR17,
"emtricitabine, tenofovir alafenamide, elvitegravir and cobicistat",,J05AR18,
"emtricitabine, tenofovir alafenamide and rilpivirine",,J05AR19,
"emtricitabine, tenofovir alafenamide and bictegravir",,J05AR20,
dolutegravir and rilpivirine,,J05AR21,
"emtricitabine, tenofovir alafenamide, darunavir and cobicistat",,J05AR22,
atazanavir and ritonavir,,J05AR23,
"lamivudine, tenofovir disoproxil and doravirine",,J05AR24,
lamivudine and dolutegravir,,J05AR25,
darunavir and ritonavir,,J05AR26,
"lamivudine, tenofovir disoproxil and dolutegravir",,J05AR27,
stavudine and lamivudine,,J05AR28,
moroxydine,,J05AX01,
inosine pranobex,,J05AX05,
pleconaril,,J05AX06,
enfuvirtide,,J05AX07,
maraviroc,,J05AX09,
maribavir,,J05AX10,
umifenovir,,J05AX13,
enisamium iodide,,J05AX17,
letermovir,,J05AX18,
tilorone,,J05AX19,
pentanedioic acid imidazolyl ethanamide,,J05AX21,
ibalizumab,,J05AX23,
tecovirimat,,J05AX24,
baloxavir marboxil,,J05AX25,
amenamevir,,J05AX26,
favipiravir,,J05AX27,
bulevirtide,,J05AX28,
fostemsavir,,J05AX29,
lenacapavir,,J05AX31,
diphtheria antitoxin,,J06AA01,
tetanus antitoxin,,J06AA02,
snake venom antiserum,,J06AA03,
botulinum antitoxin,,J06AA04,
gas-gangrene sera,,J06AA05,
rabies serum,,J06AA06,
"immunoglobulins, normal human, for extravascular adm.",,J06BA01,
"immunoglobulins, normal human, for intravascular adm.",,J06BA02,
anti-D (rh) immunoglobulin,,J06BB01,
tetanus immunoglobulin,,J06BB02,
varicella/zoster immunoglobulin,,J06BB03,
hepatitis B immunoglobulin,,J06BB04,
rabies immunoglobulin,,J06BB05,
rubella immunoglobulin,,J06BB06,
vaccinia immunoglobulin,,J06BB07,
staphylococcus immunoglobulin,,J06BB08,
cytomegalovirus immunoglobulin,,J06BB09,
diphtheria immunoglobulin,,J06BB10,
hepatitis A immunoglobulin,,J06BB11,
"encephalitis, tick borne immunoglobulin",,J06BB12,
pertussis immunoglobulin,,J06BB13,
measles immunoglobulin,,J06BB14,
mumps immunoglobulin,,J06BB15,
anthrax immunoglobulin,,J06BB19,
nebacumab,,J06BC01,
raxibacumab,,J06BC02,
bezlotoxumab,,J06BC03,
obiltoxaximab,,J06BC04,
palivizumab,,J06BD01,
motavizumab,,J06BD02,
tixagevimab and cilgavimab,,J06BD03,
ansuvimab,,J06BD04,
sotrovimab,,J06BD05,
regdanvimab,,J06BD06,
casirivimab and imdevimab,,J06BD07,
nirsevimab,,J06BD08,
anthrax antigen,,J07AC01,
brucella antigen,,J07AD01,
"cholera, inactivated, whole cell",,J07AE01,
"cholera, live attenuated",,J07AE02,
"cholera, combinations with typhoid vaccine, inactivated, whole cell",,J07AE51,
diphtheria toxoid,,J07AF01,
"haemophilus influenzae B, purified antigen conjugated",,J07AG01,
"haemophilus influenzae B, combinations with toxoids",,J07AG51,
"haemophilus influenzae B, combinations with pertussis and toxoids",,J07AG52,
"haemophilus influenzae B, combinations with meningococcus C, conjugated",,J07AG53,
"haemophilus influenza B, combinations with meningococcus C,Y, conjugated",,J07AG54,
"meningococcus A, purified polysaccharides antigen",,J07AH01,
other meningococcal monovalent purified polysaccharides antigen,,J07AH02,
"meningococcus A,C, bivalent purified polysaccharides antigen",,J07AH03,
"meningococcus A,C,Y,W-135, tetravalent purified polysaccharides antigen",,J07AH04,
other meningococcal polyvalent purified polysaccharides antigen,,J07AH05,
"meningococcus B, outer membrane vesicle vaccine",,J07AH06,
"meningococcus C, purified polysaccharides antigen conjugated",,J07AH07,
"meningococcus A,C,Y,W-135, tetravalent purified polysaccharides antigen conjugated",,J07AH08,
"meningococcus B, multicomponent vaccine",,J07AH09,
"meningococcus A, purified polysaccharides antigen conjugated",,J07AH10,
"pertussis, inactivated, whole cell",,J07AJ01,
"pertussis, purified antigen",,J07AJ02,
"pertussis, inactivated, whole cell, combinations with toxoids",,J07AJ51,
"pertussis, purified antigen, combinations with toxoids",,J07AJ52,
"plague, inactivated, whole cell",,J07AK01,
"pneumococcus, purified polysaccharides antigen",,J07AL01,
"pneumococcus, purified polysaccharides antigen conjugated",,J07AL02,
"pneumococcus purified polysaccharides antigen and haemophilus influenzae, conjugated",,J07AL52,
tetanus toxoid,,J07AM01,
"tetanus toxoid, combinations with diphtheria toxoid",,J07AM51,
"tetanus toxoid, combinations with tetanus immunoglobulin",,J07AM52,
"tuberculosis, live attenuated",,J07AN01,
"typhoid, oral, live attenuated",,J07AP01,
"typhoid, inactivated, whole cell",,J07AP02,
"typhoid, purified polysaccharide antigen",,J07AP03,
"typhoid, combinations with paratyphi types",,J07AP10,
"typhus exanthematicus, inactivated, whole cell",,J07AR01,
leptospira vaccines,,J07AX01,
"encephalitis, tick borne, inactivated, whole virus",,J07BA01,
"encephalitis, Japanese, inactivated, whole virus",,J07BA02,
"encephalitis, Japanese, live attenuated",,J07BA03,
"influenza, inactivated, whole virus",,J07BB01,
"influenza, inactivated, split virus or surface antigen",,J07BB02,
"influenza, live attenuated",,J07BB03,
"influenza, virus like particles",,J07BB04,
"hepatitis B, purified antigen",,J07BC01,
"hepatitis A, inactivated, whole virus",,J07BC02,
"measles, live attenuated",,J07BD01,
"measles, combinations with mumps, live attenuated",,J07BD51,
"measles, combinations with mumps and rubella, live attenuated",,J07BD52,
"measles, combinations with rubella, live attenuated",,J07BD53,
"measles, combinations with mumps, rubella and varicella, live attenuated",,J07BD54,
"mumps, live attenuated",,J07BE01,
"poliomyelitis oral, monovalent, live attenuated",,J07BF01,
"poliomyelitis oral, trivalent, live attenuated",,J07BF02,
"poliomyelitis, trivalent, inactivated, whole virus",,J07BF03,
"poliomyelitis oral, bivalent, live attenuated",,J07BF04,
"rabies, inactivated, whole virus",,J07BG01,
"rota virus, live attenuated",,J07BH01,
"rota virus, pentavalent, live, reassorted",,J07BH02,
"rubella, live attenuated",,J07BJ01,
"rubella, combinations with mumps, live attenuated",,J07BJ51,
"varicella, live attenuated",,J07BK01,
"zoster, live attenuated",,J07BK02,
"zoster, purified antigen",,J07BK03,
"yellow fever, live attenuated",,J07BL01,
"papillomavirus (human types 6, 11, 16, 18)",,J07BM01,
"papillomavirus (human types 16, 18)",,J07BM02,
"papillomavirus (human types 6, 11, 16, 18, 31, 33, 45, 52, 58)",,J07BM03,
"covid-19, RNA-based vaccine",,J07BN01,
"covid-19, viral vector, non-replicating",,J07BN02,
"covid-19, inactivated virus",,J07BN03,
"covid-19, protein subunit",,J07BN04,
"covid-19, virus-like particles",,J07BN05,
smallpox and monkeypox vaccines,,J07BX01,
ebola vaccines,,J07BX02,
dengue virus vaccines,,J07BX04,
respiratory syncytial virus vaccines,,J07BX05,
enterovirus 71 vaccines,,J07BX06,
diphtheria-poliomyelitis-tetanus,,J07CA01,
diphtheria-pertussis-poliomyelitis-tetanus,,J07CA02,
diphtheria-rubella-tetanus,,J07CA03,
haemophilus influenzae B and poliomyelitis,,J07CA04,
diphtheria-hepatitis B-pertussis-tetanus,,J07CA05,
diphtheria-haemophilus influenzae B-pertussis-poliomyelitis-tetanus,,J07CA06,
diphtheria-hepatitis B-tetanus,,J07CA07,
haemophilus influenzae B and hepatitis B,,J07CA08,
diphtheria-haemophilus influenzae B-pertussis-poliomyelitis-tetanus-hepatitis B,,J07CA09,
typhoid-hepatitis A,,J07CA10,
diphtheria-haemophilus influenzae B-pertussis-tetanus-hepatitis B,,J07CA11,
diphtheria-pertussis-poliomyelitis-tetanus-hepatitis B,,J07CA12,
diphtheria-haemophilus influenzae B-pertussis-tetanus-hepatitis B-meningococcus A + C,,J07CA13,
malaria vaccines,,J07XA01,
cyclophosphamide,,L01AA01,
chlorambucil,,L01AA02,
melphalan,,L01AA03,
chlormethine,,L01AA05,
ifosfamide,,L01AA06,
trofosfamide,,L01AA07,
prednimustine,,L01AA08,
bendamustine,,L01AA09,
melphalan flufenamide,,L01AA10,
busulfan,,L01AB01,
treosulfan,,L01AB02,
mannosulfan,,L01AB03,
thiotepa,,L01AC01,
triaziquone,,L01AC02,
carboquone,,L01AC03,
carmustine,,L01AD01,
lomustine,,L01AD02,
semustine,,L01AD03,
streptozocin,,L01AD04,
fotemustine,,L01AD05,
nimustine,,L01AD06,
ranimustine,,L01AD07,
uramustine,,L01AD08,
etoglucid,,L01AG01,
mitobronitol,,L01AX01,
pipobroman,,L01AX02,
temozolomide,,L01AX03,
dacarbazine,,L01AX04,
methotrexate,,L01BA01,L04AX03
raltitrexed,,L01BA03,
pemetrexed,,L01BA04,
pralatrexate,,L01BA05,
mercaptopurine,,L01BB02,
tioguanine,,L01BB03,
cladribine,,L01BB04,L04AA40
fludarabine,,L01BB05,
clofarabine,,L01BB06,
nelarabine,,L01BB07,
cytarabine,,L01BC01,
fluorouracil,,L01BC02,
tegafur,,L01BC03,
carmofur,,L01BC04,
gemcitabine,,L01BC05,
capecitabine,,L01BC06,
azacitidine,,L01BC07,
decitabine,,L01BC08,
floxuridine,,L01BC09,
"fluorouracil, combinations",,L01BC52,
"tegafur, combinations",,L01BC53,
"decitabine, combinations",,L01BC58,
"trifluridine, combinations",,L01BC59,
vinblastine,,L01CA01,
vincristine,,L01CA02,
vindesine,,L01CA03,
vinorelbine,,L01CA04,
vinflunine,,L01CA05,
vintafolide,,L01CA06,
etoposide,,L01CB01,
teniposide,,L01CB02,
demecolcine,,L01CC01,
paclitaxel,,L01CD01,
docetaxel,,L01CD02,
paclitaxel poliglumex,,L01CD03,
cabazitaxel,,L01CD04,
paclitaxel and encequidar,,L01CD51,
topotecan,,L01CE01,
irinotecan,,L01CE02,
etirinotecan pegol,,L01CE03,
belotecan,,L01CE04,
trabectedin,,L01CX01,
dactinomycin,,L01DA01,
doxorubicin,,L01DB01,
daunorubicin,,L01DB02,
epirubicin,,L01DB03,
aclarubicin,,L01DB04,
zorubicin,,L01DB05,
idarubicin,,L01DB06,
mitoxantrone,,L01DB07,
pirarubicin,,L01DB08,
valrubicin,,L01DB09,
amrubicin,,L01DB10,
pixantrone,,L01DB11,
bleomycin,,L01DC01,
plicamycin,,L01DC02,
mitomycin,,L01DC03,
ixabepilone,,L01DC04,
imatinib,,L01EA01,
dasatinib,,L01EA02,
nilotinib,,L01EA03,
bosutinib,,L01EA04,
ponatinib,,L01EA05,
asciminib,,L01EA06,
gefitinib,,L01EB01,
erlotinib,,L01EB02,
afatinib,,L01EB03,
osimertinib,,L01EB04,
rociletinib,,L01EB05,
olmutinib,,L01EB06,
dacomitinib,,L01EB07,
icotinib,,L01EB08,
lazertinib,,L01EB09,
mobocertinib,,L01EB10,
aumolertinib,,L01EB11,
vemurafenib,,L01EC01,
dabrafenib,,L01EC02,
encorafenib,,L01EC03,
crizotinib,,L01ED01,
ceritinib,,L01ED02,
alectinib,,L01ED03,
brigatinib,,L01ED04,
lorlatinib,,L01ED05,
trametinib,,L01EE01,
cobimetinib,,L01EE02,
binimetinib,,L01EE03,
selumetinib,,L01EE04,
palbociclib,,L01EF01,
ribociclib,,L01EF02,
abemaciclib,,L01EF03,
temsirolimus,,L01EG01,
everolimus,,L01EG02,L04AH02
ridaforolimus,,L01EG03,
sirolimus,,L01EG04,L04AH01;S01XA23
lapatinib,,L01EH01,
neratinib,,L01EH02,
tucatinib,,L01EH03,
fedratinib,,L01EJ02,
pacritinib,,L01EJ03,
momelotinib,,L01EJ04,
axitinib,,L01EK01,
cediranib,,L01EK02,
tivozanib,,L01EK03,
fruquintinib,,L01EK04,
ibrutinib,,L01EL01,
acalabrutinib,,L01EL02,
zanubrutinib,,L01EL03,
orelabrutinib,,L01EL04,
pirtobrutinib,,L01EL05,
idelalisib,,L01EM01,
copanlisib,,L01EM02,
alpelisib,,L01EM03,
duvelisib,,L01EM04,
parsaclisib,,L01EM05,
erdafitinib,,L01EN01,
pemigatinib,,L01EN02,
infigratinib,,L01EN03,
futibatinib,,L01EN04,
sunitinib,,L01EX01,
sorafenib,,L01EX02,
pazopanib,,L01EX03,
vandetanib,,L01EX04,
regorafenib,,L01EX05,
masitinib,,L01EX06,
cabozantinib,,L01EX07,
lenvatinib,,L01EX08,
nintedanib,,L01EX09,
midostaurin,,L01EX10,
quizartinib,,L01EX11,
larotrectinib,,L01EX12,
gilteritinib,,L01EX13,
entrectinib,,L01EX14,
pexidartinib,,L01EX15,
capmatinib,,L01EX17,
avapritinib,,L01EX18,
ripretinib,,L01EX19,
tepotinib,,L01EX21,
selpercatinib,,L01EX22,
pralsetinib,,L01EX23,
surufatinib,,L01EX24,
umbralisib,,L01EX25,
sitravatinib,,L01EX26,
capivasertib,,L01EX27,
rituximab,,L01FA01,
ofatumumab,,L01FA02,L04AG12
obinutuzumab,,L01FA03,
inotuzumab ozogamicin,,L01FB01,
moxetumomab pasudotox,,L01FB02,
daratumumab,,L01FC01,
isatuximab,,L01FC02,
trastuzumab,,L01FD01,
pertuzumab,,L01FD02,
trastuzumab emtansine,,L01FD03,
trastuzumab deruxtecan,,L01FD04,
trastuzumab duocarmazine,,L01FD05,
margetuximab,,L01FD06,
cetuximab,,L01FE01,
panitumumab,,L01FE02,
necitumumab,,L01FE03,
nivolumab,,L01FF01,
pembrolizumab,,L01FF02,
durvalumab,,L01FF03,
avelumab,,L01FF04,
atezolizumab,,L01FF05,
cemiplimab,,L01FF06,
dostarlimab,,L01FF07,
prolgolimab,,L01FF08,
tislelizumab,,L01FF09,
retifanlimab,,L01FF10,
sugemalimab,,L01FF11,
serplulimab,,L01FF12,
toripalimab,,L01FF13,
bevacizumab,,L01FG01,S01LA08
ramucirumab,,L01FG02,
edrecolomab,,L01FX01,
gemtuzumab ozogamicin,,L01FX02,
catumaxomab,,L01FX03,
ipilimumab,,L01FX04,
brentuximab vedotin,,L01FX05,
dinutuximab beta,,L01FX06,
blinatumomab,,L01FX07,
elotuzumab,,L01FX08,
mogamulizumab,,L01FX09,
olaratumab,,L01FX10,
bermekimab,,L01FX11,
tafasitamab,,L01FX12,
enfortumab vedotin,,L01FX13,
polatuzumab vedotin,,L01FX14,
belantamab mafodotin,,L01FX15,
oportuzumab monatox,,L01FX16,
sacituzumab govitecan,,L01FX17,
amivantamab,,L01FX18,
sabatolimab,,L01FX19,
tremelimumab,,L01FX20,
naxitamab,,L01FX21,
loncastuximab tesirine,,L01FX22,
tisotumab vedotin,,L01FX23,
teclistamab,,L01FX24,
mosunetuzumab,,L01FX25,
mirvetuximab soravtansine,,L01FX26,
epcoritamab,,L01FX27,
glofitamab,,L01FX28,
talquetamab,,L01FX29,
pertuzumab and trastuzumab,,L01FY01,
nivolumab and relatlimab,,L01FY02,
prolgolimab and nurulimab,,L01FY03,
cisplatin,,L01XA01,
carboplatin,,L01XA02,
oxaliplatin,,L01XA03,
satraplatin,,L01XA04,
polyplatillen,,L01XA05,
procarbazine,,L01XB01,
porfimer sodium,,L01XD01,
methyl aminolevulinate,,L01XD03,
aminolevulinic acid,,L01XD04,
temoporfin,,L01XD05,
efaproxiral,,L01XD06,
padeliporfin,,L01XD07,
bexarotene,,L01XF03,
bortezomib,,L01XG01,
carfilzomib,,L01XG02,
ixazomib,,L01XG03,
vorinostat,,L01XH01,
romidepsin,,L01XH02,
panobinostat,,L01XH03,
belinostat,,L01XH04,
entinostat,,L01XH05,
vismodegib,,L01XJ01,
sonidegib,,L01XJ02,
glasdegib,,L01XJ03,
olaparib,,L01XK01,
niraparib,,L01XK02,
rucaparib,,L01XK03,
talazoparib,,L01XK04,
veliparib,,L01XK05,
pamiparib,,L01XK06,
niraparib and abiraterone,,L01XK52,
sitimagene ceradenovec,,L01XL01,
talimogene laherparepvec,,L01XL02,
axicabtagene ciloleucel,,L01XL03,
tisagenlecleucel,,L01XL04,
ciltacabtagene autoleucel,,L01XL05,
brexucabtagene autoleucel,,L01XL06,
idecabtagene vicleucel,,L01XL07,
lisocabtagene maraleucel,,L01XL08,
tabelecleucel,,L01XL09,
nadofaragene firadenovec,,L01XL10,
lifileucel,,L01XL11,
amsacrine,,L01XX01,
asparaginase,,L01XX02,
altretamine,,L01XX03,
hydroxycarbamide,,L01XX05,
lonidamine,,L01XX07,
pentostatin,,L01XX08,
masoprocol,,L01XX10,
estramustine,,L01XX11,
mitoguazone,,L01XX16,
tiazofurine,,L01XX18,
mitotane,,L01XX23,
pegaspargase,,L01XX24,
arsenic trioxide,,L01XX27,
denileukin diftitox,,L01XX29,
celecoxib,,L01XX33,M01AH01
anagrelide,,L01XX35,
oblimersen,,L01XX36,
omacetaxine mepesuccinate,,L01XX40,
eribulin,,L01XX41,
aflibercept,,L01XX44,S01LA05
venetoclax,,L01XX52,
vosaroxin,,L01XX53,
plitidepsin,,L01XX57,
epacadostat,,L01XX58,
enasidenib,,L01XX59,
ivosidenib,,L01XX62,
selinexor,,L01XX66,
tagraxofusp,,L01XX67,
lurbinectedin,,L01XX69,
tazemetostat,,L01XX72,
sotorasib,,L01XX73,
belzutifan,,L01XX74,
tebentafusp,,L01XX75,
adagrasib,,L01XX77,
navitoclax,,L01XX78,
imetelstat,,L01XX80,
cytarabine and daunorubicin,,L01XY01,
polyestradiol phosphate,,L02AA02,
fosfestrol,,L02AA04,
buserelin,,L02AE01,
leuprorelin,,L02AE02,
goserelin,,L02AE03,
triptorelin,,L02AE04,
histrelin,,L02AE05,
leuprorelin and bicalutamide,,L02AE51,
tamoxifen,,L02BA01,
toremifene,,L02BA02,
fulvestrant,,L02BA03,
elacestrant,,L02BA04,
flutamide,,L02BB01,
nilutamide,,L02BB02,
bicalutamide,,L02BB03,
enzalutamide,,L02BB04,
apalutamide,,L02BB05,
darolutamide,,L02BB06,
aminoglutethimide,,L02BG01,
formestane,,L02BG02,
anastrozole,,L02BG03,
letrozole,,L02BG04,
vorozole,,L02BG05,
exemestane,,L02BG06,
abarelix,,L02BX01,
degarelix,,L02BX02,
abiraterone,,L02BX03,
relugolix,,L02BX04,
abiraterone and prednisolone,,L02BX53,
filgrastim,,L03AA02,
molgramostim,,L03AA03,
sargramostim,,L03AA09,
lenograstim,,L03AA10,
ancestim,,L03AA12,
pegfilgrastim,,L03AA13,
lipegfilgrastim,,L03AA14,
balugrastim,,L03AA15,
empegfilgrastim,,L03AA16,
pegteograstim,,L03AA17,
efbemalenograstim alfa,,L03AA18,
eflapegrastim,,L03AA19,
interferon alfa natural,,L03AB01,
interferon beta natural,,L03AB02,
interferon gamma,,L03AB03,
interferon alfa-2a,,L03AB04,
interferon alfa-2b,,L03AB05,
interferon alfa-n1,,L03AB06,
interferon beta-1a,,L03AB07,
interferon beta-1b,,L03AB08,
interferon alfacon-1,,L03AB09,
peginterferon alfa-2b,,L03AB10,
peginterferon alfa-2a,,L03AB11,
albinterferon alfa-2b,,L03AB12,
peginterferon beta-1a,,L03AB13,
cepeginterferon alfa-2b,,L03AB14,
ropeginterferon alfa-2b,,L03AB15,
peginterferon alfacon-2,,L03AB16,
sampeginterferon beta-1a,,L03AB17,
"peginterferon alfa-2b, combinations",,L03AB60,
"peginterferon alfa-2a, combinations",,L03AB61,
aldesleukin,,L03AC01,
oprelvekin,,L03AC02,
lentinan,,L03AX01,
roquinimex,,L03AX02,
BCG vaccine,,L03AX03,
pegademase,,L03AX04,
pidotimod,,L03AX05,
poly I:C,,L03AX07,
poly ICLC,,L03AX08,
thymopentin,,L03AX09,
immunocyanin,,L03AX10,
tasonermin,,L03AX11,
melanoma vaccine,,L03AX12,
glatiramer acetate,,L03AX13,
histamine dihydrochloride,,L03AX14,
mifamurtide,,L03AX15,
plerixafor,,L03AX16,
sipuleucel-T,,L03AX17,
cridanimod,,L03AX18,
dasiprotimut-T,,L03AX19,
elapegademase,,L03AX21,
leniolisib,,L03AX22,
antilymphocyte immunoglobulin (horse),,L04AA03,
antithymocyte immunoglobulin (rabbit),,L04AA04,
mycophenolic acid,,L04AA06,
alefacept,,L04AA15,
gusperimus,,L04AA19,
abetimus,,L04AA22,
abatacept,,L04AA24,
belatacept,,L04AA28,
apremilast,,L04AA32,
imlifidase,,L04AA41,
belumosudil,,L04AA48,
efgartigimod alfa,,L04AA58,
etanercept,,L04AB01,
infliximab,,L04AB02,
afelimomab,,L04AB03,
adalimumab,,L04AB04,
certolizumab pegol,,L04AB05,
golimumab,,L04AB06,
opinercept,,L04AB07,
daclizumab,,L04AC01,
basiliximab,,L04AC02,
anakinra,,L04AC03,
rilonacept,,L04AC04,
ustekinumab,,L04AC05,
tocilizumab,,L04AC07,
canakinumab,,L04AC08,
briakinumab,,L04AC09,
secukinumab,,L04AC10,
siltuximab,,L04AC11,
brodalumab,,L04AC12,
ixekizumab,,L04AC13,
sarilumab,,L04AC14,
sirukumab,,L04AC15,
guselkumab,,L04AC16,
tildrakizumab,,L04AC17,
risankizumab,,L04AC18,
satralizumab,,L04AC19,
netakimab,,L04AC20,
bimekizumab,,L04AC21,
spesolimab,,L04AC22,
olokizumab,,L04AC23,
mirikizumab,,L04AC24,
levilimab,,L04AC25,
ciclosporin,,L04AD01,S01XA18
voclosporin,,L04AD03,
fingolimod,,L04AE01,
ozanimod,,L04AE02,
siponimod,,L04AE03,
ponesimod,,L04AE04,
etrasimod,,L04AE05,
tofacitinib,,L04AF01,
baricitinib,,L04AF02,
upadacitinib,,L04AF03,
filgotinib,,L04AF04,
itacitinib,,L04AF05,
peficitinib,,L04AF06,
deucravacitinib,,L04AF07,
ritlecitinib,,L04AF08,
muromonab-CD3,,L04AG01,
efalizumab,,L04AG02,
natalizumab,,L04AG03,
belimumab,,L04AG04,
vedolizumab,,L04AG05,
alemtuzumab,,L04AG06,
begelomab,,L04AG07,
ocrelizumab,,L04AG08,
emapalumab,,L04AG09,
inebilizumab,,L04AG10,
anifrolumab,,L04AG11,
teprotumumab,,L04AG13,
ublituximab,,L04AG14,
divozilimab,,L04AG15,
rozanolixizumab,,L04AG16,
eculizumab,,L04AJ01,
ravulizumab,,L04AJ02,
pegcetacoplan,,L04AJ03,S01XA31
sutimlimab,,L04AJ04,
avacopan,,L04AJ05,
zilucoplan,,L04AJ06,
crovalimab,,L04AJ07,
iptacopan,,L04AJ08,
danicopan,,L04AJ09,
leflunomide,,L04AK01,
teriflunomide,,L04AK02,
azathioprine,,L04AX01,
thalidomide,,L04AX02,
lenalidomide,,L04AX04,
pirfenidone,,L04AX05,
pomalidomide,,L04AX06,
dimethyl fumarate,,L04AX07,
darvadstrocel,,L04AX08,
diroximel fumarate,,L04AX09,
phenylbutazone,,M01AA01,M02AA01
mofebutazone,,M01AA02,M02AA02
oxyphenbutazone,,M01AA03,M02AA04;S01BC02
clofezone,,M01AA05,M02AA03
kebuzone,,M01AA06,
sulindac,,M01AB02,
tolmetin,,M01AB03,M02AA21
zomepirac,,M01AB04,
alclofenac,,M01AB06,
bumadizone,,M01AB07,
etodolac,,M01AB08,
lonazolac,,M01AB09,
fentiazac,,M01AB10,M02AA14
acemetacin,,M01AB11,
difenpiramide,,M01AB12,
oxametacin,,M01AB13,
proglumetacin,,M01AB14,
ketorolac,,M01AB15,S01BC05
aceclofenac,,M01AB16,M02AA25
bufexamac,,M01AB17,M02AA09
"indometacin, combinations",,M01AB51,
"diclofenac, combinations",,M01AB55,
piroxicam,,M01AC01,M02AA07;S01BC06
tenoxicam,,M01AC02,
droxicam,,M01AC04,
lornoxicam,,M01AC05,
meloxicam,,M01AC06,
"meloxicam, combinations",,M01AC56,
ketoprofen,,M01AE03,M02AA10
fenoprofen,,M01AE04,
fenbufen,,M01AE05,
benoxaprofen,,M01AE06,
suprofen,,M01AE07,
pirprofen,,M01AE08,
flurbiprofen,,M01AE09,M02AA19;R02AX01;S01BC04
indoprofen,,M01AE10,
tiaprofenic acid,,M01AE11,
oxaprozin,,M01AE12,
ibuproxam,,M01AE13,
dexibuprofen,,M01AE14,
alminoprofen,,M01AE16,
dexketoprofen,,M01AE17,M02AA27
naproxcinod,,M01AE18,
"ibuprofen, combinations",,M01AE51,
naproxen and esomeprazole,,M01AE52,
"ketoprofen, combinations",,M01AE53,
naproxen and misoprostol,,M01AE56,
naproxen and diphenhydramine,,M01AE57,
mefenamic acid,,M01AG01,
tolfenamic acid,,M01AG02,
flufenamic acid,,M01AG03,
meclofenamic acid,,M01AG04,M02AA18
rofecoxib,,M01AH02,
valdecoxib,,M01AH03,
parecoxib,,M01AH04,
etoricoxib,,M01AH05,
lumiracoxib,,M01AH06,
polmacoxib,,M01AH07,
nabumetone,,M01AX01,
niflumic acid,,M01AX02,M02AA17
azapropazone,,M01AX04,
glucosamine,,M01AX05,
glucosaminoglycan polysulfate,,M01AX12,
proquazone,,M01AX13,
orgotein,,M01AX14,
nimesulide,,M01AX17,M02AA26
feprazone,,M01AX18,M02AA16
diacerein,,M01AX21,
morniflumate,,M01AX22,
tenidap,,M01AX23,
chondroitin sulfate,,M01AX25,
"avocado and soyabean oil, unsaponifiables",,M01AX26,
"feprazone, combinations",,M01AX68,
phenylbutazone and corticosteroids,,M01BA01,
dipyrocetyl and corticosteroids,,M01BA02,
acetylsalicylic acid and corticosteroids,,M01BA03,
oxycinchophen,,M01CA03,
sodium aurothiomalate,,M01CB01,
sodium aurotiosulfate,,M01CB02,
auranofin,,M01CB03,
aurothioglucose,,M01CB04,
aurotioprol,,M01CB05,
penicillamine,,M01CC01,
bucillamine,,M01CC02,
etofenamate,,M02AA06,
felbinac,,M02AA08,
bendazac,,M02AA11,S01BC07
suxibuzone,,M02AA22,
nifenazone,,M02AA24,N02BB05
piketoprofen,,M02AA28,
esflurbiprofen,,M02AA29,
loxoprofen,,M02AA31,
capsaicin,,M02AB01,N01BX04
zucapsaicin,,M02AB02,
idrocilamide,,M02AX05,
tolperisone,,M02AX06,M03BX04
alcuronium,,M03AA01,
tubocurarine,,M03AA02,
dimethyltubocurarine,,M03AA04,
suxamethonium,,M03AB01,
pancuronium,,M03AC01,
gallamine,,M03AC02,
vecuronium,,M03AC03,
atracurium,,M03AC04,
hexafluronium,,M03AC05,
pipecuronium bromide,,M03AC06,
doxacurium chloride,,M03AC07,
fazadinium bromide,,M03AC08,
rocuronium bromide,,M03AC09,
mivacurium chloride,,M03AC10,
cisatracurium,,M03AC11,
botulinum toxin,,M03AX01,
phenprobamate,,M03BA01,
carisoprodol,,M03BA02,
methocarbamol,,M03BA03,
styramate,,M03BA04,
febarbamate,,M03BA05,
"phenprobamate, combinations excl. psycholeptics",,M03BA51,
"carisoprodol, combinations excl. psycholeptics",,M03BA52,
"methocarbamol, combinations excl. psycholeptics",,M03BA53,
"phenprobamate, combinations with psycholeptics",,M03BA71,
"carisoprodol, combinations with psycholeptics",,M03BA72,
"methocarbamol, combinations with psycholeptics",,M03BA73,
chlormezanone,,M03BB02,
chlorzoxazone,,M03BB03,
"chlormezanone, combinations excl. psycholeptics",,M03BB52,
"chlorzoxazone, combinations excl. psycholeptics",,M03BB53,
"chlormezanone, combinations with psycholeptics",,M03BB72,
"chlorzoxazone, combinations with psycholeptics",,M03BB73,
orphenadrine (citrate),,M03BC01,
"orphenadrine, combinations",,M03BC51,
baclofen,,M03BX01,
tizanidine,,M03BX02,
pridinol,,M03BX03,
thiocolchicoside,,M03BX05,
mephenesin,,M03BX06,
tetrazepam,,M03BX07,
cyclobenzaprine,,M03BX08,
eperisone,,M03BX09,
fenyramidol,,M03BX30,
"pridinol, combinations",,M03BX53,
"thiocolchicoside, combinations",,M03BX55,
dantrolene,,M03CA01,
allopurinol,,M04AA01,
tisopurine,,M04AA02,
febuxostat,,M04AA03,
"allopurinol, combinations",,M04AA51,
probenecid,,M04AB01,
sulfinpyrazone,,M04AB02,
benzbromarone,,M04AB03,
isobromindione,,M04AB04,
lesinurad,,M04AB05,
colchicine,,M04AC01,
cinchophen,,M04AC02,
colchicine and probenecid,,M04AC51,
urate oxidase,,M04AX01,
pegloticase,,M04AX02,
etidronic acid,,M05BA01,
clodronic acid,,M05BA02,
pamidronic acid,,M05BA03,
alendronic acid,,M05BA04,
tiludronic acid,,M05BA05,
ibandronic acid,,M05BA06,
risedronic acid,,M05BA07,
zoledronic acid,,M05BA08,
"etidronic acid and calcium, sequential",,M05BB01,
"risedronic acid and calcium, sequential",,M05BB02,
alendronic acid and colecalciferol,,M05BB03,
"risedronic acid, calcium and colecalciferol, sequential",,M05BB04,
"alendronic acid, calcium and colecalciferol, sequential",,M05BB05,
"alendronic acid and alfacalcidol, sequential",,M05BB06,
risedronic acid and colecalciferol,,M05BB07,
"zoledronic acid, calcium and colecalciferol, sequential",,M05BB08,
ibandronic acid and colecalciferol,,M05BB09,
dibotermin alfa,,M05BC01,
eptotermin alfa,,M05BC02,
ipriflavone,,M05BX01,
strontium ranelate,,M05BX03,
denosumab,,M05BX04,
burosumab,,M05BX05,
romosozumab,,M05BX06,
vosoritide,,M05BX07,
menatetrenone,,M05BX08,
strontium ranelate and colecalciferol,,M05BX53,
hydroquinine,,M09AA01,
"quinine, combinations with psycholeptics",,M09AA72,
chymopapain,,M09AB01,
collagenase clostridium histolyticum,,M09AB02,
"trypsin, combinations",,M09AB52,
"chondrocytes, autologous",,M09AX02,
ataluren,,M09AX03,
drisapersen,,M09AX04,
aceneuramic acid,,M09AX05,
eteplirsen,,M09AX06,
nusinersen,,M09AX07,
golodirsen,,M09AX08,
onasemnogene abeparvovec,,M09AX09,
risdiplam,,M09AX10,
palovarotene,,M09AX11,
viltolarsen,,M09AX12,
casimersen,,M09AX13,
givinostat,,M09AX14,
delandistrogene moxeparvovec,,M09AX15,
diethyl ether,,N01AA01,
vinyl ether,,N01AA02,
halothane,,N01AB01,
chloroform,,N01AB02,
enflurane,,N01AB04,
trichloroethylene,,N01AB05,
isoflurane,,N01AB06,
desflurane,,N01AB07,
sevoflurane,,N01AB08,
methohexital,,N01AF01,N05CA15
hexobarbital,,N01AF02,N05CA16
thiopental,,N01AF03,N05CA19
narcobarbital,,N01AG01,
fentanyl,,N01AH01,N02AB03
alfentanil,,N01AH02,
sufentanil,,N01AH03,
phenoperidine,,N01AH04,
anileridine,,N01AH05,
remifentanil,,N01AH06,
"fentanyl, combinations",,N01AH51,
ketamine,,N01AX03,
propanidid,,N01AX04,
alfaxalone,,N01AX05,
etomidate,,N01AX07,
propofol,,N01AX10,
sodium oxybate,,N01AX11,N07XX04
nitrous oxide,,N01AX13,
esketamine,,N01AX14,N06AX27
xenon,,N01AX15,
"nitrous oxide, combinations",,N01AX63,
metabutethamine,,N01BA01,
chloroprocaine,,N01BA04,S01HA08
"procaine, combinations",,N01BA52,
"tetracaine, combinations",,N01BA53,
bupivacaine,,N01BB01,
mepivacaine,,N01BB03,
prilocaine,,N01BB04,
butanilicaine,,N01BB05,
etidocaine,,N01BB07,
articaine,,N01BB08,
ropivacaine,,N01BB09,
levobupivacaine,,N01BB10,
"bupivacaine, combinations",,N01BB51,
"lidocaine, combinations",,N01BB52,
"mepivacaine, combinations",,N01BB53,
"prilocaine, combinations",,N01BB54,
"etidocaine, combinations",,N01BB57,
"articaine, combinations",,N01BB58,
bupivacaine and meloxicam,,N01BB59,
cocaine,,N01BC01,R02AD03;S01HA01;S02DA02
ethyl chloride,,N01BX01,
dyclonine,,N01BX02,R02AD04
morphine,,N02AA01,
hydromorphone,,N02AA03,
nicomorphine,,N02AA04,
oxycodone,,N02AA05,
dihydrocodeine,,N02AA08,
papaveretum,,N02AA10,
oxymorphone,,N02AA11,
hydromorphone and naloxone,,N02AA53,
oxycodone and naloxone,,N02AA55,
oxycodone and naltrexone,,N02AA56,
"dihydrocodeine, combinations",,N02AA58,
"codeine, combinations excl. psycholeptics",,N02AA59,
"codeine, combinations with psycholeptics",,N02AA79,
ketobemidone,,N02AB01,
pethidine,,N02AB02,
"pethidine, combinations excl. psycholeptics",,N02AB52,
"pethidine, combinations with psycholeptics",,N02AB72,
dextromoramide,,N02AC01,
piritramide,,N02AC03,
dextropropoxyphene,,N02AC04,
bezitramide,,N02AC05,
"methadone, combinations excl. psycholeptics",,N02AC52,
"dextropropoxyphene, combinations excl. psycholeptics",,N02AC54,
"dextropropoxyphene, combinations with psycholeptics",,N02AC74,
pentazocine,,N02AD01,
phenazocine,,N02AD02,
pentazocine and naloxone,,N02AD51,
buprenorphine,,N02AE01,N07BC01
butorphanol,,N02AF01,
nalbuphine,,N02AF02,
morphine and antispasmodics,,N02AG01,
ketobemidone and antispasmodics,,N02AG02,
pethidine and antispasmodics,,N02AG03,
hydromorphone and antispasmodics,,N02AG04,
dihydrocodeine and paracetamol,,N02AJ01,
dihydrocodeine and acetylsalicylic acid,,N02AJ02,
dihydrocodeine and other non-opioid analgesics,,N02AJ03,
codeine and paracetamol,,N02AJ06,
codeine and acetylsalicylic acid,,N02AJ07,
codeine and ibuprofen,,N02AJ08,
codeine and other non-opioid analgesics,,N02AJ09,
tramadol and paracetamol,,N02AJ13,
tramadol and dexketoprofen,,N02AJ14,
tramadol and other non-opioid analgesics,,N02AJ15,
tramadol and celecoxib,,N02AJ16,
oxycodone and paracetamol,,N02AJ17,
oxycodone and acetylsalicylic acid,,N02AJ18,
oxycodone and ibuprofen,,N02AJ19,
hydrocodone and paracetamol,,N02AJ22,
hydrocodone and ibuprofen,,N02AJ23,
tilidine,,N02AX01,
tramadol,,N02AX02,
dezocine,,N02AX03,
meptazinol,,N02AX05,
tapentadol,,N02AX06,
oliceridine,,N02AX07,
tilidine and naloxone,,N02AX51,
choline salicylate,,N02BA03,
sodium salicylate,,N02BA04,
salicylamide,,N02BA05,
salsalate,,N02BA06,
ethenzamide,,N02BA07,
morpholine salicylate,,N02BA08,
dipyrocetyl,,N02BA09,
benorilate,,N02BA10,
diflunisal,,N02BA11,
potassium salicylate,,N02BA12,
guacetisal,,N02BA14,
imidazole salicylate,,N02BA16,
"acetylsalicylic acid, combinations excl. psycholeptics",,N02BA51,
"salicylamide, combinations excl. psycholeptics",,N02BA55,
"ethenzamide, combinations excl. psycholeptics",,N02BA57,
"dipyrocetyl, combinations excl. psycholeptics",,N02BA59,
carbasalate calcium combinations excl. psycholeptics,,N02BA65,
"magnesium salicylate, combinations excl. psycholeptics",,N02BA67,
"acetylsalicylic acid, combinations with psycholeptics",,N02BA71,
"salicylamide, combinations with psycholeptics",,N02BA75,
"ethenzamide, combinations with psycholeptics",,N02BA77,
"dipyrocetyl, combinations with psycholeptics",,N02BA79,
phenazone,,N02BB01,S02DA03
metamizole sodium,,N02BB02,
aminophenazone,,N02BB03,
propyphenazone,,N02BB04,
"phenazone, combinations excl. psycholeptics",,N02BB51,
"metamizole sodium, combinations excl. psycholeptics",,N02BB52,
"aminophenazone, combinations excl. psycholeptics",,N02BB53,
"propyphenazone, combinations excl. psycholeptics",,N02BB54,
"phenazone, combinations with psycholeptics",,N02BB71,
"metamizole sodium, combinations with psycholeptics",,N02BB72,
"aminophenazone, combinations with psycholeptics",,N02BB73,
"propyphenazone, combinations with psycholeptics",,N02BB74,
paracetamol,,N02BE01,
phenacetin,,N02BE03,
bucetin,,N02BE04,
propacetamol,,N02BE05,
"paracetamol, combinations excl. psycholeptics",,N02BE51,
"phenacetin, combinations excl. psycholeptics",,N02BE53,
"bucetin, combinations excl. psycholeptics",,N02BE54,
"paracetamol, combinations with psycholeptics",,N02BE71,
"phenacetin, combinations with psycholeptics",,N02BE73,
"bucetin, combinations with psycholeptics",,N02BE74,
gabapentin,,N02BF01,
pregabalin,,N02BF02,
mirogabalin,,N02BF03,
rimazolium,,N02BG02,
glafenine,,N02BG03,
floctafenine,,N02BG04,
viminol,,N02BG05,
nefopam,,N02BG06,
flupirtine,,N02BG07,
ziconotide,,N02BG08,
methoxyflurane,,N02BG09,
cannabinoids,,N02BG10,
tanezumab,,N02BG12,
dihydroergotamine,,N02CA01,
ergotamine,,N02CA02,
methysergide,,N02CA04,
"dihydroergotamine, combinations",,N02CA51,
"ergotamine, combinations excl. psycholeptics",,N02CA52,
"ergotamine, combinations with psycholeptics",,N02CA72,
flumedroxone,,N02CB01,
sumatriptan,,N02CC01,
naratriptan,,N02CC02,
zolmitriptan,,N02CC03,
rizatriptan,,N02CC04,
almotriptan,,N02CC05,
eletriptan,,N02CC06,
frovatriptan,,N02CC07,
lasmiditan,,N02CC08,
sumatriptan and naproxen,,N02CC51,
erenumab,,N02CD01,
galcanezumab,,N02CD02,
fremanezumab,,N02CD03,
ubrogepant,,N02CD04,
eptinezumab,,N02CD05,
rimegepant,,N02CD06,
atogepant,,N02CD07,
pizotifen,,N02CX01,
iprazochrome,,N02CX03,
dimetotiazine,,N02CX05,
oxetorone,,N02CX06,
methylphenobarbital,,N03AA01,
phenobarbital,,N03AA02,
primidone,,N03AA03,
barbexaclone,,N03AA04,
metharbital,,N03AA30,
ethotoin,,N03AB01,
phenytoin,,N03AB02,
amino(diphenylhydantoin) valeric acid,,N03AB03,
mephenytoin,,N03AB04,
fosphenytoin,,N03AB05,
"phenytoin, combinations",,N03AB52,
"mephenytoin, combinations",,N03AB54,
paramethadione,,N03AC01,
trimethadione,,N03AC02,
ethadione,,N03AC03,
ethosuximide,,N03AD01,
phensuximide,,N03AD02,
mesuximide,,N03AD03,
"ethosuximide, combinations",,N03AD51,
clonazepam,,N03AE01,
carbamazepine,,N03AF01,
oxcarbazepine,,N03AF02,
rufinamide,,N03AF03,
eslicarbazepine,,N03AF04,
valproic acid,,N03AG01,
valpromide,,N03AG02,
aminobutyric acid,,N03AG03,
vigabatrin,,N03AG04,
progabide,,N03AG05,
tiagabine,,N03AG06,
sultiame,,N03AX03,
phenacemide,,N03AX07,
lamotrigine,,N03AX09,
felbamate,,N03AX10,
topiramate,,N03AX11,
pheneturide,,N03AX13,
levetiracetam,,N03AX14,
zonisamide,,N03AX15,
stiripentol,,N03AX17,
lacosamide,,N03AX18,
carisbamate,,N03AX19,
retigabine,,N03AX21,
perampanel,,N03AX22,
brivaracetam,,N03AX23,
cannabidiol,,N03AX24,
cenobamate,,N03AX25,
ganaxolone,,N03AX27,
beclamide,,N03AX30,
trihexyphenidyl,,N04AA01,
biperiden,,N04AA02,
metixene,,N04AA03,
procyclidine,,N04AA04,
profenamine,,N04AA05,
dexetimide,,N04AA08,
phenglutarimide,,N04AA09,
mazaticol,,N04AA10,
bornaprine,,N04AA11,
tropatepine,,N04AA12,
etanautine,,N04AB01,
orphenadrine (chloride),,N04AB02,
benzatropine,,N04AC01,
etybenzatropine,,N04AC30,
levodopa,,N04BA01,
levodopa and decarboxylase inhibitor,,N04BA02,
"levodopa, decarboxylase inhibitor and COMT inhibitor",,N04BA03,
melevodopa,,N04BA04,
melevodopa and decarboxylase inhibitor,,N04BA05,
etilevodopa and decarboxylase inhibitor,,N04BA06,
foslevodopa and decarboxylase inhibitor,,N04BA07,
amantadine,,N04BB01,
pergolide,,N04BC02,
dihydroergocryptine mesylate,,N04BC03,
ropinirole,,N04BC04,
pramipexole,,N04BC05,
piribedil,,N04BC08,
rotigotine,,N04BC09,
selegiline,,N04BD01,
rasagiline,,N04BD02,
safinamide,,N04BD03,
tolcapone,,N04BX01,
entacapone,,N04BX02,
budipine,,N04BX03,
opicapone,,N04BX04,
istradefylline,,N04CX01,
chlorpromazine,,N05AA01,
levomepromazine,,N05AA02,
promazine,,N05AA03,
acepromazine,,N05AA04,
triflupromazine,,N05AA05,
cyamemazine,,N05AA06,
chlorproethazine,,N05AA07,
dixyrazine,,N05AB01,
fluphenazine,,N05AB02,
perphenazine,,N05AB03,
prochlorperazine,,N05AB04,
thiopropazate,,N05AB05,
trifluoperazine,,N05AB06,
acetophenazine,,N05AB07,
thioproperazine,,N05AB08,
butaperazine,,N05AB09,
perazine,,N05AB10,
periciazine,,N05AC01,
thioridazine,,N05AC02,
mesoridazine,,N05AC03,
pipotiazine,,N05AC04,
haloperidol,,N05AD01,
trifluperidol,,N05AD02,
melperone,,N05AD03,
moperone,,N05AD04,
pipamperone,,N05AD05,
bromperidol,,N05AD06,
benperidol,,N05AD07,
droperidol,,N05AD08,
fluanisone,,N05AD09,
lumateperone,,N05AD10,
oxypertine,,N05AE01,
molindone,,N05AE02,
sertindole,,N05AE03,
ziprasidone,,N05AE04,
lurasidone,,N05AE05,
flupentixol,,N05AF01,
clopenthixol,,N05AF02,
chlorprothixene,,N05AF03,
tiotixene,,N05AF04,
zuclopenthixol,,N05AF05,
fluspirilene,,N05AG01,
pimozide,,N05AG02,
penfluridol,,N05AG03,
loxapine,,N05AH01,
clozapine,,N05AH02,
olanzapine,,N05AH03,
quetiapine,,N05AH04,
asenapine,,N05AH05,
clotiapine,,N05AH06,
olanzapine and samidorphan,,N05AH53,
sulpiride,,N05AL01,
sultopride,,N05AL02,
tiapride,,N05AL03,
remoxipride,,N05AL04,
amisulpride,,N05AL05,
veralipride,,N05AL06,
levosulpiride,,N05AL07,
lithium,,N05AN01,
prothipendyl,,N05AX07,
risperidone,,N05AX08,
mosapramine,,N05AX10,
zotepine,,N05AX11,
aripiprazole,,N05AX12,
paliperidone,,N05AX13,
iloperidone,,N05AX14,
cariprazine,,N05AX15,
brexpiprazole,,N05AX16,
pimavanserin,,N05AX17,
diazepam,,N05BA01,
chlordiazepoxide,,N05BA02,
medazepam,,N05BA03,
oxazepam,,N05BA04,
potassium clorazepate,,N05BA05,
lorazepam,,N05BA06,
adinazolam,,N05BA07,
bromazepam,,N05BA08,
clobazam,,N05BA09,
ketazolam,,N05BA10,
prazepam,,N05BA11,
alprazolam,,N05BA12,
halazepam,,N05BA13,
pinazepam,,N05BA14,
camazepam,,N05BA15,
nordazepam,,N05BA16,
fludiazepam,,N05BA17,
ethyl loflazepate,,N05BA18,
etizolam,,N05BA19,
clotiazepam,,N05BA21,
cloxazolam,,N05BA22,
tofisopam,,N05BA23,
bentazepam,,N05BA24,
mexazolam,,N05BA25,
"lorazepam, combinations",,N05BA56,
hydroxyzine,,N05BB01,
captodiame,,N05BB02,
"hydroxyzine, combinations",,N05BB51,
meprobamate,,N05BC01,
emylcamate,,N05BC03,
mebutamate,,N05BC04,
"meprobamate, combinations",,N05BC51,N05CX01
benzoctamine,,N05BD01,
buspirone,,N05BE01,
mephenoxalone,,N05BX01,
gedocarnil,,N05BX02,
etifoxine,,N05BX03,
fabomotizole,,N05BX04,
Lavandulae aetheroleum,,N05BX05,
pentobarbital,,N05CA01,
amobarbital,,N05CA02,
butobarbital,,N05CA03,
barbital,,N05CA04,
aprobarbital,,N05CA05,
secobarbital,,N05CA06,
talbutal,,N05CA07,
vinylbital,,N05CA08,
vinbarbital,,N05CA09,
cyclobarbital,,N05CA10,
heptabarbital,,N05CA11,
reposal,,N05CA12,
etallobarbital,,N05CA20,
allobarbital,,N05CA21,
proxibarbal,,N05CA22,
combinations of barbiturates,,N05CB01,
barbiturates in combination with other drugs,,N05CB02,
chloral hydrate,,N05CC01,
chloralodol,,N05CC02,
acetylglycinamide chloral hydrate,,N05CC03,
dichloralphenazone,,N05CC04,
paraldehyde,,N05CC05,
flurazepam,,N05CD01,
nitrazepam,,N05CD02,
flunitrazepam,,N05CD03,
estazolam,,N05CD04,
triazolam,,N05CD05,
lormetazepam,,N05CD06,
temazepam,,N05CD07,
midazolam,,N05CD08,
brotizolam,,N05CD09,
quazepam,,N05CD10,
loprazolam,,N05CD11,
doxefazepam,,N05CD12,
cinolazepam,,N05CD13,
remimazolam,,N05CD14,
nimetazepam,,N05CD15,
glutethimide,,N05CE01,
methyprylon,,N05CE02,
pyrithyldione,,N05CE03,
zopiclone,,N05CF01,
zolpidem,,N05CF02,
zaleplon,,N05CF03,
eszopiclone,,N05CF04,
melatonin,,N05CH01,
ramelteon,,N05CH02,
tasimelteon,,N05CH03,
suvorexant,,N05CJ01,
lemborexant,,N05CJ02,
daridorexant,,N05CJ03,
methaqualone,,N05CM01,
clomethiazole,,N05CM02,
bromisoval,,N05CM03,
carbromal,,N05CM04,
propiomazine,,N05CM06,
triclofos,,N05CM07,
ethchlorvynol,,N05CM08,
Valerianae radix,,N05CM09,
hexapropymate,,N05CM10,
bromides,,N05CM11,
apronal,,N05CM12,
valnoctamide,,N05CM13,
methylpentynol,,N05CM15,
niaprazine,,N05CM16,
dexmedetomidine,,N05CM18,
"methaqualone, combinations",,N05CX02,
"methylpentynol, combinations",,N05CX03,
"clomethiazole, combinations",,N05CX04,
"emepronium, combinations",,N05CX05,
"dipiperonylaminoethanol, combinations",,N05CX06,
desipramine,,N06AA01,
imipramine,,N06AA02,
imipramine oxide,,N06AA03,
clomipramine,,N06AA04,
opipramol,,N06AA05,
trimipramine,,N06AA06,
lofepramine,,N06AA07,
dibenzepin,,N06AA08,
amitriptyline,,N06AA09,
nortriptyline,,N06AA10,
protriptyline,,N06AA11,
iprindole,,N06AA13,
melitracen,,N06AA14,
butriptyline,,N06AA15,
dosulepin,,N06AA16,
amoxapine,,N06AA17,
dimetacrine,,N06AA18,
amineptine,,N06AA19,
maprotiline,,N06AA21,
quinupramine,,N06AA23,
zimeldine,,N06AB02,
fluoxetine,,N06AB03,
citalopram,,N06AB04,
paroxetine,,N06AB05,
sertraline,,N06AB06,
alaproclate,,N06AB07,
fluvoxamine,,N06AB08,
etoperidone,,N06AB09,
escitalopram,,N06AB10,
isocarboxazid,,N06AF01,
nialamide,,N06AF02,
phenelzine,,N06AF03,
tranylcypromine,,N06AF04,
iproniazide,,N06AF05,
iproclozide,,N06AF06,
moclobemide,,N06AG02,
toloxatone,,N06AG03,
oxitriptan,,N06AX01,
tryptophan,,N06AX02,
mianserin,,N06AX03,
nomifensine,,N06AX04,
trazodone,,N06AX05,
nefazodone,,N06AX06,
minaprine,,N06AX07,
bifemelane,,N06AX08,
viloxazine,,N06AX09,
oxaflozane,,N06AX10,
mirtazapine,,N06AX11,
bupropion,,N06AX12,
medifoxamine,,N06AX13,
tianeptine,,N06AX14,
pivagabine,,N06AX15,
venlafaxine,,N06AX16,
milnacipran,,N06AX17,
reboxetine,,N06AX18,
gepirone,,N06AX19,
duloxetine,,N06AX21,
agomelatine,,N06AX22,
desvenlafaxine,,N06AX23,
vilazodone,,N06AX24,
Hyperici herba,,N06AX25,
vortioxetine,,N06AX26,
levomilnacipran,,N06AX28,
brexanolone,,N06AX29,
bupropion and dextromethorphan,,N06AX62,
amfetamine,,N06BA01,
dexamfetamine,,N06BA02,
metamfetamine,,N06BA03,
methylphenidate,,N06BA04,
pemoline,,N06BA05,
fencamfamin,,N06BA06,
modafinil,,N06BA07,
fenozolone,,N06BA08,
atomoxetine,,N06BA09,
fenetylline,,N06BA10,
dexmethylphenidate,,N06BA11,
lisdexamfetamine,,N06BA12,
armodafinil,,N06BA13,
solriamfetol,,N06BA14,
dexmethylphenidate and serdexmethylphenidate,,N06BA15,
propentofylline,,N06BC02,
meclofenoxate,,N06BX01,
pyritinol,,N06BX02,
piracetam,,N06BX03,
deanol,,N06BX04,
fipexide,,N06BX05,
citicoline,,N06BX06,
oxiracetam,,N06BX07,
pirisudanol,,N06BX08,
linopirdine,,N06BX09,
nizofenone,,N06BX10,
aniracetam,,N06BX11,
acetylcarnitine,,N06BX12,
idebenone,,N06BX13,
prolintane,,N06BX14,
pipradrol,,N06BX15,
pramiracetam,,N06BX16,
adrafinil,,N06BX17,
vinpocetine,,N06BX18,
temgicoluril,,N06BX21,
phenibut,,N06BX22,
amitriptyline and psycholeptics,,N06CA01,
melitracen and psycholeptics,,N06CA02,
fluoxetine and psycholeptics,,N06CA03,
tacrine,,N06DA01,
donepezil,,N06DA02,
rivastigmine,,N06DA03,
galantamine,,N06DA04,
ipidacrine,,N06DA05,
donepezil and memantine,,N06DA52,
"donepezil, memantine and Ginkgo folium",,N06DA53,
memantine,,N06DX01,
Ginkgo folium,,N06DX02,
aducanumab,,N06DX03,
lecanemab,,N06DX04,
donanemab,,N06DX05,
neostigmine,,N07AA01,S01EB06
pyridostigmine,,N07AA02,
distigmine,,N07AA03,
ambenonium,,N07AA30,
"neostigmine, combinations",,N07AA51,
carbachol,,N07AB01,S01EB02
bethanechol,,N07AB02,
pilocarpine,,N07AX01,S01EB01
choline alfoscerate,,N07AX02,
cevimeline,,N07AX03,
nicotine,,N07BA01,
varenicline,,N07BA03,S01XA28
cytisinicline,,N07BA04,
disulfiram,,N07BB01,P03AA04
calcium carbimide,,N07BB02,
acamprosate,,N07BB03,
naltrexone,,N07BB04,
nalmefene,,N07BB05,
methadone,,N07BC02,
levacetylmethadol,,N07BC03,
lofexidine,,N07BC04,
levomethadone,,N07BC05,
diamorphine,,N07BC06,
"buprenorphine, combinations",,N07BC51,
betahistine,,N07CA01,
cinnarizine,,N07CA02,
flunarizine,,N07CA03,
acetylleucine,,N07CA04,
"cinnarizine, combinations",,N07CA52,
tirilazad,,N07XX01,
riluzole,,N07XX02,
xaliproden,,N07XX03,
amifampridine,,N07XX05,
tetrabenazine,,N07XX06,
fampridine,,N07XX07,
tafamidis,,N07XX08,
laquinimod,,N07XX10,
pitolisant,,N07XX11,
patisiran,,N07XX12,
valbenazine,,N07XX13,
edaravone,,N07XX14,
inotersen,,N07XX15,
deutetrabenazine,,N07XX16,
arimoclomol,,N07XX17,
vutrisiran,,N07XX18,
sodium phenylbutyrate and ursodoxicoltaurine,,N07XX19,
eplontersen,,N07XX21,
tofersen,,N07XX22,
troriluzole,,N07XX23,
"dextromethorphan, combinations",,N07XX59,
tilbroquinol,,P01AA05,
tilbroquinol and tiliquinol,,P01AA30,
"clioquinol, combinations",,P01AA52,
nimorazole,,P01AB06,
secnidazole,,P01AB07,
metronidazole and furazolidone,,P01AB51,
metronidazole and diloxanide,,P01AB52,
diloxanide,,P01AC01,
clefamide,,P01AC02,
etofamide,,P01AC03,
teclozan,,P01AC04,
arsthinol,,P01AR01,
difetarsone,,P01AR02,
glycobiarsol,,P01AR03,
"glycobiarsol, combinations",,P01AR53,
chiniofon,,P01AX01,
emetine,,P01AX02,
phanquinone,,P01AX04,
mepacrine,,P01AX05,
atovaquone,,P01AX06,
trimetrexate,,P01AX07,
tenonitrozole,,P01AX08,
dehydroemetine,,P01AX09,
fumagillin,,P01AX10,
nitazoxanide,,P01AX11,
"emetine, combinations",,P01AX52,
chloroquine,,P01BA01,
hydroxychloroquine,,P01BA02,
primaquine,,P01BA03,
amodiaquine,,P01BA06,
tafenoquine,,P01BA07,
proguanil,,P01BB01,
cycloguanil embonate,,P01BB02,
proguanil and atovaquone,,P01BB51,
chloroquine and proguanil,,P01BB52,
quinine,,P01BC01,
mefloquine,,P01BC02,
pyrimethamine,,P01BD01,
"pyrimethamine, combinations",,P01BD51,
artemisinin,,P01BE01,
artemether,,P01BE02,
artesunate,,P01BE03,
artemotil,,P01BE04,
artenimol,,P01BE05,
artemether and lumefantrine,,P01BF01,
artesunate and mefloquine,,P01BF02,
artesunate and amodiaquine,,P01BF03,
"artesunate, sulfalene and pyrimethamine",,P01BF04,
artenimol and piperaquine,,P01BF05,
artesunate and pyronaridine,,P01BF06,
artemisinin and piperaquine,,P01BF07,
artemisinin and naphthoquine,,P01BF08,
"artesunate, sulfadoxine and pyrimethamine",,P01BF09,
halofantrine,,P01BX01,
arterolane and piperaquine,,P01BX02,
benznidazole,,P01CA02,
fexinidazole,,P01CA03,
meglumine antimonate,,P01CB01,
sodium stibogluconate,,P01CB02,
nifurtimox,,P01CC01,
melarsoprol,,P01CD01,
pentamidine isethionate,,P01CX01,
suramin sodium,,P01CX02,
miltefosine,,P01CX04,
praziquantel,,P02BA01,
oxamniquine,,P02BA02,
arpraziquantel,,P02BA03,
metrifonate,,P02BB01,
niridazole,,P02BX02,
stibophen,,P02BX03,
triclabendazole,,P02BX04,
mebendazole,,P02CA01,
albendazole,,P02CA03,
ciclobendazole,,P02CA04,
flubendazole,,P02CA05,
fenbendazole,,P02CA06,
"mebendazole, combinations",,P02CA51,
piperazine,,P02CB01,
diethylcarbamazine,,P02CB02,
pyrantel,,P02CC01,
oxantel,,P02CC02,
levamisole,,P02CE01,
pyrvinium,,P02CX01,
bephenium,,P02CX02,
moxidectin,,P02CX03,
niclosamide,,P02DA01,
desaspidin,,P02DX01,
dichlorophen,,P02DX02,
dixanthogen,,P03AA01,
potassium polysulfide,,P03AA02,
thiram,,P03AA05,
"disulfiram, combinations",,P03AA54,
clofenotane,,P03AB01,
lindane,,P03AB02,
"clofenotane, combinations",,P03AB51,
pyrethrum,,P03AC01,
bioallethrin,,P03AC02,
phenothrin,,P03AC03,
permethrin,,P03AC04,
"pyrethrum, combinations",,P03AC51,
"bioallethrin, combinations",,P03AC52,
"phenothrin, combinations",,P03AC53,
"permethrin, combinations",,P03AC54,
benzyl benzoate,,P03AX01,
copper oleinate,,P03AX02,
malathion,,P03AX03,
quassia,,P03AX04,
dimeticone,,P03AX05,
benzyl alcohol,,P03AX06,
abametapir,,P03AX07,
cyfluthrin,,P03BA01,
cypermethrin,,P03BA02,
decamethrin,,P03BA03,
tetramethrin,,P03BA04,
diethyltoluamide,,P03BX01,
dimethylphthalate,,P03BX02,
dibutylphthalate,,P03BX03,
dibutylsuccinate,,P03BX04,
dimethylcarbate,,P03BX05,
etohexadiol,,P03BX06,
cyclopentamine,,R01AA02,
tetryzoline,,R01AA06,R01AB03;S01GA02
xylometazoline,,R01AA07,R01AB06;S01GA03
naphazoline,,R01AA08,R01AB02;S01GA01
tramazoline,,R01AA09,
metizoline,,R01AA10,
tuaminoheptane,,R01AA11,R01AB08
fenoxazoline,,R01AA12,
tymazoline,,R01AA13,
indanazoline,,R01AA15,
levocabastine,,R01AC02,S01GX02
azelastine,,R01AC03,R06AX19;S01GX07
antazoline,,R01AC04,R06AX05
spaglumic acid,,R01AC05,S01GX03
nedocromil,,R01AC07,R03BC03;S01GX04
olopatadine,,R01AC08,S01GX09
"cromoglicic acid, combinations",,R01AC51,S01GX51
flunisolide,,R01AD04,R03BA03
fluticasone furoate,,R01AD12,R03BA09
ciclesonide,,R01AD13,R03BA08
"dexamethasone, combinations",,R01AD53,
"tixocortol, combinations",,R01AD57,
"fluticasone, combinations",,R01AD58,
"mometasone, combinations",,R01AD59,
"hydrocortisone, combinations",,R01AD60,
calcium hexamine thiocyanate,,R01AX01,
ipratropium bromide,,R01AX03,R03BB01
ritiometan,,R01AX05,
phenylpropanolamine,,R01BA01,
pseudoephedrine,,R01BA02,
"phenylpropanolamine, combinations",,R01BA51,
"pseudoephedrine, combinations",,R01BA52,
"phenylephrine, combinations",,R01BA53,S01GA55
ambazone,,R02AA01,
dichlorobenzyl alcohol,,R02AA03,
benzethonium,,R02AA09,
myristyl-benzalkonium,,R02AA10,
hexylresorcinol,,R02AA12,
acriflavinium chloride,,R02AA13,
fusafungine,,R02AB03,
gramicidin,,R02AB30,
ambroxol,,R02AD05,R05CB06
orciprenaline,,R03AB03,R03CB03
salbutamol,,R03AC02,R03CC02
terbutaline,,R03AC03,R03CC03
rimiterol,,R03AC05,
hexoprenaline,,R03AC06,R03CC05
isoetarine,,R03AC07,R03CC06
pirbuterol,,R03AC08,R03CC07
tretoquinol,,R03AC09,R03CC09
carbuterol,,R03AC10,R03CC10
tulobuterol,,R03AC11,R03CC11
salmeterol,,R03AC12,
formoterol,,R03AC13,R03CC15
clenbuterol,,R03AC14,R03CC13
reproterol,,R03AC15,R03CC14
procaterol,,R03AC16,R03CC08
bitolterol,,R03AC17,
indacaterol,,R03AC18,
olodaterol,,R03AC19,
epinephrine and other drugs for obstructive airway diseases,,R03AK01,
isoprenaline and other drugs for obstructive airway diseases,,R03AK02,
salbutamol and sodium cromoglicate,,R03AK04,
reproterol and sodium cromoglicate,,R03AK05,
salmeterol and fluticasone,,R03AK06,
formoterol and budesonide,,R03AK07,
formoterol and beclometasone,,R03AK08,
formoterol and mometasone,,R03AK09,
vilanterol and fluticasone furoate,,R03AK10,
formoterol and fluticasone,,R03AK11,
salmeterol and budesonide,,R03AK12,
salbutamol and beclometasone,,R03AK13,
indacaterol and mometasone,,R03AK14,
salbutamol and budesonide,,R03AK15,
fenoterol and ipratropium bromide,,R03AL01,
salbutamol and ipratropium bromide,,R03AL02,
vilanterol and umeclidinium bromide,,R03AL03,
indacaterol and glycopyrronium bromide,,R03AL04,
formoterol and aclidinium bromide,,R03AL05,
olodaterol and tiotropium bromide,,R03AL06,
formoterol and glycopyrronium bromide,,R03AL07,
"vilanterol, umeclidinium bromide and fluticasone furoate",,R03AL08,
"formoterol, glycopyrronium bromide and beclometasone",,R03AL09,
formoterol and tiotropium bromide,,R03AL10,
"formoterol, glycopyrronium bromide and budesonide",,R03AL11,
"indacaterol, glycopyrronium bromide and mometasone",,R03AL12,
oxitropium bromide,,R03BB02,
stramoni preparations,,R03BB03,
tiotropium bromide,,R03BB04,
aclidinium bromide,,R03BB05,
umeclidinium bromide,,R03BB07,
revefenacin,,R03BB08,
"tiotropium bromide, combinations",,R03BB54,
fenspiride,,R03BX01,R03DX03
methoxyphenamine,,R03CB02,
"isoprenaline, combinations",,R03CB51,
"orciprenaline, combinations",,R03CB53,
bambuterol,,R03CC12,
"terbutaline, combinations",,R03CC53,
clenbuterol and ambroxol,,R03CC63,
diprophylline,,R03DA01,
choline theophyllinate,,R03DA02,
proxyphylline,,R03DA03,
theophylline,,R03DA04,
aminophylline,,R03DA05,
etamiphylline,,R03DA06,
bamifylline,,R03DA08,
acefylline piperazine,,R03DA09,
bufylline,,R03DA10,
doxofylline,,R03DA11,
mepyramine theophyllinacetate,,R03DA12,
combinations of xanthines,,R03DA20,
"diprophylline, combinations",,R03DA51,
"theophylline, combinations excl. psycholeptics",,R03DA54,
"aminophylline, combinations",,R03DA55,
"theobromine, combinations",,R03DA57,
"theophylline, combinations with psycholeptics",,R03DA74,
diprophylline and adrenergics,,R03DB01,
choline theophyllinate and adrenergics,,R03DB02,
proxyphylline and adrenergics,,R03DB03,
theophylline and adrenergics,,R03DB04,
aminophylline and adrenergics,,R03DB05,
etamiphylline and adrenergics,,R03DB06,
zafirlukast,,R03DC01,
pranlukast,,R03DC02,
montelukast,,R03DC03,
ibudilast,,R03DC04,
"montelukast, combinations",,R03DC53,
eprozinol,,R03DX02,
omalizumab,,R03DX05,
seratrodast,,R03DX06,
reslizumab,,R03DX08,
mepolizumab,,R03DX09,
benralizumab,,R03DX10,
tezepelumab,,R03DX11,
tyloxapol,,R05CA01,
potassium iodide,,R05CA02,S01XA04;V03AB21
guaifenesin,,R05CA03,
ipecacuanha,,R05CA04,V03AB01
altheae radix,,R05CA05,
senega,,R05CA06,
antimony pentasulfide,,R05CA07,
creosote,,R05CA08,
guaiacolsulfonate,,R05CA09,
levoverbenone,,R05CA11,
Hederae helicis folium,,R05CA12,
cineole,,R05CA13,
acetylcysteine,,R05CB01,S01XA08;V03AB23
bromhexine,,R05CB02,
carbocisteine,,R05CB03,
eprazinone,,R05CB04,
mesna,,R05CB05,V03AF01
sobrerol,,R05CB07,
domiodol,,R05CB08,
letosteine,,R05CB09,
stepronin,,R05CB11,
dornase alfa (desoxyribonuclease),,R05CB13,
neltenexine,,R05CB14,
erdosteine,,R05CB15,
ethylmorphine,,R05DA01,S01XA06
hydrocodone,,R05DA03,
codeine,,R05DA04,
opium alkaloids with morphine,,R05DA05,
normethadone,,R05DA06,
noscapine,,R05DA07,
pholcodine,,R05DA08,
dextromethorphan,,R05DA09,
thebacon,,R05DA10,
dimemorfan,,R05DA11,
acetyldihydrocodeine,,R05DA12,
benzonatate,,R05DB01,
benproperine,,R05DB02,
clobutinol,,R05DB03,
isoaminile,,R05DB04,
pentoxyverine,,R05DB05,
oxolamine,,R05DB07,
oxeladin,,R05DB09,
clofedanol,,R05DB10,
pipazetate,,R05DB11,
bibenzonium bromide,,R05DB12,
butamirate,,R05DB13,
fedrilate,,R05DB14,
zipeprol,,R05DB15,
dibunate,,R05DB16,
droxypropine,,R05DB17,
prenoxdiazine,,R05DB18,
dropropizine,,R05DB19,
cloperastine,,R05DB21,
meprotixol,,R05DB22,
piperidione,,R05DB23,
tipepidine,,R05DB24,
morclofone,,R05DB25,
nepinalone,,R05DB26,
levodropropizine,,R05DB27,
dimethoxanate,,R05DB28,
gefapixant,,R05DB29,
opium derivatives and mucolytics,,R05FA01,
opium derivatives and expectorants,,R05FA02,
cough suppressants and mucolytics,,R05FB01,
cough suppressants and expectorants,,R05FB02,
bromazine,,R06AA01,
diphenylpyraline,,R06AA07,
carbinoxamine,,R06AA08,
doxylamine,,R06AA09,
trimethobenzamide,,R06AA10,
dimenhydrinate,,R06AA11,
"diphenhydramine, combinations",,R06AA52,
"clemastine, combinations",,R06AA54,
"chlorphenoxamine, combinations",,R06AA56,
"diphenylpyraline, combinations",,R06AA57,
"doxylamine, combinations",,R06AA59,
"dimenhydrinate, combinations",,R06AA61,
brompheniramine,,R06AB01,
dexchlorpheniramine,,R06AB02,
chlorphenamine,,R06AB04,
dexbrompheniramine,,R06AB06,
talastine,,R06AB07,
"brompheniramine, combinations",,R06AB51,
"dexchlorpheniramine, combinations",,R06AB52,
"chlorphenamine, combinations",,R06AB54,
"dexbrompheniramine, combinations",,R06AB56,
histapyrrodine,,R06AC02,
methapyrilene,,R06AC05,
"histapyrrodine, combinations",,R06AC52,
"chloropyramine, combinations",,R06AC53,
alimemazine,,R06AD01,
thiethylperazine,,R06AD03,
methdilazine,,R06AD04,
hydroxyethylpromethazine,,R06AD05,
thiazinam,,R06AD06,
mequitazine,,R06AD07,
oxomemazine,,R06AD08,
"promethazine, combinations",,R06AD52,
"hydroxyethylpromethazine, combinations",,R06AD55,
buclizine,,R06AE01,
cyclizine,,R06AE03,
chlorcyclizine,,R06AE04,
meclozine,,R06AE05,
oxatomide,,R06AE06,
cetirizine,,R06AE07,S01GX12
levocetirizine,,R06AE09,
"buclizine, combinations",,R06AE51,
"cyclizine, combinations",,R06AE53,
"meclozine, combinations",,R06AE55,
cyproheptadine,,R06AX02,
phenindamine,,R06AX04,
triprolidine,,R06AX07,
pyrrobutamine,,R06AX08,
azatadine,,R06AX09,
astemizole,,R06AX11,
terfenadine,,R06AX12,
loratadine,,R06AX13,
mebhydrolin,,R06AX15,
deptropine,,R06AX16,
ketotifen,,R06AX17,S01GX08
acrivastine,,R06AX18,
tritoqualine,,R06AX21,
ebastine,,R06AX22,
pimethixene,,R06AX23,
epinastine,,R06AX24,S01GX10
mizolastine,,R06AX25,
fexofenadine,,R06AX26,
desloratadine,,R06AX27,
rupatadine,,R06AX28,
bilastine,,R06AX29,S01GX13
quifenadine,,R06AX31,
sequifenadine,,R06AX32,
"thenalidine, combinations",,R06AX53,
"pyrrobutamine, combinations",,R06AX58,
colfosceril palmitate,,R07AA01,
natural phospholipids,,R07AA02,
doxapram,,R07AB01,
nikethamide,,R07AB02,
pentetrazol,,R07AB03,
etamivan,,R07AB04,
bemegride,,R07AB05,
prethcamide,,R07AB06,
almitrine,,R07AB07,
dimefline,,R07AB08,
mepixanox,,R07AB09,
"nikethamide, combinations",,R07AB52,
"pentetrazol, combinations",,R07AB53,
nitric oxide,,R07AX01,
ivacaftor,,R07AX02,
ivacaftor and lumacaftor,,R07AX30,
ivacaftor and tezacaftor,,R07AX31,
"ivacaftor, tezacaftor and elexacaftor",,R07AX32,
dihydrostreptomycin,,S01AA15,
antibiotics in combination with other drugs,,S01AA20,
micronomicin,,S01AA22,
azidamfenicol,,S01AA25,
combinations of different antibiotics,,S01AA30,
sulfadicramide,,S01AB03,
sulfafenazol,,S01AB05,
trifluridine,,S01AD02,
interferon,,S01AD05,
fomivirsen,,S01AD08,
besifloxacin,,S01AE08,
mercury compounds,,S01AX01,
silver compounds,,S01AX02,
zinc compounds,,S01AX03,
bibrocathol,,S01AX05,
sodium borate,,S01AX07,
sodium propionate,,S01AX10,
picloxydine,,S01AX16,
medrysone,,S01BA08,
formocortal,,S01BA12,
loteprednol,,S01BA14,
hydrocortisone and mydriatics,,S01BB01,
prednisolone and mydriatics,,S01BB02,
fluorometholone and mydriatics,,S01BB03,
betamethasone and mydriatics,,S01BB04,
pranoprofen,,S01BC09,
nepafenac,,S01BC10,
bromfenac,,S01BC11,
dexamethasone and antiinfectives,,S01CA01,S02CA06;S03CA01
prednisolone and antiinfectives,,S01CA02,S02CA01;S03CA02
hydrocortisone and antiinfectives,,S01CA03,S02CA03;S03CA04
fluocortolone and antiinfectives,,S01CA04,
betamethasone and antiinfectives,,S01CA05,S03CA06
fludrocortisone and antiinfectives,,S01CA06,S02CA07;S03CA05
fluorometholone and antiinfectives,,S01CA07,
methylprednisolone and antiinfectives,,S01CA08,S03CA07
chloroprednisone and antiinfectives,,S01CA09,
fluocinolone acetonide and antiinfectives,,S01CA10,S02CA05
clobetasone and antiinfectives,,S01CA11,
loteprednol and antiinfectives,,S01CA12,
diclofenac and antiinfectives,,S01CC01,
indometacin and antiinfectives,,S01CC02,
dipivefrine,,S01EA02,
apraclonidine,,S01EA03,
"epinephrine, combinations",,S01EA51,
ecothiopate,,S01EB03,
demecarium,,S01EB04,
physostigmine,,S01EB05,V03AB19
fluostigmine,,S01EB07,
aceclidine,,S01EB08,
acetylcholine,,S01EB09,
paraoxon,,S01EB10,
"pilocarpine, combinations",,S01EB51,
"aceclidine, combinations",,S01EB58,
acetazolamide,,S01EC01,
diclofenamide,,S01EC02,
dorzolamide,,S01EC03,
brinzolamide,,S01EC04,
methazolamide,,S01EC05,
"brinzolamide, combinations",,S01EC54,
levobunolol,,S01ED03,
metipranolol,,S01ED04,
befunolol,,S01ED06,
"timolol, combinations",,S01ED51,
"betaxolol, combinations",,S01ED52,
"metipranolol, combinations",,S01ED54,
"carteolol, combinations",,S01ED55,
latanoprost,,S01EE01,
unoprostone,,S01EE02,
bimatoprost,,S01EE03,
travoprost,,S01EE04,
tafluprost,,S01EE05,
latanoprostene bunod,,S01EE06,
latanoprost and netarsudil,,S01EE51,
dapiprazole,,S01EX02,
netarsudil,,S01EX05,
omidenepag,,S01EX06,
ripasudil,,S01EX07,
cyclopentolate,,S01FA04,
homatropine,,S01FA05,
tropicamide,,S01FA06,
"cyclopentolate, combinations",,S01FA54,
"tropicamide, combinations",,S01FA56,
phenylephrine and ketorolac,,S01FB51,
"naphazoline, combinations",,S01GA51,
"tetryzoline, combinations",,S01GA52,
"xylometazoline, combinations",,S01GA53,
"oxedrine, combinations",,S01GA56,
lodoxamide,,S01GX05,
emedastine,,S01GX06,
alcaftadine,,S01GX11,
proxymetacaine,,S01HA04,
fluorescein,,S01JA01,
rose bengal sodium,,S01JA02,
"fluorescein, combinations",,S01JA51,
hypromellose,,S01KA02,
"hyaluronic acid, combinations",,S01KA51,
trypan blue,,S01KX02,
verteporfin,,S01LA01,
anecortave,,S01LA02,
pegaptanib,,S01LA03,
ranibizumab,,S01LA04,
brolucizumab,,S01LA06,
abicipar pegol,,S01LA07,
faricimab,,S01LA09,
guaiazulen,,S01XA01,
"sodium chloride, hypertonic",,S01XA03,
sodium edetate,,S01XA05,
alum,,S01XA07,
iodoheparinate,,S01XA09,
"limbal stem cells, autologous",,S01XA19,
artificial tears and other indifferent preparations,,S01XA20,
ocriplasmin,,S01XA22,
cenegermin,,S01XA24,
lifitegrast,,S01XA25,
riboflavin,,S01XA26,
voretigene neparvovec,,S01XA27,
sepofarsen,,S01XA29,
boric acid,,S02AA03,
aluminium acetotartrate,,S02AA04,
"antiinfectives, combinations",,S02AA30,S03AA30
flumetasone and antiinfectives,,S02CA02,
triamcinolone and antiinfectives,,S02CA04,
feather,,V01AA01,
grass pollen,,V01AA02,
house dust mites,,V01AA03,
mould fungus and yeast fungus,,V01AA04,
tree pollen,,V01AA05,
insects,,V01AA07,
food,,V01AA08,
textiles,,V01AA09,
flowers,,V01AA10,
animals,,V01AA11,
nalorphine,,V03AB02,
edetates,,V03AB03,
pralidoxime,,V03AB04,
prednisolone and promethazine,,V03AB05,
thiosulfate,,V03AB06,
sodium nitrite,,V03AB08,
dimercaprol,,V03AB09,
obidoxime,,V03AB13,
protamine,,V03AB14,
methylthioninium chloride,,V03AB17,V04CG05
copper sulfate,,V03AB20,
amyl nitrite,,V03AB22,
digitalis antitoxin,,V03AB24,
flumazenil,,V03AB25,
methionine,,V03AB26,
4-dimethylaminophenol,,V03AB27,
cholinesterase,,V03AB29,
prussian blue,,V03AB31,
glutathione,,V03AB32,
fomepizole,,V03AB34,
sugammadex,,V03AB35,
idarucizumab,,V03AB37,
andexanet alfa,,V03AB38,
pralidoxime and atropine,,V03AB54,
deferoxamine,,V03AC01,
deferiprone,,V03AC02,
deferasirox,,V03AC03,
polystyrene sulfonate,,V03AE01,
sevelamer,,V03AE02,
lanthanum carbonate,,V03AE03,
calcium acetate and magnesium carbonate,,V03AE04,
sucroferric oxyhydroxide,,V03AE05,
colestilan,,V03AE06,
calcium acetate,,V03AE07,
ferric citrate,,V03AE08,
patiromer calcium,,V03AE09,
sodium zirconium cyclosilicate,,V03AE10,
dexrazoxane,,V03AF02,
calcium folinate,,V03AF03,
calcium levofolinate,,V03AF04,
amifostine,,V03AF05,
sodium folinate,,V03AF06,
rasburicase,,V03AF07,
palifermin,,V03AF08,
glucarpidase,,V03AF09,
sodium levofolinate,,V03AF10,
arginine and lysine,,V03AF11,
trilaciclib,,V03AF12,
sodium cellulose phosphate,,V03AG01,
oxygen,,V03AN01,
carbon dioxide,,V03AN02,
helium,,V03AN03,
nitrogen,,V03AN04,
medical air,,V03AN05,
nalfurafine,,V03AX02,
cobicistat,,V03AX03,
difelikefalin,,V03AX04,
vitamin A concentrates,,V04CB01,
sincalide,,V04CC03,
ceruletide,,V04CC04,
metyrapone,,V04CD01,
corticorelin,,V04CD04,
somatorelin,,V04CD05,
macimorelin,,V04CD06,
galactose,,V04CE01,
sulfobromophthalein,,V04CE02,
methacetin (13C),,V04CE03,
tuberculin,,V04CF01,
cation exchange resins,,V04CG01,
betazole,,V04CG02,
histamine phosphate,,V04CG03,
pentagastrin,,V04CG04,
caffeine and sodium benzoate,,V04CG30,
inulin and other polyfructosans,,V04CH01,
indigo carmine,,V04CH02,
phenolsulfonphthalein,,V04CH03,
alsactide,,V04CH04,
aminohippuric acid,,V04CH30,
thyrotropin,,V04CJ01,
protirelin,,V04CJ02,
secretin,,V04CK01,
pancreozymin (cholecystokinin),,V04CK02,
bentiromide,,V04CK03,
indocyanine green,,V04CX01,
methacholine,,V04CX03,
13C-urea,,V04CX05,
hexaminolevulinate,,V04CX06,
edrophonium,,V04CX07,
carbon monoxide,,V04CX08,
patent blue,,V04CX09,
pafolacianine,,V04CX10,
lithium chloride,,V04CX11,
fructose,,V06DC02,
diatrizoic acid,,V08AA01,
metrizoic acid,,V08AA02,
iodamide,,V08AA03,
iotalamic acid,,V08AA04,
ioxitalamic acid,,V08AA05,
ioglicic acid,,V08AA06,
acetrizoic acid,,V08AA07,
iocarmic acid,,V08AA08,
methiodal,,V08AA09,
diodone,,V08AA10,
metrizamide,,V08AB01,
iohexol,,V08AB02,
ioxaglic acid,,V08AB03,
iopamidol,,V08AB04,
iopromide,,V08AB05,
iotrolan,,V08AB06,
ioversol,,V08AB07,
iopentol,,V08AB08,
iodixanol,,V08AB09,
iomeprol,,V08AB10,
iobitridol,,V08AB11,
ioxilan,,V08AB12,
iodoxamic acid,,V08AC01,
iotroxic acid,,V08AC02,
ioglycamic acid,,V08AC03,
adipiodone,,V08AC04,
iobenzamic acid,,V08AC05,
iopanoic acid,,V08AC06,
iocetamic acid,,V08AC07,
sodium iopodate,,V08AC08,
tyropanoic acid,,V08AC09,
calcium iopodate,,V08AC10,
ethyl esters of iodised fatty acids,,V08AD01,
iopydol,,V08AD02,
propyliodone,,V08AD03,
iofendylate,,V08AD04,
barium sulfate with suspending agents,,V08BA01,
barium sulfate without suspending agents,,V08BA02,
gadopentetic acid,,V08CA01,
gadoteric acid,,V08CA02,
gadodiamide,,V08CA03,
gadoteridol,,V08CA04,
mangafodipir,,V08CA05,
gadoversetamide,,V08CA06,
ferric ammonium citrate,,V08CA07,
gadobenic acid,,V08CA08,
gadobutrol,,V08CA09,
gadoxetic acid,,V08CA10,
gadofosveset,,V08CA11,
gadopiclenol,,V08CA12,
ferumoxsil,,V08CB01,
ferristene,,V08CB02,
"iron oxide, nanoparticles",,V08CB03,
perflubron,,V08CX01,
"perflutren, human albumin microspheres",,V08DA01,
microparticles of galactose,,V08DA02,
perflenapent,,V08DA03,
"perflutren, phospholipid microspheres",,V08DA04,
"sulfur hexafluoride, phospholipid microspheres",,V08DA05,
"perflubutane, phospholipid microspheres",,V08DA06,
technetium (99mTc) exametazime,,V09AA01,
technetium (99mTc) bicisate,,V09AA02,
iodine iofetamine (123I),,V09AB01,
iodine iolopride (123I),,V09AB02,
iodine ioflupane (123I),,V09AB03,
indium (111In) pentetic acid,,V09AX01,
iodine (124I) 2beta-carbomethoxy-3beta-(4 iodophenyl)-tropane,,V09AX03,
flutemetamol (18F),,V09AX04,
florbetapir (18F),,V09AX05,
florbetaben (18F),,V09AX06,
flortaucipir (18F),,V09AX07,
technetium (99mTc) oxidronic acid,,V09BA01,
technetium (99mTc) medronic acid,,V09BA02,
technetium (99mTc) pyrophosphate,,V09BA03,
technetium (99mTc) butedronic acid,,V09BA04,
technetium (99mTc) pentetic acid,,V09CA01,V09EA01
technetium (99mTc) succimer,,V09CA02,
technetium (99mTc) mertiatide,,V09CA03,
technetium (99mTc) gluceptate,,V09CA04,
technetium (99mTc) gluconate,,V09CA05,
technetium (99mTc) ethylenedicysteine,,V09CA06,
sodium iodohippurate (123I),,V09CX01,
sodium iodohippurate (131I),,V09CX02,
sodium iothalamate (125I),,V09CX03,
chromium (51Cr) edetate,,V09CX04,
technetium (99mTc) disofenin,,V09DA01,
technetium (99mTc) etifenin,,V09DA02,
technetium (99mTc) lidofenin,,V09DA03,
technetium (99mTc) mebrofenin,,V09DA04,
technetium (99mTc) galtifenin,,V09DA05,
technetium (99mTc) nanocolloid,,V09DB01,V09EA03
technetium (99mTc) microcolloid,,V09DB02,
technetium (99mTc) millimicrospheres,,V09DB03,
technetium (99mTc) tin colloid,,V09DB04,
technetium (99mTc) sulfur colloid,,V09DB05,
technetium (99mTc) rheniumsulfide colloid,,V09DB06,
technetium (99mTc) phytate,,V09DB07,
selenium (75Se) tauroselcholic acid,,V09DX01,
technetium (99mTc) technegas,,V09EA02,
technetium (99mTc) macrosalb,,V09EB01,
technetium (99mTc) microspheres,,V09EB02,
krypton (81mKr) gas,,V09EX01,
xenon (127Xe) gas,,V09EX02,
xenon (133Xe) gas,,V09EX03,
technetium (99mTc) pertechnetate,,V09FX01,
sodium iodide (123I),,V09FX02,
sodium iodide (131I),,V09FX03,V10XA01
sodium iodide (124I),,V09FX04,
technetium (99mTc) sestamibi,,V09GA01,
technetium (99mTc) tetrofosmin,,V09GA02,
technetium (99mTc) teboroxime,,V09GA03,
technetium (99mTc) human albumin,,V09GA04,
technetium (99mTc) furifosmin,,V09GA05,
technetium (99mTc) stannous agent labelled cells,,V09GA06,
technetium (99mTc) apcitide,,V09GA07,
fibrinogen (125I),,V09GB01,
iodine (125I) human albumin,,V09GB02,
thallium (201Tl) chloride,,V09GX01,
indium (111In) imciromab,,V09GX02,
chromium (51Cr) chromate labelled cells,,V09GX03,
rubidium (82Rb) chloride,,V09GX04,
ammonia (13N),,V09GX05,
technetium (99mTc) human immunoglobulin,,V09HA01,
technetium (99mTc) exametazime labelled cells,,V09HA02,
technetium (99mTc) antigranulocyte antibody,,V09HA03,
technetium (99mTc) sulesomab,,V09HA04,
indium (111In) oxinate labelled cells,,V09HB01,
indium (111In) tropolonate labelled cells,,V09HB02,
gallium (67Ga) citrate,,V09HX01,
technetium (99mTc) antiCarcinoEmbryonicAntigen antibody,,V09IA01,
technetium (99mTc) antimelanoma antibody,,V09IA02,
technetium (99mTc) pentavalent succimer,,V09IA03,
technetium (99mTc) votumumab,,V09IA04,
technetium (99mTc) depreotide,,V09IA05,
technetium (99mTc) arcitumomab,,V09IA06,
technetium (99mTc) hynic-octreotide,,V09IA07,
technetium (99mTc) etarfolatide,,V09IA08,
technetium (99mTc) tilmanocept,,V09IA09,
technetium (99mTc)trofolastat chloride,,V09IA10,
indium (111In) pentetreotide,,V09IB01,
indium (111In) satumomab pendetide,,V09IB02,
indium (111In) antiovariumcarcinoma antibody,,V09IB03,
indium (111In) capromab pendetide,,V09IB04,
iobenguane (123I),,V09IX01,
iobenguane (131I),,V09IX02,V10XA02
iodine (125I) CC49-monoclonal antibody,,V09IX03,
fludeoxyglucose (18F),,V09IX04,
fluorodopa (18F),,V09IX05,
sodium fluoride (18F),,V09IX06,
fluorocholine (18F),,V09IX07,
fluoroethylcholine (18F),,V09IX08,
gallium (68Ga) edotreotide,,V09IX09,
fluoroethyl-L-tyrosine (18F),,V09IX10,
fluoroestradiol (18F),,V09IX11,
fluciclovine (18F),,V09IX12,
methionine (11C),,V09IX13,
gallium (68Ga) gozetotide,,V09IX14,
copper (64Cu) dotatate,,V09IX15,
piflufolastat (18F),,V09IX16,
PSMA-1007 (18F),,V09IX17,
iodine (131I) norcholesterol,,V09XA01,
iodocholesterol (131I),,V09XA02,
iodine (131I) human albumin,,V09XA03,
cobalt (57Co) cyanocobalamine,,V09XX01,
cobalt (58Co) cyanocobalamine,,V09XX02,
selenium (75Se) norcholesterol,,V09XX03,
ferric (59Fe) citrate,,V09XX04,
yttrium (90Y) citrate colloid,,V10AA01,
yttrium (90Y) ferrihydroxide colloid,,V10AA02,
yttrium (90Y) silicate colloid,,V10AA03,
phosphorous (32P) chromicphosphate colloid,,V10AX01,
samarium (153Sm) hydroxyapatite colloid,,V10AX02,
dysprosium (165Dy) colloid,,V10AX03,
erbium (169Er) citrate colloid,,V10AX04,
rhenium (186Re) sulfide colloid,,V10AX05,
gold (198Au) colloidal,,V10AX06,
strontium (89Sr) chloride,,V10BX01,
samarium (153Sm) lexidronam,,V10BX02,
rhenium (186Re) etidronic acid,,V10BX03,
iodine (131I) omburtamab,,V10XA03,
tositumomab/iodine (131I) tositumomab,,V10XA53,
sodium phosphate (32P),,V10XX01,
ibritumomab tiuxetan (90Y),,V10XX02,
radium (223Ra) dichloride,,V10XX03,
lutetium (177Lu) oxodotreotide,,V10XX04,
lutetium (177Lu) vipivotide tetraxetan,,V10XX05,