english_name,slovak_name,atc_primary,atc_all
sodium fluoride,,A01AA01,A01AA01;A12CD01
sodium monofluorophosphate,,A01AA02,A01AA02;A12CD02
olaflur,,A01AA03,A01AA03
stannous fluoride,,A01AA04,A01AA04
combinations,,A01AA30,A01AA30;A02AA10;A02AB10;A02AC10;A06AG20;A07BC30;A10AB30;A10AC30;A10AD30;A10AE30;A11CC20;B01AC30;B02BC30;B05BA10;B05CA10;B05CB10;B05CX10;C01CA30;D01AA20;D01AE20;G03GA30;G04BE30;J01CA20;J01CE30;J01EB20;J01EC20;J01ED20;J06BB30;J07BC20;N01BB20;N06DX30;R01AX30;R05CA10;R05CB10;R05DA20;R05DB20;R07AA30;S01HA30;S02DA30
"sodium fluoride, combinations",,A01AA51,A01AA51
hydrogen peroxide,,A01AB02,A01AB02;D08AX01;D11AX25;S02AA06
chlorhexidine,,A01AB03,A01AB03;B05CA02;D08AC02;D09AA12;R02AA05;S01AX09;S02AA09;S03AA04
amphotericin B,,A01AB04,A01AB04;A07AA07;G01AA03;J02AA01
polynoxylin,,A01AB05,A01AB05;D01AE05
domiphen,,A01AB06,A01AB06
oxyquinoline,,A01AB07,A01AB07;D08AH03;G01AC30;R02AA14
neomycin,,A01AB08,A01AB08;A07AA01;B05CA09;D06AX04;J01GB05;R02AB01;S01AA03;S02AA07;S03AA01
miconazole,,A01AB09,A01AB09;A07AC01;D01AC02;G01AF04;J02AB01;S02AA13
natamycin,,A01AB10,A01AB10;A07AA03;D01AA02;G01AA02;S01AA10
various,,A01AB11,A01AB11;A01AD11;M02AX10;R01AX10;R02AA20;V01AA20
hexetidine,,A01AB12,A01AB12;G01AX16
tetracycline,,A01AB13,A01AB13;D06AA04;J01AA07;S01AA09;S02AA08;S03AA02
benzoxonium chloride,,A01AB14,A01AB14;D08AJ05
tibezonium iodide,,A01AB15,A01AB15
mepartricin,,A01AB16,A01AB16;D01AA06;G01AA09;G04CX03
metronidazole,,A01AB17,A01AB17;D06BX01;G01AF01;J01XD01;P01AB01
clotrimazole,,A01AB18,A01AB18;D01AC01;G01AF02
sodium perborate,,A01AB19,A01AB19
chlortetracycline,,A01AB21,A01AB21;D06AA02;J01AA03;S01AA02
doxycycline,,A01AB22,A01AB22;J01AA02
minocycline,,A01AB23,A01AB23;D10AF07;J01AA08
octenidine,,A01AB24,A01AB24;R02AA21
oxytetracycline,,A01AB25,A01AB25;D06AA03;G01AA07;J01AA06;S01AA04
chlorhexidine and cetylpyridinium,,A01AB53,A01AB53
triamcinolone,,A01AC01,A01AC01;C05AA12;D07AB09;D07XB02;H02AB08;R01AD11;R03BA06;S01BA05
dexamethasone,,A01AC02,A01AC02;C05AA09;D07AB19;D07XB05;D10AA03;H02AB02;R01AD03;S01BA01;S01CB01;S02BA06;S03BA01
hydrocortisone,,A01AC03,A01AC03;A07EA02;C05AA01;D07AA02;D07XA01;H02AB09;S01BA02;S01CB03;S02BA01
prednisolone,,A01AC04,A01AC04;A07EA01;C05AA04;D07AA03;D07XA02;H02AB06;R01AD02;S01BA04;S01CB02;S02BA03;S03BA02
"prednisolone, combinations",,A01AC54,A01AC54;R01AD52
epinephrine,,A01AD01,A01AD01;B02BC09;C01CA24;R01AA14;R03AA01;S01EA01
benzydamine,,A01AD02,A01AD02;G02CC03;M01AX07;M02AA05;R02AX03
acetylsalicylic acid,,A01AD05,A01AD05;B01AC06;N02BA01
adrenalone,,A01AD06,A01AD06;B02BC05
amlexanox,,A01AD07,A01AD07;R03DX01
becaplermin,,A01AD08,A01AD08;D03AX06
magnesium carbonate,,A02AA01,A02AA01;A06AD01
magnesium oxide,,A02AA02,A02AA02;A06AD02;A12CC10
magnesium peroxide,,A02AA03,A02AA03;A06AD03
magnesium hydroxide,,A02AA04,A02AA04;G04BX01
magnesium silicate,,A02AA05,A02AA05
aluminium hydroxide,,A02AB01,A02AB01
algeldrate,,A02AB02,A02AB02
aluminium phosphate,,A02AB03,A02AB03
dihydroxialumini sodium carbonate,,A02AB04,A02AB04
aluminium acetoacetate,,A02AB05,A02AB05
aloglutamol,,A02AB06,A02AB06
aluminium glycinate,,A02AB07,A02AB07
calcium carbonate,,A02AC01,A02AC01;A12AA04
calcium silicate,,A02AC02,A02AC02
ordinary salt combinations,,A02AD01,A02AD01
magaldrate,,A02AD02,A02AD02
almagate,,A02AD03,A02AD03
hydrotalcite,,A02AD04,A02AD04
almasilate,,A02AD05,A02AD05
magaldrate and antiflatulents,,A02AF01,A02AF01
ordinary salt combinations and antiflatulents,,A02AF02,A02AF02
cimetidine,,A02BA01,A02BA01
ranitidine,,A02BA02,A02BA02
famotidine,,A02BA03,A02BA03
nizatidine,,A02BA04,A02BA04
niperotidine,,A02BA05,A02BA05
roxatidine,,A02BA06,A02BA06
ranitidine bismuth citrate,,A02BA07,A02BA07
lafutidine,,A02BA08,A02BA08
"cimetidine, combinations",,A02BA51,A02BA51
"famotidine, combinations",,A02BA53,A02BA53
misoprostol,,A02BB01,A02BB01;G02AD06
enprostil,,A02BB02,A02BB02
omeprazole,,A02BC01,A02BC01
pantoprazole,,A02BC02,A02BC02
lansoprazole,,A02BC03,A02BC03
rabeprazole,,A02BC04,A02BC04
esomeprazole,,A02BC05,A02BC05
dexlansoprazole,,A02BC06,A02BC06
dexrabeprazole,,A02BC07,A02BC07
vonoprazan,,A02BC08,A02BC08
tegoprazan,,A02BC09,A02BC09
"omeprazole, combinations",,A02BC51,A02BC51
"lansoprazole, combinations",,A02BC53,A02BC53
"rabeprazole, combinations",,A02BC54,A02BC54
"omeprazole, amoxicillin and metronidazole",,A02BD01,A02BD01
"lansoprazole, tetracycline and metronidazole",,A02BD02,A02BD02
"lansoprazole, amoxicillin and metronidazole",,A02BD03,A02BD03
"pantoprazole, amoxicillin and clarithromycin",,A02BD04,A02BD04
"omeprazole, amoxicillin and clarithromycin",,A02BD05,A02BD05
"esomeprazole, amoxicillin and clarithromycin",,A02BD06,A02BD06
"lansoprazole, amoxicillin and clarithromycin",,A02BD07,A02BD07
"bismuth subcitrate, tetracycline and metronidazole",,A02BD08,A02BD08
"lansoprazole, clarithromycin and tinidazole",,A02BD09,A02BD09
"lansoprazole, amoxicillin and levofloxacin",,A02BD10,A02BD10
"pantoprazole, amoxicillin, clarithromycin and metronidazole",,A02BD11,A02BD11
"rabeprazole, amoxicillin and clarithromycin",,A02BD12,A02BD12
"rabeprazole, amoxicillin and metronidazole",,A02BD13,A02BD13
"vonoprazan, amoxicillin and clarithromycin",,A02BD14,A02BD14
"vonoprazan, amoxicillin and metronidazole",,A02BD15,A02BD15
"omeprazole, amoxicillin and rifabutin",,A02BD16,A02BD16
vonoprazan and amoxicillin,,A02BD17,A02BD17
carbenoxolone,,A02BX01,A02BX01
sucralfate,,A02BX02,A02BX02
pirenzepine,,A02BX03,A02BX03
methiosulfonium chloride,,A02BX04,A02BX04
bismuth subcitrate,,A02BX05,A02BX05
proglumide,,A02BX06,A02BX06
gefarnate,,A02BX07,A02BX07
sulglicotide,,A02BX08,A02BX08
acetoxolone,,A02BX09,A02BX09
zolimidine,,A02BX10,A02BX10
troxipide,,A02BX11,A02BX11
bismuth subnitrate,,A02BX12,A02BX12
alginic acid,,A02BX13,A02BX13
rebamipide,,A02BX14,A02BX14
teprenone,,A02BX15,A02BX15
irsogladine,,A02BX16,A02BX16
"carbenoxolone, combinations excl. psycholeptics",,A02BX51,A02BX51
"carbenoxolone, combinations with psycholeptics",,A02BX71,A02BX71
"gefarnate, combinations with psycholeptics",,A02BX77,A02BX77
oxyphencyclimine,,A03AA01,A03AA01
camylofin,,A03AA03,A03AA03
mebeverine,,A03AA04,A03AA04
trimebutine,,A03AA05,A03AA05
rociverine,,A03AA06,A03AA06
dicycloverine,,A03AA07,A03AA07
dihexyverine,,A03AA08,A03AA08
difemerine,,A03AA09,A03AA09
piperidolate,,A03AA30,A03AA30
benzilone,,A03AB01,A03AB01
glycopyrronium bromide,,A03AB02,A03AB02;R03BB06
oxyphenonium,,A03AB03,A03AB03
penthienate,,A03AB04,A03AB04
propantheline,,A03AB05,A03AB05
otilonium bromide,,A03AB06,A03AB06
methantheline,,A03AB07,A03AB07
tridihexethyl,,A03AB08,A03AB08
isopropamide,,A03AB09,A03AB09
hexocyclium,,A03AB10,A03AB10
poldine,,A03AB11,A03AB11
mepenzolate,,A03AB12,A03AB12
bevonium,,A03AB13,A03AB13
pipenzolate,,A03AB14,A03AB14
diphemanil,,A03AB15,A03AB15
(2-benzhydryloxyethyl)diethyl-methylammonium iodide,,A03AB16,A03AB16
tiemonium iodide,,A03AB17,A03AB17
prifinium bromide,,A03AB18,A03AB18
timepidium bromide,,A03AB19,A03AB19
fenpiverinium,,A03AB21,A03AB21
"oxyphenonium, combinations",,A03AB53,A03AB53
dimethylaminopropionylphenothiazine,,A03AC02,A03AC02
nicofetamide,,A03AC04,A03AC04
tiropramide,,A03AC05,A03AC05
papaverine,,A03AD01,A03AD01;G04BE02
drotaverine,,A03AD02,A03AD02
moxaverine,,A03AD30,A03AD30
alosetron,,A03AE01,A03AE01
cilansetron,,A03AE03,A03AE03
fenpiprane,,A03AX01,A03AX01
diisopromine,,A03AX02,A03AX02
chlorbenzoxamine,,A03AX03,A03AX03
pinaverium,,A03AX04,A03AX04
fenoverine,,A03AX05,A03AX05
idanpramine,,A03AX06,A03AX06
proxazole,,A03AX07,A03AX07
alverine,,A03AX08,A03AX08
trepibutone,,A03AX09,A03AX09
isometheptene,,A03AX10,A03AX10
caroverine,,A03AX11,A03AX11
phloroglucinol,,A03AX12,A03AX12
silicones,,A03AX13,A03AX13
valethamate,,A03AX14,A03AX14
menthae piperitae aetheroleum,,A03AX15,A03AX15
trimethyldiphenylpropylamine,,A03AX30,A03AX30
"alverine, combinations",,A03AX58,A03AX58
atropine,,A03BA01,A03BA01;S01FA01
hyoscyamine,,A03BA03,A03BA03
belladonna total alkaloids,,A03BA04,A03BA04
butylscopolamine,,A03BB01,A03BB01
methylatropine,,A03BB02,A03BB02
methylscopolamine,,A03BB03,A03BB03;S01FA03
fentonium,,A03BB04,A03BB04
cimetropium bromide,,A03BB05,A03BB05
homatropine methylbromide,,A03BB06,A03BB06
isopropamide and psycholeptics,,A03CA01,A03CA01
clidinium and psycholeptics,,A03CA02,A03CA02
oxyphencyclimine and psycholeptics,,A03CA03,A03CA03
otilonium bromide and psycholeptics,,A03CA04,A03CA04
glycopyrronium bromide and psycholeptics,,A03CA05,A03CA05
bevonium and psycholeptics,,A03CA06,A03CA06
ambutonium and psycholeptics,,A03CA07,A03CA07
diphemanil and psycholeptics,,A03CA08,A03CA08
pipenzolate and psycholeptics,,A03CA09,A03CA09
emepronium and psycholeptics,,A03CA30,A03CA30
propantheline and psycholeptics,,A03CA34,A03CA34
methylscopolamine and psycholeptics,,A03CB01,A03CB01
belladonna total alkaloids and psycholeptics,,A03CB02,A03CB02
atropine and psycholeptics,,A03CB03,A03CB03
homatropine methylbromide and psycholeptics,,A03CB04,A03CB04
hyoscyamine and psycholeptics,,A03CB31,A03CB31
tropenzilone and analgesics,,A03DA01,A03DA01
pitofenone and analgesics,,A03DA02,A03DA02
bevonium and analgesics,,A03DA03,A03DA03
ciclonium and analgesics,,A03DA04,A03DA04
camylofin and analgesics,,A03DA05,A03DA05
trospium and analgesics,,A03DA06,A03DA06
tiemonium iodide and analgesics,,A03DA07,A03DA07
butylscopolamine and analgesics,,A03DB04,A03DB04
metoclopramide,,A03FA01,A03FA01
cisapride,,A03FA02,A03FA02
domperidone,,A03FA03,A03FA03
bromopride,,A03FA04,A03FA04
alizapride,,A03FA05,A03FA05
clebopride,,A03FA06,A03FA06
itopride,,A03FA07,A03FA07
cinitapride,,A03FA08,A03FA08
mosapride,,A03FA09,A03FA09
acotiamide,,A03FA10,A03FA10
ondansetron,,A04AA01,A04AA01
granisetron,,A04AA02,A04AA02
tropisetron,,A04AA03,A04AA03
dolasetron,,A04AA04,A04AA04
palonosetron,,A04AA05,A04AA05
"palonosetron, combinations",,A04AA55,A04AA55
scopolamine,,A04AD01,A04AD01;N05CM05;S01FA02
cerium oxalate,,A04AD02,A04AD02
chlorobutanol,,A04AD04,A04AD04
metopimazine,,A04AD05,A04AD05
dronabinol,,A04AD10,A04AD10
nabilone,,A04AD11,A04AD11
aprepitant,,A04AD12,A04AD12
casopitant,,A04AD13,A04AD13
rolapitant,,A04AD14,A04AD14
"scopolamine, combinations",,A04AD51,A04AD51
"chlorobutanol, combinations",,A04AD54,A04AD54
chenodeoxycholic acid,,A05AA01,A05AA01
ursodeoxycholic acid,,A05AA02,A05AA02
cholic acid,,A05AA03,A05AA03
obeticholic acid,,A05AA04,A05AA04
ursodoxicoltaurine,,A05AA05,A05AA05
nicotinyl methylamide,,A05AB01,A05AB01
piprozolin,,A05AX01,A05AX01
hymecromone,,A05AX02,A05AX02
cyclobutyrol,,A05AX03,A05AX03
maralixibat chloride,,A05AX04,A05AX04
odevixibat,,A05AX05,A05AX05
elafibranor,,A05AX06,A05AX06
arginine glutamate,,A05BA01,A05BA01
silymarin,,A05BA03,A05BA03
citiolone,,A05BA04,A05BA04
epomediol,,A05BA05,A05BA05
ornithine oxoglurate,,A05BA06,A05BA06
tidiacic arginine,,A05BA07,A05BA07
glycyrrhizic acid,,A05BA08,A05BA08
metadoxine,,A05BA09,A05BA09
phospholipids,,A05BA10,A05BA10
liquid paraffin,,A06AA01,A06AA01
docusate sodium,,A06AA02,A06AA02
"liquid paraffin, combinations",,A06AA51,A06AA51
oxyphenisatine,,A06AB01,A06AB01
bisacodyl,,A06AB02,A06AB02;A06AG02
dantron,,A06AB03,A06AB03
phenolphthalein,,A06AB04,A06AB04
castor oil,,A06AB05,A06AB05
senna glycosides,,A06AB06,A06AB06
cascara,,A06AB07,A06AB07
sodium picosulfate,,A06AB08,A06AB08
bisoxatin,,A06AB09,A06AB09
contact laxatives in combination,,A06AB20,A06AB20
contact laxatives in combination with belladonna alkaloids,,A06AB30,A06AB30
"bisacodyl, combinations",,A06AB52,A06AB52
"dantron, combinations",,A06AB53,A06AB53
"senna glycosides, combinations",,A06AB56,A06AB56
"cascara, combinations",,A06AB57,A06AB57
"sodium picosulfate, combinations",,A06AB58,A06AB58
ispaghula (psylla seeds),,A06AC01,A06AC01
ethulose,,A06AC02,A06AC02
sterculia,,A06AC03,A06AC03
linseed,,A06AC05,A06AC05
methylcellulose,,A06AC06,A06AC06
triticum (wheat fibre),,A06AC07,A06AC07
polycarbophil calcium,,A06AC08,A06AC08
"ispaghula, combinations",,A06AC51,A06AC51
"sterculia, combinations",,A06AC53,A06AC53
"linseed, combinations",,A06AC55,A06AC55
magnesium sulfate,,A06AD04,A06AD04;A12CC02;B05XA05;D11AX05;V04CC02
mineral salts in combination,,A06AD10,A06AD10
lactulose,,A06AD11,A06AD11
lactitol,,A06AD12,A06AD12
sodium sulfate,,A06AD13,A06AD13;A12CA02
pentaerithrityl,,A06AD14,A06AD14
macrogol,,A06AD15,A06AD15
mannitol,,A06AD16,A06AD16;B05BC01;B05CX04;R05CB16;V04CX04
sodium phosphate,,A06AD17,A06AD17;A06AG01;B05XA09;V03AG05
sorbitol,,A06AD18,A06AD18;A06AG07;B05CX02;V04CC01
magnesium citrate,,A06AD19,A06AD19;A12CC04;B05CB03
sodium tartrate,,A06AD21,A06AD21
"lactulose, combinations",,A06AD61,A06AD61
"macrogol, combinations",,A06AD65,A06AD65
"dantron, incl. combinations",,A06AG03,A06AG03
glycerol,,A06AG04,A06AG04;A06AX01
oil,,A06AG06,A06AG06
"docusate sodium, incl. combinations",,A06AG10,A06AG10
"sodium lauryl sulfoacetate, incl. combinations",,A06AG11,A06AG11
methylnaltrexone bromide,,A06AH01,A06AH01
alvimopan,,A06AH02,A06AH02
naloxegol,,A06AH03,A06AH03
naloxone,,A06AH04,A06AH04;V03AB15
naldemedine,,A06AH05,A06AH05
carbon dioxide producing drugs,,A06AX02,A06AX02
lubiprostone,,A06AX03,A06AX03
linaclotide,,A06AX04,A06AX04
prucalopride,,A06AX05,A06AX05
tegaserod,,A06AX06,A06AX06
plecanatide,,A06AX07,A06AX07
tenapanor,,A06AX08,A06AX08
elobixibat,,A06AX09,A06AX09
nystatin,,A07AA02,A07AA02;D01AA01;G01AA01
streptomycin,,A07AA04,A07AA04;J01GA01
polymyxin B,,A07AA05,A07AA05;J01XB02;S01AA18;S02AA11;S03AA03
paromomycin,,A07AA06,A07AA06
kanamycin,,A07AA08,A07AA08;J01GB04;S01AA24
vancomycin,,A07AA09,A07AA09;J01XA01;S01AA28
colistin,,A07AA10,A07AA10;J01XB01
rifaximin,,A07AA11,A07AA11;D06AX11
fidaxomicin,,A07AA12,A07AA12
rifamycin,,A07AA13,A07AA13;D06AX15;J04AB03;S01AA16;S02AA12
"neomycin, combinations",,A07AA51,A07AA51
"streptomycin, combinations",,A07AA54,A07AA54
phthalylsulfathiazole,,A07AB02,A07AB02
sulfaguanidine,,A07AB03,A07AB03
succinylsulfathiazole,,A07AB04,A07AB04
broxyquinoline,,A07AX01,A07AX01;G01AC06;P01AA01
acetarsol,,A07AX02,A07AX02;G01AB01;P01CD02
nifuroxazide,,A07AX03,A07AX03
nifurzide,,A07AX04,A07AX04
medicinal charcoal,,A07BA01,A07BA01
"medicinal charcoal, combinations",,A07BA51,A07BA51
pectin,,A07BC01,A07BC01
kaolin,,A07BC02,A07BC02
crospovidone,,A07BC03,A07BC03
attapulgite,,A07BC04,A07BC04
diosmectite,,A07BC05,A07BC05
"attapulgite, combinations",,A07BC54,A07BC54
diphenoxylate,,A07DA01,A07DA01
opium,,A07DA02,A07DA02;N02AA02
loperamide,,A07DA03,A07DA03
difenoxin,,A07DA04,A07DA04
loperamide oxide,,A07DA05,A07DA05
eluxadoline,,A07DA06,A07DA06
"morphine, combinations",,A07DA52,A07DA52;N02AA51
"loperamide, combinations",,A07DA53,A07DA53
prednisone,,A07EA03,A07EA03;H02AB07
betamethasone,,A07EA04,A07EA04;C05AA05;D07AC01;D07XC01;H02AB01;R01AD06;R03BA04;S01BA06;S01CB04;S02BA07;S03BA03
tixocortol,,A07EA05,A07EA05;R01AD07
budesonide,,A07EA06,A07EA06;D07AC09;R01AD05;R03BA02
beclometasone,,A07EA07,A07EA07;D07AC15;R01AD01;R03BA01
cromoglicic acid,,A07EB01,A07EB01;D11AH03;R01AC01;R03BC01;S01GX01
sulfasalazine,,A07EC01,A07EC01
mesalazine,,A07EC02,A07EC02
olsalazine,,A07EC03,A07EC03
balsalazide,,A07EC04,A07EC04
lactic acid producing organisms,,A07FA01,A07FA01
saccharomyces boulardii,,A07FA02,A07FA02
escherichia coli,,A07FA03,A07FA03
"lactic acid producing organisms, combinations",,A07FA51,A07FA51
albumin tannate,,A07XA01,A07XA01
ceratonia,,A07XA02,A07XA02
calcium compounds,,A07XA03,A07XA03
racecadotril,,A07XA04,A07XA04
crofelemer,,A07XA06,A07XA06
"albumin tannate, combinations",,A07XA51,A07XA51
phentermine,,A08AA01,A08AA01
fenfluramine,,A08AA02,A08AA02;N03AX26
amfepramone,,A08AA03,A08AA03
dexfenfluramine,,A08AA04,A08AA04
mazindol,,A08AA05,A08AA05
etilamfetamine,,A08AA06,A08AA06
cathine,,A08AA07,A08AA07
clobenzorex,,A08AA08,A08AA08
mefenorex,,A08AA09,A08AA09
sibutramine,,A08AA10,A08AA10
lorcaserin,,A08AA11,A08AA11
setmelanotide,,A08AA12,A08AA12
phentermine and topiramate,,A08AA51,A08AA51
"ephedrine, combinations",,A08AA56,A08AA56
bupropion and naltrexone,,A08AA62,A08AA62
orlistat,,A08AB01,A08AB01
rimonabant,,A08AX01,A08AX01
diastase,,A09AA01,A09AA01
"multienzymes (lipase, protease etc.)",,A09AA02,A09AA02
pepsin,,A09AA03,A09AA03
tilactase,,A09AA04,A09AA04
glutamic acid hydrochloride,,A09AB01,A09AB01
betaine hydrochloride,,A09AB02,A09AB02
hydrochloric acid,,A09AB03,A09AB03;B05XA13
citric acid,,A09AB04,A09AB04
pepsin and acid preparations,,A09AC01,A09AC01
multienzymes and acid preparations,,A09AC02,A09AC02
insulin (human),,A10AB01,A10AB01;A10AC01;A10AD01;A10AE01;A10AF01
insulin (beef),,A10AB02,A10AB02;A10AC02;A10AD02;A10AE02
insulin (pork),,A10AB03,A10AB03;A10AC03;A10AD03;A10AE03
insulin lispro,,A10AB04,A10AB04;A10AC04;A10AD04
insulin aspart,,A10AB05,A10AB05;A10AD05
insulin glulisine,,A10AB06,A10AB06
insulin degludec and insulin aspart,,A10AD06,A10AD06
insulin glargine,,A10AE04,A10AE04
insulin detemir,,A10AE05,A10AE05
insulin degludec,,A10AE06,A10AE06
insulin icodec,,A10AE07,A10AE07
insulin glargine and lixisenatide,,A10AE54,A10AE54
insulin degludec and liraglutide,,A10AE56,A10AE56
phenformin,,A10BA01,A10BA01
metformin,,A10BA02,A10BA02
buformin,,A10BA03,A10BA03
glibenclamide,,A10BB01,A10BB01
chlorpropamide,,A10BB02,A10BB02
tolbutamide,,A10BB03,A10BB03;V04CA01
glibornuride,,A10BB04,A10BB04
tolazamide,,A10BB05,A10BB05
carbutamide,,A10BB06,A10BB06
glipizide,,A10BB07,A10BB07
gliquidone,,A10BB08,A10BB08
gliclazide,,A10BB09,A10BB09
metahexamide,,A10BB10,A10BB10
glisoxepide,,A10BB11,A10BB11
glimepiride,,A10BB12,A10BB12
acetohexamide,,A10BB31,A10BB31
glymidine,,A10BC01,A10BC01
phenformin and sulfonylureas,,A10BD01,A10BD01
metformin and sulfonylureas,,A10BD02,A10BD02
metformin and rosiglitazone,,A10BD03,A10BD03
glimepiride and rosiglitazone,,A10BD04,A10BD04
metformin and pioglitazone,,A10BD05,A10BD05
glimepiride and pioglitazone,,A10BD06,A10BD06
metformin and sitagliptin,,A10BD07,A10BD07
metformin and vildagliptin,,A10BD08,A10BD08
pioglitazone and alogliptin,,A10BD09,A10BD09
metformin and saxagliptin,,A10BD10,A10BD10
metformin and linagliptin,,A10BD11,A10BD11
pioglitazone and sitagliptin,,A10BD12,A10BD12
metformin and alogliptin,,A10BD13,A10BD13
metformin and repaglinide,,A10BD14,A10BD14
metformin and dapagliflozin,,A10BD15,A10BD15
metformin and canagliflozin,,A10BD16,A10BD16
metformin and acarbose,,A10BD17,A10BD17
metformin and gemigliptin,,A10BD18,A10BD18
linagliptin and empagliflozin,,A10BD19,A10BD19
metformin and empagliflozin,,A10BD20,A10BD20
saxagliptin and dapagliflozin,,A10BD21,A10BD21
metformin and evogliptin,,A10BD22,A10BD22
metformin and ertugliflozin,,A10BD23,A10BD23
sitagliptin and ertugliflozin,,A10BD24,A10BD24
"metformin, saxagliptin and dapagliflozin",,A10BD25,A10BD25
metformin and lobeglitazone,,A10BD26,A10BD26
"metformin, linagliptin and empagliflozin",,A10BD27,A10BD27
metformin and teneligliptin,,A10BD28,A10BD28
sitagliptin and dapagliflozin,,A10BD29,A10BD29
acarbose,,A10BF01,A10BF01
miglitol,,A10BF02,A10BF02
voglibose,,A10BF03,A10BF03
troglitazone,,A10BG01,A10BG01
rosiglitazone,,A10BG02,A10BG02
pioglitazone,,A10BG03,A10BG03
lobeglitazone,,A10BG04,A10BG04
sitagliptin,,A10BH01,A10BH01
vildagliptin,,A10BH02,A10BH02
saxagliptin,,A10BH03,A10BH03
alogliptin,,A10BH04,A10BH04
linagliptin,,A10BH05,A10BH05
gemigliptin,,A10BH06,A10BH06
evogliptin,,A10BH07,A10BH07
teneligliptin,,A10BH08,A10BH08
sitagliptin and simvastatin,,A10BH51,A10BH51
gemigliptin and rosuvastatin,,A10BH52,A10BH52
exenatide,,A10BJ01,A10BJ01
liraglutide,,A10BJ02,A10BJ02
lixisenatide,,A10BJ03,A10BJ03
albiglutide,,A10BJ04,A10BJ04
dulaglutide,,A10BJ05,A10BJ05
semaglutide,,A10BJ06,A10BJ06
beinaglutide,,A10BJ07,A10BJ07
dapagliflozin,,A10BK01,A10BK01
canagliflozin,,A10BK02,A10BK02
empagliflozin,,A10BK03,A10BK03
ertugliflozin,,A10BK04,A10BK04
ipragliflozin,,A10BK05,A10BK05
sotagliflozin,,A10BK06,A10BK06
luseogliflozin,,A10BK07,A10BK07
bexagliflozin,,A10BK08,A10BK08
guar gum,,A10BX01,A10BX01
repaglinide,,A10BX02,A10BX02
nateglinide,,A10BX03,A10BX03
pramlintide,,A10BX05,A10BX05
benfluorex,,A10BX06,A10BX06
mitiglinide,,A10BX08,A10BX08
imeglimin,,A10BX15,A10BX15
tirzepatide,,A10BX16,A10BX16
carfloglitazar,,A10BX17,A10BX17
dorzagliatin,,A10BX18,A10BX18
tolrestat,,A10XA01,A10XA01
teplizumab,,A10XX01,A10XX01
multivitamins and iron,,A11AA01,A11AA01
multivitamins and calcium,,A11AA02,A11AA02
"multivitamins and other minerals, incl. combinations",,A11AA03,A11AA03
multivitamins and trace elements,,A11AA04,A11AA04
retinol (vit A),,A11CA01,A11CA01
betacarotene,,A11CA02,A11CA02;D02BB01
ergocalciferol,,A11CC01,A11CC01
dihydrotachysterol,,A11CC02,A11CC02
alfacalcidol,,A11CC03,A11CC03
calcitriol,,A11CC04,A11CC04;D05AX03
colecalciferol,,A11CC05,A11CC05
calcifediol,,A11CC06,A11CC06;H05BX05
"colecalciferol, combinations",,A11CC55,A11CC55
thiamine (vit B1),,A11DA01,A11DA01
sulbutiamine,,A11DA02,A11DA02
benfotiamine,,A11DA03,A11DA03
ascorbic acid (vit C),,A11GA01,A11GA01
ascorbic acid (vit C) and calcium,,A11GB01,A11GB01
nicotinamide,,A11HA01,A11HA01
pyridoxine (vit B6),,A11HA02,A11HA02
tocopherol (vit E),,A11HA03,A11HA03
riboflavin (vit B2),,A11HA04,A11HA04
biotin,,A11HA05,A11HA05
pyridoxal phosphate,,A11HA06,A11HA06
inositol,,A11HA07,A11HA07
tocofersolan,,A11HA08,A11HA08
dexpanthenol,,A11HA30,A11HA30;D03AX03;S01XA12
calcium pantothenate,,A11HA31,A11HA31;D03AX04
pantethine,,A11HA32,A11HA32
calcium phosphate,,A12AA01,A12AA01
calcium glubionate,,A12AA02,A12AA02
calcium gluconate,,A12AA03,A12AA03;B05XA19;D11AX03
calcium lactate,,A12AA05,A12AA05
calcium lactate gluconate,,A12AA06,A12AA06
calcium chloride,,A12AA07,A12AA07;B05XA07;G04BA03
calcium glycerylphosphate,,A12AA08,A12AA08
calcium citrate lysine complex,,A12AA09,A12AA09
calcium glucoheptonate,,A12AA10,A12AA10
calcium pangamate,,A12AA11,A12AA11
calcium citrate,,A12AA13,A12AA13
calcium (different salts in combination),,A12AA20,A12AA20
calcium laevulate,,A12AA30,A12AA30
potassium chloride,,A12BA01,A12BA01;B05XA01
potassium citrate,,A12BA02,A12BA02
potassium hydrogentartrate,,A12BA03,A12BA03
potassium hydrogencarbonate,,A12BA04,A12BA04
potassium gluconate,,A12BA05,A12BA05
potassium (different salts in combination),,A12BA30,A12BA30
"potassium chloride, combinations",,A12BA51,A12BA51
sodium chloride,,A12CA01,A12CA01;B05CB01;B05XA03
zinc sulfate,,A12CB01,A12CB01;B05XA18
zinc gluconate,,A12CB02,A12CB02
zinc protein complex,,A12CB03,A12CB03
magnesium chloride,,A12CC01,A12CC01;B05XA11
magnesium gluconate,,A12CC03,A12CC03
magnesium aspartate,,A12CC05,A12CC05
magnesium lactate,,A12CC06,A12CC06
magnesium levulinate,,A12CC07,A12CC07
magnesium pidolate,,A12CC08,A12CC08
magnesium orotate,,A12CC09,A12CC09
magnesium (different salts in combination),,A12CC30,A12CC30
"fluoride, combinations",,A12CD51,A12CD51
sodium selenate,,A12CE01,A12CE01
sodium selenite,,A12CE02,A12CE02;B05XA20
androstanolone,,A14AA01,A14AA01;G03BB02
stanozolol,,A14AA02,A14AA02
metandienone,,A14AA03,A14AA03;D11AE01
metenolone,,A14AA04,A14AA04
oxymetholone,,A14AA05,A14AA05
quinbolone,,A14AA06,A14AA06
prasterone,,A14AA07,A14AA07;G03XX01
oxandrolone,,A14AA08,A14AA08
norethandrolone,,A14AA09,A14AA09
nandrolone,,A14AB01,A14AB01;S01XA11
ethylestrenol,,A14AB02,A14AB02
oxabolone cipionate,,A14AB03,A14AB03
levocarnitine,,A16AA01,A16AA01
ademetionine,,A16AA02,A16AA02
glutamine,,A16AA03,A16AA03
mercaptamine,,A16AA04,A16AA04;S01XA21
carglumic acid,,A16AA05,A16AA05
betaine,,A16AA06,A16AA06
metreleptin,,A16AA07,A16AA07
alglucerase,,A16AB01,A16AB01
imiglucerase,,A16AB02,A16AB02
agalsidase alfa,,A16AB03,A16AB03
agalsidase beta,,A16AB04,A16AB04
laronidase,,A16AB05,A16AB05
sacrosidase,,A16AB06,A16AB06
alglucosidase alfa,,A16AB07,A16AB07
galsulfase,,A16AB08,A16AB08
idursulfase,,A16AB09,A16AB09
velaglucerase alfa,,A16AB10,A16AB10
taliglucerase alfa,,A16AB11,A16AB11
elosulfase alfa,,A16AB12,A16AB12
asfotase alfa,,A16AB13,A16AB13
sebelipase alfa,,A16AB14,A16AB14
velmanase alfa,,A16AB15,A16AB15
idursulfase beta,,A16AB16,A16AB16
cerliponase alfa,,A16AB17,A16AB17
vestronidase alfa,,A16AB18,A16AB18
pegvaliase,,A16AB19,A16AB19
pegunigalsidase alfa,,A16AB20,A16AB20
atidarsagene autotemcel,,A16AB21,A16AB21
avalglucosidase alfa,,A16AB22,A16AB22
cipaglucosidase alfa,,A16AB23,A16AB23
pegzilarginase,,A16AB24,A16AB24
olipudase alfa,,A16AB25,A16AB25
eladocagene exuparvovec,,A16AB26,A16AB26
pabinafusp alfa,,A16AB27,A16AB27
thioctic acid,,A16AX01,A16AX01
anethole trithione,,A16AX02,A16AX02
sodium phenylbutyrate,,A16AX03,A16AX03
nitisinone,,A16AX04,A16AX04
zinc acetate,,A16AX05,A16AX05
miglustat,,A16AX06,A16AX06
sapropterin,,A16AX07,A16AX07
teduglutide,,A16AX08,A16AX08
glycerol phenylbutyrate,,A16AX09,A16AX09
eliglustat,,A16AX10,A16AX10
sodium benzoate,,A16AX11,A16AX11
trientine,,A16AX12,A16AX12
uridine triacetate,,A16AX13,A16AX13
migalastat,,A16AX14,A16AX14
telotristat,,A16AX15,A16AX15
givosiran,,A16AX16,A16AX16
triheptanoin,,A16AX17,A16AX17
lumasiran,,A16AX18,A16AX18
fosdenopterin,,A16AX19,A16AX19
lonafarnib,,A16AX20,A16AX20
elivaldogene autotemcel,,A16AX21,A16AX21
tiomolibdic acid,,A16AX22,A16AX22
leriglitazone,,A16AX23,A16AX23
sodium benzoate and sodium phenylacetate,,A16AX30,A16AX30
dicoumarol,,B01AA01,B01AA01
phenindione,,B01AA02,B01AA02
warfarin,,B01AA03,B01AA03
phenprocoumon,,B01AA04,B01AA04
acenocoumarol,,B01AA07,B01AA07
ethyl biscoumacetate,,B01AA08,B01AA08
clorindione,,B01AA09,B01AA09
diphenadione,,B01AA10,B01AA10
tioclomarol,,B01AA11,B01AA11
fluindione,,B01AA12,B01AA12
heparin,,B01AB01,B01AB01;C05BA03;S01XA14
antithrombin III,,B01AB02,B01AB02
dalteparin,,B01AB04,B01AB04
enoxaparin,,B01AB05,B01AB05
nadroparin,,B01AB06,B01AB06
parnaparin,,B01AB07,B01AB07
reviparin,,B01AB08,B01AB08
danaparoid,,B01AB09,B01AB09
tinzaparin,,B01AB10,B01AB10
sulodexide,,B01AB11,B01AB11
bemiparin,,B01AB12,B01AB12
"heparin, combinations",,B01AB51,B01AB51;C05BA53
ditazole,,B01AC01,B01AC01
cloricromen,,B01AC02,B01AC02
picotamide,,B01AC03,B01AC03
clopidogrel,,B01AC04,B01AC04
ticlopidine,,B01AC05,B01AC05
dipyridamole,,B01AC07,B01AC07
carbasalate calcium,,B01AC08,B01AC08;N02BA15
epoprostenol,,B01AC09,B01AC09
indobufen,,B01AC10,B01AC10
iloprost,,B01AC11,B01AC11
abciximab,,B01AC13,B01AC13
aloxiprin,,B01AC15,B01AC15;N02BA02
eptifibatide,,B01AC16,B01AC16
tirofiban,,B01AC17,B01AC17
triflusal,,B01AC18,B01AC18
beraprost,,B01AC19,B01AC19
treprostinil,,B01AC21,B01AC21
prasugrel,,B01AC22,B01AC22
cilostazol,,B01AC23,B01AC23
ticagrelor,,B01AC24,B01AC24
cangrelor,,B01AC25,B01AC25
vorapaxar,,B01AC26,B01AC26
selexipag,,B01AC27,B01AC27
limaprost,,B01AC28,B01AC28
"acetylsalicylic acid, combinations with proton pump inhibitors",,B01AC56,B01AC56
streptokinase,,B01AD01,B01AD01
alteplase,,B01AD02,B01AD02;S01XA13
anistreplase,,B01AD03,B01AD03
urokinase,,B01AD04,B01AD04
fibrinolysin,,B01AD05,B01AD05
brinase,,B01AD06,B01AD06
reteplase,,B01AD07,B01AD07
saruplase,,B01AD08,B01AD08
ancrod,,B01AD09,B01AD09
drotrecogin alfa (activated),,B01AD10,B01AD10
tenecteplase,,B01AD11,B01AD11
protein C,,B01AD12,B01AD12
apadamtase alfa and cinaxadamtase alfa,,B01AD13,B01AD13
desirudin,,B01AE01,B01AE01
lepirudin,,B01AE02,B01AE02
argatroban,,B01AE03,B01AE03
melagatran,,B01AE04,B01AE04
ximelagatran,,B01AE05,B01AE05
bivalirudin,,B01AE06,B01AE06
dabigatran etexilate,,B01AE07,B01AE07
rivaroxaban,,B01AF01,B01AF01
apixaban,,B01AF02,B01AF02
edoxaban,,B01AF03,B01AF03
betrixaban,,B01AF04,B01AF04
rivaroxaban and acetylsalicylic acid,,B01AF51,B01AF51
defibrotide,,B01AX01,B01AX01
dermatan sulfate,,B01AX04,B01AX04
fondaparinux,,B01AX05,B01AX05
caplacizumab,,B01AX07,B01AX07
aminocaproic acid,,B02AA01,B02AA01
tranexamic acid,,B02AA02,B02AA02
aminomethylbenzoic acid,,B02AA03,B02AA03
aprotinin,,B02AB01,B02AB01
alfa1 antitrypsin,,B02AB02,B02AB02
camostat,,B02AB04,B02AB04
ulinastatin,,B02AB05,B02AB05
phytomenadione,,B02BA01,B02BA01
menadione,,B02BA02,B02BA02
"fibrinogen, human",,B02BB01,B02BB01
absorbable gelatin sponge,,B02BC01,B02BC01
oxidized cellulose,,B02BC02,B02BC02
tetragalacturonic acid hydroxymethylester,,B02BC03,B02BC03
thrombin,,B02BC06,B02BC06;B02BD30
collagen,,B02BC07,B02BC07;G04BX11
calcium alginate,,B02BC08,B02BC08
"coagulation factor IX, II, VII and X in combination",,B02BD01,B02BD01
coagulation factor VIII,,B02BD02,B02BD02
factor VIII inhibitor bypassing activity,,B02BD03,B02BD03
coagulation factor IX,,B02BD04,B02BD04
coagulation factor VII,,B02BD05,B02BD05
von Willebrand factor and coagulation factor VIII in combination,,B02BD06,B02BD06
coagulation factor XIII,,B02BD07,B02BD07
coagulation factor VIIa,,B02BD08,B02BD08
von Willebrand factor,,B02BD10,B02BD10
catridecacog,,B02BD11,B02BD11
coagulation factor X,,B02BD13,B02BD13
susoctocog alfa,,B02BD14,B02BD14
valoctocogene roxaparvovec,,B02BD15,B02BD15
etranacogene dezaparvovec,,B02BD16,B02BD16
etamsylate,,B02BX01,B02BX01
carbazochrome,,B02BX02,B02BX02
batroxobin,,B02BX03,B02BX03
romiplostim,,B02BX04,B02BX04
eltrombopag,,B02BX05,B02BX05
emicizumab,,B02BX06,B02BX06
lusutrombopag,,B02BX07,B02BX07
avatrombopag,,B02BX08,B02BX08
fostamatinib,,B02BX09,B02BX09
concizumab,,B02BX10,B02BX10
ferrous glycine sulfate,,B03AA01,B03AA01
ferrous fumarate,,B03AA02,B03AA02
ferrous gluconate,,B03AA03,B03AA03
ferrous carbonate,,B03AA04,B03AA04
ferrous chloride,,B03AA05,B03AA05
ferrous succinate,,B03AA06,B03AA06
ferrous sulfate,,B03AA07,B03AA07
ferrous tartrate,,B03AA08,B03AA08
ferrous aspartate,,B03AA09,B03AA09
ferrous ascorbate,,B03AA10,B03AA10
ferrous iodine,,B03AA11,B03AA11
ferrous sodium citrate,,B03AA12,B03AA12
ferric sodium citrate,,B03AB01,B03AB01
saccharated iron oxide,,B03AB02,B03AB02
sodium feredetate,,B03AB03,B03AB03
ferric hydroxide,,B03AB04,B03AB04
ferric oxide polymaltose complexes,,B03AB05,B03AB05
chondroitin sulfate-iron complex,,B03AB07,B03AB07
ferric acetyl transferrin,,B03AB08,B03AB08
ferric proteinsuccinylate,,B03AB09,B03AB09
ferric maltol,,B03AB10,B03AB10
ferrous amino acid complex and folic acid,,B03AD01,B03AD01
ferrous fumarate and folic acid,,B03AD02,B03AD02
ferrous sulfate and folic acid,,B03AD03,B03AD03
ferric oxide polymaltose complexes and folic acid,,B03AD04,B03AD04
ferrous gluconate and folic acid,,B03AD05,B03AD05
"iron, vitamin B12 and folic acid",,B03AE01,B03AE01
"iron, multivitamins and folic acid",,B03AE02,B03AE02
iron and multivitamins,,B03AE03,B03AE03
"iron, multivitamins and minerals",,B03AE04,B03AE04
various combinations,,B03AE10,B03AE10;D10AX30
cyanocobalamin,,B03BA01,B03BA01
cyanocobalamin tannin complex,,B03BA02,B03BA02
hydroxocobalamin,,B03BA03,B03BA03;V03AB33
cobamamide,,B03BA04,B03BA04
mecobalamin,,B03BA05,B03BA05
"cyanocobalamin, combinations",,B03BA51,B03BA51
"hydroxocobalamin, combinations",,B03BA53,B03BA53
folic acid,,B03BB01,B03BB01;V04CX02
"folic acid, combinations",,B03BB51,B03BB51
erythropoietin,,B03XA01,B03XA01
darbepoetin alfa,,B03XA02,B03XA02
methoxy polyethylene glycol-epoetin beta,,B03XA03,B03XA03
peginesatide,,B03XA04,B03XA04
roxadustat,,B03XA05,B03XA05
luspatercept,,B03XA06,B03XA06
daprodustat,,B03XA07,B03XA07
vadadustat,,B03XA08,B03XA08
albumin,,B05AA01,B05AA01
other plasma protein fractions,,B05AA02,B05AA02
fluorocarbon blood substitutes,,B05AA03,B05AA03
dextran,,B05AA05,B05AA05
gelatin agents,,B05AA06,B05AA06
hydroxyethylstarch,,B05AA07,B05AA07
hemoglobin crosfumaril,,B05AA08,B05AA08
hemoglobin raffimer,,B05AA09,B05AA09
hemoglobin glutamer (bovine),,B05AA10,B05AA10
erythrocytes,,B05AX01,B05AX01
thrombocytes,,B05AX02,B05AX02
blood plasma,,B05AX03,B05AX03
stem cells from umbilical cord blood,,B05AX04,B05AX04
amino acids,,B05BA01,B05BA01
fat emulsions,,B05BA02,B05BA02
carbohydrates,,B05BA03,B05BA03
protein hydrolysates,,B05BA04,B05BA04
electrolytes,,B05BB01,B05BB01
electrolytes with carbohydrates,,B05BB02,B05BB02
trometamol,,B05BB03,B05BB03;B05XX02
electrolytes in combination with other drugs,,B05BB04,B05BB04;B05XA31
carbamide,,B05BC02,B05BC02;D02AE01
cetylpyridinium,,B05CA01,B05CA01;D08AJ03;D09AA07;R02AA06
nitrofural,,B05CA03,B05CA03;D08AF01;D09AA03;P01CC02;S01AX04;S02AA02
sulfamethizole,,B05CA04,B05CA04;D06BA04;J01EB02;S01AB01
taurolidine,,B05CA05,B05CA05
mandelic acid,,B05CA06,B05CA06;J01XX06
noxytiolin,,B05CA07,B05CA07
ethacridine lactate,,B05CA08,B05CA08;D08AA01
sodium citrate,,B05CB02,B05CB02
sodium bicarbonate,,B05CB04,B05CB04;B05XA02
glucose,,B05CX01,B05CX01;V04CA02;V06DC01
glycine,,B05CX03,B05CX03
ammonium chloride,,B05XA04,B05XA04;G04BA01
"potassium phosphate, incl. combinations with other potassium salts",,B05XA06,B05XA06
sodium acetate,,B05XA08,B05XA08
magnesium phosphate,,B05XA10,B05XA10
zinc chloride,,B05XA12,B05XA12
sodium glycerophosphate,,B05XA14,B05XA14
potassium lactate,,B05XA15,B05XA15
cardioplegia solutions,,B05XA16,B05XA16
potassium acetate,,B05XA17,B05XA17
combinations of electrolytes,,B05XA30,B05XA30
arginine hydrochloride,,B05XB01,B05XB01
alanyl glutamine,,B05XB02,B05XB02
lysine,,B05XB03,B05XB03
fibrinolysin and desoxyribonuclease,,B06AA02,B06AA02
hyaluronidase,,B06AA03,B06AA03
chymotrypsin,,B06AA04,B06AA04;S01KX01
trypsin,,B06AA07,B06AA07;D03BA01
desoxyribonuclease,,B06AA10,B06AA10
"streptokinase, combinations",,B06AA55,B06AA55
hemin,,B06AB01,B06AB01
"c1-inhibitor, plasma derived",,B06AC01,B06AC01
icatibant,,B06AC02,B06AC02
ecallantide,,B06AC03,B06AC03
conestat alfa,,B06AC04,B06AC04
lanadelumab,,B06AC05,B06AC05
berotralstat,,B06AC06,B06AC06
crizanlizumab,,B06AX01,B06AX01
betibeglogene autotemcel,,B06AX02,B06AX02
voxelotor,,B06AX03,B06AX03
mitapivat,,B06AX04,B06AX04
exagamglogene autotemcel,,B06AX05,B06AX05
acetyldigitoxin,,C01AA01,C01AA01
acetyldigoxin,,C01AA02,C01AA02
digitalis leaves,,C01AA03,C01AA03
digitoxin,,C01AA04,C01AA04
digoxin,,C01AA05,C01AA05
lanatoside C,,C01AA06,C01AA06
deslanoside,,C01AA07,C01AA07
metildigoxin,,C01AA08,C01AA08
gitoformate,,C01AA09,C01AA09
"acetyldigoxin, combinations",,C01AA52,C01AA52
proscillaridin,,C01AB01,C01AB01
"proscillaridin, combinations",,C01AB51,C01AB51
g-strophanthin,,C01AC01,C01AC01
cymarin,,C01AC03,C01AC03
peruvoside,,C01AX02,C01AX02
quinidine,,C01BA01,C01BA01
procainamide,,C01BA02,C01BA02
disopyramide,,C01BA03,C01BA03
sparteine,,C01BA04,C01BA04
ajmaline,,C01BA05,C01BA05
prajmaline,,C01BA08,C01BA08
lorajmine,,C01BA12,C01BA12
hydroquinidine,,C01BA13,C01BA13
"quinidine, combinations excl. psycholeptics",,C01BA51,C01BA51
"quinidine, combinations with psycholeptics",,C01BA71,C01BA71
lidocaine,,C01BB01,C01BB01;C05AD01;D04AB01;N01BB02;R02AD02;S01HA07;S02DA01
mexiletine,,C01BB02,C01BB02
tocainide,,C01BB03,C01BB03
aprindine,,C01BB04,C01BB04
propafenone,,C01BC03,C01BC03
flecainide,,C01BC04,C01BC04
lorcainide,,C01BC07,C01BC07
encainide,,C01BC08,C01BC08
ethacizine,,C01BC09,C01BC09
amiodarone,,C01BD01,C01BD01
bretylium tosilate,,C01BD02,C01BD02
bunaftine,,C01BD03,C01BD03
dofetilide,,C01BD04,C01BD04
ibutilide,,C01BD05,C01BD05
tedisamil,,C01BD06,C01BD06
dronedarone,,C01BD07,C01BD07
moracizine,,C01BG01,C01BG01
cibenzoline,,C01BG07,C01BG07
vernakalant,,C01BG11,C01BG11
etilefrine,,C01CA01,C01CA01
isoprenaline,,C01CA02,C01CA02;R03AB02;R03CB01
norepinephrine,,C01CA03,C01CA03
dopamine,,C01CA04,C01CA04
norfenefrine,,C01CA05,C01CA05
phenylephrine,,C01CA06,C01CA06;C05AX06;R01AA04;R01AB01;R01BA03;S01FB01;S01GA05
dobutamine,,C01CA07,C01CA07
oxedrine,,C01CA08,C01CA08;S01GA06
metaraminol,,C01CA09,C01CA09
methoxamine,,C01CA10,C01CA10
mephentermine,,C01CA11,C01CA11
dimetofrine,,C01CA12,C01CA12
prenalterol,,C01CA13,C01CA13
dopexamine,,C01CA14,C01CA14
gepefrine,,C01CA15,C01CA15
ibopamine,,C01CA16,C01CA16;S01FB03
midodrine,,C01CA17,C01CA17
octopamine,,C01CA18,C01CA18
fenoldopam,,C01CA19,C01CA19
cafedrine,,C01CA21,C01CA21
arbutamine,,C01CA22,C01CA22
theodrenaline,,C01CA23,C01CA23
amezinium metilsulfate,,C01CA25,C01CA25
ephedrine,,C01CA26,C01CA26;R01AA03;R01AB05;R03CA02;S01FB02
droxidopa,,C01CA27,C01CA27
centhaquine,,C01CA28,C01CA28
"etilefrine, combinations",,C01CA51,C01CA51
amrinone,,C01CE01,C01CE01
milrinone,,C01CE02,C01CE02
enoximone,,C01CE03,C01CE03
bucladesine,,C01CE04,C01CE04
angiotensinamide,,C01CX06,C01CX06
xamoterol,,C01CX07,C01CX07
levosimendan,,C01CX08,C01CX08
angiotensin II,,C01CX09,C01CX09
omecamtiv mecarbil,,C01CX10,C01CX10
glyceryl trinitrate,,C01DA02,C01DA02;C05AE01
methylpropylpropanediol dinitrate,,C01DA04,C01DA04
pentaerithrityl tetranitrate,,C01DA05,C01DA05
propatylnitrate,,C01DA07,C01DA07
isosorbide dinitrate,,C01DA08,C01DA08;C05AE02
trolnitrate,,C01DA09,C01DA09
eritrityl tetranitrate,,C01DA13,C01DA13
isosorbide mononitrate,,C01DA14,C01DA14
organic nitrates in combination,,C01DA20,C01DA20
tenitramine,,C01DA38,C01DA38
"glyceryl trinitrate, combinations",,C01DA52,C01DA52
"methylpropylpropanediol dinitrate, combinations",,C01DA54,C01DA54
"pentaerithrityl tetranitrate, combinations",,C01DA55,C01DA55
"propatylnitrate, combinations",,C01DA57,C01DA57
"isosorbide dinitrate, combinations",,C01DA58,C01DA58
"trolnitrate, combinations",,C01DA59,C01DA59
"eritrityl tetranitrate, combinations",,C01DA63,C01DA63
organic nitrates in combination with psycholeptics,,C01DA70,C01DA70
flosequinan,,C01DB01,C01DB01
itramin tosilate,,C01DX01,C01DX01
prenylamine,,C01DX02,C01DX02
oxyfedrine,,C01DX03,C01DX03
benziodarone,,C01DX04,C01DX04
carbocromen,,C01DX05,C01DX05
hexobendine,,C01DX06,C01DX06
etafenone,,C01DX07,C01DX07
heptaminol,,C01DX08,C01DX08
imolamine,,C01DX09,C01DX09
dilazep,,C01DX10,C01DX10
trapidil,,C01DX11,C01DX11
molsidomine,,C01DX12,C01DX12
efloxate,,C01DX13,C01DX13
cinepazet,,C01DX14,C01DX14
cloridarol,,C01DX15,C01DX15
nicorandil,,C01DX16,C01DX16
linsidomine,,C01DX18,C01DX18
nesiritide,,C01DX19,C01DX19
serelaxin,,C01DX21,C01DX21
vericiguat,,C01DX22,C01DX22
"itramin tosilate, combinations",,C01DX51,C01DX51
"prenylamine, combinations",,C01DX52,C01DX52
"oxyfedrine, combinations",,C01DX53,C01DX53
"benziodarone, combinations",,C01DX54,C01DX54
alprostadil,,C01EA01,C01EA01;G04BE01
camphora,,C01EB02,C01EB02
indometacin,,C01EB03,C01EB03;M01AB01;M02AA23;S01BC01
crataegus glycosides,,C01EB04,C01EB04
creatinolfosfate,,C01EB05,C01EB05
fosfocreatine,,C01EB06,C01EB06
"fructose 1,6-diphosphate",,C01EB07,C01EB07
ubidecarenone,,C01EB09,C01EB09
adenosine,,C01EB10,C01EB10
tiracizine,,C01EB11,C01EB11
acadesine,,C01EB13,C01EB13
trimetazidine,,C01EB15,C01EB15
ibuprofen,,C01EB16,C01EB16;G02CC01;M01AE01;M02AA13;R02AX02
ivabradine,,C01EB17,C01EB17
ranolazine,,C01EB18,C01EB18
regadenoson,,C01EB21,C01EB21
meldonium,,C01EB22,C01EB22
tiazotic acid,,C01EB23,C01EB23
mavacamten,,C01EB24,C01EB24
rescinnamine,,C02AA01,C02AA01
reserpine,,C02AA02,C02AA02
combinations of rauwolfia alkaloids,,C02AA03,C02AA03
"rauwolfia alkaloids, whole root",,C02AA04,C02AA04
deserpidine,,C02AA05,C02AA05
methoserpidine,,C02AA06,C02AA06
bietaserpine,,C02AA07,C02AA07
"reserpine, combinations",,C02AA52,C02AA52
"combinations of rauwolfia alkoloids, combinations",,C02AA53,C02AA53
"bietaserpine, combinations",,C02AA57,C02AA57
methyldopa (levorotatory),,C02AB01,C02AB01
methyldopa (racemic),,C02AB02,C02AB02
clonidine,,C02AC01,C02AC01;N02CX02;S01EA04
guanfacine,,C02AC02,C02AC02
tolonidine,,C02AC04,C02AC04
moxonidine,,C02AC05,C02AC05
rilmenidine,,C02AC06,C02AC06
trimetaphan,,C02BA01,C02BA01
mecamylamine,,C02BB01,C02BB01
prazosin,,C02CA01,C02CA01
indoramin,,C02CA02,C02CA02
trimazosin,,C02CA03,C02CA03
doxazosin,,C02CA04,C02CA04
urapidil,,C02CA06,C02CA06
betanidine,,C02CC01,C02CC01
guanethidine,,C02CC02,C02CC02;S01EX01
guanoxan,,C02CC03,C02CC03
debrisoquine,,C02CC04,C02CC04
guanoclor,,C02CC05,C02CC05
guanazodine,,C02CC06,C02CC06
guanoxabenz,,C02CC07,C02CC07
diazoxide,,C02DA01,C02DA01;V03AH01
dihydralazine,,C02DB01,C02DB01
hydralazine,,C02DB02,C02DB02
endralazine,,C02DB03,C02DB03
cadralazine,,C02DB04,C02DB04
minoxidil,,C02DC01,C02DC01;D11AX01
nitroprusside,,C02DD01,C02DD01
pinacidil,,C02DG01,C02DG01
veratrum,,C02KA01,C02KA01
metirosine,,C02KB01,C02KB01
pargyline,,C02KC01,C02KC01
ketanserin,,C02KD01,C02KD01
aprocitentan,,C02KN01,C02KN01
bosentan,,C02KX01,C02KX01
ambrisentan,,C02KX02,C02KX02
sitaxentan,,C02KX03,C02KX03
macitentan,,C02KX04,C02KX04
riociguat,,C02KX05,C02KX05
ambrisentan and tadalafil,,C02KX52,C02KX52
macitentan and tadalafil,,C02KX54,C02KX54
reserpine and diuretics,,C02LA01,C02LA01
rescinnamine and diuretics,,C02LA02,C02LA02
deserpidine and diuretics,,C02LA03,C02LA03
methoserpidine and diuretics,,C02LA04,C02LA04
bietaserpine and diuretics,,C02LA07,C02LA07
"rauwolfia alkaloids, whole root and diuretics",,C02LA08,C02LA08
syrosingopine and diuretics,,C02LA09,C02LA09
combination of rauwolfia alkaloids and diuretics incl. other combinations,,C02LA50,C02LA50
"reserpine and diuretics, combinations with other drugs",,C02LA51,C02LA51
"rescinnamine and diuretics, combinations with other drugs",,C02LA52,C02LA52
"reserpine and diuretics, combinations with psycholeptics",,C02LA71,C02LA71
methyldopa (levorotatory) and diuretics,,C02LB01,C02LB01
clonidine and diuretics,,C02LC01,C02LC01
moxonidine and diuretics,,C02LC05,C02LC05
"clonidine and diuretics, combinations with other drugs",,C02LC51,C02LC51
prazosin and diuretics,,C02LE01,C02LE01
guanethidine and diuretics,,C02LF01,C02LF01
dihydralazine and diuretics,,C02LG01,C02LG01
hydralazine and diuretics,,C02LG02,C02LG02
picodralazine and diuretics,,C02LG03,C02LG03
"dihydralazine and diuretics, combinations with other drugs",,C02LG51,C02LG51
"picodralazine and diuretics, combinations with psycholeptics",,C02LG73,C02LG73
veratrum and diuretics,,C02LK01,C02LK01
pargyline and diuretics,,C02LL01,C02LL01
pinacidil and diuretics,,C02LX01,C02LX01
bendroflumethiazide,,C03AA01,C03AA01
hydroflumethiazide,,C03AA02,C03AA02
hydrochlorothiazide,,C03AA03,C03AA03
chlorothiazide,,C03AA04,C03AA04
polythiazide,,C03AA05,C03AA05
trichlormethiazide,,C03AA06,C03AA06
cyclopenthiazide,,C03AA07,C03AA07
methyclothiazide,,C03AA08,C03AA08
cyclothiazide,,C03AA09,C03AA09
mebutizide,,C03AA13,C03AA13
bendroflumethiazide and potassium,,C03AB01,C03AB01
hydroflumethiazide and potassium,,C03AB02,C03AB02
hydrochlorothiazide and potassium,,C03AB03,C03AB03
chlorothiazide and potassium,,C03AB04,C03AB04
polythiazide and potassium,,C03AB05,C03AB05
trichlormethiazide and potassium,,C03AB06,C03AB06
cyclopenthiazide and potassium,,C03AB07,C03AB07
methyclothiazide and potassium,,C03AB08,C03AB08
cyclothiazide and potassium,,C03AB09,C03AB09
"chlorothiazide, combinations",,C03AH01,C03AH01
"hydroflumethiazide, combinations",,C03AH02,C03AH02
"hydrochlorothiazide, combinations",,C03AX01,C03AX01
quinethazone,,C03BA02,C03BA02
clopamide,,C03BA03,C03BA03
chlortalidone,,C03BA04,C03BA04
mefruside,,C03BA05,C03BA05
clofenamide,,C03BA07,C03BA07
metolazone,,C03BA08,C03BA08
meticrane,,C03BA09,C03BA09
xipamide,,C03BA10,C03BA10
indapamide,,C03BA11,C03BA11
clorexolone,,C03BA12,C03BA12
fenquizone,,C03BA13,C03BA13
"clorexolone, combinations with psycholeptics",,C03BA82,C03BA82
quinethazone and potassium,,C03BB02,C03BB02
clopamide and potassium,,C03BB03,C03BB03
chlortalidone and potassium,,C03BB04,C03BB04
mefruside and potassium,,C03BB05,C03BB05
clofenamide and potassium,,C03BB07,C03BB07
mersalyl,,C03BC01,C03BC01
theobromine,,C03BD01,C03BD01;R03DA07
cicletanine,,C03BX03,C03BX03
furosemide,,C03CA01,C03CA01
bumetanide,,C03CA02,C03CA02
piretanide,,C03CA03,C03CA03
torasemide,,C03CA04,C03CA04
furosemide and potassium,,C03CB01,C03CB01
bumetanide and potassium,,C03CB02,C03CB02
etacrynic acid,,C03CC01,C03CC01
tienilic acid,,C03CC02,C03CC02
muzolimine,,C03CD01,C03CD01
etozolin,,C03CX01,C03CX01
spironolactone,,C03DA01,C03DA01
potassium canrenoate,,C03DA02,C03DA02
canrenone,,C03DA03,C03DA03
eplerenone,,C03DA04,C03DA04
finerenone,,C03DA05,C03DA05
amiloride,,C03DB01,C03DB01
triamterene,,C03DB02,C03DB02
hydrochlorothiazide and potassium-sparing agents,,C03EA01,C03EA01
trichlormethiazide and potassium-sparing agents,,C03EA02,C03EA02
epitizide and potassium-sparing agents,,C03EA03,C03EA03
altizide and potassium-sparing agents,,C03EA04,C03EA04
mebutizide and potassium-sparing agents,,C03EA05,C03EA05
chlortalidone and potassium-sparing agents,,C03EA06,C03EA06
cyclopenthiazide and potassium-sparing agents,,C03EA07,C03EA07
metolazone and potassium-sparing agents,,C03EA12,C03EA12
bendroflumethiazide and potassium-sparing agents,,C03EA13,C03EA13
butizide and potassium-sparing agents,,C03EA14,C03EA14
furosemide and potassium-sparing agents,,C03EB01,C03EB01
bumetanide and potassium-sparing agents,,C03EB02,C03EB02
tolvaptan,,C03XA01,C03XA01
conivaptan,,C03XA02,C03XA02
isoxsuprine,,C04AA01,C04AA01
buphenine,,C04AA02,C04AA02;G02CA02
bamethan,,C04AA31,C04AA31
phentolamine,,C04AB01,C04AB01;V03AB36
tolazoline,,C04AB02,C04AB02;M02AX02
nicotinic acid,,C04AC01,C04AC01;C10AD02
nicotinyl alcohol (pyridylcarbinol),,C04AC02,C04AC02;C10AD05
inositol nicotinate,,C04AC03,C04AC03
ciclonicate,,C04AC07,C04AC07
pentifylline,,C04AD01,C04AD01
xantinol nicotinate,,C04AD02,C04AD02
pentoxifylline,,C04AD03,C04AD03
etofylline nicotinate,,C04AD04,C04AD04
ergoloid mesylates,,C04AE01,C04AE01
nicergoline,,C04AE02,C04AE02
dihydroergocristine,,C04AE04,C04AE04
"ergoloid mesylates, combinations",,C04AE51,C04AE51
"dihydroergocristine, combinations",,C04AE54,C04AE54
kallidinogenase,,C04AF01,C04AF01
cyclandelate,,C04AX01,C04AX01
phenoxybenzamine,,C04AX02,C04AX02
vincamine,,C04AX07,C04AX07
moxisylyte,,C04AX10,C04AX10;G04BE06
bencyclane,,C04AX11,C04AX11
vinburnine,,C04AX17,C04AX17
suloctidil,,C04AX19,C04AX19
buflomedil,,C04AX20,C04AX20
naftidrofuryl,,C04AX21,C04AX21
butalamine,,C04AX23,C04AX23
visnadine,,C04AX24,C04AX24
cetiedil,,C04AX26,C04AX26
cinepazide,,C04AX27,C04AX27
ifenprodil,,C04AX28,C04AX28
azapetine,,C04AX30,C04AX30
fasudil,,C04AX32,C04AX32
clazosentan,,C04AX33,C04AX33
fluorometholone,,C05AA06,C05AA06;D07AB06;D07XB04;D10AA01;S01BA07;S01CB05
fluocortolone,,C05AA08,C05AA08;D07AC05;D07XC05;H02AB03
fluocinolone acetonide,,C05AA10,C05AA10;D07AC04;S01BA15;S02BA08
fluocinonide,,C05AA11,C05AA11;D07AC08
tetracaine,,C05AD02,C05AD02;D04AB06;N01BA03;S01HA03
benzocaine,,C05AD03,C05AD03;D04AB04;N01BA05;R02AD01
cinchocaine,,C05AD04,C05AD04;D04AB02;N01BB06;S01HA06;S02DA04
procaine,,C05AD05,C05AD05;N01BA02;S01HA05
oxetacaine,,C05AD06,C05AD06
pramocaine,,C05AD07,C05AD07;D04AB07
diltiazem,,C05AE03,C05AE03;C08DB01
aluminium preparations,,C05AX01,C05AX01
"bismuth preparations, combinations",,C05AX02,C05AX02
"other preparations, combinations",,C05AX03,C05AX03
zinc preparations,,C05AX04,C05AX04
tribenoside,,C05AX05,C05AX05;C05CX01
organo-heparinoid,,C05BA01,C05BA01
sodium apolate,,C05BA02,C05BA02
pentosan polysulfate sodium,,C05BA04,C05BA04;G04BX15
"heparinoid, combinations",,C05BA51,C05BA51
monoethanolamine oleate,,C05BB01,C05BB01
polidocanol,,C05BB02,C05BB02
invert sugar,,C05BB03,C05BB03
sodium tetradecyl sulfate,,C05BB04,C05BB04
phenol,,C05BB05,C05BB05;D08AE03;N01BX03;R02AA19
"glucose, combinations",,C05BB56,C05BB56
calcium dobesilate,,C05BX01,C05BX01
"calcium dobesilate, combinations",,C05BX51,C05BX51
rutoside,,C05CA01,C05CA01
monoxerutin,,C05CA02,C05CA02
diosmin,,C05CA03,C05CA03
troxerutin,,C05CA04,C05CA04
hidrosmin,,C05CA05,C05CA05
"rutoside, combinations",,C05CA51,C05CA51
"diosmin, combinations",,C05CA53,C05CA53
"troxerutin, combinations",,C05CA54,C05CA54
naftazone,,C05CX02,C05CX02
Hippocastani semen,,C05CX03,C05CX03
beperminogene perplasmid,,C05XX01,C05XX01
alprenolol,,C07AA01,C07AA01
oxprenolol,,C07AA02,C07AA02
pindolol,,C07AA03,C07AA03
propranolol,,C07AA05,C07AA05
timolol,,C07AA06,C07AA06;S01ED01
sotalol,,C07AA07,C07AA07
nadolol,,C07AA12,C07AA12
mepindolol,,C07AA14,C07AA14
carteolol,,C07AA15,C07AA15;S01ED05
tertatolol,,C07AA16,C07AA16
bopindolol,,C07AA17,C07AA17
bupranolol,,C07AA19,C07AA19
penbutolol,,C07AA23,C07AA23
cloranolol,,C07AA27,C07AA27
practolol,,C07AB01,C07AB01
metoprolol,,C07AB02,C07AB02
atenolol,,C07AB03,C07AB03
acebutolol,,C07AB04,C07AB04
betaxolol,,C07AB05,C07AB05;S01ED02
bevantolol,,C07AB06,C07AB06
bisoprolol,,C07AB07,C07AB07
celiprolol,,C07AB08,C07AB08
esmolol,,C07AB09,C07AB09
epanolol,,C07AB10,C07AB10
s-atenolol,,C07AB11,C07AB11
nebivolol,,C07AB12,C07AB12
talinolol,,C07AB13,C07AB13
landiolol,,C07AB14,C07AB14
labetalol,,C07AG01,C07AG01
carvedilol,,C07AG02,C07AG02
oxprenolol and thiazides,,C07BA02,C07BA02
propranolol and thiazides,,C07BA05,C07BA05
timolol and thiazides,,C07BA06,C07BA06
sotalol and thiazides,,C07BA07,C07BA07
nadolol and thiazides,,C07BA12,C07BA12
"metipranolol and thiazides, combinations",,C07BA68,C07BA68
metoprolol and thiazides,,C07BB02,C07BB02
atenolol and thiazides,,C07BB03,C07BB03
acebutolol and thiazides,,C07BB04,C07BB04
bevantolol and thiazides,,C07BB06,C07BB06
bisoprolol and thiazides,,C07BB07,C07BB07
nebivolol and thiazides,,C07BB12,C07BB12
"metoprolol and thiazides, combinations",,C07BB52,C07BB52
labetalol and thiazides,,C07BG01,C07BG01
oxprenolol and other diuretics,,C07CA02,C07CA02
pindolol and other diuretics,,C07CA03,C07CA03
bopindolol and other diuretics,,C07CA17,C07CA17
penbutolol and other diuretics,,C07CA23,C07CA23
metoprolol and other diuretics,,C07CB02,C07CB02
atenolol and other diuretics,,C07CB03,C07CB03
"atenolol and other diuretics, combinations",,C07CB53,C07CB53
labetalol and other diuretics,,C07CG01,C07CG01
"timolol, thiazides and other diuretics",,C07DA06,C07DA06
"atenolol, thiazides and other diuretics",,C07DB01,C07DB01
metoprolol and felodipine,,C07FB02,C07FB02
atenolol and nifedipine,,C07FB03,C07FB03
bisoprolol and amlodipine,,C07FB07,C07FB07
nebivolol and amlodipine,,C07FB12,C07FB12
metoprolol and amlodipine,,C07FB13,C07FB13
propranolol and other combinations,,C07FX01,C07FX01
sotalol and acetylsalicylic acid,,C07FX02,C07FX02
metoprolol and acetylsalicylic acid,,C07FX03,C07FX03
bisoprolol and acetylsalicylic acid,,C07FX04,C07FX04
metoprolol and ivabradine,,C07FX05,C07FX05
carvedilol and ivabradine,,C07FX06,C07FX06
amlodipine,,C08CA01,C08CA01
felodipine,,C08CA02,C08CA02
isradipine,,C08CA03,C08CA03
nicardipine,,C08CA04,C08CA04
nifedipine,,C08CA05,C08CA05
nimodipine,,C08CA06,C08CA06
nisoldipine,,C08CA07,C08CA07
nitrendipine,,C08CA08,C08CA08
lacidipine,,C08CA09,C08CA09
nilvadipine,,C08CA10,C08CA10
manidipine,,C08CA11,C08CA11
barnidipine,,C08CA12,C08CA12
lercanidipine,,C08CA13,C08CA13
cilnidipine,,C08CA14,C08CA14
benidipine,,C08CA15,C08CA15
clevidipine,,C08CA16,C08CA16
levamlodipine,,C08CA17,C08CA17
amlodipine and celecoxib,,C08CA51,C08CA51
"nifedipine, combinations",,C08CA55,C08CA55
mibefradil,,C08CX01,C08CX01
verapamil,,C08DA01,C08DA01
gallopamil,,C08DA02,C08DA02
"verapamil, combinations",,C08DA51,C08DA51
fendiline,,C08EA01,C08EA01
bepridil,,C08EA02,C08EA02
lidoflazine,,C08EX01,C08EX01
perhexiline,,C08EX02,C08EX02
nifedipine and diuretics,,C08GA01,C08GA01
amlodipine and diuretics,,C08GA02,C08GA02
captopril,,C09AA01,C09AA01
enalapril,,C09AA02,C09AA02
lisinopril,,C09AA03,C09AA03
perindopril,,C09AA04,C09AA04
ramipril,,C09AA05,C09AA05
quinapril,,C09AA06,C09AA06
benazepril,,C09AA07,C09AA07
cilazapril,,C09AA08,C09AA08
fosinopril,,C09AA09,C09AA09
trandolapril,,C09AA10,C09AA10
spirapril,,C09AA11,C09AA11
delapril,,C09AA12,C09AA12
moexipril,,C09AA13,C09AA13
temocapril,,C09AA14,C09AA14
zofenopril,,C09AA15,C09AA15
imidapril,,C09AA16,C09AA16
captopril and diuretics,,C09BA01,C09BA01
enalapril and diuretics,,C09BA02,C09BA02
lisinopril and diuretics,,C09BA03,C09BA03
perindopril and diuretics,,C09BA04,C09BA04
ramipril and diuretics,,C09BA05,C09BA05
quinapril and diuretics,,C09BA06,C09BA06
benazepril and diuretics,,C09BA07,C09BA07
cilazapril and diuretics,,C09BA08,C09BA08
fosinopril and diuretics,,C09BA09,C09BA09
delapril and diuretics,,C09BA12,C09BA12
moexipril and diuretics,,C09BA13,C09BA13
zofenopril and diuretics,,C09BA15,C09BA15
enalapril and lercanidipine,,C09BB02,C09BB02
lisinopril and amlodipine,,C09BB03,C09BB03
perindopril and amlodipine,,C09BB04,C09BB04
ramipril and felodipine,,C09BB05,C09BB05
enalapril and nitrendipine,,C09BB06,C09BB06
ramipril and amlodipine,,C09BB07,C09BB07
trandolapril and verapamil,,C09BB10,C09BB10
delapril and manidipine,,C09BB12,C09BB12
benazepril and amlodipine,,C09BB13,C09BB13
"perindopril, amlodipine and indapamide",,C09BX01,C09BX01
perindopril and bisoprolol,,C09BX02,C09BX02
"ramipril, amlodipine and hydrochlorothiazide",,C09BX03,C09BX03
"perindopril, bisoprolol and amlodipine",,C09BX04,C09BX04
ramipril and bisoprolol,,C09BX05,C09BX05
"perindopril, bisoprolol, amlodipine and indapamide",,C09BX06,C09BX06
zofenopril and nebivolol,,C09BX07,C09BX07
losartan,,C09CA01,C09CA01
eprosartan,,C09CA02,C09CA02
valsartan,,C09CA03,C09CA03
irbesartan,,C09CA04,C09CA04
tasosartan,,C09CA05,C09CA05
candesartan,,C09CA06,C09CA06
telmisartan,,C09CA07,C09CA07
olmesartan medoxomil,,C09CA08,C09CA08
azilsartan medoxomil,,C09CA09,C09CA09
fimasartan,,C09CA10,C09CA10
losartan and diuretics,,C09DA01,C09DA01
eprosartan and diuretics,,C09DA02,C09DA02
valsartan and diuretics,,C09DA03,C09DA03
irbesartan and diuretics,,C09DA04,C09DA04
candesartan and diuretics,,C09DA06,C09DA06
telmisartan and diuretics,,C09DA07,C09DA07
olmesartan medoxomil and diuretics,,C09DA08,C09DA08
azilsartan medoxomil and diuretics,,C09DA09,C09DA09
fimasartan and diuretics,,C09DA10,C09DA10
valsartan and amlodipine,,C09DB01,C09DB01
olmesartan medoxomil and amlodipine,,C09DB02,C09DB02
telmisartan and amlodipine,,C09DB04,C09DB04
irbesartan and amlodipine,,C09DB05,C09DB05
losartan and amlodipine,,C09DB06,C09DB06
candesartan and amlodipine,,C09DB07,C09DB07
valsartan and lercanidipine,,C09DB08,C09DB08
fimasartan and amlodipine,,C09DB09,C09DB09
"valsartan, amlodipine and hydrochlorothiazide",,C09DX01,C09DX01
valsartan and aliskiren,,C09DX02,C09DX02
"olmesartan medoxomil, amlodipine and hydrochlorothiazide",,C09DX03,C09DX03
valsartan and sacubitril,,C09DX04,C09DX04
valsartan and nebivolol,,C09DX05,C09DX05
"candesartan, amlodipine and hydrochlorothiazide",,C09DX06,C09DX06
"irbesartan, amlodipine and hydrochlorothiazide",,C09DX07,C09DX07
"telmisartan, amlodipine and hydrochlorothiazide",,C09DX08,C09DX08
remikiren,,C09XA01,C09XA01
aliskiren,,C09XA02,C09XA02
aliskiren and hydrochlorothiazide,,C09XA52,C09XA52
aliskiren and amlodipine,,C09XA53,C09XA53
"aliskiren, amlodipine and hydrochlorothiazide",,C09XA54,C09XA54
simvastatin,,C10AA01,C10AA01
lovastatin,,C10AA02,C10AA02
pravastatin,,C10AA03,C10AA03
fluvastatin,,C10AA04,C10AA04
atorvastatin,,C10AA05,C10AA05
cerivastatin,,C10AA06,C10AA06
rosuvastatin,,C10AA07,C10AA07
pitavastatin,,C10AA08,C10AA08
clofibrate,,C10AB01,C10AB01
bezafibrate,,C10AB02,C10AB02
aluminium clofibrate,,C10AB03,C10AB03
gemfibrozil,,C10AB04,C10AB04
fenofibrate,,C10AB05,C10AB05
simfibrate,,C10AB06,C10AB06
ronifibrate,,C10AB07,C10AB07
ciprofibrate,,C10AB08,C10AB08
etofibrate,,C10AB09,C10AB09
clofibride,,C10AB10,C10AB10
choline fenofibrate,,C10AB11,C10AB11
pemafibrate,,C10AB12,C10AB12
colestyramine,,C10AC01,C10AC01
colestipol,,C10AC02,C10AC02
colextran,,C10AC03,C10AC03
colesevelam,,C10AC04,C10AC04
niceritrol,,C10AD01,C10AD01
nicofuranose,,C10AD03,C10AD03
aluminium nicotinate,,C10AD04,C10AD04
acipimox,,C10AD06,C10AD06
"nicotinic acid, combinations",,C10AD52,C10AD52
dextrothyroxine,,C10AX01,C10AX01
probucol,,C10AX02,C10AX02
tiadenol,,C10AX03,C10AX03
meglutol,,C10AX05,C10AX05
omega-3-triglycerides incl. other esters and acids,,C10AX06,C10AX06
magnesium pyridoxal 5-phosphate glutamate,,C10AX07,C10AX07
policosanol,,C10AX08,C10AX08
ezetimibe,,C10AX09,C10AX09
alipogene tiparvovec,,C10AX10,C10AX10
mipomersen,,C10AX11,C10AX11
lomitapide,,C10AX12,C10AX12
evolocumab,,C10AX13,C10AX13
alirocumab,,C10AX14,C10AX14
bempedoic acid,,C10AX15,C10AX15
inclisiran,,C10AX16,C10AX16
evinacumab,,C10AX17,C10AX17
volanesorsen,,C10AX18,C10AX18
lovastatin and nicotinic acid,,C10BA01,C10BA01
simvastatin and ezetimibe,,C10BA02,C10BA02
pravastatin and fenofibrate,,C10BA03,C10BA03
simvastatin and fenofibrate,,C10BA04,C10BA04
atorvastatin and ezetimibe,,C10BA05,C10BA05
rosuvastatin and ezetimibe,,C10BA06,C10BA06
rosuvastatin and omega-3 fatty acids,,C10BA07,C10BA07
atorvastatin and omega-3 fatty acids,,C10BA08,C10BA08
rosuvastatin and fenofibrate,,C10BA09,C10BA09
bempedoic acid and ezetimibe,,C10BA10,C10BA10
pravastatin and ezetimibe,,C10BA11,C10BA11
"pravastatin, ezetimibe and fenofibrate",,C10BA12,C10BA12
simvastatin and acetylsalicylic acid,,C10BX01,C10BX01
pravastatin and acetylsalicylic acid,,C10BX02,C10BX02
atorvastatin and amlodipine,,C10BX03,C10BX03
"simvastatin, acetylsalicylic acid and ramipril",,C10BX04,C10BX04
rosuvastatin and acetylsalicylic acid,,C10BX05,C10BX05
"atorvastatin, acetylsalicylic acid and ramipril",,C10BX06,C10BX06
"rosuvastatin, amlodipine and lisinopril",,C10BX07,C10BX07
atorvastatin and acetylsalicylic acid,,C10BX08,C10BX08
rosuvastatin and amlodipine,,C10BX09,C10BX09
rosuvastatin and valsartan,,C10BX10,C10BX10
"atorvastatin, amlodipine and perindopril",,C10BX11,C10BX11
"atorvastatin, acetylsalicylic acid and perindopril",,C10BX12,C10BX12
"rosuvastatin, perindopril and indapamide",,C10BX13,C10BX13
"rosuvastatin, amlodipine and perindopril",,C10BX14,C10BX14
atorvastatin and perindopril,,C10BX15,C10BX15
rosuvastatin and fimasartan,,C10BX16,C10BX16
rosuvastatin and ramipril,,C10BX17,C10BX17
"atorvastatin, amlodipine and ramipril",,C10BX18,C10BX18
"atorvastatin, amlodipine and candesartan",,C10BX19,C10BX19
rosuvastatin and telmisartan,,C10BX20,C10BX20
rosuvastatin and perindopril,,C10BX21,C10BX21
hachimycin,,D01AA03,D01AA03;G01AA06;J02AA02
pecilocin,,D01AA04,D01AA04
pyrrolnitrin,,D01AA07,D01AA07
griseofulvin,,D01AA08,D01AA08;D01BA01
econazole,,D01AC03,D01AC03;G01AF05
chlormidazole,,D01AC04,D01AC04
isoconazole,,D01AC05,D01AC05;G01AF07
tiabendazole,,D01AC06,D01AC06;P02CA02
tioconazole,,D01AC07,D01AC07;G01AF08
ketoconazole,,D01AC08,D01AC08;G01AF11;H02CA03;J02AB02
sulconazole,,D01AC09,D01AC09
bifonazole,,D01AC10,D01AC10
oxiconazole,,D01AC11,D01AC11;G01AF17
fenticonazole,,D01AC12,D01AC12;G01AF12
omoconazole,,D01AC13,D01AC13;G01AF16
sertaconazole,,D01AC14,D01AC14;G01AF19
fluconazole,,D01AC15,D01AC15;J02AC01
flutrimazole,,D01AC16,D01AC16;G01AF18
eberconazole,,D01AC17,D01AC17
luliconazole,,D01AC18,D01AC18
efinaconazole,,D01AC19,D01AC19
imidazoles/triazoles in combination with corticosteroids,,D01AC20,D01AC20
neticonazole,,D01AC21,D01AC21
lanoconazole,,D01AC22,D01AC22
"miconazole, combinations",,D01AC52,D01AC52
"bifonazole, combinations",,D01AC60,D01AC60
bromochlorosalicylanilide,,D01AE01,D01AE01
methylrosaniline,,D01AE02,D01AE02;G01AX09
tribromometacresol,,D01AE03,D01AE03
undecylenic acid,,D01AE04,D01AE04
2-(4-chlorphenoxy)-ethanol,,D01AE06,D01AE06
chlorphenesin,,D01AE07,D01AE07
ticlatone,,D01AE08,D01AE08
sulbentine,,D01AE09,D01AE09
ethyl hydroxybenzoate,,D01AE10,D01AE10
haloprogin,,D01AE11,D01AE11
salicylic acid,,D01AE12,D01AE12;S01BC08
selenium sulfide,,D01AE13,D01AE13
ciclopirox,,D01AE14,D01AE14;G01AX12
terbinafine,,D01AE15,D01AE15;D01BA02
amorolfine,,D01AE16,D01AE16
dimazole,,D01AE17,D01AE17
tolnaftate,,D01AE18,D01AE18
tolciclate,,D01AE19,D01AE19
flucytosine,,D01AE21,D01AE21;J02AX01
naftifine,,D01AE22,D01AE22
butenafine,,D01AE23,D01AE23
tavaborole,,D01AE24,D01AE24
liranaftate,,D01AE25,D01AE25
"undecylenic acid, combinations",,D01AE54,D01AE54
fosravuconazole,,D01BA03,D01BA03
"carbamide, combinations",,D02AE51,D02AE51
aminobenzoic acid,,D02BA01,D02BA01
octinoxate,,D02BA02,D02BA02
afamelanotide,,D02BB02,D02BB02
cadexomer iodine,,D03AX01,D03AX01
dextranomer,,D03AX02,D03AX02
hyaluronic acid,,D03AX05,D03AX05;M09AX01;R01AX09;S01KA01
crilanomer,,D03AX09,D03AX09
enoxolone,,D03AX10,D03AX10
sodium chlorite,,D03AX11,D03AX11
trolamine,,D03AX12,D03AX12
Betulae cortex,,D03AX13,D03AX13
"Centella asiatica herba, incl. combinations",,D03AX14,D03AX14
trafermin,,D03AX15,D03AX15
beremagene geperpavec,,D03AX16,D03AX16
collagenase,,D03BA02,D03BA02
bromelains,,D03BA03,D03BA03;M09AB03
"collagenase, combinations",,D03BA52,D03BA52
thonzylamine,,D04AA01,D04AA01;R01AC06;R06AC06
mepyramine,,D04AA02,D04AA02;R06AC01
thenalidine,,D04AA03,D04AA03;R06AX03
tripelennamine,,D04AA04,D04AA04;R06AC04
chloropyramine,,D04AA09,D04AA09;R06AC03
promethazine,,D04AA10,D04AA10;R06AD02
tolpropamine,,D04AA12,D04AA12
dimetindene,,D04AA13,D04AA13;R06AB03
clemastine,,D04AA14,D04AA14;R06AA04
bamipine,,D04AA15,D04AA15;R06AX01
pheniramine,,D04AA16,D04AA16;R06AB05
isothipendyl,,D04AA22,D04AA22;R06AD09
diphenhydramine,,D04AA32,D04AA32;R06AA02
diphenhydramine methylbromide,,D04AA33,D04AA33
chlorphenoxamine,,D04AA34,D04AA34;R06AA06
oxybuprocaine,,D04AB03,D04AB03;S01HA02
quinisocaine,,D04AB05,D04AB05
doxepin,,D04AX01,D04AX01;N06AA12
dithranol,,D05AC01,D05AC01
"dithranol, combinations",,D05AC51,D05AC51
trioxysalen,,D05AD01,D05AD01;D05BA01
methoxsalen,,D05AD02,D05AD02;D05BA02
fumaric acid,,D05AX01,D05AX01
calcipotriol,,D05AX02,D05AX02
tacalcitol,,D05AX04,D05AX04
tazarotene,,D05AX05,D05AX05
roflumilast,,D05AX06,D05AX06;R03DX07
tapinarof,,D05AX07,D05AX07
"calcipotriol, combinations",,D05AX52,D05AX52
tazarotene and ulobetasol,,D05AX55,D05AX55
bergapten,,D05BA03,D05BA03
etretinate,,D05BB01,D05BB01
acitretin,,D05BB02,D05BB02
"fumaric acid derivatives, combinations",,D05BX51,D05BX51
demeclocycline,,D06AA01,D06AA01;J01AA01
fusidic acid,,D06AX01,D06AX01;D09AA02;J01XC01;S01AA13
chloramphenicol,,D06AX02,D06AX02;D10AF03;G01AA05;J01BA01;S01AA01;S02AA01;S03AA08
bacitracin,,D06AX05,D06AX05;J01XX10;R02AB04;S01AA32
gentamicin,,D06AX07,D06AX07;J01GB03;S01AA11;S02AA14;S03AA06
tyrothricin,,D06AX08,D06AX08;R02AB02;S01AA05
mupirocin,,D06AX09,D06AX09;R01AX06
virginiamycin,,D06AX10,D06AX10
amikacin,,D06AX12,D06AX12;J01GB06;S01AA21
retapamulin,,D06AX13,D06AX13
ozenoxacin,,D06AX14,D06AX14
silver sulfadiazine,,D06BA01,D06BA01
sulfathiazole,,D06BA02,D06BA02;J01EB07
mafenide,,D06BA03,D06BA03
sulfanilamide,,D06BA05,D06BA05;J01EB06
sulfamerazine,,D06BA06,D06BA06;J01ED07
"silver sulfadiazine, combinations",,D06BA51,D06BA51
idoxuridine,,D06BB01,D06BB01;J05AB02;S01AD01
tromantadine,,D06BB02,D06BB02;J05AC03
aciclovir,,D06BB03,D06BB03;J05AB01;S01AD03
podophyllotoxin,,D06BB04,D06BB04
inosine,,D06BB05,D06BB05;G01AX02;S01XA10
penciclovir,,D06BB06,D06BB06;J05AB13
lysozyme,,D06BB07,D06BB07;J05AX02
ibacitabine,,D06BB08,D06BB08
edoxudine,,D06BB09,D06BB09
imiquimod,,D06BB10,D06BB10
docosanol,,D06BB11,D06BB11
sinecatechins,,D06BB12,D06BB12
"aciclovir, combinations",,D06BB53,D06BB53
ingenol mebutate,,D06BX02,D06BX02
tirbanibulin,,D06BX03,D06BX03
methylprednisolone,,D07AA01,D07AA01;D10AA02;H02AB04
clobetasone,,D07AB01,D07AB01;S01BA09
hydrocortisone butyrate,,D07AB02,D07AB02
flumetasone,,D07AB03,D07AB03;D07XB01
fluocortin,,D07AB04,D07AB04
fluperolone,,D07AB05,D07AB05
fluprednidene,,D07AB07,D07AB07;D07XB03
desonide,,D07AB08,D07AB08;S01BA11
alclometasone,,D07AB10,D07AB10;S01BA10
hydrocortisone buteprate,,D07AB11,D07AB11
clocortolone,,D07AB21,D07AB21
combinations of corticosteroids,,D07AB30,D07AB30;D07XB30
fluclorolone,,D07AC02,D07AC02
desoximetasone,,D07AC03,D07AC03;D07XC02
diflucortolone,,D07AC06,D07AC06;D07XC04
fludroxycortide,,D07AC07,D07AC07
diflorasone,,D07AC10,D07AC10
amcinonide,,D07AC11,D07AC11
halometasone,,D07AC12,D07AC12
mometasone,,D07AC13,D07AC13;D07XC03;R01AD09;R03BA07
methylprednisolone aceponate,,D07AC14,D07AC14
hydrocortisone aceponate,,D07AC16,D07AC16
fluticasone,,D07AC17,D07AC17;R01AD08;R03BA05
prednicarbate,,D07AC18,D07AC18
difluprednate,,D07AC19,D07AC19;S01BA16
ulobetasol,,D07AC21,D07AC21
clobetasol,,D07AD01,D07AD01
halcinonide,,D07AD02,D07AD02
prednisolone and antiseptics,,D07BA01,D07BA01
hydrocortisone and antiseptics,,D07BA04,D07BA04
flumetasone and antiseptics,,D07BB01,D07BB01
desonide and antiseptics,,D07BB02,D07BB02
triamcinolone and antiseptics,,D07BB03,D07BB03
hydrocortisone butyrate and antiseptics,,D07BB04,D07BB04
betamethasone and antiseptics,,D07BC01,D07BC01
fluocinolone acetonide and antiseptics,,D07BC02,D07BC02
fluocortolone and antiseptics,,D07BC03,D07BC03
diflucortolone and antiseptics,,D07BC04,D07BC04
hydrocortisone and antibiotics,,D07CA01,D07CA01
methylprednisolone and antibiotics,,D07CA02,D07CA02
prednisolone and antibiotics,,D07CA03,D07CA03
triamcinolone and antibiotics,,D07CB01,D07CB01
fluprednidene and antibiotics,,D07CB02,D07CB02
fluorometholone and antibiotics,,D07CB03,D07CB03
dexamethasone and antibiotics,,D07CB04,D07CB04
flumetasone and antibiotics,,D07CB05,D07CB05
betamethasone and antibiotics,,D07CC01,D07CC01
fluocinolone acetonide and antibiotics,,D07CC02,D07CC02
fludroxycortide and antibiotics,,D07CC03,D07CC03
beclometasone and antibiotics,,D07CC04,D07CC04
fluocinonide and antibiotics,,D07CC05,D07CC05
fluocortolone and antibiotics,,D07CC06,D07CC06
clobetasol and antibiotics,,D07CD01,D07CD01
aminoacridine,,D08AA02,D08AA02
euflavine,,D08AA03,D08AA03
dibrompropamidine,,D08AC01,D08AC01;S01AX14
propamidine,,D08AC03,D08AC03;S01AX15
hexamidine,,D08AC04,D08AC04;R01AX07;R02AA18;S01AX08;S03AA05
polihexanide,,D08AC05,D08AC05;S01AX24
"chlorhexidine, combinations",,D08AC52,D08AC52
hexachlorophene,,D08AE01,D08AE01
policresulen,,D08AE02,D08AE02;G01AX03
triclosan,,D08AE04,D08AE04;D09AA06
chloroxylenol,,D08AE05,D08AE05
biphenylol,,D08AE06,D08AE06
iodine/octylphenoxypolyglycolether,,D08AG01,D08AG01
povidone-iodine,,D08AG02,D08AG02;D09AA09;D11AC06;G01AX11;R02AA15;S01AX18
iodine,,D08AG03,D08AG03
diiodohydroxypropane,,D08AG04,D08AG04
dequalinium,,D08AH01,D08AH01;G01AC05;R02AA02
chlorquinaldol,,D08AH02,D08AH02;G01AC03;P01AA04;R02AA11
clioquinol,,D08AH30,D08AH30;D09AA10;G01AC02;P01AA02;S02AA05
benzalkonium,,D08AJ01,D08AJ01;D09AA11;R02AA16
cetrimonium,,D08AJ02,D08AJ02;R02AA17
cetrimide,,D08AJ04,D08AJ04;D11AC01
didecyldimethylammonium chloride,,D08AJ06,D08AJ06
benzethonium chloride,,D08AJ08,D08AJ08
decamethoxine,,D08AJ10,D08AJ10
"octenidine, combinations",,D08AJ57,D08AJ57;G01AX66
"benzethonium chloride, combinations",,D08AJ58,D08AJ58
"dodeclonium bromide, combinations",,D08AJ59,D08AJ59
mercuric amidochloride,,D08AK01,D08AK01
phenylmercuric borate,,D08AK02,D08AK02
mercuric chloride,,D08AK03,D08AK03
merbromin,,D08AK04,D08AK04
"mercury, metallic",,D08AK05,D08AK05
thiomersal,,D08AK06,D08AK06
mercuric iodide,,D08AK30,D08AK30
silver nitrate,,D08AL01,D08AL01
silver,,D08AL30,D08AL30
eosin,,D08AX02,D08AX02
propanol,,D08AX03,D08AX03
tosylchloramide sodium,,D08AX04,D08AX04
isopropanol,,D08AX05,D08AX05
potassium permanganate,,D08AX06,D08AX06;V03AB18
sodium hypochlorite,,D08AX07,D08AX07
ethanol,,D08AX08,D08AX08;V03AB16;V03AZ01
"propanol, combinations",,D08AX53,D08AX53
framycetin,,D09AA01,D09AA01;R01AX08;S01AA07
phenylmercuric nitrate,,D09AA04,D09AA04
benzododecinium,,D09AA05,D09AA05
aluminium chlorohydrate,,D09AA08,D09AA08;M05BX02
iodoform,,D09AA13,D09AA13
zinc bandage without supplements,,D09AB01,D09AB01
zinc bandage with supplements,,D09AB02,D09AB02
bithionol,,D10AB01,D10AB01;P02BX01
sulfur,,D10AB02,D10AB02
tioxolone,,D10AB03,D10AB03
mesulfen,,D10AB05,D10AB05;P03AA03
tretinoin,,D10AD01,D10AD01;L01XF01
retinol,,D10AD02,D10AD02;R01AX02;S01XA02
adapalene,,D10AD03,D10AD03
isotretinoin,,D10AD04,D10AD04;D10BA01
motretinide,,D10AD05,D10AD05
trifarotene,,D10AD06,D10AD06
"tretinoin, combinations",,D10AD51,D10AD51
"adapalene, combinations",,D10AD53,D10AD53
"isotretinoin, combinations",,D10AD54,D10AD54
benzoyl peroxide,,D10AE01,D10AE01
"benzoyl peroxide, combinations",,D10AE51,D10AE51
clindamycin,,D10AF01,D10AF01;G01AA10;J01FF01
erythromycin,,D10AF02,D10AF02;J01FA01;S01AA17
meclocycline,,D10AF04,D10AF04
nadifloxacin,,D10AF05,D10AF05
sulfacetamide,,D10AF06,D10AF06;S01AB04
"clindamycin, combinations",,D10AF51,D10AF51
"erythromycin, combinations",,D10AF52,D10AF52
aluminium chloride,,D10AX01,D10AX01
resorcinol,,D10AX02,D10AX02;S01AX06
azelaic acid,,D10AX03,D10AX03
aluminium oxide,,D10AX04,D10AX04
dapsone,,D10AX05,D10AX05;J04BA02
clascoterone,,D10AX06,D10AX06
ichtasol,,D10BX01,D10BX01
glycopyrronium,,D11AA01,D11AA01
cadmium compounds,,D11AC02,D11AC02
selenium compounds,,D11AC03,D11AC03
sulfur compounds,,D11AC08,D11AC08
xenysalate,,D11AC09,D11AC09
others,,D11AC30,D11AC30
tacrolimus,,D11AH01,D11AH01;L04AD02
pimecrolimus,,D11AH02,D11AH02
alitretinoin,,D11AH04,D11AH04;L01XF02
dupilumab,,D11AH05,D11AH05
crisaborole,,D11AH06,D11AH06
tralokinumab,,D11AH07,D11AH07
abrocitinib,,D11AH08,D11AH08
ruxolitinib,,D11AH09,D11AH09;L01EJ01
lebrikizumab,,D11AH10,D11AH10
delgocitinib,,D11AH11,D11AH11
nemolizumab,,D11AH12,D11AH12
gamolenic acid,,D11AX02,D11AX02
lithium succinate,,D11AX04,D11AX04
mequinol,,D11AX06,D11AX06
tiratricol,,D11AX08,D11AX08;H03AA04
oxaceprol,,D11AX09,D11AX09;M01AX24
finasteride,,D11AX10,D11AX10;G04CB01
hydroquinone,,D11AX11,D11AX11
pyrithione zinc,,D11AX12,D11AX12
monobenzone,,D11AX13,D11AX13
eflornithine,,D11AX16,D11AX16;L01XX79;P01CX03
diclofenac,,D11AX18,D11AX18;M01AB05;M02AA15;S01BC03
brimonidine,,D11AX21,D11AX21;S01EA05;S01GA07
ivermectin,,D11AX22,D11AX22;P02CF01
aminobenzoate potassium,,D11AX23,D11AX23
deoxycholic acid,,D11AX24,D11AX24
caffeine,,D11AX26,D11AX26;N06BC01
oxymetazoline,,D11AX27,D11AX27;R01AA05;R01AB07;S01GA04
"gamolenic acid, combinations",,D11AX52,D11AX52
"collagen, combinations",,D11AX57,D11AX57
candicidin,,G01AA04,G01AA04
carfecillin,,G01AA08,G01AA08
pentamycin,,G01AA11,G01AA11
"nystatin, combinations",,G01AA51,G01AA51
diiodohydroxyquinoline,,G01AC01,G01AC01
lactic acid,,G01AD01,G01AD01
acetic acid,,G01AD02,G01AD02;S02AA10
ascorbic acid,,G01AD03,G01AD03;S01XA15
sulfatolamide,,G01AE01,G01AE01
combinations of sulfonamides,,G01AE10,G01AE10
ornidazole,,G01AF06,G01AF06;J01XD03;P01AB03
azanidazole,,G01AF13,G01AF13;P01AB04
propenidazole,,G01AF14,G01AF14;P01AB05
butoconazole,,G01AF15,G01AF15
combinations of imidazole derivatives,,G01AF20,G01AF20
tinidazole,,G01AF21,G01AF21;J01XD02;P01AB02
"econazole, combinations",,G01AF55,G01AF55
terconazole,,G01AG02,G01AG02
clodantoin,,G01AX01,G01AX01
nifuratel,,G01AX05,G01AX05
furazolidone,,G01AX06,G01AX06
protiofate,,G01AX13,G01AX13
lactobacillus,,G01AX14,G01AX14
copper usnate,,G01AX15,G01AX15
dapivirine,,G01AX17,G01AX17
methylergometrine,,G02AB01,G02AB01
ergot alkaloids,,G02AB02,G02AB02
ergometrine,,G02AB03,G02AB03
methylergometrine and oxytocin,,G02AC01,G02AC01
dinoprost,,G02AD01,G02AD01
dinoprostone,,G02AD02,G02AD02
gemeprost,,G02AD03,G02AD03
carboprost,,G02AD04,G02AD04
sulprostone,,G02AD05,G02AD05
plastic IUD,,G02BA01,G02BA01
plastic IUD with copper,,G02BA02,G02BA02
plastic IUD with progestogen,,G02BA03,G02BA03
vaginal ring with progestogen and estrogen,,G02BB01,G02BB01
vaginal ring with progestogen,,G02BB02,G02BB02
ritodrine,,G02CA01,G02CA01
fenoterol,,G02CA03,G02CA03;R03AC04;R03CC04
bromocriptine,,G02CB01,G02CB01;N04BC01
lisuride,,G02CB02,G02CB02;N02CA07
cabergoline,,G02CB03,G02CB03;N04BC06
quinagolide,,G02CB04,G02CB04
metergoline,,G02CB05,G02CB05
terguride,,G02CB06,G02CB06
naproxen,,G02CC02,G02CC02;M01AE02;M02AA12
flunoxaprofen,,G02CC04,G02CC04;M01AE15
atosiban,,G02CX01,G02CX01
flibanserin,,G02CX02,G02CX02
Agni casti fructus,,G02CX03,G02CX03
Cimicifugae rhizoma,,G02CX04,G02CX04
bremelanotide,,G02CX05,G02CX05
fezolinetant,,G02CX06,G02CX06
etynodiol and ethinylestradiol,,G03AA01,G03AA01
quingestanol and ethinylestradiol,,G03AA02,G03AA02
lynestrenol and ethinylestradiol,,G03AA03,G03AA03;G03AB02
megestrol and ethinylestradiol,,G03AA04,G03AA04;G03AB01
norethisterone and ethinylestradiol,,G03AA05,G03AA05;G03AB04
norgestrel and ethinylestradiol,,G03AA06,G03AA06
levonorgestrel and ethinylestradiol,,G03AA07,G03AA07;G03AB03
medroxyprogesterone and ethinylestradiol,,G03AA08,G03AA08
desogestrel and ethinylestradiol,,G03AA09,G03AA09;G03AB05
gestodene and ethinylestradiol,,G03AA10,G03AA10;G03AB06
norgestimate and ethinylestradiol,,G03AA11,G03AA11;G03AB09
drospirenone and ethinylestradiol,,G03AA12,G03AA12
norelgestromin and ethinylestradiol,,G03AA13,G03AA13
nomegestrol and estradiol,,G03AA14,G03AA14
chlormadinone and ethinylestradiol,,G03AA15,G03AA15;G03AB07
dienogest and ethinylestradiol,,G03AA16,G03AA16
medroxyprogesterone and estradiol,,G03AA17,G03AA17
drospirenone and estetrol,,G03AA18,G03AA18
dienogest and estradiol,,G03AB08,G03AB08
norethisterone,,G03AC01,G03AC01;G03DC02
lynestrenol,,G03AC02,G03AC02;G03DC03
levonorgestrel,,G03AC03,G03AC03;G03AD01
quingestanol,,G03AC04,G03AC04
megestrol,,G03AC05,G03AC05;G03DB02;L02AB01
medroxyprogesterone,,G03AC06,G03AC06;G03DA02;L02AB02
norgestrienone,,G03AC07,G03AC07
etonogestrel,,G03AC08,G03AC08
desogestrel,,G03AC09,G03AC09
drospirenone,,G03AC10,G03AC10
ulipristal,,G03AD02,G03AD02;G03XB02
fluoxymesterone,,G03BA01,G03BA01
methyltestosterone,,G03BA02,G03BA02;G03EK01
testosterone,,G03BA03,G03BA03
mesterolone,,G03BB01,G03BB01
ethinylestradiol,,G03CA01,G03CA01;L02AA03
estradiol,,G03CA03,G03CA03
estriol,,G03CA04,G03CA04;G03CC06
chlorotrianisene,,G03CA06,G03CA06
estrone,,G03CA07,G03CA07;G03CC04
promestriene,,G03CA09,G03CA09
"estradiol, combinations",,G03CA53,G03CA53
conjugated estrogens,,G03CA57,G03CA57
dienestrol,,G03CB01,G03CB01;G03CC02
diethylstilbestrol,,G03CB02,G03CB02;G03CC05;L02AA01
methallenestril,,G03CB03,G03CB03;G03CC03
moxestrol,,G03CB04,G03CB04
conjugated estrogens and bazedoxifene,,G03CC07,G03CC07
tibolone,,G03CX01,G03CX01
gestonorone,,G03DA01,G03DA01;L02AB03
hydroxyprogesterone,,G03DA03,G03DA03
progesterone,,G03DA04,G03DA04
dydrogesterone,,G03DB01,G03DB01
medrogestone,,G03DB03,G03DB03
nomegestrol,,G03DB04,G03DB04
demegestone,,G03DB05,G03DB05
chlormadinone,,G03DB06,G03DB06
promegestone,,G03DB07,G03DB07
dienogest,,G03DB08,G03DB08
allylestrenol,,G03DC01,G03DC01
ethisterone,,G03DC04,G03DC04
etynodiol,,G03DC06,G03DC06
methylestrenolone,,G03DC31,G03DC31
methyltestosterone and estrogen,,G03EA01,G03EA01
testosterone and estrogen,,G03EA02,G03EA02
prasterone and estrogen,,G03EA03,G03EA03
norethisterone and estrogen,,G03FA01,G03FA01;G03FB05
hydroxyprogesterone and estrogen,,G03FA02,G03FA02
ethisterone and estrogen,,G03FA03,G03FA03
progesterone and estrogen,,G03FA04,G03FA04
methylnortestosterone and estrogen,,G03FA05,G03FA05
etynodiol and estrogen,,G03FA06,G03FA06
lynestrenol and estrogen,,G03FA07,G03FA07;G03FB02
megestrol and estrogen,,G03FA08,G03FA08;G03FB04
noretynodrel and estrogen,,G03FA09,G03FA09
norgestrel and estrogen,,G03FA10,G03FA10;G03FB01
levonorgestrel and estrogen,,G03FA11,G03FA11;G03FB09
medroxyprogesterone and estrogen,,G03FA12,G03FA12;G03FB06
norgestimate and estrogen,,G03FA13,G03FA13
dydrogesterone and estrogen,,G03FA14,G03FA14;G03FB08
dienogest and estrogen,,G03FA15,G03FA15
trimegestone and estrogen,,G03FA16,G03FA16;G03FB11
drospirenone and estrogen,,G03FA17,G03FA17
chlormadinone and estrogen,,G03FB03,G03FB03
medrogestone and estrogen,,G03FB07,G03FB07
desogestrel and estrogen,,G03FB10,G03FB10
nomegestrol and estrogen,,G03FB12,G03FB12
chorionic gonadotrophin,,G03GA01,G03GA01
human menopausal gonadotrophin,,G03GA02,G03GA02
serum gonadotrophin,,G03GA03,G03GA03
urofollitropin,,G03GA04,G03GA04
follitropin alfa,,G03GA05,G03GA05
follitropin beta,,G03GA06,G03GA06
lutropin alfa,,G03GA07,G03GA07
choriogonadotropin alfa,,G03GA08,G03GA08
corifollitropin alfa,,G03GA09,G03GA09
follitropin delta,,G03GA10,G03GA10
cyclofenil,,G03GB01,G03GB01
clomifene,,G03GB02,G03GB02
epimestrol,,G03GB03,G03GB03
cyproterone,,G03HA01,G03HA01
cyproterone and estrogen,,G03HB01,G03HB01
danazol,,G03XA01,G03XA01
gestrinone,,G03XA02,G03XA02
mifepristone,,G03XB01,G03XB01
"mifepristone, combinations",,G03XB51,G03XB51
raloxifene,,G03XC01,G03XC01
bazedoxifene,,G03XC02,G03XC02
lasofoxifene,,G03XC03,G03XC03
ormeloxifene,,G03XC04,G03XC04
ospemifene,,G03XC05,G03XC05
emepronium,,G04BD01,G04BD01
flavoxate,,G04BD02,G04BD02
meladrazine,,G04BD03,G04BD03
oxybutynin,,G04BD04,G04BD04
terodiline,,G04BD05,G04BD05
propiverine,,G04BD06,G04BD06
tolterodine,,G04BD07,G04BD07
solifenacin,,G04BD08,G04BD08
trospium,,G04BD09,G04BD09
darifenacin,,G04BD10,G04BD10
fesoterodine,,G04BD11,G04BD11
mirabegron,,G04BD12,G04BD12
desfesoterodine,,G04BD13,G04BD13
imidafenacin,,G04BD14,G04BD14
vibegron,,G04BD15,G04BD15
sildenafil,,G04BE03,G04BE03
yohimbine,,G04BE04,G04BE04
apomorphine,,G04BE07,G04BE07;N04BC07
tadalafil,,G04BE08,G04BE08
vardenafil,,G04BE09,G04BE09
avanafil,,G04BE10,G04BE10
udenafil,,G04BE11,G04BE11
"papaverine, combinations",,G04BE52,G04BE52
acetohydroxamic acid,,G04BX03,G04BX03
phenazopyridine,,G04BX06,G04BX06
succinimide,,G04BX10,G04BX10
phenyl salicylate,,G04BX12,G04BX12
dimethyl sulfoxide,,G04BX13,G04BX13;M02AX03
dapoxetine,,G04BX14,G04BX14
tiopronin,,G04BX16,G04BX16
sodium salicylate and methenamine,,G04BX17,G04BX17
alfuzosin,,G04CA01,G04CA01
tamsulosin,,G04CA02,G04CA02
terazosin,,G04CA03,G04CA03
silodosin,,G04CA04,G04CA04
alfuzosin and finasteride,,G04CA51,G04CA51
tamsulosin and dutasteride,,G04CA52,G04CA52
tamsulosin and solifenacin,,G04CA53,G04CA53
tamsulosin and tadalafil,,G04CA54,G04CA54
doxazosin and finasteride,,G04CA55,G04CA55
dutasteride,,G04CB02,G04CB02
finasteride and tadalafil,,G04CB51,G04CB51
Prunus africanae cortex,,G04CX01,G04CX01
Sabalis serrulatae fructus,,G04CX02,G04CX02
fexapotide,,G04CX04,G04CX04
corticotropin,,H01AA01,H01AA01
tetracosactide,,H01AA02,H01AA02
thyrotropin alfa,,H01AB01,H01AB01
somatropin,,H01AC01,H01AC01
somatrem,,H01AC02,H01AC02
mecasermin,,H01AC03,H01AC03
sermorelin,,H01AC04,H01AC04;V04CD03
mecasermin rinfabate,,H01AC05,H01AC05
tesamorelin,,H01AC06,H01AC06
somapacitan,,H01AC07,H01AC07
somatrogon,,H01AC08,H01AC08
lonapegsomatropin,,H01AC09,H01AC09
pegvisomant,,H01AX01,H01AX01
vasopressin (argipressin),,H01BA01,H01BA01
desmopressin,,H01BA02,H01BA02
lypressin,,H01BA03,H01BA03
terlipressin,,H01BA04,H01BA04
ornipressin,,H01BA05,H01BA05
demoxytocin,,H01BB01,H01BB01
oxytocin,,H01BB02,H01BB02
carbetocin,,H01BB03,H01BB03
gonadorelin,,H01CA01,H01CA01;V04CM01
nafarelin,,H01CA02,H01CA02
somatostatin,,H01CB01,H01CB01
octreotide,,H01CB02,H01CB02
lanreotide,,H01CB03,H01CB03
vapreotide,,H01CB04,H01CB04
pasireotide,,H01CB05,H01CB05
ganirelix,,H01CC01,H01CC01
cetrorelix,,H01CC02,H01CC02
elagolix,,H01CC03,H01CC03
linzagolix,,H01CC04,H01CC04
"elagolix, estradiol and norethisterone",,H01CC53,H01CC53
"relugolix, estradiol and norethisterone",,H01CC54,H01CC54
aldosterone,,H02AA01,H02AA01
fludrocortisone,,H02AA02,H02AA02
desoxycortone,,H02AA03,H02AA03
paramethasone,,H02AB05,H02AB05
cortisone,,H02AB10,H02AB10;S01BA03
prednylidene,,H02AB11,H02AB11
rimexolone,,H02AB12,H02AB12;S01BA13
deflazacort,,H02AB13,H02AB13
cloprednol,,H02AB14,H02AB14
meprednisone,,H02AB15,H02AB15
cortivazol,,H02AB17,H02AB17
vamorolone,,H02AB18,H02AB18
"methylprednisolone, combinations",,H02BX01,H02BX01
trilostane,,H02CA01,H02CA01
osilodrostat,,H02CA02,H02CA02
levoketoconazole,,H02CA04,H02CA04
levothyroxine sodium,,H03AA01,H03AA01
liothyronine sodium,,H03AA02,H03AA02
combinations of levothyroxine and liothyronine,,H03AA03,H03AA03
thyroid gland preparations,,H03AA05,H03AA05
levothyroxine sodium and iodine compounds,,H03AA51,H03AA51
methylthiouracil,,H03BA01,H03BA01
propylthiouracil,,H03BA02,H03BA02
benzylthiouracil,,H03BA03,H03BA03
carbimazole,,H03BB01,H03BB01
thiamazole,,H03BB02,H03BB02
"thiamazole, combinations",,H03BB52,H03BB52
potassium perchlorate,,H03BC01,H03BC01
diiodotyrosine,,H03BX01,H03BX01
dibromotyrosine,,H03BX02,H03BX02
glucagon,,H04AA01,H04AA01
dasiglucagon,,H04AA02,H04AA02
parathyroid gland extract,,H05AA01,H05AA01
teriparatide,,H05AA02,H05AA02
parathyroid hormone,,H05AA03,H05AA03
abaloparatide,,H05AA04,H05AA04
palopegteriparatide,,H05AA05,H05AA05
calcitonin (salmon synthetic),,H05BA01,H05BA01
calcitonin (pork natural),,H05BA02,H05BA02
calcitonin (human synthetic),,H05BA03,H05BA03
elcatonin,,H05BA04,H05BA04
cinacalcet,,H05BX01,H05BX01
paricalcitol,,H05BX02,H05BX02
doxercalciferol,,H05BX03,H05BX03
etelcalcetide,,H05BX04,H05BX04
evocalcet,,H05BX06,H05BX06
lymecycline,,J01AA04,J01AA04
metacycline,,J01AA05,J01AA05
rolitetracycline,,J01AA09,J01AA09
penimepicycline,,J01AA10,J01AA10
clomocycline,,J01AA11,J01AA11
tigecycline,,J01AA12,J01AA12
eravacycline,,J01AA13,J01AA13
sarecycline,,J01AA14,J01AA14
omadacycline,,J01AA15,J01AA15
combinations of tetracyclines,,J01AA20,J01AA20
"oxytetracycline, combinations",,J01AA56,J01AA56
thiamphenicol,,J01BA02,J01BA02
"thiamphenicol, combinations",,J01BA52,J01BA52
ampicillin,,J01CA01,J01CA01;S01AA19
pivampicillin,,J01CA02,J01CA02
carbenicillin,,J01CA03,J01CA03
amoxicillin,,J01CA04,J01CA04
carindacillin,,J01CA05,J01CA05
bacampicillin,,J01CA06,J01CA06
epicillin,,J01CA07,J01CA07
pivmecillinam,,J01CA08,J01CA08
azlocillin,,J01CA09,J01CA09
mezlocillin,,J01CA10,J01CA10
mecillinam,,J01CA11,J01CA11
piperacillin,,J01CA12,J01CA12
ticarcillin,,J01CA13,J01CA13
metampicillin,,J01CA14,J01CA14
talampicillin,,J01CA15,J01CA15
sulbenicillin,,J01CA16,J01CA16
temocillin,,J01CA17,J01CA17
hetacillin,,J01CA18,J01CA18
aspoxicillin,,J01CA19,J01CA19
"ampicillin, combinations",,J01CA51,J01CA51
benzylpenicillin,,J01CE01,J01CE01;S01AA14
phenoxymethylpenicillin,,J01CE02,J01CE02
propicillin,,J01CE03,J01CE03
azidocillin,,J01CE04,J01CE04
pheneticillin,,J01CE05,J01CE05
penamecillin,,J01CE06,J01CE06
clometocillin,,J01CE07,J01CE07
benzathine benzylpenicillin,,J01CE08,J01CE08
procaine benzylpenicillin,,J01CE09,J01CE09
benzathine phenoxymethylpenicillin,,J01CE10,J01CE10
dicloxacillin,,J01CF01,J01CF01
cloxacillin,,J01CF02,J01CF02
meticillin,,J01CF03,J01CF03
oxacillin,,J01CF04,J01CF04
flucloxacillin,,J01CF05,J01CF05
nafcillin,,J01CF06,J01CF06
sulbactam,,J01CG01,J01CG01
tazobactam,,J01CG02,J01CG02
ampicillin and beta-lactamase inhibitor,,J01CR01,J01CR01
amoxicillin and beta-lactamase inhibitor,,J01CR02,J01CR02
ticarcillin and beta-lactamase inhibitor,,J01CR03,J01CR03
sultamicillin,,J01CR04,J01CR04
piperacillin and beta-lactamase inhibitor,,J01CR05,J01CR05
combinations of penicillins,,J01CR50,J01CR50
cefalexin,,J01DB01,J01DB01
cefaloridine,,J01DB02,J01DB02
cefalotin,,J01DB03,J01DB03
cefazolin,,J01DB04,J01DB04
cefadroxil,,J01DB05,J01DB05
cefazedone,,J01DB06,J01DB06
cefatrizine,,J01DB07,J01DB07
cefapirin,,J01DB08,J01DB08
cefradine,,J01DB09,J01DB09
cefacetrile,,J01DB10,J01DB10
cefroxadine,,J01DB11,J01DB11
ceftezole,,J01DB12,J01DB12
cefoxitin,,J01DC01,J01DC01
cefuroxime,,J01DC02,J01DC02;S01AA27
cefamandole,,J01DC03,J01DC03
cefaclor,,J01DC04,J01DC04
cefotetan,,J01DC05,J01DC05
cefonicid,,J01DC06,J01DC06
cefotiam,,J01DC07,J01DC07
loracarbef,,J01DC08,J01DC08
cefmetazole,,J01DC09,J01DC09
cefprozil,,J01DC10,J01DC10
ceforanide,,J01DC11,J01DC11
cefminox,,J01DC12,J01DC12
cefbuperazone,,J01DC13,J01DC13
flomoxef,,J01DC14,J01DC14
cefuroxime and beta-lactamase inhibitor,,J01DC52,J01DC52
cefotaxime,,J01DD01,J01DD01
ceftazidime,,J01DD02,J01DD02
cefsulodin,,J01DD03,J01DD03
ceftriaxone,,J01DD04,J01DD04
cefmenoxime,,J01DD05,J01DD05;S01AA31;S02AA18
latamoxef,,J01DD06,J01DD06
ceftizoxime,,J01DD07,J01DD07
cefixime,,J01DD08,J01DD08
cefodizime,,J01DD09,J01DD09
cefetamet,,J01DD10,J01DD10
cefpiramide,,J01DD11,J01DD11
cefoperazone,,J01DD12,J01DD12
cefpodoxime,,J01DD13,J01DD13
ceftibuten,,J01DD14,J01DD14
cefdinir,,J01DD15,J01DD15
cefditoren,,J01DD16,J01DD16
cefcapene,,J01DD17,J01DD17
cefteram,,J01DD18,J01DD18
cefotaxime and beta-lactamase inhibitor,,J01DD51,J01DD51
ceftazidime and beta-lactamase inhibitor,,J01DD52,J01DD52
"ceftriaxone, combinations",,J01DD54,J01DD54
cefixime and beta-lactamase inhibitor,,J01DD58,J01DD58
cefoperazone and beta-lactamase inhibitor,,J01DD62,J01DD62
ceftriaxone and beta-lactamase inhibitor,,J01DD63,J01DD63
cefpodoxime and beta-lactamase inhibitor,,J01DD64,J01DD64
cefepime,,J01DE01,J01DE01
cefpirome,,J01DE02,J01DE02
cefozopran,,J01DE03,J01DE03
cefepime and beta-lactamase inhibitor,,J01DE51,J01DE51
aztreonam,,J01DF01,J01DF01
carumonam,,J01DF02,J01DF02
meropenem,,J01DH02,J01DH02
ertapenem,,J01DH03,J01DH03
doripenem,,J01DH04,J01DH04
biapenem,,J01DH05,J01DH05
tebipenem pivoxil,,J01DH06,J01DH06
imipenem and cilastatin,,J01DH51,J01DH51
meropenem and vaborbactam,,J01DH52,J01DH52
panipenem and betamipron,,J01DH55,J01DH55
"imipenem, cilastatin and relebactam",,J01DH56,J01DH56
ceftobiprole medocaril,,J01DI01,J01DI01
ceftaroline fosamil,,J01DI02,J01DI02
faropenem,,J01DI03,J01DI03
cefiderocol,,J01DI04,J01DI04
ceftolozane and beta-lactamase inhibitor,,J01DI54,J01DI54
trimethoprim,,J01EA01,J01EA01
brodimoprim,,J01EA02,J01EA02
iclaprim,,J01EA03,J01EA03
sulfaisodimidine,,J01EB01,J01EB01
sulfadimidine,,J01EB03,J01EB03
sulfapyridine,,J01EB04,J01EB04
sulfafurazole,,J01EB05,J01EB05;S01AB02
sulfathiourea,,J01EB08,J01EB08
sulfamethoxazole,,J01EC01,J01EC01
sulfadiazine,,J01EC02,J01EC02
sulfamoxole,,J01EC03,J01EC03
sulfadimethoxine,,J01ED01,J01ED01
sulfalene,,J01ED02,J01ED02
sulfametomidine,,J01ED03,J01ED03
sulfametoxydiazine,,J01ED04,J01ED04
sulfamethoxypyridazine,,J01ED05,J01ED05
sulfaperin,,J01ED06,J01ED06
sulfaphenazole,,J01ED08,J01ED08
sulfamazone,,J01ED09,J01ED09
sulfamethoxazole and trimethoprim,,J01EE01,J01EE01
sulfadiazine and trimethoprim,,J01EE02,J01EE02
sulfametrole and trimethoprim,,J01EE03,J01EE03
sulfamoxole and trimethoprim,,J01EE04,J01EE04
sulfadimidine and trimethoprim,,J01EE05,J01EE05
sulfadiazine and tetroxoprim,,J01EE06,J01EE06
sulfamerazine and trimethoprim,,J01EE07,J01EE07
spiramycin,,J01FA02,J01FA02
midecamycin,,J01FA03,J01FA03
oleandomycin,,J01FA05,J01FA05
roxithromycin,,J01FA06,J01FA06
josamycin,,J01FA07,J01FA07
troleandomycin,,J01FA08,J01FA08
clarithromycin,,J01FA09,J01FA09
azithromycin,,J01FA10,J01FA10;S01AA26
miocamycin,,J01FA11,J01FA11
rokitamycin,,J01FA12,J01FA12
dirithromycin,,J01FA13,J01FA13
flurithromycin,,J01FA14,J01FA14
telithromycin,,J01FA15,J01FA15
solithromycin,,J01FA16,J01FA16
lincomycin,,J01FF02,J01FF02
pristinamycin,,J01FG01,J01FG01
quinupristin/dalfopristin,,J01FG02,J01FG02
streptoduocin,,J01GA02,J01GA02
tobramycin,,J01GB01,J01GB01;S01AA12
netilmicin,,J01GB07,J01GB07;S01AA23
sisomicin,,J01GB08,J01GB08
dibekacin,,J01GB09,J01GB09;S01AA29
ribostamycin,,J01GB10,J01GB10
isepamicin,,J01GB11,J01GB11
arbekacin,,J01GB12,J01GB12
bekanamycin,,J01GB13,J01GB13
plazomicin,,J01GB14,J01GB14
ofloxacin,,J01MA01,J01MA01;S01AE01;S02AA16
ciprofloxacin,,J01MA02,J01MA02;S01AE03;S02AA15;S03AA07
pefloxacin,,J01MA03,J01MA03
enoxacin,,J01MA04,J01MA04
temafloxacin,,J01MA05,J01MA05
norfloxacin,,J01MA06,J01MA06;S01AE02
lomefloxacin,,J01MA07,J01MA07;S01AE04
fleroxacin,,J01MA08,J01MA08
sparfloxacin,,J01MA09,J01MA09
rufloxacin,,J01MA10,J01MA10
grepafloxacin,,J01MA11,J01MA11
levofloxacin,,J01MA12,J01MA12;S01AE05
trovafloxacin,,J01MA13,J01MA13
moxifloxacin,,J01MA14,J01MA14;S01AE07
gemifloxacin,,J01MA15,J01MA15
gatifloxacin,,J01MA16,J01MA16;S01AE06
prulifloxacin,,J01MA17,J01MA17
pazufloxacin,,J01MA18,J01MA18
garenoxacin,,J01MA19,J01MA19
sitafloxacin,,J01MA21,J01MA21
tosufloxacin,,J01MA22,J01MA22;S01AE09
delafloxacin,,J01MA23,J01MA23
levonadifloxacin,,J01MA24,J01MA24
lascufloxacin,,J01MA25,J01MA25
rosoxacin,,J01MB01,J01MB01
nalidixic acid,,J01MB02,J01MB02
piromidic acid,,J01MB03,J01MB03
pipemidic acid,,J01MB04,J01MB04
oxolinic acid,,J01MB05,J01MB05
cinoxacin,,J01MB06,J01MB06
flumequine,,J01MB07,J01MB07
nemonoxacin,,J01MB08,J01MB08
"penicillins, combinations with other antibacterials",,J01RA01,J01RA01
"sulfonamides, combinations with other antibacterials (excl. trimethoprim)",,J01RA02,J01RA02
cefuroxime and metronidazole,,J01RA03,J01RA03
spiramycin and metronidazole,,J01RA04,J01RA04
levofloxacin and ornidazole,,J01RA05,J01RA05
cefepime and amikacin,,J01RA06,J01RA06
"azithromycin, fluconazole and secnidazole",,J01RA07,J01RA07
tetracycline and oleandomycin,,J01RA08,J01RA08
ofloxacin and ornidazole,,J01RA09,J01RA09
ciprofloxacin and metronidazole,,J01RA10,J01RA10
ciprofloxacin and tinidazole,,J01RA11,J01RA11
ciprofloxacin and ornidazole,,J01RA12,J01RA12
norfloxacin and tinidazole,,J01RA13,J01RA13
norfloxacin and metronidazole,,J01RA14,J01RA14
cefixime and ornidazole,,J01RA15,J01RA15
cefixime and azithromycin,,J01RA16,J01RA16
teicoplanin,,J01XA02,J01XA02
telavancin,,J01XA03,J01XA03
dalbavancin,,J01XA04,J01XA04
oritavancin,,J01XA05,J01XA05
nitrofurantoin,,J01XE01,J01XE01
nifurtoinol,,J01XE02,J01XE02
furazidin,,J01XE03,J01XE03
"nitrofurantoin, combinations",,J01XE51,J01XE51
fosfomycin,,J01XX01,J01XX01;S02AA17
xibornol,,J01XX02,J01XX02
clofoctol,,J01XX03,J01XX03
spectinomycin,,J01XX04,J01XX04
methenamine,,J01XX05,J01XX05
nitroxoline,,J01XX07,J01XX07
linezolid,,J01XX08,J01XX08
daptomycin,,J01XX09,J01XX09
tedizolid,,J01XX11,J01XX11
lefamulin,,J01XX12,J01XX12
itraconazole,,J02AC02,J02AC02
voriconazole,,J02AC03,J02AC03
posaconazole,,J02AC04,J02AC04
isavuconazole,,J02AC05,J02AC05
oteseconazole,,J02AC06,J02AC06
caspofungin,,J02AX04,J02AX04
micafungin,,J02AX05,J02AX05
anidulafungin,,J02AX06,J02AX06
ibrexafungerp,,J02AX07,J02AX07
rezafungin acetate,,J02AX08,J02AX08
4-aminosalicylic acid,,J04AA01,J04AA01
sodium aminosalicylate,,J04AA02,J04AA02
calcium aminosalicylate,,J04AA03,J04AA03
cycloserine,,J04AB01,J04AB01
rifampicin,,J04AB02,J04AB02
rifabutin,,J04AB04,J04AB04
rifapentine,,J04AB05,J04AB05
enviomycin,,J04AB06,J04AB06
capreomycin,,J04AB30,J04AB30
isoniazid,,J04AC01,J04AC01
"isoniazid, combinations",,J04AC51,J04AC51
protionamide,,J04AD01,J04AD01
tiocarlide,,J04AD02,J04AD02
ethionamide,,J04AD03,J04AD03
pyrazinamide,,J04AK01,J04AK01
ethambutol,,J04AK02,J04AK02
terizidone,,J04AK03,J04AK03
morinamide,,J04AK04,J04AK04
bedaquiline,,J04AK05,J04AK05
delamanid,,J04AK06,J04AK06
thioacetazone,,J04AK07,J04AK07
pretomanid,,J04AK08,J04AK08
streptomycin and isoniazid,,J04AM01,J04AM01
rifampicin and isoniazid,,J04AM02,J04AM02
ethambutol and isoniazid,,J04AM03,J04AM03
thioacetazone and isoniazid,,J04AM04,J04AM04
"rifampicin, pyrazinamide and isoniazid",,J04AM05,J04AM05
"rifampicin, pyrazinamide, ethambutol and isoniazid",,J04AM06,J04AM06
"rifampicin, ethambutol and isoniazid",,J04AM07,J04AM07
"isoniazid, sulfamethoxazole, trimethoprim and pyridoxine",,J04AM08,J04AM08
clofazimine,,J04BA01,J04BA01
aldesulfone sodium,,J04BA03,J04BA03
dapsone and rifampicin,,J04BA50,J04BA50
"dapsone, rifampicin and clofazimine",,J04BA51,J04BA51
metisazone,,J05AA01,J05AA01
vidarabine,,J05AB03,J05AB03;S01AD06
ganciclovir,,J05AB06,J05AB06;S01AD09
famciclovir,,J05AB09,J05AB09;S01AD07
valaciclovir,,J05AB11,J05AB11
cidofovir,,J05AB12,J05AB12
valganciclovir,,J05AB14,J05AB14
brivudine,,J05AB15,J05AB15
remdesivir,,J05AB16,J05AB16
brincidofovir,,J05AB17,J05AB17
molnupiravir,,J05AB18,J05AB18
rimantadine,,J05AC02,J05AC02
foscarnet,,J05AD01,J05AD01
fosfonet,,J05AD02,J05AD02
saquinavir,,J05AE01,J05AE01
indinavir,,J05AE02,J05AE02
ritonavir,,J05AE03,J05AE03
nelfinavir,,J05AE04,J05AE04
amprenavir,,J05AE05,J05AE05
fosamprenavir,,J05AE07,J05AE07
atazanavir,,J05AE08,J05AE08
tipranavir,,J05AE09,J05AE09
darunavir,,J05AE10,J05AE10
ensitrelvir,,J05AE16,J05AE16
nirmatrelvir and ritonavir,,J05AE30,J05AE30
zidovudine,,J05AF01,J05AF01
didanosine,,J05AF02,J05AF02
zalcitabine,,J05AF03,J05AF03
stavudine,,J05AF04,J05AF04
lamivudine,,J05AF05,J05AF05
abacavir,,J05AF06,J05AF06
tenofovir disoproxil,,J05AF07,J05AF07
adefovir dipivoxil,,J05AF08,J05AF08
emtricitabine,,J05AF09,J05AF09
entecavir,,J05AF10,J05AF10
telbivudine,,J05AF11,J05AF11
clevudine,,J05AF12,J05AF12
tenofovir alafenamide,,J05AF13,J05AF13
nevirapine,,J05AG01,J05AG01
delavirdine,,J05AG02,J05AG02
efavirenz,,J05AG03,J05AG03
etravirine,,J05AG04,J05AG04
rilpivirine,,J05AG05,J05AG05
doravirine,,J05AG06,J05AG06
zanamivir,,J05AH01,J05AH01
oseltamivir,,J05AH02,J05AH02
peramivir,,J05AH03,J05AH03
laninamivir,,J05AH04,J05AH04
raltegravir,,J05AJ01,J05AJ01
elvitegravir,,J05AJ02,J05AJ02
dolutegravir,,J05AJ03,J05AJ03
cabotegravir,,J05AJ04,J05AJ04
ribavirin,,J05AP01,J05AP01
telaprevir,,J05AP02,J05AP02
boceprevir,,J05AP03,J05AP03
faldaprevir,,J05AP04,J05AP04
simeprevir,,J05AP05,J05AP05
asunaprevir,,J05AP06,J05AP06
daclatasvir,,J05AP07,J05AP07
sofosbuvir,,J05AP08,J05AP08
dasabuvir,,J05AP09,J05AP09
elbasvir,,J05AP10,J05AP10
grazoprevir,,J05AP11,J05AP11
coblopasvir,,J05AP12,J05AP12
ravidasvir,,J05AP13,J05AP13
sofosbuvir and ledipasvir,,J05AP51,J05AP51
"dasabuvir, ombitasvir, paritaprevir and ritonavir",,J05AP52,J05AP52
"ombitasvir, paritaprevir and ritonavir",,J05AP53,J05AP53
elbasvir and grazoprevir,,J05AP54,J05AP54
sofosbuvir and velpatasvir,,J05AP55,J05AP55
"sofosbuvir, velpatasvir and voxilaprevir",,J05AP56,J05AP56
glecaprevir and pibrentasvir,,J05AP57,J05AP57
"daclatasvir, asunaprevir and beclabuvir",,J05AP58,J05AP58
zidovudine and lamivudine,,J05AR01,J05AR01
lamivudine and abacavir,,J05AR02,J05AR02
tenofovir disoproxil and emtricitabine,,J05AR03,J05AR03
"zidovudine, lamivudine and abacavir",,J05AR04,J05AR04
"zidovudine, lamivudine and nevirapine",,J05AR05,J05AR05
"emtricitabine, tenofovir disoproxil and efavirenz",,J05AR06,J05AR06
"stavudine, lamivudine and nevirapine",,J05AR07,J05AR07
"emtricitabine, tenofovir disoproxil and rilpivirine",,J05AR08,J05AR08
"emtricitabine, tenofovir disoproxil, elvitegravir and cobicistat",,J05AR09,J05AR09
lopinavir and ritonavir,,J05AR10,J05AR10
"lamivudine, tenofovir disoproxil and efavirenz",,J05AR11,J05AR11
lamivudine and tenofovir disoproxil,,J05AR12,J05AR12
"lamivudine, abacavir and dolutegravir",,J05AR13,J05AR13
darunavir and cobicistat,,J05AR14,J05AR14
atazanavir and cobicistat,,J05AR15,J05AR15
lamivudine and raltegravir,,J05AR16,J05AR16
emtricitabine and tenofovir alafenamide,,J05AR17,J05AR17
"emtricitabine, tenofovir alafenamide, elvitegravir and cobicistat",,J05AR18,J05AR18
"emtricitabine, tenofovir alafenamide and rilpivirine",,J05AR19,J05AR19
"emtricitabine, tenofovir alafenamide and bictegravir",,J05AR20,J05AR20
dolutegravir and rilpivirine,,J05AR21,J05AR21
"emtricitabine, tenofovir alafenamide, darunavir and cobicistat",,J05AR22,J05AR22
atazanavir and ritonavir,,J05AR23,J05AR23
"lamivudine, tenofovir disoproxil and doravirine",,J05AR24,J05AR24
lamivudine and dolutegravir,,J05AR25,J05AR25
darunavir and ritonavir,,J05AR26,J05AR26
"lamivudine, tenofovir disoproxil and dolutegravir",,J05AR27,J05AR27
stavudine and lamivudine,,J05AR28,J05AR28
moroxydine,,J05AX01,J05AX01
inosine pranobex,,J05AX05,J05AX05
pleconaril,,J05AX06,J05AX06
enfuvirtide,,J05AX07,J05AX07
maraviroc,,J05AX09,J05AX09
maribavir,,J05AX10,J05AX10
umifenovir,,J05AX13,J05AX13
enisamium iodide,,J05AX17,J05AX17
letermovir,,J05AX18,J05AX18
tilorone,,J05AX19,J05AX19
pentanedioic acid imidazolyl ethanamide,,J05AX21,J05AX21
ibalizumab,,J05AX23,J05AX23
tecovirimat,,J05AX24,J05AX24
baloxavir marboxil,,J05AX25,J05AX25
amenamevir,,J05AX26,J05AX26
favipiravir,,J05AX27,J05AX27
bulevirtide,,J05AX28,J05AX28
fostemsavir,,J05AX29,J05AX29
lenacapavir,,J05AX31,J05AX31
diphtheria antitoxin,,J06AA01,J06AA01
tetanus antitoxin,,J06AA02,J06AA02
snake venom antiserum,,J06AA03,J06AA03
botulinum antitoxin,,J06AA04,J06AA04
gas-gangrene sera,,J06AA05,J06AA05
rabies serum,,J06AA06,J06AA06
"immunoglobulins, normal human, for extravascular adm.",,J06BA01,J06BA01
"immunoglobulins, normal human, for intravascular adm.",,J06BA02,J06BA02
anti-D (rh) immunoglobulin,,J06BB01,J06BB01
tetanus immunoglobulin,,J06BB02,J06BB02
varicella/zoster immunoglobulin,,J06BB03,J06BB03
hepatitis B immunoglobulin,,J06BB04,J06BB04
rabies immunoglobulin,,J06BB05,J06BB05
rubella immunoglobulin,,J06BB06,J06BB06
vaccinia immunoglobulin,,J06BB07,J06BB07
staphylococcus immunoglobulin,,J06BB08,J06BB08
cytomegalovirus immunoglobulin,,J06BB09,J06BB09
diphtheria immunoglobulin,,J06BB10,J06BB10
hepatitis A immunoglobulin,,J06BB11,J06BB11
"encephalitis, tick borne immunoglobulin",,J06BB12,J06BB12
pertussis immunoglobulin,,J06BB13,J06BB13
measles immunoglobulin,,J06BB14,J06BB14
mumps immunoglobulin,,J06BB15,J06BB15
anthrax immunoglobulin,,J06BB19,J06BB19
nebacumab,,J06BC01,J06BC01
raxibacumab,,J06BC02,J06BC02
bezlotoxumab,,J06BC03,J06BC03
obiltoxaximab,,J06BC04,J06BC04
palivizumab,,J06BD01,J06BD01
motavizumab,,J06BD02,J06BD02
tixagevimab and cilgavimab,,J06BD03,J06BD03
ansuvimab,,J06BD04,J06BD04
sotrovimab,,J06BD05,J06BD05
regdanvimab,,J06BD06,J06BD06
casirivimab and imdevimab,,J06BD07,J06BD07
nirsevimab,,J06BD08,J06BD08
anthrax antigen,,J07AC01,J07AC01
brucella antigen,,J07AD01,J07AD01
"cholera, inactivated, whole cell",,J07AE01,J07AE01
"cholera, live attenuated",,J07AE02,J07AE02
"cholera, combinations with typhoid vaccine, inactivated, whole cell",,J07AE51,J07AE51
diphtheria toxoid,,J07AF01,J07AF01
"haemophilus influenzae B, purified antigen conjugated",,J07AG01,J07AG01
"haemophilus influenzae B, combinations with toxoids",,J07AG51,J07AG51
"haemophilus influenzae B, combinations with pertussis and toxoids",,J07AG52,J07AG52
"haemophilus influenzae B, combinations with meningococcus C, conjugated",,J07AG53,J07AG53
"haemophilus influenza B, combinations with meningococcus C,Y, conjugated",,J07AG54,J07AG54
"meningococcus A, purified polysaccharides antigen",,J07AH01,J07AH01
other meningococcal monovalent purified polysaccharides antigen,,J07AH02,J07AH02
"meningococcus A,C, bivalent purified polysaccharides antigen",,J07AH03,J07AH03
"meningococcus A,C,Y,W-135, tetravalent purified polysaccharides antigen",,J07AH04,J07AH04
other meningococcal polyvalent purified polysaccharides antigen,,J07AH05,J07AH05
"meningococcus B, outer membrane vesicle vaccine",,J07AH06,J07AH06
"meningococcus C, purified polysaccharides antigen conjugated",,J07AH07,J07AH07
"meningococcus A,C,Y,W-135, tetravalent purified polysaccharides antigen conjugated",,J07AH08,J07AH08
"meningococcus B, multicomponent vaccine",,J07AH09,J07AH09
"meningococcus A, purified polysaccharides antigen conjugated",,J07AH10,J07AH10
"pertussis, inactivated, whole cell",,J07AJ01,J07AJ01
"pertussis, purified antigen",,J07AJ02,J07AJ02
"pertussis, inactivated, whole cell, combinations with toxoids",,J07AJ51,J07AJ51
"pertussis, purified antigen, combinations with toxoids",,J07AJ52,J07AJ52
"plague, inactivated, whole cell",,J07AK01,J07AK01
"pneumococcus, purified polysaccharides antigen",,J07AL01,J07AL01
"pneumococcus, purified polysaccharides antigen conjugated",,J07AL02,J07AL02
"pneumococcus purified polysaccharides antigen and haemophilus influenzae, conjugated",,J07AL52,J07AL52
tetanus toxoid,,J07AM01,J07AM01
"tetanus toxoid, combinations with diphtheria toxoid",,J07AM51,J07AM51
"tetanus toxoid, combinations with tetanus immunoglobulin",,J07AM52,J07AM52
"tuberculosis, live attenuated",,J07AN01,J07AN01
"typhoid, oral, live attenuated",,J07AP01,J07AP01
"typhoid, inactivated, whole cell",,J07AP02,J07AP02
"typhoid, purified polysaccharide antigen",,J07AP03,J07AP03
"typhoid, combinations with paratyphi types",,J07AP10,J07AP10
"typhus exanthematicus, inactivated, whole cell",,J07AR01,J07AR01
leptospira vaccines,,J07AX01,J07AX01
"encephalitis, tick borne, inactivated, whole virus",,J07BA01,J07BA01
"encephalitis, Japanese, inactivated, whole virus",,J07BA02,J07BA02
"encephalitis, Japanese, live attenuated",,J07BA03,J07BA03
"influenza, inactivated, whole virus",,J07BB01,J07BB01
"influenza, inactivated, split virus or surface antigen",,J07BB02,J07BB02
"influenza, live attenuated",,J07BB03,J07BB03
"influenza, virus like particles",,J07BB04,J07BB04
"hepatitis B, purified antigen",,J07BC01,J07BC01
"hepatitis A, inactivated, whole virus",,J07BC02,J07BC02
"measles, live attenuated",,J07BD01,J07BD01
"measles, combinations with mumps, live attenuated",,J07BD51,J07BD51
"measles, combinations with mumps and rubella, live attenuated",,J07BD52,J07BD52
"measles, combinations with rubella, live attenuated",,J07BD53,J07BD53
"measles, combinations with mumps, rubella and varicella, live attenuated",,J07BD54,J07BD54
"mumps, live attenuated",,J07BE01,J07BE01
"poliomyelitis oral, monovalent, live attenuated",,J07BF01,J07BF01
"poliomyelitis oral, trivalent, live attenuated",,J07BF02,J07BF02
"poliomyelitis, trivalent, inactivated, whole virus",,J07BF03,J07BF03
"poliomyelitis oral, bivalent, live attenuated",,J07BF04,J07BF04
"rabies, inactivated, whole virus",,J07BG01,J07BG01
"rota virus, live attenuated",,J07BH01,J07BH01
"rota virus, pentavalent, live, reassorted",,J07BH02,J07BH02
"rubella, live attenuated",,J07BJ01,J07BJ01
"rubella, combinations with mumps, live attenuated",,J07BJ51,J07BJ51
"varicella, live attenuated",,J07BK01,J07BK01
"zoster, live attenuated",,J07BK02,J07BK02
"zoster, purified antigen",,J07BK03,J07BK03
"yellow fever, live attenuated",,J07BL01,J07BL01
"papillomavirus (human types 6, 11, 16, 18)",,J07BM01,J07BM01
"papillomavirus (human types 16, 18)",,J07BM02,J07BM02
"papillomavirus (human types 6, 11, 16, 18, 31, 33, 45, 52, 58)",,J07BM03,J07BM03
"covid-19, RNA-based vaccine",,J07BN01,J07BN01
"covid-19, viral vector, non-replicating",,J07BN02,J07BN02
"covid-19, inactivated virus",,J07BN03,J07BN03
"covid-19, protein subunit",,J07BN04,J07BN04
"covid-19, virus-like particles",,J07BN05,J07BN05
smallpox and monkeypox vaccines,,J07BX01,J07BX01
ebola vaccines,,J07BX02,J07BX02
dengue virus vaccines,,J07BX04,J07BX04
respiratory syncytial virus vaccines,,J07BX05,J07BX05
enterovirus 71 vaccines,,J07BX06,J07BX06
diphtheria-poliomyelitis-tetanus,,J07CA01,J07CA01
diphtheria-pertussis-poliomyelitis-tetanus,,J07CA02,J07CA02
diphtheria-rubella-tetanus,,J07CA03,J07CA03
haemophilus influenzae B and poliomyelitis,,J07CA04,J07CA04
diphtheria-hepatitis B-pertussis-tetanus,,J07CA05,J07CA05
diphtheria-haemophilus influenzae B-pertussis-poliomyelitis-tetanus,,J07CA06,J07CA06
diphtheria-hepatitis B-tetanus,,J07CA07,J07CA07
haemophilus influenzae B and hepatitis B,,J07CA08,J07CA08
diphtheria-haemophilus influenzae B-pertussis-poliomyelitis-tetanus-hepatitis B,,J07CA09,J07CA09
typhoid-hepatitis A,,J07CA10,J07CA10
diphtheria-haemophilus influenzae B-pertussis-tetanus-hepatitis B,,J07CA11,J07CA11
diphtheria-pertussis-poliomyelitis-tetanus-hepatitis B,,J07CA12,J07CA12
diphtheria-haemophilus influenzae B-pertussis-tetanus-hepatitis B-meningococcus A + C,,J07CA13,J07CA13
malaria vaccines,,J07XA01,J07XA01
cyclophosphamide,,L01AA01,L01AA01
chlorambucil,,L01AA02,L01AA02
melphalan,,L01AA03,L01AA03
chlormethine,,L01AA05,L01AA05
ifosfamide,,L01AA06,L01AA06
trofosfamide,,L01AA07,L01AA07
prednimustine,,L01AA08,L01AA08
bendamustine,,L01AA09,L01AA09
melphalan flufenamide,,L01AA10,L01AA10
busulfan,,L01AB01,L01AB01
treosulfan,,L01AB02,L01AB02
mannosulfan,,L01AB03,L01AB03
thiotepa,,L01AC01,L01AC01
triaziquone,,L01AC02,L01AC02
carboquone,,L01AC03,L01AC03
carmustine,,L01AD01,L01AD01
lomustine,,L01AD02,L01AD02
semustine,,L01AD03,L01AD03
streptozocin,,L01AD04,L01AD04
fotemustine,,L01AD05,L01AD05
nimustine,,L01AD06,L01AD06
ranimustine,,L01AD07,L01AD07
uramustine,,L01AD08,L01AD08
etoglucid,,L01AG01,L01AG01
mitobronitol,,L01AX01,L01AX01
pipobroman,,L01AX02,L01AX02
temozolomide,,L01AX03,L01AX03
dacarbazine,,L01AX04,L01AX04
methotrexate,,L01BA01,L01BA01;L04AX03
raltitrexed,,L01BA03,L01BA03
pemetrexed,,L01BA04,L01BA04
pralatrexate,,L01BA05,L01BA05
mercaptopurine,,L01BB02,L01BB02
tioguanine,,L01BB03,L01BB03
cladribine,,L01BB04,L01BB04;L04AA40
fludarabine,,L01BB05,L01BB05
clofarabine,,L01BB06,L01BB06
nelarabine,,L01BB07,L01BB07
cytarabine,,L01BC01,L01BC01
fluorouracil,,L01BC02,L01BC02
tegafur,,L01BC03,L01BC03
carmofur,,L01BC04,L01BC04
gemcitabine,,L01BC05,L01BC05
capecitabine,,L01BC06,L01BC06
azacitidine,,L01BC07,L01BC07
decitabine,,L01BC08,L01BC08
floxuridine,,L01BC09,L01BC09
"fluorouracil, combinations",,L01BC52,L01BC52
"tegafur, combinations",,L01BC53,L01BC53
"decitabine, combinations",,L01BC58,L01BC58
"trifluridine, combinations",,L01BC59,L01BC59
vinblastine,,L01CA01,L01CA01
vincristine,,L01CA02,L01CA02
vindesine,,L01CA03,L01CA03
vinorelbine,,L01CA04,L01CA04
vinflunine,,L01CA05,L01CA05
vintafolide,,L01CA06,L01CA06
etoposide,,L01CB01,L01CB01
teniposide,,L01CB02,L01CB02
demecolcine,,L01CC01,L01CC01
paclitaxel,,L01CD01,L01CD01
docetaxel,,L01CD02,L01CD02
paclitaxel poliglumex,,L01CD03,L01CD03
cabazitaxel,,L01CD04,L01CD04
paclitaxel and encequidar,,L01CD51,L01CD51
topotecan,,L01CE01,L01CE01
irinotecan,,L01CE02,L01CE02
etirinotecan pegol,,L01CE03,L01CE03
belotecan,,L01CE04,L01CE04
trabectedin,,L01CX01,L01CX01
dactinomycin,,L01DA01,L01DA01
doxorubicin,,L01DB01,L01DB01
daunorubicin,,L01DB02,L01DB02
epirubicin,,L01DB03,L01DB03
aclarubicin,,L01DB04,L01DB04
zorubicin,,L01DB05,L01DB05
idarubicin,,L01DB06,L01DB06
mitoxantrone,,L01DB07,L01DB07
pirarubicin,,L01DB08,L01DB08
valrubicin,,L01DB09,L01DB09
amrubicin,,L01DB10,L01DB10
pixantrone,,L01DB11,L01DB11
bleomycin,,L01DC01,L01DC01
plicamycin,,L01DC02,L01DC02
mitomycin,,L01DC03,L01DC03
ixabepilone,,L01DC04,L01DC04
imatinib,,L01EA01,L01EA01
dasatinib,,L01EA02,L01EA02
nilotinib,,L01EA03,L01EA03
bosutinib,,L01EA04,L01EA04
ponatinib,,L01EA05,L01EA05
asciminib,,L01EA06,L01EA06
gefitinib,,L01EB01,L01EB01
erlotinib,,L01EB02,L01EB02
afatinib,,L01EB03,L01EB03
osimertinib,,L01EB04,L01EB04
rociletinib,,L01EB05,L01EB05
olmutinib,,L01EB06,L01EB06
dacomitinib,,L01EB07,L01EB07
icotinib,,L01EB08,L01EB08
lazertinib,,L01EB09,L01EB09
mobocertinib,,L01EB10,L01EB10
aumolertinib,,L01EB11,L01EB11
vemurafenib,,L01EC01,L01EC01
dabrafenib,,L01EC02,L01EC02
encorafenib,,L01EC03,L01EC03
crizotinib,,L01ED01,L01ED01
ceritinib,,L01ED02,L01ED02
alectinib,,L01ED03,L01ED03
brigatinib,,L01ED04,L01ED04
lorlatinib,,L01ED05,L01ED05
trametinib,,L01EE01,L01EE01
cobimetinib,,L01EE02,L01EE02
binimetinib,,L01EE03,L01EE03
selumetinib,,L01EE04,L01EE04
palbociclib,,L01EF01,L01EF01
ribociclib,,L01EF02,L01EF02
abemaciclib,,L01EF03,L01EF03
temsirolimus,,L01EG01,L01EG01
everolimus,,L01EG02,L01EG02;L04AH02
ridaforolimus,,L01EG03,L01EG03
sirolimus,,L01EG04,L01EG04;L04AH01;S01XA23
lapatinib,,L01EH01,L01EH01
neratinib,,L01EH02,L01EH02
tucatinib,,L01EH03,L01EH03
fedratinib,,L01EJ02,L01EJ02
pacritinib,,L01EJ03,L01EJ03
momelotinib,,L01EJ04,L01EJ04
axitinib,,L01EK01,L01EK01
cediranib,,L01EK02,L01EK02
tivozanib,,L01EK03,L01EK03
fruquintinib,,L01EK04,L01EK04
ibrutinib,,L01EL01,L01EL01
acalabrutinib,,L01EL02,L01EL02
zanubrutinib,,L01EL03,L01EL03
orelabrutinib,,L01EL04,L01EL04
pirtobrutinib,,L01EL05,L01EL05
idelalisib,,L01EM01,L01EM01
copanlisib,,L01EM02,L01EM02
alpelisib,,L01EM03,L01EM03
duvelisib,,L01EM04,L01EM04
parsaclisib,,L01EM05,L01EM05
erdafitinib,,L01EN01,L01EN01
pemigatinib,,L01EN02,L01EN02
infigratinib,,L01EN03,L01EN03
futibatinib,,L01EN04,L01EN04
sunitinib,,L01EX01,L01EX01
sorafenib,,L01EX02,L01EX02
pazopanib,,L01EX03,L01EX03
vandetanib,,L01EX04,L01EX04
regorafenib,,L01EX05,L01EX05
masitinib,,L01EX06,L01EX06
cabozantinib,,L01EX07,L01EX07
lenvatinib,,L01EX08,L01EX08
nintedanib,,L01EX09,L01EX09
midostaurin,,L01EX10,L01EX10
quizartinib,,L01EX11,L01EX11
larotrectinib,,L01EX12,L01EX12
gilteritinib,,L01EX13,L01EX13
entrectinib,,L01EX14,L01EX14
pexidartinib,,L01EX15,L01EX15
capmatinib,,L01EX17,L01EX17
avapritinib,,L01EX18,L01EX18
ripretinib,,L01EX19,L01EX19
tepotinib,,L01EX21,L01EX21
selpercatinib,,L01EX22,L01EX22
pralsetinib,,L01EX23,L01EX23
surufatinib,,L01EX24,L01EX24
umbralisib,,L01EX25,L01EX25
sitravatinib,,L01EX26,L01EX26
capivasertib,,L01EX27,L01EX27
rituximab,,L01FA01,L01FA01
ofatumumab,,L01FA02,L01FA02;L04AG12
obinutuzumab,,L01FA03,L01FA03
inotuzumab ozogamicin,,L01FB01,L01FB01
moxetumomab pasudotox,,L01FB02,L01FB02
daratumumab,,L01FC01,L01FC01
isatuximab,,L01FC02,L01FC02
trastuzumab,,L01FD01,L01FD01
pertuzumab,,L01FD02,L01FD02
trastuzumab emtansine,,L01FD03,L01FD03
trastuzumab deruxtecan,,L01FD04,L01FD04
trastuzumab duocarmazine,,L01FD05,L01FD05
margetuximab,,L01FD06,L01FD06
cetuximab,,L01FE01,L01FE01
panitumumab,,L01FE02,L01FE02
necitumumab,,L01FE03,L01FE03
nivolumab,,L01FF01,L01FF01
pembrolizumab,,L01FF02,L01FF02
durvalumab,,L01FF03,L01FF03
avelumab,,L01FF04,L01FF04
atezolizumab,,L01FF05,L01FF05
cemiplimab,,L01FF06,L01FF06
dostarlimab,,L01FF07,L01FF07
prolgolimab,,L01FF08,L01FF08
tislelizumab,,L01FF09,L01FF09
retifanlimab,,L01FF10,L01FF10
sugemalimab,,L01FF11,L01FF11
serplulimab,,L01FF12,L01FF12
toripalimab,,L01FF13,L01FF13
bevacizumab,,L01FG01,L01FG01;S01LA08
ramucirumab,,L01FG02,L01FG02
edrecolomab,,L01FX01,L01FX01
gemtuzumab ozogamicin,,L01FX02,L01FX02
catumaxomab,,L01FX03,L01FX03
ipilimumab,,L01FX04,L01FX04
brentuximab vedotin,,L01FX05,L01FX05
dinutuximab beta,,L01FX06,L01FX06
blinatumomab,,L01FX07,L01FX07
elotuzumab,,L01FX08,L01FX08
mogamulizumab,,L01FX09,L01FX09
olaratumab,,L01FX10,L01FX10
bermekimab,,L01FX11,L01FX11
tafasitamab,,L01FX12,L01FX12
enfortumab vedotin,,L01FX13,L01FX13
polatuzumab vedotin,,L01FX14,L01FX14
belantamab mafodotin,,L01FX15,L01FX15
oportuzumab monatox,,L01FX16,L01FX16
sacituzumab govitecan,,L01FX17,L01FX17
amivantamab,,L01FX18,L01FX18
sabatolimab,,L01FX19,L01FX19
tremelimumab,,L01FX20,L01FX20
naxitamab,,L01FX21,L01FX21
loncastuximab tesirine,,L01FX22,L01FX22
tisotumab vedotin,,L01FX23,L01FX23
teclistamab,,L01FX24,L01FX24
mosunetuzumab,,L01FX25,L01FX25
mirvetuximab soravtansine,,L01FX26,L01FX26
epcoritamab,,L01FX27,L01FX27
glofitamab,,L01FX28,L01FX28
talquetamab,,L01FX29,L01FX29
pertuzumab and trastuzumab,,L01FY01,L01FY01
nivolumab and relatlimab,,L01FY02,L01FY02
prolgolimab and nurulimab,,L01FY03,L01FY03
cisplatin,,L01XA01,L01XA01
carboplatin,,L01XA02,L01XA02
oxaliplatin,,L01XA03,L01XA03
satraplatin,,L01XA04,L01XA04
polyplatillen,,L01XA05,L01XA05
procarbazine,,L01XB01,L01XB01
porfimer sodium,,L01XD01,L01XD01
methyl aminolevulinate,,L01XD03,L01XD03
aminolevulinic acid,,L01XD04,L01XD04
temoporfin,,L01XD05,L01XD05
efaproxiral,,L01XD06,L01XD06
padeliporfin,,L01XD07,L01XD07
bexarotene,,L01XF03,L01XF03
bortezomib,,L01XG01,L01XG01
carfilzomib,,L01XG02,L01XG02
ixazomib,,L01XG03,L01XG03
vorinostat,,L01XH01,L01XH01
romidepsin,,L01XH02,L01XH02
panobinostat,,L01XH03,L01XH03
belinostat,,L01XH04,L01XH04
entinostat,,L01XH05,L01XH05
vismodegib,,L01XJ01,L01XJ01
sonidegib,,L01XJ02,L01XJ02
glasdegib,,L01XJ03,L01XJ03
olaparib,,L01XK01,L01XK01
niraparib,,L01XK02,L01XK02
rucaparib,,L01XK03,L01XK03
talazoparib,,L01XK04,L01XK04
veliparib,,L01XK05,L01XK05
pamiparib,,L01XK06,L01XK06
niraparib and abiraterone,,L01XK52,L01XK52
sitimagene ceradenovec,,L01XL01,L01XL01
talimogene laherparepvec,,L01XL02,L01XL02
axicabtagene ciloleucel,,L01XL03,L01XL03
tisagenlecleucel,,L01XL04,L01XL04
ciltacabtagene autoleucel,,L01XL05,L01XL05
brexucabtagene autoleucel,,L01XL06,L01XL06
idecabtagene vicleucel,,L01XL07,L01XL07
lisocabtagene maraleucel,,L01XL08,L01XL08
tabelecleucel,,L01XL09,L01XL09
nadofaragene firadenovec,,L01XL10,L01XL10
lifileucel,,L01XL11,L01XL11
amsacrine,,L01XX01,L01XX01
asparaginase,,L01XX02,L01XX02
altretamine,,L01XX03,L01XX03
hydroxycarbamide,,L01XX05,L01XX05
lonidamine,,L01XX07,L01XX07
pentostatin,,L01XX08,L01XX08
masoprocol,,L01XX10,L01XX10
estramustine,,L01XX11,L01XX11
mitoguazone,,L01XX16,L01XX16
tiazofurine,,L01XX18,L01XX18
mitotane,,L01XX23,L01XX23
pegaspargase,,L01XX24,L01XX24
arsenic trioxide,,L01XX27,L01XX27
denileukin diftitox,,L01XX29,L01XX29
celecoxib,,L01XX33,L01XX33;M01AH01
anagrelide,,L01XX35,L01XX35
oblimersen,,L01XX36,L01XX36
omacetaxine mepesuccinate,,L01XX40,L01XX40
eribulin,,L01XX41,L01XX41
aflibercept,,L01XX44,L01XX44;S01LA05
venetoclax,,L01XX52,L01XX52
vosaroxin,,L01XX53,L01XX53
plitidepsin,,L01XX57,L01XX57
epacadostat,,L01XX58,L01XX58
enasidenib,,L01XX59,L01XX59
ivosidenib,,L01XX62,L01XX62
selinexor,,L01XX66,L01XX66
tagraxofusp,,L01XX67,L01XX67
lurbinectedin,,L01XX69,L01XX69
tazemetostat,,L01XX72,L01XX72
sotorasib,,L01XX73,L01XX73
belzutifan,,L01XX74,L01XX74
tebentafusp,,L01XX75,L01XX75
adagrasib,,L01XX77,L01XX77
navitoclax,,L01XX78,L01XX78
imetelstat,,L01XX80,L01XX80
cytarabine and daunorubicin,,L01XY01,L01XY01
polyestradiol phosphate,,L02AA02,L02AA02
fosfestrol,,L02AA04,L02AA04
buserelin,,L02AE01,L02AE01
leuprorelin,,L02AE02,L02AE02
goserelin,,L02AE03,L02AE03
triptorelin,,L02AE04,L02AE04
histrelin,,L02AE05,L02AE05
leuprorelin and bicalutamide,,L02AE51,L02AE51
tamoxifen,,L02BA01,L02BA01
toremifene,,L02BA02,L02BA02
fulvestrant,,L02BA03,L02BA03
elacestrant,,L02BA04,L02BA04
flutamide,,L02BB01,L02BB01
nilutamide,,L02BB02,L02BB02
bicalutamide,,L02BB03,L02BB03
enzalutamide,,L02BB04,L02BB04
apalutamide,,L02BB05,L02BB05
darolutamide,,L02BB06,L02BB06
aminoglutethimide,,L02BG01,L02BG01
formestane,,L02BG02,L02BG02
anastrozole,,L02BG03,L02BG03
letrozole,,L02BG04,L02BG04
vorozole,,L02BG05,L02BG05
exemestane,,L02BG06,L02BG06
abarelix,,L02BX01,L02BX01
degarelix,,L02BX02,L02BX02
abiraterone,,L02BX03,L02BX03
relugolix,,L02BX04,L02BX04
abiraterone and prednisolone,,L02BX53,L02BX53
filgrastim,,L03AA02,L03AA02
molgramostim,,L03AA03,L03AA03
sargramostim,,L03AA09,L03AA09
lenograstim,,L03AA10,L03AA10
ancestim,,L03AA12,L03AA12
pegfilgrastim,,L03AA13,L03AA13
lipegfilgrastim,,L03AA14,L03AA14
balugrastim,,L03AA15,L03AA15
empegfilgrastim,,L03AA16,L03AA16
pegteograstim,,L03AA17,L03AA17
efbemalenograstim alfa,,L03AA18,L03AA18
eflapegrastim,,L03AA19,L03AA19
interferon alfa natural,,L03AB01,L03AB01
interferon beta natural,,L03AB02,L03AB02
interferon gamma,,L03AB03,L03AB03
interferon alfa-2a,,L03AB04,L03AB04
interferon alfa-2b,,L03AB05,L03AB05
interferon alfa-n1,,L03AB06,L03AB06
interferon beta-1a,,L03AB07,L03AB07
interferon beta-1b,,L03AB08,L03AB08
interferon alfacon-1,,L03AB09,L03AB09
peginterferon alfa-2b,,L03AB10,L03AB10
peginterferon alfa-2a,,L03AB11,L03AB11
albinterferon alfa-2b,,L03AB12,L03AB12
peginterferon beta-1a,,L03AB13,L03AB13
cepeginterferon alfa-2b,,L03AB14,L03AB14
ropeginterferon alfa-2b,,L03AB15,L03AB15
peginterferon alfacon-2,,L03AB16,L03AB16
sampeginterferon beta-1a,,L03AB17,L03AB17
"peginterferon alfa-2b, combinations",,L03AB60,L03AB60
"peginterferon alfa-2a, combinations",,L03AB61,L03AB61
aldesleukin,,L03AC01,L03AC01
oprelvekin,,L03AC02,L03AC02
lentinan,,L03AX01,L03AX01
roquinimex,,L03AX02,L03AX02
BCG vaccine,,L03AX03,L03AX03
pegademase,,L03AX04,L03AX04
pidotimod,,L03AX05,L03AX05
poly I:C,,L03AX07,L03AX07
poly ICLC,,L03AX08,L03AX08
thymopentin,,L03AX09,L03AX09
immunocyanin,,L03AX10,L03AX10
tasonermin,,L03AX11,L03AX11
melanoma vaccine,,L03AX12,L03AX12
glatiramer acetate,,L03AX13,L03AX13
histamine dihydrochloride,,L03AX14,L03AX14
mifamurtide,,L03AX15,L03AX15
plerixafor,,L03AX16,L03AX16
sipuleucel-T,,L03AX17,L03AX17
cridanimod,,L03AX18,L03AX18
dasiprotimut-T,,L03AX19,L03AX19
elapegademase,,L03AX21,L03AX21
leniolisib,,L03AX22,L03AX22
antilymphocyte immunoglobulin (horse),,L04AA03,L04AA03
antithymocyte immunoglobulin (rabbit),,L04AA04,L04AA04
mycophenolic acid,,L04AA06,L04AA06
alefacept,,L04AA15,L04AA15
gusperimus,,L04AA19,L04AA19
abetimus,,L04AA22,L04AA22
abatacept,,L04AA24,L04AA24
belatacept,,L04AA28,L04AA28
apremilast,,L04AA32,L04AA32
imlifidase,,L04AA41,L04AA41
belumosudil,,L04AA48,L04AA48
efgartigimod alfa,,L04AA58,L04AA58
etanercept,,L04AB01,L04AB01
infliximab,,L04AB02,L04AB02
afelimomab,,L04AB03,L04AB03
adalimumab,,L04AB04,L04AB04
certolizumab pegol,,L04AB05,L04AB05
golimumab,,L04AB06,L04AB06
opinercept,,L04AB07,L04AB07
daclizumab,,L04AC01,L04AC01
basiliximab,,L04AC02,L04AC02
anakinra,,L04AC03,L04AC03
rilonacept,,L04AC04,L04AC04
ustekinumab,,L04AC05,L04AC05
tocilizumab,,L04AC07,L04AC07
canakinumab,,L04AC08,L04AC08
briakinumab,,L04AC09,L04AC09
secukinumab,,L04AC10,L04AC10
siltuximab,,L04AC11,L04AC11
brodalumab,,L04AC12,L04AC12
ixekizumab,,L04AC13,L04AC13
sarilumab,,L04AC14,L04AC14
sirukumab,,L04AC15,L04AC15
guselkumab,,L04AC16,L04AC16
tildrakizumab,,L04AC17,L04AC17
risankizumab,,L04AC18,L04AC18
satralizumab,,L04AC19,L04AC19
netakimab,,L04AC20,L04AC20
bimekizumab,,L04AC21,L04AC21
spesolimab,,L04AC22,L04AC22
olokizumab,,L04AC23,L04AC23
mirikizumab,,L04AC24,L04AC24
levilimab,,L04AC25,L04AC25
ciclosporin,,L04AD01,L04AD01;S01XA18
voclosporin,,L04AD03,L04AD03
fingolimod,,L04AE01,L04AE01
ozanimod,,L04AE02,L04AE02
siponimod,,L04AE03,L04AE03
ponesimod,,L04AE04,L04AE04
etrasimod,,L04AE05,L04AE05
tofacitinib,,L04AF01,L04AF01
baricitinib,,L04AF02,L04AF02
upadacitinib,,L04AF03,L04AF03
filgotinib,,L04AF04,L04AF04
itacitinib,,L04AF05,L04AF05
peficitinib,,L04AF06,L04AF06
deucravacitinib,,L04AF07,L04AF07
ritlecitinib,,L04AF08,L04AF08
muromonab-CD3,,L04AG01,L04AG01
efalizumab,,L04AG02,L04AG02
natalizumab,,L04AG03,L04AG03
belimumab,,L04AG04,L04AG04
vedolizumab,,L04AG05,L04AG05
alemtuzumab,,L04AG06,L04AG06
begelomab,,L04AG07,L04AG07
ocrelizumab,,L04AG08,L04AG08
emapalumab,,L04AG09,L04AG09
inebilizumab,,L04AG10,L04AG10
anifrolumab,,L04AG11,L04AG11
teprotumumab,,L04AG13,L04AG13
ublituximab,,L04AG14,L04AG14
divozilimab,,L04AG15,L04AG15
rozanolixizumab,,L04AG16,L04AG16
eculizumab,,L04AJ01,L04AJ01
ravulizumab,,L04AJ02,L04AJ02
pegcetacoplan,,L04AJ03,L04AJ03;S01XA31
sutimlimab,,L04AJ04,L04AJ04
avacopan,,L04AJ05,L04AJ05
zilucoplan,,L04AJ06,L04AJ06
crovalimab,,L04AJ07,L04AJ07
iptacopan,,L04AJ08,L04AJ08
danicopan,,L04AJ09,L04AJ09
leflunomide,,L04AK01,L04AK01
teriflunomide,,L04AK02,L04AK02
azathioprine,,L04AX01,L04AX01
thalidomide,,L04AX02,L04AX02
lenalidomide,,L04AX04,L04AX04
pirfenidone,,L04AX05,L04AX05
pomalidomide,,L04AX06,L04AX06
dimethyl fumarate,,L04AX07,L04AX07
darvadstrocel,,L04AX08,L04AX08
diroximel fumarate,,L04AX09,L04AX09
phenylbutazone,,M01AA01,M01AA01;M02AA01
mofebutazone,,M01AA02,M01AA02;M02AA02
oxyphenbutazone,,M01AA03,M01AA03;M02AA04;S01BC02
clofezone,,M01AA05,M01AA05;M02AA03
kebuzone,,M01AA06,M01AA06
sulindac,,M01AB02,M01AB02
tolmetin,,M01AB03,M01AB03;M02AA21
zomepirac,,M01AB04,M01AB04
alclofenac,,M01AB06,M01AB06
bumadizone,,M01AB07,M01AB07
etodolac,,M01AB08,M01AB08
lonazolac,,M01AB09,M01AB09
fentiazac,,M01AB10,M01AB10;M02AA14
acemetacin,,M01AB11,M01AB11
difenpiramide,,M01AB12,M01AB12
oxametacin,,M01AB13,M01AB13
proglumetacin,,M01AB14,M01AB14
ketorolac,,M01AB15,M01AB15;S01BC05
aceclofenac,,M01AB16,M01AB16;M02AA25
bufexamac,,M01AB17,M01AB17;M02AA09
"indometacin, combinations",,M01AB51,M01AB51
"diclofenac, combinations",,M01AB55,M01AB55
piroxicam,,M01AC01,M01AC01;M02AA07;S01BC06
tenoxicam,,M01AC02,M01AC02
droxicam,,M01AC04,M01AC04
lornoxicam,,M01AC05,M01AC05
meloxicam,,M01AC06,M01AC06
"meloxicam, combinations",,M01AC56,M01AC56
ketoprofen,,M01AE03,M01AE03;M02AA10
fenoprofen,,M01AE04,M01AE04
fenbufen,,M01AE05,M01AE05
benoxaprofen,,M01AE06,M01AE06
suprofen,,M01AE07,M01AE07
pirprofen,,M01AE08,M01AE08
flurbiprofen,,M01AE09,M01AE09;M02AA19;R02AX01;S01BC04
indoprofen,,M01AE10,M01AE10
tiaprofenic acid,,M01AE11,M01AE11
oxaprozin,,M01AE12,M01AE12
ibuproxam,,M01AE13,M01AE13
dexibuprofen,,M01AE14,M01AE14
alminoprofen,,M01AE16,M01AE16
dexketoprofen,,M01AE17,M01AE17;M02AA27
naproxcinod,,M01AE18,M01AE18
"ibuprofen, combinations",,M01AE51,M01AE51
naproxen and esomeprazole,,M01AE52,M01AE52
"ketoprofen, combinations",,M01AE53,M01AE53
naproxen and misoprostol,,M01AE56,M01AE56
naproxen and diphenhydramine,,M01AE57,M01AE57
mefenamic acid,,M01AG01,M01AG01
tolfenamic acid,,M01AG02,M01AG02
flufenamic acid,,M01AG03,M01AG03
meclofenamic acid,,M01AG04,M01AG04;M02AA18
rofecoxib,,M01AH02,M01AH02
valdecoxib,,M01AH03,M01AH03
parecoxib,,M01AH04,M01AH04
etoricoxib,,M01AH05,M01AH05
lumiracoxib,,M01AH06,M01AH06
polmacoxib,,M01AH07,M01AH07
nabumetone,,M01AX01,M01AX01
niflumic acid,,M01AX02,M01AX02;M02AA17
azapropazone,,M01AX04,M01AX04
glucosamine,,M01AX05,M01AX05
glucosaminoglycan polysulfate,,M01AX12,M01AX12
proquazone,,M01AX13,M01AX13
orgotein,,M01AX14,M01AX14
nimesulide,,M01AX17,M01AX17;M02AA26
feprazone,,M01AX18,M01AX18;M02AA16
diacerein,,M01AX21,M01AX21
morniflumate,,M01AX22,M01AX22
tenidap,,M01AX23,M01AX23
chondroitin sulfate,,M01AX25,M01AX25
"avocado and soyabean oil, unsaponifiables",,M01AX26,M01AX26
"feprazone, combinations",,M01AX68,M01AX68
phenylbutazone and corticosteroids,,M01BA01,M01BA01
dipyrocetyl and corticosteroids,,M01BA02,M01BA02
acetylsalicylic acid and corticosteroids,,M01BA03,M01BA03
oxycinchophen,,M01CA03,M01CA03
sodium aurothiomalate,,M01CB01,M01CB01
sodium aurotiosulfate,,M01CB02,M01CB02
auranofin,,M01CB03,M01CB03
aurothioglucose,,M01CB04,M01CB04
aurotioprol,,M01CB05,M01CB05
penicillamine,,M01CC01,M01CC01
bucillamine,,M01CC02,M01CC02
etofenamate,,M02AA06,M02AA06
felbinac,,M02AA08,M02AA08
bendazac,,M02AA11,M02AA11;S01BC07
suxibuzone,,M02AA22,M02AA22
nifenazone,,M02AA24,M02AA24;N02BB05
piketoprofen,,M02AA28,M02AA28
esflurbiprofen,,M02AA29,M02AA29
loxoprofen,,M02AA31,M02AA31
capsaicin,,M02AB01,M02AB01;N01BX04
zucapsaicin,,M02AB02,M02AB02
idrocilamide,,M02AX05,M02AX05
tolperisone,,M02AX06,M02AX06;M03BX04
alcuronium,,M03AA01,M03AA01
tubocurarine,,M03AA02,M03AA02
dimethyltubocurarine,,M03AA04,M03AA04
suxamethonium,,M03AB01,M03AB01
pancuronium,,M03AC01,M03AC01
gallamine,,M03AC02,M03AC02
vecuronium,,M03AC03,M03AC03
atracurium,,M03AC04,M03AC04
hexafluronium,,M03AC05,M03AC05
pipecuronium bromide,,M03AC06,M03AC06
doxacurium chloride,,M03AC07,M03AC07
fazadinium bromide,,M03AC08,M03AC08
rocuronium bromide,,M03AC09,M03AC09
mivacurium chloride,,M03AC10,M03AC10
cisatracurium,,M03AC11,M03AC11
botulinum toxin,,M03AX01,M03AX01
phenprobamate,,M03BA01,M03BA01
carisoprodol,,M03BA02,M03BA02
methocarbamol,,M03BA03,M03BA03
styramate,,M03BA04,M03BA04
febarbamate,,M03BA05,M03BA05
"phenprobamate, combinations excl. psycholeptics",,M03BA51,M03BA51
"carisoprodol, combinations excl. psycholeptics",,M03BA52,M03BA52
"methocarbamol, combinations excl. psycholeptics",,M03BA53,M03BA53
"phenprobamate, combinations with psycholeptics",,M03BA71,M03BA71
"carisoprodol, combinations with psycholeptics",,M03BA72,M03BA72
"methocarbamol, combinations with psycholeptics",,M03BA73,M03BA73
chlormezanone,,M03BB02,M03BB02
chlorzoxazone,,M03BB03,M03BB03
"chlormezanone, combinations excl. psycholeptics",,M03BB52,M03BB52
"chlorzoxazone, combinations excl. psycholeptics",,M03BB53,M03BB53
"chlormezanone, combinations with psycholeptics",,M03BB72,M03BB72
"chlorzoxazone, combinations with psycholeptics",,M03BB73,M03BB73
orphenadrine (citrate),,M03BC01,M03BC01
"orphenadrine, combinations",,M03BC51,M03BC51
baclofen,,M03BX01,M03BX01
tizanidine,,M03BX02,M03BX02
pridinol,,M03BX03,M03BX03
thiocolchicoside,,M03BX05,M03BX05
mephenesin,,M03BX06,M03BX06
tetrazepam,,M03BX07,M03BX07
cyclobenzaprine,,M03BX08,M03BX08
eperisone,,M03BX09,M03BX09
fenyramidol,,M03BX30,M03BX30
"pridinol, combinations",,M03BX53,M03BX53
"thiocolchicoside, combinations",,M03BX55,M03BX55
dantrolene,,M03CA01,M03CA01
allopurinol,,M04AA01,M04AA01
tisopurine,,M04AA02,M04AA02
febuxostat,,M04AA03,M04AA03
"allopurinol, combinations",,M04AA51,M04AA51
probenecid,,M04AB01,M04AB01
sulfinpyrazone,,M04AB02,M04AB02
benzbromarone,,M04AB03,M04AB03
isobromindione,,M04AB04,M04AB04
lesinurad,,M04AB05,M04AB05
colchicine,,M04AC01,M04AC01
cinchophen,,M04AC02,M04AC02
colchicine and probenecid,,M04AC51,M04AC51
urate oxidase,,M04AX01,M04AX01
pegloticase,,M04AX02,M04AX02
etidronic acid,,M05BA01,M05BA01
clodronic acid,,M05BA02,M05BA02
pamidronic acid,,M05BA03,M05BA03
alendronic acid,,M05BA04,M05BA04
tiludronic acid,,M05BA05,M05BA05
ibandronic acid,,M05BA06,M05BA06
risedronic acid,,M05BA07,M05BA07
zoledronic acid,,M05BA08,M05BA08
"etidronic acid and calcium, sequential",,M05BB01,M05BB01
"risedronic acid and calcium, sequential",,M05BB02,M05BB02
alendronic acid and colecalciferol,,M05BB03,M05BB03
"risedronic acid, calcium and colecalciferol, sequential",,M05BB04,M05BB04
"alendronic acid, calcium and colecalciferol, sequential",,M05BB05,M05BB05
"alendronic acid and alfacalcidol, sequential",,M05BB06,M05BB06
risedronic acid and colecalciferol,,M05BB07,M05BB07
"zoledronic acid, calcium and colecalciferol, sequential",,M05BB08,M05BB08
ibandronic acid and colecalciferol,,M05BB09,M05BB09
dibotermin alfa,,M05BC01,M05BC01
eptotermin alfa,,M05BC02,M05BC02
ipriflavone,,M05BX01,M05BX01
strontium ranelate,,M05BX03,M05BX03
denosumab,,M05BX04,M05BX04
burosumab,,M05BX05,M05BX05
romosozumab,,M05BX06,M05BX06
vosoritide,,M05BX07,M05BX07
menatetrenone,,M05BX08,M05BX08
strontium ranelate and colecalciferol,,M05BX53,M05BX53
hydroquinine,,M09AA01,M09AA01
"quinine, combinations with psycholeptics",,M09AA72,M09AA72
chymopapain,,M09AB01,M09AB01
collagenase clostridium histolyticum,,M09AB02,M09AB02
"trypsin, combinations",,M09AB52,M09AB52
"chondrocytes, autologous",,M09AX02,M09AX02
ataluren,,M09AX03,M09AX03
drisapersen,,M09AX04,M09AX04
aceneuramic acid,,M09AX05,M09AX05
eteplirsen,,M09AX06,M09AX06
nusinersen,,M09AX07,M09AX07
golodirsen,,M09AX08,M09AX08
onasemnogene abeparvovec,,M09AX09,M09AX09
risdiplam,,M09AX10,M09AX10
palovarotene,,M09AX11,M09AX11
viltolarsen,,M09AX12,M09AX12
casimersen,,M09AX13,M09AX13
givinostat,,M09AX14,M09AX14
delandistrogene moxeparvovec,,M09AX15,M09AX15
diethyl ether,,N01AA01,N01AA01
vinyl ether,,N01AA02,N01AA02
halothane,,N01AB01,N01AB01
chloroform,,N01AB02,N01AB02
enflurane,,N01AB04,N01AB04
trichloroethylene,,N01AB05,N01AB05
isoflurane,,N01AB06,N01AB06
desflurane,,N01AB07,N01AB07
sevoflurane,,N01AB08,N01AB08
methohexital,,N01AF01,N01AF01;N05CA15
hexobarbital,,N01AF02,N01AF02;N05CA16
thiopental,,N01AF03,N01AF03;N05CA19
narcobarbital,,N01AG01,N01AG01
fentanyl,,N01AH01,N01AH01;N02AB03
alfentanil,,N01AH02,N01AH02
sufentanil,,N01AH03,N01AH03
phenoperidine,,N01AH04,N01AH04
anileridine,,N01AH05,N01AH05
remifentanil,,N01AH06,N01AH06
"fentanyl, combinations",,N01AH51,N01AH51
ketamine,,N01AX03,N01AX03
propanidid,,N01AX04,N01AX04
alfaxalone,,N01AX05,N01AX05
etomidate,,N01AX07,N01AX07
propofol,,N01AX10,N01AX10
sodium oxybate,,N01AX11,N01AX11;N07XX04
nitrous oxide,,N01AX13,N01AX13
esketamine,,N01AX14,N01AX14;N06AX27
xenon,,N01AX15,N01AX15
"nitrous oxide, combinations",,N01AX63,N01AX63
metabutethamine,,N01BA01,N01BA01
chloroprocaine,,N01BA04,N01BA04;S01HA08
"procaine, combinations",,N01BA52,N01BA52
"tetracaine, combinations",,N01BA53,N01BA53
bupivacaine,,N01BB01,N01BB01
mepivacaine,,N01BB03,N01BB03
prilocaine,,N01BB04,N01BB04
butanilicaine,,N01BB05,N01BB05
etidocaine,,N01BB07,N01BB07
articaine,,N01BB08,N01BB08
ropivacaine,,N01BB09,N01BB09
levobupivacaine,,N01BB10,N01BB10
"bupivacaine, combinations",,N01BB51,N01BB51
"lidocaine, combinations",,N01BB52,N01BB52
"mepivacaine, combinations",,N01BB53,N01BB53
"prilocaine, combinations",,N01BB54,N01BB54
"etidocaine, combinations",,N01BB57,N01BB57
"articaine, combinations",,N01BB58,N01BB58
bupivacaine and meloxicam,,N01BB59,N01BB59
cocaine,,N01BC01,N01BC01;R02AD03;S01HA01;S02DA02
ethyl chloride,,N01BX01,N01BX01
dyclonine,,N01BX02,N01BX02;R02AD04
morphine,,N02AA01,N02AA01
hydromorphone,,N02AA03,N02AA03
nicomorphine,,N02AA04,N02AA04
oxycodone,,N02AA05,N02AA05
dihydrocodeine,,N02AA08,N02AA08
papaveretum,,N02AA10,N02AA10
oxymorphone,,N02AA11,N02AA11
hydromorphone and naloxone,,N02AA53,N02AA53
oxycodone and naloxone,,N02AA55,N02AA55
oxycodone and naltrexone,,N02AA56,N02AA56
"dihydrocodeine, combinations",,N02AA58,N02AA58
"codeine, combinations excl. psycholeptics",,N02AA59,N02AA59
"codeine, combinations with psycholeptics",,N02AA79,N02AA79
ketobemidone,,N02AB01,N02AB01
pethidine,,N02AB02,N02AB02
"pethidine, combinations excl. psycholeptics",,N02AB52,N02AB52
"pethidine, combinations with psycholeptics",,N02AB72,N02AB72
dextromoramide,,N02AC01,N02AC01
piritramide,,N02AC03,N02AC03
dextropropoxyphene,,N02AC04,N02AC04
bezitramide,,N02AC05,N02AC05
"methadone, combinations excl. psycholeptics",,N02AC52,N02AC52
"dextropropoxyphene, combinations excl. psycholeptics",,N02AC54,N02AC54
"dextropropoxyphene, combinations with psycholeptics",,N02AC74,N02AC74
pentazocine,,N02AD01,N02AD01
phenazocine,,N02AD02,N02AD02
pentazocine and naloxone,,N02AD51,N02AD51
buprenorphine,,N02AE01,N02AE01;N07BC01
butorphanol,,N02AF01,N02AF01
nalbuphine,,N02AF02,N02AF02
morphine and antispasmodics,,N02AG01,N02AG01
ketobemidone and antispasmodics,,N02AG02,N02AG02
pethidine and antispasmodics,,N02AG03,N02AG03
hydromorphone and antispasmodics,,N02AG04,N02AG04
dihydrocodeine and paracetamol,,N02AJ01,N02AJ01
dihydrocodeine and acetylsalicylic acid,,N02AJ02,N02AJ02
dihydrocodeine and other non-opioid analgesics,,N02AJ03,N02AJ03
codeine and paracetamol,,N02AJ06,N02AJ06
codeine and acetylsalicylic acid,,N02AJ07,N02AJ07
codeine and ibuprofen,,N02AJ08,N02AJ08
codeine and other non-opioid analgesics,,N02AJ09,N02AJ09
tramadol and paracetamol,,N02AJ13,N02AJ13
tramadol and dexketoprofen,,N02AJ14,N02AJ14
tramadol and other non-opioid analgesics,,N02AJ15,N02AJ15
tramadol and celecoxib,,N02AJ16,N02AJ16
oxycodone and paracetamol,,N02AJ17,N02AJ17
oxycodone and acetylsalicylic acid,,N02AJ18,N02AJ18
oxycodone and ibuprofen,,N02AJ19,N02AJ19
hydrocodone and paracetamol,,N02AJ22,N02AJ22
hydrocodone and ibuprofen,,N02AJ23,N02AJ23
tilidine,,N02AX01,N02AX01
tramadol,,N02AX02,N02AX02
dezocine,,N02AX03,N02AX03
meptazinol,,N02AX05,N02AX05
tapentadol,,N02AX06,N02AX06
oliceridine,,N02AX07,N02AX07
tilidine and naloxone,,N02AX51,N02AX51
choline salicylate,,N02BA03,N02BA03
sodium salicylate,,N02BA04,N02BA04
salicylamide,,N02BA05,N02BA05
salsalate,,N02BA06,N02BA06
ethenzamide,,N02BA07,N02BA07
morpholine salicylate,,N02BA08,N02BA08
dipyrocetyl,,N02BA09,N02BA09
benorilate,,N02BA10,N02BA10
diflunisal,,N02BA11,N02BA11
potassium salicylate,,N02BA12,N02BA12
guacetisal,,N02BA14,N02BA14
imidazole salicylate,,N02BA16,N02BA16
"acetylsalicylic acid, combinations excl. psycholeptics",,N02BA51,N02BA51
"salicylamide, combinations excl. psycholeptics",,N02BA55,N02BA55
"ethenzamide, combinations excl. psycholeptics",,N02BA57,N02BA57
"dipyrocetyl, combinations excl. psycholeptics",,N02BA59,N02BA59
carbasalate calcium combinations excl. psycholeptics,,N02BA65,N02BA65
"magnesium salicylate, combinations excl. psycholeptics",,N02BA67,N02BA67
"acetylsalicylic acid, combinations with psycholeptics",,N02BA71,N02BA71
"salicylamide, combinations with psycholeptics",,N02BA75,N02BA75
"ethenzamide, combinations with psycholeptics",,N02BA77,N02BA77
"dipyrocetyl, combinations with psycholeptics",,N02BA79,N02BA79
phenazone,,N02BB01,N02BB01;S02DA03
metamizole sodium,,N02BB02,N02BB02
aminophenazone,,N02BB03,N02BB03
propyphenazone,,N02BB04,N02BB04
"phenazone, combinations excl. psycholeptics",,N02BB51,N02BB51
"metamizole sodium, combinations excl. psycholeptics",,N02BB52,N02BB52
"aminophenazone, combinations excl. psycholeptics",,N02BB53,N02BB53
"propyphenazone, combinations excl. psycholeptics",,N02BB54,N02BB54
"phenazone, combinations with psycholeptics",,N02BB71,N02BB71
"metamizole sodium, combinations with psycholeptics",,N02BB72,N02BB72
"aminophenazone, combinations with psycholeptics",,N02BB73,N02BB73
"propyphenazone, combinations with psycholeptics",,N02BB74,N02BB74
paracetamol,,N02BE01,N02BE01
phenacetin,,N02BE03,N02BE03
bucetin,,N02BE04,N02BE04
propacetamol,,N02BE05,N02BE05
"paracetamol, combinations excl. psycholeptics",,N02BE51,N02BE51
"phenacetin, combinations excl. psycholeptics",,N02BE53,N02BE53
"bucetin, combinations excl. psycholeptics",,N02BE54,N02BE54
"paracetamol, combinations with psycholeptics",,N02BE71,N02BE71
"phenacetin, combinations with psycholeptics",,N02BE73,N02BE73
"bucetin, combinations with psycholeptics",,N02BE74,N02BE74
gabapentin,,N02BF01,N02BF01
pregabalin,,N02BF02,N02BF02
mirogabalin,,N02BF03,N02BF03
rimazolium,,N02BG02,N02BG02
glafenine,,N02BG03,N02BG03
floctafenine,,N02BG04,N02BG04
viminol,,N02BG05,N02BG05
nefopam,,N02BG06,N02BG06
flupirtine,,N02BG07,N02BG07
ziconotide,,N02BG08,N02BG08
methoxyflurane,,N02BG09,N02BG09
cannabinoids,,N02BG10,N02BG10
tanezumab,,N02BG12,N02BG12
dihydroergotamine,,N02CA01,N02CA01
ergotamine,,N02CA02,N02CA02
methysergide,,N02CA04,N02CA04
"dihydroergotamine, combinations",,N02CA51,N02CA51
"ergotamine, combinations excl. psycholeptics",,N02CA52,N02CA52
"ergotamine, combinations with psycholeptics",,N02CA72,N02CA72
flumedroxone,,N02CB01,N02CB01
sumatriptan,,N02CC01,N02CC01
naratriptan,,N02CC02,N02CC02
zolmitriptan,,N02CC03,N02CC03
rizatriptan,,N02CC04,N02CC04
almotriptan,,N02CC05,N02CC05
eletriptan,,N02CC06,N02CC06
frovatriptan,,N02CC07,N02CC07
lasmiditan,,N02CC08,N02CC08
sumatriptan and naproxen,,N02CC51,N02CC51
erenumab,,N02CD01,N02CD01
galcanezumab,,N02CD02,N02CD02
fremanezumab,,N02CD03,N02CD03
ubrogepant,,N02CD04,N02CD04
eptinezumab,,N02CD05,N02CD05
rimegepant,,N02CD06,N02CD06
atogepant,,N02CD07,N02CD07
pizotifen,,N02CX01,N02CX01
iprazochrome,,N02CX03,N02CX03
dimetotiazine,,N02CX05,N02CX05
oxetorone,,N02CX06,N02CX06
methylphenobarbital,,N03AA01,N03AA01
phenobarbital,,N03AA02,N03AA02
primidone,,N03AA03,N03AA03
barbexaclone,,N03AA04,N03AA04
metharbital,,N03AA30,N03AA30
ethotoin,,N03AB01,N03AB01
phenytoin,,N03AB02,N03AB02
amino(diphenylhydantoin) valeric acid,,N03AB03,N03AB03
mephenytoin,,N03AB04,N03AB04
fosphenytoin,,N03AB05,N03AB05
"phenytoin, combinations",,N03AB52,N03AB52
"mephenytoin, combinations",,N03AB54,N03AB54
paramethadione,,N03AC01,N03AC01
trimethadione,,N03AC02,N03AC02
ethadione,,N03AC03,N03AC03
ethosuximide,,N03AD01,N03AD01
phensuximide,,N03AD02,N03AD02
mesuximide,,N03AD03,N03AD03
"ethosuximide, combinations",,N03AD51,N03AD51
clonazepam,,N03AE01,N03AE01
carbamazepine,,N03AF01,N03AF01
oxcarbazepine,,N03AF02,N03AF02
rufinamide,,N03AF03,N03AF03
eslicarbazepine,,N03AF04,N03AF04
valproic acid,,N03AG01,N03AG01
valpromide,,N03AG02,N03AG02
aminobutyric acid,,N03AG03,N03AG03
vigabatrin,,N03AG04,N03AG04
progabide,,N03AG05,N03AG05
tiagabine,,N03AG06,N03AG06
sultiame,,N03AX03,N03AX03
phenacemide,,N03AX07,N03AX07
lamotrigine,,N03AX09,N03AX09
felbamate,,N03AX10,N03AX10
topiramate,,N03AX11,N03AX11
pheneturide,,N03AX13,N03AX13
levetiracetam,,N03AX14,N03AX14
zonisamide,,N03AX15,N03AX15
stiripentol,,N03AX17,N03AX17
lacosamide,,N03AX18,N03AX18
carisbamate,,N03AX19,N03AX19
retigabine,,N03AX21,N03AX21
perampanel,,N03AX22,N03AX22
brivaracetam,,N03AX23,N03AX23
cannabidiol,,N03AX24,N03AX24
cenobamate,,N03AX25,N03AX25
ganaxolone,,N03AX27,N03AX27
beclamide,,N03AX30,N03AX30
trihexyphenidyl,,N04AA01,N04AA01
biperiden,,N04AA02,N04AA02
metixene,,N04AA03,N04AA03
procyclidine,,N04AA04,N04AA04
profenamine,,N04AA05,N04AA05
dexetimide,,N04AA08,N04AA08
phenglutarimide,,N04AA09,N04AA09
mazaticol,,N04AA10,N04AA10
bornaprine,,N04AA11,N04AA11
tropatepine,,N04AA12,N04AA12
etanautine,,N04AB01,N04AB01
orphenadrine (chloride),,N04AB02,N04AB02
benzatropine,,N04AC01,N04AC01
etybenzatropine,,N04AC30,N04AC30
levodopa,,N04BA01,N04BA01
levodopa and decarboxylase inhibitor,,N04BA02,N04BA02
"levodopa, decarboxylase inhibitor and COMT inhibitor",,N04BA03,N04BA03
melevodopa,,N04BA04,N04BA04
melevodopa and decarboxylase inhibitor,,N04BA05,N04BA05
etilevodopa and decarboxylase inhibitor,,N04BA06,N04BA06
foslevodopa and decarboxylase inhibitor,,N04BA07,N04BA07
amantadine,,N04BB01,N04BB01
pergolide,,N04BC02,N04BC02
dihydroergocryptine mesylate,,N04BC03,N04BC03
ropinirole,,N04BC04,N04BC04
pramipexole,,N04BC05,N04BC05
piribedil,,N04BC08,N04BC08
rotigotine,,N04BC09,N04BC09
selegiline,,N04BD01,N04BD01
rasagiline,,N04BD02,N04BD02
safinamide,,N04BD03,N04BD03
tolcapone,,N04BX01,N04BX01
entacapone,,N04BX02,N04BX02
budipine,,N04BX03,N04BX03
opicapone,,N04BX04,N04BX04
istradefylline,,N04CX01,N04CX01
chlorpromazine,,N05AA01,N05AA01
levomepromazine,,N05AA02,N05AA02
promazine,,N05AA03,N05AA03
acepromazine,,N05AA04,N05AA04
triflupromazine,,N05AA05,N05AA05
cyamemazine,,N05AA06,N05AA06
chlorproethazine,,N05AA07,N05AA07
dixyrazine,,N05AB01,N05AB01
fluphenazine,,N05AB02,N05AB02
perphenazine,,N05AB03,N05AB03
prochlorperazine,,N05AB04,N05AB04
thiopropazate,,N05AB05,N05AB05
trifluoperazine,,N05AB06,N05AB06
acetophenazine,,N05AB07,N05AB07
thioproperazine,,N05AB08,N05AB08
butaperazine,,N05AB09,N05AB09
perazine,,N05AB10,N05AB10
periciazine,,N05AC01,N05AC01
thioridazine,,N05AC02,N05AC02
mesoridazine,,N05AC03,N05AC03
pipotiazine,,N05AC04,N05AC04
haloperidol,,N05AD01,N05AD01
trifluperidol,,N05AD02,N05AD02
melperone,,N05AD03,N05AD03
moperone,,N05AD04,N05AD04
pipamperone,,N05AD05,N05AD05
bromperidol,,N05AD06,N05AD06
benperidol,,N05AD07,N05AD07
droperidol,,N05AD08,N05AD08
fluanisone,,N05AD09,N05AD09
lumateperone,,N05AD10,N05AD10
oxypertine,,N05AE01,N05AE01
molindone,,N05AE02,N05AE02
sertindole,,N05AE03,N05AE03
ziprasidone,,N05AE04,N05AE04
lurasidone,,N05AE05,N05AE05
flupentixol,,N05AF01,N05AF01
clopenthixol,,N05AF02,N05AF02
chlorprothixene,,N05AF03,N05AF03
tiotixene,,N05AF04,N05AF04
zuclopenthixol,,N05AF05,N05AF05
fluspirilene,,N05AG01,N05AG01
pimozide,,N05AG02,N05AG02
penfluridol,,N05AG03,N05AG03
loxapine,,N05AH01,N05AH01
clozapine,,N05AH02,N05AH02
olanzapine,,N05AH03,N05AH03
quetiapine,,N05AH04,N05AH04
asenapine,,N05AH05,N05AH05
clotiapine,,N05AH06,N05AH06
olanzapine and samidorphan,,N05AH53,N05AH53
sulpiride,,N05AL01,N05AL01
sultopride,,N05AL02,N05AL02
tiapride,,N05AL03,N05AL03
remoxipride,,N05AL04,N05AL04
amisulpride,,N05AL05,N05AL05
veralipride,,N05AL06,N05AL06
levosulpiride,,N05AL07,N05AL07
lithium,,N05AN01,N05AN01
prothipendyl,,N05AX07,N05AX07
risperidone,,N05AX08,N05AX08
mosapramine,,N05AX10,N05AX10
zotepine,,N05AX11,N05AX11
aripiprazole,,N05AX12,N05AX12
paliperidone,,N05AX13,N05AX13
iloperidone,,N05AX14,N05AX14
cariprazine,,N05AX15,N05AX15
brexpiprazole,,N05AX16,N05AX16
pimavanserin,,N05AX17,N05AX17
diazepam,,N05BA01,N05BA01
chlordiazepoxide,,N05BA02,N05BA02
medazepam,,N05BA03,N05BA03
oxazepam,,N05BA04,N05BA04
potassium clorazepate,,N05BA05,N05BA05
lorazepam,,N05BA06,N05BA06
adinazolam,,N05BA07,N05BA07
bromazepam,,N05BA08,N05BA08
clobazam,,N05BA09,N05BA09
ketazolam,,N05BA10,N05BA10
prazepam,,N05BA11,N05BA11
alprazolam,,N05BA12,N05BA12
halazepam,,N05BA13,N05BA13
pinazepam,,N05BA14,N05BA14
camazepam,,N05BA15,N05BA15
nordazepam,,N05BA16,N05BA16
fludiazepam,,N05BA17,N05BA17
ethyl loflazepate,,N05BA18,N05BA18
etizolam,,N05BA19,N05BA19
clotiazepam,,N05BA21,N05BA21
cloxazolam,,N05BA22,N05BA22
tofisopam,,N05BA23,N05BA23
bentazepam,,N05BA24,N05BA24
mexazolam,,N05BA25,N05BA25
"lorazepam, combinations",,N05BA56,N05BA56
hydroxyzine,,N05BB01,N05BB01
captodiame,,N05BB02,N05BB02
"hydroxyzine, combinations",,N05BB51,N05BB51
meprobamate,,N05BC01,N05BC01
emylcamate,,N05BC03,N05BC03
mebutamate,,N05BC04,N05BC04
"meprobamate, combinations",,N05BC51,N05BC51;N05CX01
benzoctamine,,N05BD01,N05BD01
buspirone,,N05BE01,N05BE01
mephenoxalone,,N05BX01,N05BX01
gedocarnil,,N05BX02,N05BX02
etifoxine,,N05BX03,N05BX03
fabomotizole,,N05BX04,N05BX04
Lavandulae aetheroleum,,N05BX05,N05BX05
pentobarbital,,N05CA01,N05CA01
amobarbital,,N05CA02,N05CA02
butobarbital,,N05CA03,N05CA03
barbital,,N05CA04,N05CA04
aprobarbital,,N05CA05,N05CA05
secobarbital,,N05CA06,N05CA06
talbutal,,N05CA07,N05CA07
vinylbital,,N05CA08,N05CA08
vinbarbital,,N05CA09,N05CA09
cyclobarbital,,N05CA10,N05CA10
heptabarbital,,N05CA11,N05CA11
reposal,,N05CA12,N05CA12
etallobarbital,,N05CA20,N05CA20
allobarbital,,N05CA21,N05CA21
proxibarbal,,N05CA22,N05CA22
combinations of barbiturates,,N05CB01,N05CB01
barbiturates in combination with other drugs,,N05CB02,N05CB02
chloral hydrate,,N05CC01,N05CC01
chloralodol,,N05CC02,N05CC02
acetylglycinamide chloral hydrate,,N05CC03,N05CC03
dichloralphenazone,,N05CC04,N05CC04
paraldehyde,,N05CC05,N05CC05
flurazepam,,N05CD01,N05CD01
nitrazepam,,N05CD02,N05CD02
flunitrazepam,,N05CD03,N05CD03
estazolam,,N05CD04,N05CD04
triazolam,,N05CD05,N05CD05
lormetazepam,,N05CD06,N05CD06
temazepam,,N05CD07,N05CD07
midazolam,,N05CD08,N05CD08
brotizolam,,N05CD09,N05CD09
quazepam,,N05CD10,N05CD10
loprazolam,,N05CD11,N05CD11
doxefazepam,,N05CD12,N05CD12
cinolazepam,,N05CD13,N05CD13
remimazolam,,N05CD14,N05CD14
nimetazepam,,N05CD15,N05CD15
glutethimide,,N05CE01,N05CE01
methyprylon,,N05CE02,N05CE02
pyrithyldione,,N05CE03,N05CE03
zopiclone,,N05CF01,N05CF01
zolpidem,,N05CF02,N05CF02
zaleplon,,N05CF03,N05CF03
eszopiclone,,N05CF04,N05CF04
melatonin,,N05CH01,N05CH01
ramelteon,,N05CH02,N05CH02
tasimelteon,,N05CH03,N05CH03
suvorexant,,N05CJ01,N05CJ01
lemborexant,,N05CJ02,N05CJ02
daridorexant,,N05CJ03,N05CJ03
methaqualone,,N05CM01,N05CM01
clomethiazole,,N05CM02,N05CM02
bromisoval,,N05CM03,N05CM03
carbromal,,N05CM04,N05CM04
propiomazine,,N05CM06,N05CM06
triclofos,,N05CM07,N05CM07
ethchlorvynol,,N05CM08,N05CM08
Valerianae radix,,N05CM09,N05CM09
hexapropymate,,N05CM10,N05CM10
bromides,,N05CM11,N05CM11
apronal,,N05CM12,N05CM12
valnoctamide,,N05CM13,N05CM13
methylpentynol,,N05CM15,N05CM15
niaprazine,,N05CM16,N05CM16
dexmedetomidine,,N05CM18,N05CM18
"methaqualone, combinations",,N05CX02,N05CX02
"methylpentynol, combinations",,N05CX03,N05CX03
"clomethiazole, combinations",,N05CX04,N05CX04
"emepronium, combinations",,N05CX05,N05CX05
"dipiperonylaminoethanol, combinations",,N05CX06,N05CX06
desipramine,,N06AA01,N06AA01
imipramine,,N06AA02,N06AA02
imipramine oxide,,N06AA03,N06AA03
clomipramine,,N06AA04,N06AA04
opipramol,,N06AA05,N06AA05
trimipramine,,N06AA06,N06AA06
lofepramine,,N06AA07,N06AA07
dibenzepin,,N06AA08,N06AA08
amitriptyline,,N06AA09,N06AA09
nortriptyline,,N06AA10,N06AA10
protriptyline,,N06AA11,N06AA11
iprindole,,N06AA13,N06AA13
melitracen,,N06AA14,N06AA14
butriptyline,,N06AA15,N06AA15
dosulepin,,N06AA16,N06AA16
amoxapine,,N06AA17,N06AA17
dimetacrine,,N06AA18,N06AA18
amineptine,,N06AA19,N06AA19
maprotiline,,N06AA21,N06AA21
quinupramine,,N06AA23,N06AA23
zimeldine,,N06AB02,N06AB02
fluoxetine,,N06AB03,N06AB03
citalopram,,N06AB04,N06AB04
paroxetine,,N06AB05,N06AB05
sertraline,,N06AB06,N06AB06
alaproclate,,N06AB07,N06AB07
fluvoxamine,,N06AB08,N06AB08
etoperidone,,N06AB09,N06AB09
escitalopram,,N06AB10,N06AB10
isocarboxazid,,N06AF01,N06AF01
nialamide,,N06AF02,N06AF02
phenelzine,,N06AF03,N06AF03
tranylcypromine,,N06AF04,N06AF04
iproniazide,,N06AF05,N06AF05
iproclozide,,N06AF06,N06AF06
moclobemide,,N06AG02,N06AG02
toloxatone,,N06AG03,N06AG03
oxitriptan,,N06AX01,N06AX01
tryptophan,,N06AX02,N06AX02
mianserin,,N06AX03,N06AX03
nomifensine,,N06AX04,N06AX04
trazodone,,N06AX05,N06AX05
nefazodone,,N06AX06,N06AX06
minaprine,,N06AX07,N06AX07
bifemelane,,N06AX08,N06AX08
viloxazine,,N06AX09,N06AX09
oxaflozane,,N06AX10,N06AX10
mirtazapine,,N06AX11,N06AX11
bupropion,,N06AX12,N06AX12
medifoxamine,,N06AX13,N06AX13
tianeptine,,N06AX14,N06AX14
pivagabine,,N06AX15,N06AX15
venlafaxine,,N06AX16,N06AX16
milnacipran,,N06AX17,N06AX17
reboxetine,,N06AX18,N06AX18
gepirone,,N06AX19,N06AX19
duloxetine,,N06AX21,N06AX21
agomelatine,,N06AX22,N06AX22
desvenlafaxine,,N06AX23,N06AX23
vilazodone,,N06AX24,N06AX24
Hyperici herba,,N06AX25,N06AX25
vortioxetine,,N06AX26,N06AX26
levomilnacipran,,N06AX28,N06AX28
brexanolone,,N06AX29,N06AX29
bupropion and dextromethorphan,,N06AX62,N06AX62
amfetamine,,N06BA01,N06BA01
dexamfetamine,,N06BA02,N06BA02
metamfetamine,,N06BA03,N06BA03
methylphenidate,,N06BA04,N06BA04
pemoline,,N06BA05,N06BA05
fencamfamin,,N06BA06,N06BA06
modafinil,,N06BA07,N06BA07
fenozolone,,N06BA08,N06BA08
atomoxetine,,N06BA09,N06BA09
fenetylline,,N06BA10,N06BA10
dexmethylphenidate,,N06BA11,N06BA11
lisdexamfetamine,,N06BA12,N06BA12
armodafinil,,N06BA13,N06BA13
solriamfetol,,N06BA14,N06BA14
dexmethylphenidate and serdexmethylphenidate,,N06BA15,N06BA15
propentofylline,,N06BC02,N06BC02
meclofenoxate,,N06BX01,N06BX01
pyritinol,,N06BX02,N06BX02
piracetam,,N06BX03,N06BX03
deanol,,N06BX04,N06BX04
fipexide,,N06BX05,N06BX05
citicoline,,N06BX06,N06BX06
oxiracetam,,N06BX07,N06BX07
pirisudanol,,N06BX08,N06BX08
linopirdine,,N06BX09,N06BX09
nizofenone,,N06BX10,N06BX10
aniracetam,,N06BX11,N06BX11
acetylcarnitine,,N06BX12,N06BX12
idebenone,,N06BX13,N06BX13
prolintane,,N06BX14,N06BX14
pipradrol,,N06BX15,N06BX15
pramiracetam,,N06BX16,N06BX16
adrafinil,,N06BX17,N06BX17
vinpocetine,,N06BX18,N06BX18
temgicoluril,,N06BX21,N06BX21
phenibut,,N06BX22,N06BX22
amitriptyline and psycholeptics,,N06CA01,N06CA01
melitracen and psycholeptics,,N06CA02,N06CA02
fluoxetine and psycholeptics,,N06CA03,N06CA03
tacrine,,N06DA01,N06DA01
donepezil,,N06DA02,N06DA02
rivastigmine,,N06DA03,N06DA03
galantamine,,N06DA04,N06DA04
ipidacrine,,N06DA05,N06DA05
donepezil and memantine,,N06DA52,N06DA52
"donepezil, memantine and Ginkgo folium",,N06DA53,N06DA53
memantine,,N06DX01,N06DX01
Ginkgo folium,,N06DX02,N06DX02
aducanumab,,N06DX03,N06DX03
lecanemab,,N06DX04,N06DX04
donanemab,,N06DX05,N06DX05
neostigmine,,N07AA01,N07AA01;S01EB06
pyridostigmine,,N07AA02,N07AA02
distigmine,,N07AA03,N07AA03
ambenonium,,N07AA30,N07AA30
"neostigmine, combinations",,N07AA51,N07AA51
carbachol,,N07AB01,N07AB01;S01EB02
bethanechol,,N07AB02,N07AB02
pilocarpine,,N07AX01,N07AX01;S01EB01
choline alfoscerate,,N07AX02,N07AX02
cevimeline,,N07AX03,N07AX03
nicotine,,N07BA01,N07BA01
varenicline,,N07BA03,N07BA03;S01XA28
cytisinicline,,N07BA04,N07BA04
disulfiram,,N07BB01,N07BB01;P03AA04
calcium carbimide,,N07BB02,N07BB02
acamprosate,,N07BB03,N07BB03
naltrexone,,N07BB04,N07BB04
nalmefene,,N07BB05,N07BB05
methadone,,N07BC02,N07BC02
levacetylmethadol,,N07BC03,N07BC03
lofexidine,,N07BC04,N07BC04
levomethadone,,N07BC05,N07BC05
diamorphine,,N07BC06,N07BC06
"buprenorphine, combinations",,N07BC51,N07BC51
betahistine,,N07CA01,N07CA01
cinnarizine,,N07CA02,N07CA02
flunarizine,,N07CA03,N07CA03
acetylleucine,,N07CA04,N07CA04
"cinnarizine, combinations",,N07CA52,N07CA52
tirilazad,,N07XX01,N07XX01
riluzole,,N07XX02,N07XX02
xaliproden,,N07XX03,N07XX03
amifampridine,,N07XX05,N07XX05
tetrabenazine,,N07XX06,N07XX06
fampridine,,N07XX07,N07XX07
tafamidis,,N07XX08,N07XX08
laquinimod,,N07XX10,N07XX10
pitolisant,,N07XX11,N07XX11
patisiran,,N07XX12,N07XX12
valbenazine,,N07XX13,N07XX13
edaravone,,N07XX14,N07XX14
inotersen,,N07XX15,N07XX15
deutetrabenazine,,N07XX16,N07XX16
arimoclomol,,N07XX17,N07XX17
vutrisiran,,N07XX18,N07XX18
sodium phenylbutyrate and ursodoxicoltaurine,,N07XX19,N07XX19
eplontersen,,N07XX21,N07XX21
tofersen,,N07XX22,N07XX22
troriluzole,,N07XX23,N07XX23
"dextromethorphan, combinations",,N07XX59,N07XX59
tilbroquinol,,P01AA05,P01AA05
tilbroquinol and tiliquinol,,P01AA30,P01AA30
"clioquinol, combinations",,P01AA52,P01AA52
nimorazole,,P01AB06,P01AB06
secnidazole,,P01AB07,P01AB07
metronidazole and furazolidone,,P01AB51,P01AB51
metronidazole and diloxanide,,P01AB52,P01AB52
diloxanide,,P01AC01,P01AC01
clefamide,,P01AC02,P01AC02
etofamide,,P01AC03,P01AC03
teclozan,,P01AC04,P01AC04
arsthinol,,P01AR01,P01AR01
difetarsone,,P01AR02,P01AR02
glycobiarsol,,P01AR03,P01AR03
"glycobiarsol, combinations",,P01AR53,P01AR53
chiniofon,,P01AX01,P01AX01
emetine,,P01AX02,P01AX02
phanquinone,,P01AX04,P01AX04
mepacrine,,P01AX05,P01AX05
atovaquone,,P01AX06,P01AX06
trimetrexate,,P01AX07,P01AX07
tenonitrozole,,P01AX08,P01AX08
dehydroemetine,,P01AX09,P01AX09
fumagillin,,P01AX10,P01AX10
nitazoxanide,,P01AX11,P01AX11
"emetine, combinations",,P01AX52,P01AX52
chloroquine,,P01BA01,P01BA01
hydroxychloroquine,,P01BA02,P01BA02
primaquine,,P01BA03,P01BA03
amodiaquine,,P01BA06,P01BA06
tafenoquine,,P01BA07,P01BA07
proguanil,,P01BB01,P01BB01
cycloguanil embonate,,P01BB02,P01BB02
proguanil and atovaquone,,P01BB51,P01BB51
chloroquine and proguanil,,P01BB52,P01BB52
quinine,,P01BC01,P01BC01
mefloquine,,P01BC02,P01BC02
pyrimethamine,,P01BD01,P01BD01
"pyrimethamine, combinations",,P01BD51,P01BD51
artemisinin,,P01BE01,P01BE01
artemether,,P01BE02,P01BE02
artesunate,,P01BE03,P01BE03
artemotil,,P01BE04,P01BE04
artenimol,,P01BE05,P01BE05
artemether and lumefantrine,,P01BF01,P01BF01
artesunate and mefloquine,,P01BF02,P01BF02
artesunate and amodiaquine,,P01BF03,P01BF03
"artesunate, sulfalene and pyrimethamine",,P01BF04,P01BF04
artenimol and piperaquine,,P01BF05,P01BF05
artesunate and pyronaridine,,P01BF06,P01BF06
artemisinin and piperaquine,,P01BF07,P01BF07
artemisinin and naphthoquine,,P01BF08,P01BF08
"artesunate, sulfadoxine and pyrimethamine",,P01BF09,P01BF09
halofantrine,,P01BX01,P01BX01
arterolane and piperaquine,,P01BX02,P01BX02
benznidazole,,P01CA02,P01CA02
fexinidazole,,P01CA03,P01CA03
meglumine antimonate,,P01CB01,P01CB01
sodium stibogluconate,,P01CB02,P01CB02
nifurtimox,,P01CC01,P01CC01
melarsoprol,,P01CD01,P01CD01
pentamidine isethionate,,P01CX01,P01CX01
suramin sodium,,P01CX02,P01CX02
miltefosine,,P01CX04,P01CX04
praziquantel,,P02BA01,P02BA01
oxamniquine,,P02BA02,P02BA02
arpraziquantel,,P02BA03,P02BA03
metrifonate,,P02BB01,P02BB01
niridazole,,P02BX02,P02BX02
stibophen,,P02BX03,P02BX03
triclabendazole,,P02BX04,P02BX04
mebendazole,,P02CA01,P02CA01
albendazole,,P02CA03,P02CA03
ciclobendazole,,P02CA04,P02CA04
flubendazole,,P02CA05,P02CA05
fenbendazole,,P02CA06,P02CA06
"mebendazole, combinations",,P02CA51,P02CA51
piperazine,,P02CB01,P02CB01
diethylcarbamazine,,P02CB02,P02CB02
pyrantel,,P02CC01,P02CC01
oxantel,,P02CC02,P02CC02
levamisole,,P02CE01,P02CE01
pyrvinium,,P02CX01,P02CX01
bephenium,,P02CX02,P02CX02
moxidectin,,P02CX03,P02CX03
niclosamide,,P02DA01,P02DA01
desaspidin,,P02DX01,P02DX01
dichlorophen,,P02DX02,P02DX02
dixanthogen,,P03AA01,P03AA01
potassium polysulfide,,P03AA02,P03AA02
thiram,,P03AA05,P03AA05
"disulfiram, combinations",,P03AA54,P03AA54
clofenotane,,P03AB01,P03AB01
lindane,,P03AB02,P03AB02
"clofenotane, combinations",,P03AB51,P03AB51
pyrethrum,,P03AC01,P03AC01
bioallethrin,,P03AC02,P03AC02
phenothrin,,P03AC03,P03AC03
permethrin,,P03AC04,P03AC04
"pyrethrum, combinations",,P03AC51,P03AC51
"bioallethrin, combinations",,P03AC52,P03AC52
"phenothrin, combinations",,P03AC53,P03AC53
"permethrin, combinations",,P03AC54,P03AC54
benzyl benzoate,,P03AX01,P03AX01
copper oleinate,,P03AX02,P03AX02
malathion,,P03AX03,P03AX03
quassia,,P03AX04,P03AX04
dimeticone,,P03AX05,P03AX05
benzyl alcohol,,P03AX06,P03AX06
abametapir,,P03AX07,P03AX07
cyfluthrin,,P03BA01,P03BA01
cypermethrin,,P03BA02,P03BA02
decamethrin,,P03BA03,P03BA03
tetramethrin,,P03BA04,P03BA04
diethyltoluamide,,P03BX01,P03BX01
dimethylphthalate,,P03BX02,P03BX02
dibutylphthalate,,P03BX03,P03BX03
dibutylsuccinate,,P03BX04,P03BX04
dimethylcarbate,,P03BX05,P03BX05
etohexadiol,,P03BX06,P03BX06
cyclopentamine,,R01AA02,R01AA02
tetryzoline,,R01AA06,R01AA06;R01AB03;S01GA02
xylometazoline,,R01AA07,R01AA07;R01AB06;S01GA03
naphazoline,,R01AA08,R01AA08;R01AB02;S01GA01
tramazoline,,R01AA09,R01AA09
metizoline,,R01AA10,R01AA10
tuaminoheptane,,R01AA11,R01AA11;R01AB08
fenoxazoline,,R01AA12,R01AA12
tymazoline,,R01AA13,R01AA13
indanazoline,,R01AA15,R01AA15
levocabastine,,R01AC02,R01AC02;S01GX02
azelastine,,R01AC03,R01AC03;R06AX19;S01GX07
antazoline,,R01AC04,R01AC04;R06AX05
spaglumic acid,,R01AC05,R01AC05;S01GX03
nedocromil,,R01AC07,R01AC07;R03BC03;S01GX04
olopatadine,,R01AC08,R01AC08;S01GX09
"cromoglicic acid, combinations",,R01AC51,R01AC51;S01GX51
flunisolide,,R01AD04,R01AD04;R03BA03
fluticasone furoate,,R01AD12,R01AD12;R03BA09
ciclesonide,,R01AD13,R01AD13;R03BA08
"dexamethasone, combinations",,R01AD53,R01AD53
"tixocortol, combinations",,R01AD57,R01AD57
"fluticasone, combinations",,R01AD58,R01AD58
"mometasone, combinations",,R01AD59,R01AD59
"hydrocortisone, combinations",,R01AD60,R01AD60
calcium hexamine thiocyanate,,R01AX01,R01AX01
ipratropium bromide,,R01AX03,R01AX03;R03BB01
ritiometan,,R01AX05,R01AX05
phenylpropanolamine,,R01BA01,R01BA01
pseudoephedrine,,R01BA02,R01BA02
"phenylpropanolamine, combinations",,R01BA51,R01BA51
"pseudoephedrine, combinations",,R01BA52,R01BA52
"phenylephrine, combinations",,R01BA53,R01BA53;S01GA55
ambazone,,R02AA01,R02AA01
dichlorobenzyl alcohol,,R02AA03,R02AA03
benzethonium,,R02AA09,R02AA09
myristyl-benzalkonium,,R02AA10,R02AA10
hexylresorcinol,,R02AA12,R02AA12
acriflavinium chloride,,R02AA13,R02AA13
fusafungine,,R02AB03,R02AB03
gramicidin,,R02AB30,R02AB30
ambroxol,,R02AD05,R02AD05;R05CB06
orciprenaline,,R03AB03,R03AB03;R03CB03
salbutamol,,R03AC02,R03AC02;R03CC02
terbutaline,,R03AC03,R03AC03;R03CC03
rimiterol,,R03AC05,R03AC05
hexoprenaline,,R03AC06,R03AC06;R03CC05
isoetarine,,R03AC07,R03AC07;R03CC06
pirbuterol,,R03AC08,R03AC08;R03CC07
tretoquinol,,R03AC09,R03AC09;R03CC09
carbuterol,,R03AC10,R03AC10;R03CC10
tulobuterol,,R03AC11,R03AC11;R03CC11
salmeterol,,R03AC12,R03AC12
formoterol,,R03AC13,R03AC13;R03CC15
clenbuterol,,R03AC14,R03AC14;R03CC13
reproterol,,R03AC15,R03AC15;R03CC14
procaterol,,R03AC16,R03AC16;R03CC08
bitolterol,,R03AC17,R03AC17
indacaterol,,R03AC18,R03AC18
olodaterol,,R03AC19,R03AC19
epinephrine and other drugs for obstructive airway diseases,,R03AK01,R03AK01
isoprenaline and other drugs for obstructive airway diseases,,R03AK02,R03AK02
salbutamol and sodium cromoglicate,,R03AK04,R03AK04
reproterol and sodium cromoglicate,,R03AK05,R03AK05
salmeterol and fluticasone,,R03AK06,R03AK06
formoterol and budesonide,,R03AK07,R03AK07
formoterol and beclometasone,,R03AK08,R03AK08
formoterol and mometasone,,R03AK09,R03AK09
vilanterol and fluticasone furoate,,R03AK10,R03AK10
formoterol and fluticasone,,R03AK11,R03AK11
salmeterol and budesonide,,R03AK12,R03AK12
salbutamol and beclometasone,,R03AK13,R03AK13
indacaterol and mometasone,,R03AK14,R03AK14
salbutamol and budesonide,,R03AK15,R03AK15
fenoterol and ipratropium bromide,,R03AL01,R03AL01
salbutamol and ipratropium bromide,,R03AL02,R03AL02
vilanterol and umeclidinium bromide,,R03AL03,R03AL03
indacaterol and glycopyrronium bromide,,R03AL04,R03AL04
formoterol and aclidinium bromide,,R03AL05,R03AL05
olodaterol and tiotropium bromide,,R03AL06,R03AL06
formoterol and glycopyrronium bromide,,R03AL07,R03AL07
"vilanterol, umeclidinium bromide and fluticasone furoate",,R03AL08,R03AL08
"formoterol, glycopyrronium bromide and beclometasone",,R03AL09,R03AL09
formoterol and tiotropium bromide,,R03AL10,R03AL10
"formoterol, glycopyrronium bromide and budesonide",,R03AL11,R03AL11
"indacaterol, glycopyrronium bromide and mometasone",,R03AL12,R03AL12
oxitropium bromide,,R03BB02,R03BB02
stramoni preparations,,R03BB03,R03BB03
tiotropium bromide,,R03BB04,R03BB04
aclidinium bromide,,R03BB05,R03BB05
umeclidinium bromide,,R03BB07,R03BB07
revefenacin,,R03BB08,R03BB08
"tiotropium bromide, combinations",,R03BB54,R03BB54
fenspiride,,R03BX01,R03BX01;R03DX03
methoxyphenamine,,R03CB02,R03CB02
"isoprenaline, combinations",,R03CB51,R03CB51
"orciprenaline, combinations",,R03CB53,R03CB53
bambuterol,,R03CC12,R03CC12
"terbutaline, combinations",,R03CC53,R03CC53
clenbuterol and ambroxol,,R03CC63,R03CC63
diprophylline,,R03DA01,R03DA01
choline theophyllinate,,R03DA02,R03DA02
proxyphylline,,R03DA03,R03DA03
theophylline,,R03DA04,R03DA04
aminophylline,,R03DA05,R03DA05
etamiphylline,,R03DA06,R03DA06
bamifylline,,R03DA08,R03DA08
acefylline piperazine,,R03DA09,R03DA09
bufylline,,R03DA10,R03DA10
doxofylline,,R03DA11,R03DA11
mepyramine theophyllinacetate,,R03DA12,R03DA12
combinations of xanthines,,R03DA20,R03DA20
"diprophylline, combinations",,R03DA51,R03DA51
"theophylline, combinations excl. psycholeptics",,R03DA54,R03DA54
"aminophylline, combinations",,R03DA55,R03DA55
"theobromine, combinations",,R03DA57,R03DA57
"theophylline, combinations with psycholeptics",,R03DA74,R03DA74
diprophylline and adrenergics,,R03DB01,R03DB01
choline theophyllinate and adrenergics,,R03DB02,R03DB02
proxyphylline and adrenergics,,R03DB03,R03DB03
theophylline and adrenergics,,R03DB04,R03DB04
aminophylline and adrenergics,,R03DB05,R03DB05
etamiphylline and adrenergics,,R03DB06,R03DB06
zafirlukast,,R03DC01,R03DC01
pranlukast,,R03DC02,R03DC02
montelukast,,R03DC03,R03DC03
ibudilast,,R03DC04,R03DC04
"montelukast, combinations",,R03DC53,R03DC53
eprozinol,,R03DX02,R03DX02
omalizumab,,R03DX05,R03DX05
seratrodast,,R03DX06,R03DX06
reslizumab,,R03DX08,R03DX08
mepolizumab,,R03DX09,R03DX09
benralizumab,,R03DX10,R03DX10
tezepelumab,,R03DX11,R03DX11
tyloxapol,,R05CA01,R05CA01
potassium iodide,,R05CA02,R05CA02;S01XA04;V03AB21
guaifenesin,,R05CA03,R05CA03
ipecacuanha,,R05CA04,R05CA04;V03AB01
altheae radix,,R05CA05,R05CA05
senega,,R05CA06,R05CA06
antimony pentasulfide,,R05CA07,R05CA07
creosote,,R05CA08,R05CA08
guaiacolsulfonate,,R05CA09,R05CA09
levoverbenone,,R05CA11,R05CA11
Hederae helicis folium,,R05CA12,R05CA12
cineole,,R05CA13,R05CA13
acetylcysteine,,R05CB01,R05CB01;S01XA08;V03AB23
bromhexine,,R05CB02,R05CB02
carbocisteine,,R05CB03,R05CB03
eprazinone,,R05CB04,R05CB04
mesna,,R05CB05,R05CB05;V03AF01
sobrerol,,R05CB07,R05CB07
domiodol,,R05CB08,R05CB08
letosteine,,R05CB09,R05CB09
stepronin,,R05CB11,R05CB11
dornase alfa (desoxyribonuclease),,R05CB13,R05CB13
neltenexine,,R05CB14,R05CB14
erdosteine,,R05CB15,R05CB15
ethylmorphine,,R05DA01,R05DA01;S01XA06
hydrocodone,,R05DA03,R05DA03
codeine,,R05DA04,R05DA04
opium alkaloids with morphine,,R05DA05,R05DA05
normethadone,,R05DA06,R05DA06
noscapine,,R05DA07,R05DA07
pholcodine,,R05DA08,R05DA08
dextromethorphan,,R05DA09,R05DA09
thebacon,,R05DA10,R05DA10
dimemorfan,,R05DA11,R05DA11
acetyldihydrocodeine,,R05DA12,R05DA12
benzonatate,,R05DB01,R05DB01
benproperine,,R05DB02,R05DB02
clobutinol,,R05DB03,R05DB03
isoaminile,,R05DB04,R05DB04
pentoxyverine,,R05DB05,R05DB05
oxolamine,,R05DB07,R05DB07
oxeladin,,R05DB09,R05DB09
clofedanol,,R05DB10,R05DB10
pipazetate,,R05DB11,R05DB11
bibenzonium bromide,,R05DB12,R05DB12
butamirate,,R05DB13,R05DB13
fedrilate,,R05DB14,R05DB14
zipeprol,,R05DB15,R05DB15
dibunate,,R05DB16,R05DB16
droxypropine,,R05DB17,R05DB17
prenoxdiazine,,R05DB18,R05DB18
dropropizine,,R05DB19,R05DB19
cloperastine,,R05DB21,R05DB21
meprotixol,,R05DB22,R05DB22
piperidione,,R05DB23,R05DB23
tipepidine,,R05DB24,R05DB24
morclofone,,R05DB25,R05DB25
nepinalone,,R05DB26,R05DB26
levodropropizine,,R05DB27,R05DB27
dimethoxanate,,R05DB28,R05DB28
gefapixant,,R05DB29,R05DB29
opium derivatives and mucolytics,,R05FA01,R05FA01
opium derivatives and expectorants,,R05FA02,R05FA02
cough suppressants and mucolytics,,R05FB01,R05FB01
cough suppressants and expectorants,,R05FB02,R05FB02
bromazine,,R06AA01,R06AA01
diphenylpyraline,,R06AA07,R06AA07
carbinoxamine,,R06AA08,R06AA08
doxylamine,,R06AA09,R06AA09
trimethobenzamide,,R06AA10,R06AA10
dimenhydrinate,,R06AA11,R06AA11
"diphenhydramine, combinations",,R06AA52,R06AA52
"clemastine, combinations",,R06AA54,R06AA54
"chlorphenoxamine, combinations",,R06AA56,R06AA56
"diphenylpyraline, combinations",,R06AA57,R06AA57
"doxylamine, combinations",,R06AA59,R06AA59
"dimenhydrinate, combinations",,R06AA61,R06AA61
brompheniramine,,R06AB01,R06AB01
dexchlorpheniramine,,R06AB02,R06AB02
chlorphenamine,,R06AB04,R06AB04
dexbrompheniramine,,R06AB06,R06AB06
talastine,,R06AB07,R06AB07
"brompheniramine, combinations",,R06AB51,R06AB51
"dexchlorpheniramine, combinations",,R06AB52,R06AB52
"chlorphenamine, combinations",,R06AB54,R06AB54
"dexbrompheniramine, combinations",,R06AB56,R06AB56
histapyrrodine,,R06AC02,R06AC02
methapyrilene,,R06AC05,R06AC05
"histapyrrodine, combinations",,R06AC52,R06AC52
"chloropyramine, combinations",,R06AC53,R06AC53
alimemazine,,R06AD01,R06AD01
thiethylperazine,,R06AD03,R06AD03
methdilazine,,R06AD04,R06AD04
hydroxyethylpromethazine,,R06AD05,R06AD05
thiazinam,,R06AD06,R06AD06
mequitazine,,R06AD07,R06AD07
oxomemazine,,R06AD08,R06AD08
"promethazine, combinations",,R06AD52,R06AD52
"hydroxyethylpromethazine, combinations",,R06AD55,R06AD55
buclizine,,R06AE01,R06AE01
cyclizine,,R06AE03,R06AE03
chlorcyclizine,,R06AE04,R06AE04
meclozine,,R06AE05,R06AE05
oxatomide,,R06AE06,R06AE06
cetirizine,,R06AE07,R06AE07;S01GX12
levocetirizine,,R06AE09,R06AE09
"buclizine, combinations",,R06AE51,R06AE51
"cyclizine, combinations",,R06AE53,R06AE53
"meclozine, combinations",,R06AE55,R06AE55
cyproheptadine,,R06AX02,R06AX02
phenindamine,,R06AX04,R06AX04
triprolidine,,R06AX07,R06AX07
pyrrobutamine,,R06AX08,R06AX08
azatadine,,R06AX09,R06AX09
astemizole,,R06AX11,R06AX11
terfenadine,,R06AX12,R06AX12
loratadine,,R06AX13,R06AX13
mebhydrolin,,R06AX15,R06AX15
deptropine,,R06AX16,R06AX16
ketotifen,,R06AX17,R06AX17;S01GX08
acrivastine,,R06AX18,R06AX18
tritoqualine,,R06AX21,R06AX21
ebastine,,R06AX22,R06AX22
pimethixene,,R06AX23,R06AX23
epinastine,,R06AX24,R06AX24;S01GX10
mizolastine,,R06AX25,R06AX25
fexofenadine,,R06AX26,R06AX26
desloratadine,,R06AX27,R06AX27
rupatadine,,R06AX28,R06AX28
bilastine,,R06AX29,R06AX29;S01GX13
quifenadine,,R06AX31,R06AX31
sequifenadine,,R06AX32,R06AX32
"thenalidine, combinations",,R06AX53,R06AX53
"pyrrobutamine, combinations",,R06AX58,R06AX58
colfosceril palmitate,,R07AA01,R07AA01
natural phospholipids,,R07AA02,R07AA02
doxapram,,R07AB01,R07AB01
nikethamide,,R07AB02,R07AB02
pentetrazol,,R07AB03,R07AB03
etamivan,,R07AB04,R07AB04
bemegride,,R07AB05,R07AB05
prethcamide,,R07AB06,R07AB06
almitrine,,R07AB07,R07AB07
dimefline,,R07AB08,R07AB08
mepixanox,,R07AB09,R07AB09
"nikethamide, combinations",,R07AB52,R07AB52
"pentetrazol, combinations",,R07AB53,R07AB53
nitric oxide,,R07AX01,R07AX01
ivacaftor,,R07AX02,R07AX02
ivacaftor and lumacaftor,,R07AX30,R07AX30
ivacaftor and tezacaftor,,R07AX31,R07AX31
"ivacaftor, tezacaftor and elexacaftor",,R07AX32,R07AX32
dihydrostreptomycin,,S01AA15,S01AA15
antibiotics in combination with other drugs,,S01AA20,S01AA20
micronomicin,,S01AA22,S01AA22
azidamfenicol,,S01AA25,S01AA25
combinations of different antibiotics,,S01AA30,S01AA30
sulfadicramide,,S01AB03,S01AB03
sulfafenazol,,S01AB05,S01AB05
trifluridine,,S01AD02,S01AD02
interferon,,S01AD05,S01AD05
fomivirsen,,S01AD08,S01AD08
besifloxacin,,S01AE08,S01AE08
mercury compounds,,S01AX01,S01AX01
silver compounds,,S01AX02,S01AX02
zinc compounds,,S01AX03,S01AX03
bibrocathol,,S01AX05,S01AX05
sodium borate,,S01AX07,S01AX07
sodium propionate,,S01AX10,S01AX10
picloxydine,,S01AX16,S01AX16
medrysone,,S01BA08,S01BA08
formocortal,,S01BA12,S01BA12
loteprednol,,S01BA14,S01BA14
hydrocortisone and mydriatics,,S01BB01,S01BB01
prednisolone and mydriatics,,S01BB02,S01BB02
fluorometholone and mydriatics,,S01BB03,S01BB03
betamethasone and mydriatics,,S01BB04,S01BB04
pranoprofen,,S01BC09,S01BC09
nepafenac,,S01BC10,S01BC10
bromfenac,,S01BC11,S01BC11
dexamethasone and antiinfectives,,S01CA01,S01CA01;S02CA06;S03CA01
prednisolone and antiinfectives,,S01CA02,S01CA02;S02CA01;S03CA02
hydrocortisone and antiinfectives,,S01CA03,S01CA03;S02CA03;S03CA04
fluocortolone and antiinfectives,,S01CA04,S01CA04
betamethasone and antiinfectives,,S01CA05,S01CA05;S03CA06
fludrocortisone and antiinfectives,,S01CA06,S01CA06;S02CA07;S03CA05
fluorometholone and antiinfectives,,S01CA07,S01CA07
methylprednisolone and antiinfectives,,S01CA08,S01CA08;S03CA07
chloroprednisone and antiinfectives,,S01CA09,S01CA09
fluocinolone acetonide and antiinfectives,,S01CA10,S01CA10;S02CA05
clobetasone and antiinfectives,,S01CA11,S01CA11
loteprednol and antiinfectives,,S01CA12,S01CA12
diclofenac and antiinfectives,,S01CC01,S01CC01
indometacin and antiinfectives,,S01CC02,S01CC02
dipivefrine,,S01EA02,S01EA02
apraclonidine,,S01EA03,S01EA03
"epinephrine, combinations",,S01EA51,S01EA51
ecothiopate,,S01EB03,S01EB03
demecarium,,S01EB04,S01EB04
physostigmine,,S01EB05,S01EB05;V03AB19
fluostigmine,,S01EB07,S01EB07
aceclidine,,S01EB08,S01EB08
acetylcholine,,S01EB09,S01EB09
paraoxon,,S01EB10,S01EB10
"pilocarpine, combinations",,S01EB51,S01EB51
"aceclidine, combinations",,S01EB58,S01EB58
acetazolamide,,S01EC01,S01EC01
diclofenamide,,S01EC02,S01EC02
dorzolamide,,S01EC03,S01EC03
brinzolamide,,S01EC04,S01EC04
methazolamide,,S01EC05,S01EC05
"brinzolamide, combinations",,S01EC54,S01EC54
levobunolol,,S01ED03,S01ED03
metipranolol,,S01ED04,S01ED04
befunolol,,S01ED06,S01ED06
"timolol, combinations",,S01ED51,S01ED51
"betaxolol, combinations",,S01ED52,S01ED52
"metipranolol, combinations",,S01ED54,S01ED54
"carteolol, combinations",,S01ED55,S01ED55
latanoprost,,S01EE01,S01EE01
unoprostone,,S01EE02,S01EE02
bimatoprost,,S01EE03,S01EE03
travoprost,,S01EE04,S01EE04
tafluprost,,S01EE05,S01EE05
latanoprostene bunod,,S01EE06,S01EE06
latanoprost and netarsudil,,S01EE51,S01EE51
dapiprazole,,S01EX02,S01EX02
netarsudil,,S01EX05,S01EX05
omidenepag,,S01EX06,S01EX06
ripasudil,,S01EX07,S01EX07
cyclopentolate,,S01FA04,S01FA04
homatropine,,S01FA05,S01FA05
tropicamide,,S01FA06,S01FA06
"cyclopentolate, combinations",,S01FA54,S01FA54
"tropicamide, combinations",,S01FA56,S01FA56
phenylephrine and ketorolac,,S01FB51,S01FB51
"naphazoline, combinations",,S01GA51,S01GA51
"tetryzoline, combinations",,S01GA52,S01GA52
"xylometazoline, combinations",,S01GA53,S01GA53
"oxedrine, combinations",,S01GA56,S01GA56
lodoxamide,,S01GX05,S01GX05
emedastine,,S01GX06,S01GX06
alcaftadine,,S01GX11,S01GX11
proxymetacaine,,S01HA04,S01HA04
fluorescein,,S01JA01,S01JA01
rose bengal sodium,,S01JA02,S01JA02
"fluorescein, combinations",,S01JA51,S01JA51
hypromellose,,S01KA02,S01KA02
"hyaluronic acid, combinations",,S01KA51,S01KA51
trypan blue,,S01KX02,S01KX02
verteporfin,,S01LA01,S01LA01
anecortave,,S01LA02,S01LA02
pegaptanib,,S01LA03,S01LA03
ranibizumab,,S01LA04,S01LA04
brolucizumab,,S01LA06,S01LA06
abicipar pegol,,S01LA07,S01LA07
faricimab,,S01LA09,S01LA09
guaiazulen,,S01XA01,S01XA01
"sodium chloride, hypertonic",,S01XA03,S01XA03
sodium edetate,,S01XA05,S01XA05
alum,,S01XA07,S01XA07
iodoheparinate,,S01XA09,S01XA09
"limbal stem cells, autologous",,S01XA19,S01XA19
artificial tears and other indifferent preparations,,S01XA20,S01XA20
ocriplasmin,,S01XA22,S01XA22
cenegermin,,S01XA24,S01XA24
lifitegrast,,S01XA25,S01XA25
riboflavin,,S01XA26,S01XA26
voretigene neparvovec,,S01XA27,S01XA27
sepofarsen,,S01XA29,S01XA29
boric acid,,S02AA03,S02AA03
aluminium acetotartrate,,S02AA04,S02AA04
"antiinfectives, combinations",,S02AA30,S02AA30;S03AA30
flumetasone and antiinfectives,,S02CA02,S02CA02
triamcinolone and antiinfectives,,S02CA04,S02CA04
feather,,V01AA01,V01AA01
grass pollen,,V01AA02,V01AA02
house dust mites,,V01AA03,V01AA03
mould fungus and yeast fungus,,V01AA04,V01AA04
tree pollen,,V01AA05,V01AA05
insects,,V01AA07,V01AA07
food,,V01AA08,V01AA08
textiles,,V01AA09,V01AA09
flowers,,V01AA10,V01AA10
animals,,V01AA11,V01AA11
nalorphine,,V03AB02,V03AB02
edetates,,V03AB03,V03AB03
pralidoxime,,V03AB04,V03AB04
prednisolone and promethazine,,V03AB05,V03AB05
thiosulfate,,V03AB06,V03AB06
sodium nitrite,,V03AB08,V03AB08
dimercaprol,,V03AB09,V03AB09
obidoxime,,V03AB13,V03AB13
protamine,,V03AB14,V03AB14
methylthioninium chloride,,V03AB17,V03AB17;V04CG05
copper sulfate,,V03AB20,V03AB20
amyl nitrite,,V03AB22,V03AB22
digitalis antitoxin,,V03AB24,V03AB24
flumazenil,,V03AB25,V03AB25
methionine,,V03AB26,V03AB26
4-dimethylaminophenol,,V03AB27,V03AB27
cholinesterase,,V03AB29,V03AB29
prussian blue,,V03AB31,V03AB31
glutathione,,V03AB32,V03AB32
fomepizole,,V03AB34,V03AB34
sugammadex,,V03AB35,V03AB35
idarucizumab,,V03AB37,V03AB37
andexanet alfa,,V03AB38,V03AB38
pralidoxime and atropine,,V03AB54,V03AB54
deferoxamine,,V03AC01,V03AC01
deferiprone,,V03AC02,V03AC02
deferasirox,,V03AC03,V03AC03
polystyrene sulfonate,,V03AE01,V03AE01
sevelamer,,V03AE02,V03AE02
lanthanum carbonate,,V03AE03,V03AE03
calcium acetate and magnesium carbonate,,V03AE04,V03AE04
sucroferric oxyhydroxide,,V03AE05,V03AE05
colestilan,,V03AE06,V03AE06
calcium acetate,,V03AE07,V03AE07
ferric citrate,,V03AE08,V03AE08
patiromer calcium,,V03AE09,V03AE09
sodium zirconium cyclosilicate,,V03AE10,V03AE10
dexrazoxane,,V03AF02,V03AF02
calcium folinate,,V03AF03,V03AF03
calcium levofolinate,,V03AF04,V03AF04
amifostine,,V03AF05,V03AF05
sodium folinate,,V03AF06,V03AF06
rasburicase,,V03AF07,V03AF07
palifermin,,V03AF08,V03AF08
glucarpidase,,V03AF09,V03AF09
sodium levofolinate,,V03AF10,V03AF10
arginine and lysine,,V03AF11,V03AF11
trilaciclib,,V03AF12,V03AF12
sodium cellulose phosphate,,V03AG01,V03AG01
oxygen,,V03AN01,V03AN01
carbon dioxide,,V03AN02,V03AN02
helium,,V03AN03,V03AN03
nitrogen,,V03AN04,V03AN04
medical air,,V03AN05,V03AN05
nalfurafine,,V03AX02,V03AX02
cobicistat,,V03AX03,V03AX03
difelikefalin,,V03AX04,V03AX04
vitamin A concentrates,,V04CB01,V04CB01
sincalide,,V04CC03,V04CC03
ceruletide,,V04CC04,V04CC04
metyrapone,,V04CD01,V04CD01
corticorelin,,V04CD04,V04CD04
somatorelin,,V04CD05,V04CD05
macimorelin,,V04CD06,V04CD06
galactose,,V04CE01,V04CE01
sulfobromophthalein,,V04CE02,V04CE02
methacetin (13C),,V04CE03,V04CE03
tuberculin,,V04CF01,V04CF01
cation exchange resins,,V04CG01,V04CG01
betazole,,V04CG02,V04CG02
histamine phosphate,,V04CG03,V04CG03
pentagastrin,,V04CG04,V04CG04
caffeine and sodium benzoate,,V04CG30,V04CG30
inulin and other polyfructosans,,V04CH01,V04CH01
indigo carmine,,V04CH02,V04CH02
phenolsulfonphthalein,,V04CH03,V04CH03
alsactide,,V04CH04,V04CH04
aminohippuric acid,,V04CH30,V04CH30
thyrotropin,,V04CJ01,V04CJ01
protirelin,,V04CJ02,V04CJ02
secretin,,V04CK01,V04CK01
pancreozymin (cholecystokinin),,V04CK02,V04CK02
bentiromide,,V04CK03,V04CK03
indocyanine green,,V04CX01,V04CX01
methacholine,,V04CX03,V04CX03
13C-urea,,V04CX05,V04CX05
hexaminolevulinate,,V04CX06,V04CX06
edrophonium,,V04CX07,V04CX07
carbon monoxide,,V04CX08,V04CX08
patent blue,,V04CX09,V04CX09
pafolacianine,,V04CX10,V04CX10
lithium chloride,,V04CX11,V04CX11
fructose,,V06DC02,V06DC02
diatrizoic acid,,V08AA01,V08AA01
metrizoic acid,,V08AA02,V08AA02
iodamide,,V08AA03,V08AA03
iotalamic acid,,V08AA04,V08AA04
ioxitalamic acid,,V08AA05,V08AA05
ioglicic acid,,V08AA06,V08AA06
acetrizoic acid,,V08AA07,V08AA07
iocarmic acid,,V08AA08,V08AA08
methiodal,,V08AA09,V08AA09
diodone,,V08AA10,V08AA10
metrizamide,,V08AB01,V08AB01
iohexol,,V08AB02,V08AB02
ioxaglic acid,,V08AB03,V08AB03
iopamidol,,V08AB04,V08AB04
iopromide,,V08AB05,V08AB05
iotrolan,,V08AB06,V08AB06
ioversol,,V08AB07,V08AB07
iopentol,,V08AB08,V08AB08
iodixanol,,V08AB09,V08AB09
iomeprol,,V08AB10,V08AB10
iobitridol,,V08AB11,V08AB11
ioxilan,,V08AB12,V08AB12
iodoxamic acid,,V08AC01,V08AC01
iotroxic acid,,V08AC02,V08AC02
ioglycamic acid,,V08AC03,V08AC03
adipiodone,,V08AC04,V08AC04
iobenzamic acid,,V08AC05,V08AC05
iopanoic acid,,V08AC06,V08AC06
iocetamic acid,,V08AC07,V08AC07
sodium iopodate,,V08AC08,V08AC08
tyropanoic acid,,V08AC09,V08AC09
calcium iopodate,,V08AC10,V08AC10
ethyl esters of iodised fatty acids,,V08AD01,V08AD01
iopydol,,V08AD02,V08AD02
propyliodone,,V08AD03,V08AD03
iofendylate,,V08AD04,V08AD04
barium sulfate with suspending agents,,V08BA01,V08BA01
barium sulfate without suspending agents,,V08BA02,V08BA02
gadopentetic acid,,V08CA01,V08CA01
gadoteric acid,,V08CA02,V08CA02
gadodiamide,,V08CA03,V08CA03
gadoteridol,,V08CA04,V08CA04
mangafodipir,,V08CA05,V08CA05
gadoversetamide,,V08CA06,V08CA06
ferric ammonium citrate,,V08CA07,V08CA07
gadobenic acid,,V08CA08,V08CA08
gadobutrol,,V08CA09,V08CA09
gadoxetic acid,,V08CA10,V08CA10
gadofosveset,,V08CA11,V08CA11
gadopiclenol,,V08CA12,V08CA12
ferumoxsil,,V08CB01,V08CB01
ferristene,,V08CB02,V08CB02
"iron oxide, nanoparticles",,V08CB03,V08CB03
perflubron,,V08CX01,V08CX01
"perflutren, human albumin microspheres",,V08DA01,V08DA01
microparticles of galactose,,V08DA02,V08DA02
perflenapent,,V08DA03,V08DA03
"perflutren, phospholipid microspheres",,V08DA04,V08DA04
"sulfur hexafluoride, phospholipid microspheres",,V08DA05,V08DA05
"perflubutane, phospholipid microspheres",,V08DA06,V08DA06
technetium (99mTc) exametazime,,V09AA01,V09AA01
technetium (99mTc) bicisate,,V09AA02,V09AA02
iodine iofetamine (123I),,V09AB01,V09AB01
iodine iolopride (123I),,V09AB02,V09AB02
iodine ioflupane (123I),,V09AB03,V09AB03
indium (111In) pentetic acid,,V09AX01,V09AX01
iodine (124I) 2beta-carbomethoxy-3beta-(4 iodophenyl)-tropane,,V09AX03,V09AX03
flutemetamol (18F),,V09AX04,V09AX04
florbetapir (18F),,V09AX05,V09AX05
florbetaben (18F),,V09AX06,V09AX06
flortaucipir (18F),,V09AX07,V09AX07
technetium (99mTc) oxidronic acid,,V09BA01,V09BA01
technetium (99mTc) medronic acid,,V09BA02,V09BA02
technetium (99mTc) pyrophosphate,,V09BA03,V09BA03
technetium (99mTc) butedronic acid,,V09BA04,V09BA04
technetium (99mTc) pentetic acid,,V09CA01,V09CA01;V09EA01
technetium (99mTc) succimer,,V09CA02,V09CA02
technetium (99mTc) mertiatide,,V09CA03,V09CA03
technetium (99mTc) gluceptate,,V09CA04,V09CA04
technetium (99mTc) gluconate,,V09CA05,V09CA05
technetium (99mTc) ethylenedicysteine,,V09CA06,V09CA06
sodium iodohippurate (123I),,V09CX01,V09CX01
sodium iodohippurate (131I),,V09CX02,V09CX02
sodium iothalamate (125I),,V09CX03,V09CX03
chromium (51Cr) edetate,,V09CX04,V09CX04
technetium (99mTc) disofenin,,V09DA01,V09DA01
technetium (99mTc) etifenin,,V09DA02,V09DA02
technetium (99mTc) lidofenin,,V09DA03,V09DA03
technetium (99mTc) mebrofenin,,V09DA04,V09DA04
technetium (99mTc) galtifenin,,V09DA05,V09DA05
technetium (99mTc) nanocolloid,,V09DB01,V09DB01;V09EA03
technetium (99mTc) microcolloid,,V09DB02,V09DB02
technetium (99mTc) millimicrospheres,,V09DB03,V09DB03
technetium (99mTc) tin colloid,,V09DB04,V09DB04
technetium (99mTc) sulfur colloid,,V09DB05,V09DB05
technetium (99mTc) rheniumsulfide colloid,,V09DB06,V09DB06
technetium (99mTc) phytate,,V09DB07,V09DB07
selenium (75Se) tauroselcholic acid,,V09DX01,V09DX01
technetium (99mTc) technegas,,V09EA02,V09EA02
technetium (99mTc) macrosalb,,V09EB01,V09EB01
technetium (99mTc) microspheres,,V09EB02,V09EB02
krypton (81mKr) gas,,V09EX01,V09EX01
xenon (127Xe) gas,,V09EX02,V09EX02
xenon (133Xe) gas,,V09EX03,V09EX03
technetium (99mTc) pertechnetate,,V09FX01,V09FX01
sodium iodide (123I),,V09FX02,V09FX02
sodium iodide (131I),,V09FX03,V09FX03;V10XA01
sodium iodide (124I),,V09FX04,V09FX04
technetium (99mTc) sestamibi,,V09GA01,V09GA01
technetium (99mTc) tetrofosmin,,V09GA02,V09GA02
technetium (99mTc) teboroxime,,V09GA03,V09GA03
technetium (99mTc) human albumin,,V09GA04,V09GA04
technetium (99mTc) furifosmin,,V09GA05,V09GA05
technetium (99mTc) stannous agent labelled cells,,V09GA06,V09GA06
technetium (99mTc) apcitide,,V09GA07,V09GA07
fibrinogen (125I),,V09GB01,V09GB01
iodine (125I) human albumin,,V09GB02,V09GB02
thallium (201Tl) chloride,,V09GX01,V09GX01
indium (111In) imciromab,,V09GX02,V09GX02
chromium (51Cr) chromate labelled cells,,V09GX03,V09GX03
rubidium (82Rb) chloride,,V09GX04,V09GX04
ammonia (13N),,V09GX05,V09GX05
technetium (99mTc) human immunoglobulin,,V09HA01,V09HA01
technetium (99mTc) exametazime labelled cells,,V09HA02,V09HA02
technetium (99mTc) antigranulocyte antibody,,V09HA03,V09HA03
technetium (99mTc) sulesomab,,V09HA04,V09HA04
indium (111In) oxinate labelled cells,,V09HB01,V09HB01
indium (111In) tropolonate labelled cells,,V09HB02,V09HB02
gallium (67Ga) citrate,,V09HX01,V09HX01
technetium (99mTc) antiCarcinoEmbryonicAntigen antibody,,V09IA01,V09IA01
technetium (99mTc) antimelanoma antibody,,V09IA02,V09IA02
technetium (99mTc) pentavalent succimer,,V09IA03,V09IA03
technetium (99mTc) votumumab,,V09IA04,V09IA04
technetium (99mTc) depreotide,,V09IA05,V09IA05
technetium (99mTc) arcitumomab,,V09IA06,V09IA06
technetium (99mTc) hynic-octreotide,,V09IA07,V09IA07
technetium (99mTc) etarfolatide,,V09IA08,V09IA08
technetium (99mTc) tilmanocept,,V09IA09,V09IA09
technetium (99mTc)trofolastat chloride,,V09IA10,V09IA10
indium (111In) pentetreotide,,V09IB01,V09IB01
indium (111In) satumomab pendetide,,V09IB02,V09IB02
indium (111In) antiovariumcarcinoma antibody,,V09IB03,V09IB03
indium (111In) capromab pendetide,,V09IB04,V09IB04
iobenguane (123I),,V09IX01,V09IX01
iobenguane (131I),,V09IX02,V09IX02;V10XA02
iodine (125I) CC49-monoclonal antibody,,V09IX03,V09IX03
fludeoxyglucose (18F),,V09IX04,V09IX04
fluorodopa (18F),,V09IX05,V09IX05
sodium fluoride (18F),,V09IX06,V09IX06
fluorocholine (18F),,V09IX07,V09IX07
fluoroethylcholine (18F),,V09IX08,V09IX08
gallium (68Ga) edotreotide,,V09IX09,V09IX09
fluoroethyl-L-tyrosine (18F),,V09IX10,V09IX10
fluoroestradiol (18F),,V09IX11,V09IX11
fluciclovine (18F),,V09IX12,V09IX12
methionine (11C),,V09IX13,V09IX13
gallium (68Ga) gozetotide,,V09IX14,V09IX14
copper (64Cu) dotatate,,V09IX15,V09IX15
piflufolastat (18F),,V09IX16,V09IX16
PSMA-1007 (18F),,V09IX17,V09IX17
iodine (131I) norcholesterol,,V09XA01,V09XA01
iodocholesterol (131I),,V09XA02,V09XA02
iodine (131I) human albumin,,V09XA03,V09XA03
cobalt (57Co) cyanocobalamine,,V09XX01,V09XX01
cobalt (58Co) cyanocobalamine,,V09XX02,V09XX02
selenium (75Se) norcholesterol,,V09XX03,V09XX03
ferric (59Fe) citrate,,V09XX04,V09XX04
yttrium (90Y) citrate colloid,,V10AA01,V10AA01
yttrium (90Y) ferrihydroxide colloid,,V10AA02,V10AA02
yttrium (90Y) silicate colloid,,V10AA03,V10AA03
phosphorous (32P) chromicphosphate colloid,,V10AX01,V10AX01
samarium (153Sm) hydroxyapatite colloid,,V10AX02,V10AX02
dysprosium (165Dy) colloid,,V10AX03,V10AX03
erbium (169Er) citrate colloid,,V10AX04,V10AX04
rhenium (186Re) sulfide colloid,,V10AX05,V10AX05
gold (198Au) colloidal,,V10AX06,V10AX06
strontium (89Sr) chloride,,V10BX01,V10BX01
samarium (153Sm) lexidronam,,V10BX02,V10BX02
rhenium (186Re) etidronic acid,,V10BX03,V10BX03
iodine (131I) omburtamab,,V10XA03,V10XA03
tositumomab/iodine (131I) tositumomab,,V10XA53,V10XA53
sodium phosphate (32P),,V10XX01,V10XX01
ibritumomab tiuxetan (90Y),,V10XX02,V10XX02
radium (223Ra) dichloride,,V10XX03,V10XX03
lutetium (177Lu) oxodotreotide,,V10XX04,V10XX04
lutetium (177Lu) vipivotide tetraxetan,,V10XX05,V10XX05
