id,pharm_type,english_name,slovak_name,drug_class,subclass,mechanism_of_action,indications,contraindications,adverse_effects_common,adverse_effects_serious,interactions_key,pregnancy,routes,onset,duration,notes
ans_001,drug_class,Cholinergic agonists,Cholinergné agonisty,Cholinergic agonists,overview,Increase cholinergic (ACh) signaling at muscarinic and/or nicotinic receptors (direct agonists) or by inhibiting acetylcholinesterase (indirect).,Urinary retention; GI hypomotility; glaucoma; xerostomia; myasthenia gravis; reversal of non-depolarizing neuromuscular blockade; antimuscarinic toxicity (specific).,Mechanical GI/GU obstruction; asthma/COPD (caution); bradyarrhythmias/hypotension (caution).,Sweating; salivation; lacrimation; miosis; abdominal cramps; diarrhea; bronchial secretions.,Bronchospasm; severe bradycardia/AV block; hypotension; cholinergic crisis; seizures (some AChE inhibitors).,Additive bradycardia with beta blockers; antagonized by antimuscarinics; AChE inhibitors interact with depolarizing/non-depolarizing NMBs.,caution/individualize,PO; SC; IV; IM; ophthalmic; inhalation,minutes to hours (agent-dependent),minutes to hours (agent-dependent),Core toxidrome: DUMBBELS/SLUDGE; treat severe muscarinic effects with atropine; consider pralidoxime for organophosphate poisoning.
ans_002,drug,Bethanechol,Betanechol,Cholinergic agonists,direct muscarinic agonist,Direct muscarinic agonist (M3>M2) increases detrusor contraction and GI motility.,Postoperative/postpartum urinary retention; neurogenic bladder; ileus.,Mechanical urinary or GI obstruction; asthma; peptic ulcer disease; bradycardia/hypotension.,Flushing; sweating; salivation; abdominal cramps; diarrhea; urinary urgency.,Bronchospasm; severe bradycardia; hypotension.,Additive bradycardia with beta blockers; antagonized by atropine/antimuscarinics.,caution/avoid unless clearly needed,PO; SC,30–90 min (PO); minutes (SC),~1–2 h (PO),Does not cross BBB (quaternary).
ans_003,drug,Pilocarpine,Pilokarpín,Cholinergic agonists,direct muscarinic agonist,Direct muscarinic agonist (M3) increases exocrine secretion and causes miosis.,"Xerostomia (Sjögren, post-radiation); glaucoma (miosis, ↑trabecular outflow).",Uncontrolled asthma/COPD; acute iritis/uveitis (caution); cardiovascular instability (caution).,Sweating; salivation; nausea; rhinitis; urinary frequency; blurred vision.,Bronchospasm; bradycardia/hypotension (rare).,Additive cholinergic effects with AChE inhibitors; antagonized by antimuscarinics.,caution/individualize,PO; ophthalmic,minutes (ophthalmic); ~30–60 min (PO),hours,Can precipitate bronchospasm in susceptible patients.
ans_004,drug,Cevimeline,Cevimelín,Cholinergic agonists,direct muscarinic agonist,Direct muscarinic agonist (M3-selective) increases salivary secretion.,Xerostomia in Sjögren syndrome.,Uncontrolled asthma; narrow-angle glaucoma (caution); significant cardiac conduction disease (caution).,Sweating; nausea; rhinitis; diarrhea; visual disturbances.,Bronchospasm; bradycardia (rare).,Additive cholinergic effects with AChE inhibitors; antagonized by antimuscarinics.,caution/individualize,PO,~1 h,~4–6 h,Prefer M3 selectivity vs pilocarpine (still systemic cholinergic AEs).
ans_005,drug,Methacholine,Metacholín,Cholinergic agonists,direct muscarinic agonist,Direct muscarinic agonist used to provoke bronchoconstriction.,Bronchial hyperreactivity testing (asthma diagnosis).,Asthma with severe obstruction; uncontrolled hypertension; recent MI/stroke; aortic aneurysm.,Cough; chest tightness; wheeze; flushing.,Severe bronchospasm; hypoxia.,Beta blockers may blunt rescue bronchodilation; antagonized by inhaled beta-2 agonists.,avoid,inhalation (challenge),minutes,minutes,"Diagnostic agent, not therapy; ensure bronchodilator rescue available."
ans_006,drug,Carbachol,Karbachol,Cholinergic agonists,direct muscarinic agonist,Direct muscarinic agonist (also nicotinic) causes miosis and ↑aqueous outflow.,Ophthalmic miosis during surgery; glaucoma (limited).,Hypersensitivity; asthma/COPD (systemic absorption caution).,Eye irritation; headache; brow ache.,Rare systemic cholinergic toxicity.,Additive with other cholinergics; antagonized by antimuscarinics.,caution,ophthalmic,minutes,hours,Mostly ophthalmic use.
ans_007,drug_class,Acetylcholinesterase inhibitors (AChEIs),Inhibítory acetylcholínesterázy,Cholinergic agonists,indirect (AChE inhibition),"Inhibit acetylcholinesterase, increasing ACh at synapses and NMJ (reversible agents) or irreversibly (organophosphates).",Myasthenia gravis; reversal of non-depolarizing neuromuscular blockade; ileus/urinary retention (selected); antimuscarinic toxicity (physostigmine).,Mechanical GI/GU obstruction; asthma/COPD (caution); bradyarrhythmias; seizures (caution).,Cholinergic excess: diarrhea; urination; miosis; bronchial secretions; bradycardia.,Cholinergic crisis; bronchospasm; severe bradycardia/AV block; seizures (especially CNS-penetrant).,Additive bradycardia with beta blockers; antagonized by atropine; affects response to neuromuscular blockers.,caution/individualize,IV; IM; SC; PO,minutes to hours,minutes to hours,Separate muscarinic effects (treat with atropine) from nicotinic weakness (manage airway; pralidoxime for organophosphates).
ans_008,drug,Neostigmine,Neostigmín,Cholinergic agonists,AChE inhibitor (indirect cholinomimetic),"Reversible AChE inhibitor (quaternary, peripheral) ↑ACh at NMJ and parasympathetic sites.",Reversal of non-depolarizing neuromuscular blockade; myasthenia gravis; postoperative ileus/urinary retention (selected).,Mechanical GI/GU obstruction; peritonitis; asthma/COPD (caution); bradyarrhythmias.,Bradycardia; salivation; abdominal cramps; diarrhea.,Bronchospasm; severe bradycardia/AV block; cholinergic crisis.,Given with antimuscarinic (glycopyrrolate/atropine) for NMB reversal; additive bradycardia with beta blockers.,caution,IV; IM; SC,minutes (IV),~0.5–2 h,Does not cross BBB.
ans_009,drug,Pyridostigmine,Pyridostigmín,Cholinergic agonists,AChE inhibitor (indirect cholinomimetic),"Reversible AChE inhibitor (quaternary, peripheral) ↑ACh at NMJ.",Myasthenia gravis (symptomatic treatment).,Mechanical GI/GU obstruction; asthma/COPD (caution); bradyarrhythmias.,GI upset; diarrhea; sweating; salivation.,Cholinergic crisis; bronchospasm; severe bradycardia.,Additive bradycardia with beta blockers; antagonized by antimuscarinics for muscarinic effects.,caution,PO,~30–60 min,~3–6 h,Longer acting than neostigmine; titrate to avoid cholinergic crisis.
ans_010,drug,Physostigmine,Fyzostigmín,Cholinergic agonists,AChE inhibitor (indirect cholinomimetic),"Reversible AChE inhibitor (tertiary, crosses BBB) reverses central and peripheral antimuscarinic toxicity.",Antimuscarinic (atropine-like) poisoning with delirium.,TCA overdose (risk arrhythmias); conduction defects; asthma/COPD (caution).,Nausea; bradycardia; sweating.,Seizures; bradyarrhythmias/asystole (if rapid).,"Avoid with drugs causing conduction delay (e.g., TCAs); additive bradycardia with beta blockers.",caution,IV,minutes,~0.5–2 h,Use slow IV with monitoring; have atropine ready.
ans_011,drug,Edrophonium,Edrofónium,Cholinergic agonists,AChE inhibitor (indirect cholinomimetic),Short-acting reversible AChE inhibitor.,Historic/rare: diagnostic test in myasthenia gravis; reversal of NMB (limited).,Mechanical GI/GU obstruction; bradyarrhythmias; asthma/COPD.,Bradycardia; GI cramping.,Severe bradycardia/bronchospasm.,Additive bradycardia with beta blockers; antagonized by atropine.,avoid/rarely used,IV,minutes,~10–20 min,Mostly replaced by better diagnostics; include for completeness.
ans_012,drug_class,Antimuscarinics (parasympatholytics),Antimuskariniká (parasympatolytiká),Antimuscarinics,overview,"Competitive antagonists at muscarinic receptors; reduce parasympathetic tone (secretions, bronchoconstriction, GI motility, bladder contraction) and can cause mydriasis/tachycardia.",Bradycardia; organophosphate poisoning (adjunct); COPD/asthma (inhaled); overactive bladder; motion sickness; GI spasm; preoperative secretion reduction; Parkinson tremor (selected).,"Narrow-angle glaucoma; urinary retention/BPH; ileus; myasthenia gravis (caution, except for specific uses).",Dry mouth; blurred vision; constipation; urinary retention; tachycardia.,Hyperthermia; acute angle-closure glaucoma; severe urinary retention; delirium (elderly).,Additive anticholinergic burden with TCAs/antipsychotics/1st gen antihistamines; reduces GI absorption of some drugs; caution with dementia meds (AChEIs).,caution/avoid (agent-dependent),PO; IV; IM; inhalation; ophthalmic; transdermal,minutes to hours,hours to days (agent-dependent),"Classic toxidrome: hot as a hare, dry as a bone, blind as a bat, mad as a hatter; physostigmine can reverse severe central toxicity in selected cases."
ans_013,drug,Atropine,Atropín,Antimuscarinics,antimuscarinic,Competitive muscarinic antagonist; increases HR; reduces secretions; bronchodilation.,Symptomatic bradycardia; organophosphate poisoning (with pralidoxime); preop secretion reduction.,Narrow-angle glaucoma; urinary retention; ileus; tachyarrhythmias (caution).,Dry mouth; blurred vision; tachycardia; constipation.,Delirium; hyperthermia; arrhythmias.,Additive anticholinergic effects; caution with other tachycardic agents.,caution,IV; IM; SC; ophthalmic,minutes (IV),~2–4 h,Primary antidote for muscarinic symptoms in cholinesterase inhibitor poisoning.
ans_014,drug,Scopolamine,Skopolamín,Antimuscarinics,antimuscarinic,Muscarinic antagonist (CNS-penetrant) reduces vestibular signaling.,Motion sickness prophylaxis; postoperative nausea (selected).,Narrow-angle glaucoma; urinary retention; delirium risk (elderly).,Dry mouth; drowsiness; blurred vision.,Delirium; confusion; urinary retention.,Additive CNS depression/anticholinergic effects.,caution,transdermal; PO,hours (patch),~3 days (patch),Transdermal patch common.
ans_015,drug,Ipratropium,Ipratrópiový bromid,Antimuscarinics,antimuscarinic,Inhaled muscarinic antagonist (M3) bronchodilation; minimal systemic absorption.,COPD; asthma adjunct.,Hypersensitivity; narrow-angle glaucoma (nebulized mist contact risk).,Dry mouth; cough.,Paradoxical bronchospasm (rare); acute glaucoma if aerosol into eyes.,Additive with other anticholinergics.,caution,inhalation,minutes,~4–6 h,Short-acting (SAMA).
ans_016,drug,Tiotropium,Tiotrópiový bromid,Antimuscarinics,antimuscarinic,Long-acting inhaled muscarinic antagonist (LAMA) bronchodilation.,COPD maintenance; asthma add-on (selected).,Hypersensitivity; narrow-angle glaucoma/urinary retention (caution).,Dry mouth; constipation.,Urinary retention; glaucoma exacerbation (rare).,Additive with other anticholinergics.,caution,inhalation,~30 min,~24 h,Once daily LAMA.
ans_017,drug,Glycopyrrolate,Glycopyrolát (glycopyrrónium),Antimuscarinics,antimuscarinic,Quaternary antimuscarinic reduces secretions; minimal CNS effects.,Preop secretion reduction; with neostigmine for NMB reversal; drooling (selected).,Narrow-angle glaucoma; urinary retention; ileus.,Dry mouth; tachycardia.,Hyperthermia; severe urinary retention.,Additive anticholinergic burden.,caution,IV; IM; PO,minutes (IV),hours,Preferred over atropine when avoiding CNS effects.
ans_018,drug,Oxybutynin,Oxybutynín,Antimuscarinics,antimuscarinic,Antimuscarinic (M3) decreases detrusor overactivity.,Overactive bladder; urge incontinence.,Urinary retention; gastric retention/ileus; narrow-angle glaucoma.,Dry mouth; constipation; blurred vision.,Urinary retention; delirium (elderly).,Additive anticholinergic effects; CYP interactions vary by formulation.,caution,PO; transdermal,hours,hours,High anticholinergic burden vs newer agents.
ans_019,drug,Tolterodine,Tolterodín,Antimuscarinics,antimuscarinic,Antimuscarinic for OAB (more bladder-selective than oxybutynin).,Overactive bladder.,Urinary retention; gastric retention; narrow-angle glaucoma.,Dry mouth; constipation.,QT prolongation (rare); urinary retention.,CYP3A4 inhibitors can increase levels (some formulations).,caution,PO,hours,~12–24 h (ER),ER formulation reduces peak AEs.
ans_020,drug,Solifenacin,Solifenacín,Antimuscarinics,antimuscarinic,M3-selective antimuscarinic for OAB.,Overactive bladder.,Urinary retention; gastric retention; narrow-angle glaucoma.,Dry mouth; constipation.,"QT prolongation (dose-related, rare); urinary retention.",CYP3A4 inhibitors increase exposure; additive QT risk with other QT-prolonging drugs.,caution,PO,hours,~24 h,"More M3-selective, still anticholinergic AEs."
ans_021,drug,Trospium,Trospium,Antimuscarinics,antimuscarinic,Quaternary antimuscarinic for OAB (less CNS penetration).,Overactive bladder.,Urinary retention; gastric retention; narrow-angle glaucoma.,Dry mouth; constipation.,Urinary retention; tachyarrhythmias (rare).,Additive anticholinergic burden; separate from high-fat meals (absorption).,caution,PO,hours,hours,Lower CNS effects due to quaternary structure.
ans_022,drug,Benztropine,Benzatropín,Antimuscarinics,antimuscarinic,Central antimuscarinic (also antihistamine) improves Parkinson tremor and drug-induced EPS.,Parkinson disease tremor; antipsychotic-induced extrapyramidal symptoms.,Narrow-angle glaucoma; urinary retention; ileus; dementia (caution).,Dry mouth; constipation; blurred vision; confusion.,Delirium; hyperthermia.,Additive anticholinergic effects; avoid with other strong anticholinergics.,caution/avoid,PO; IM; IV,hours,hours,"Use lowest effective dose, especially elderly."
ans_023,drug,Trihexyphenidyl,Trihexyfenidyl,Antimuscarinics,antimuscarinic,Central antimuscarinic for Parkinson tremor/EPS.,Parkinson disease tremor; drug-induced EPS.,Narrow-angle glaucoma; urinary retention; ileus; dementia (caution).,Dry mouth; constipation; blurred vision.,Delirium; urinary retention.,Additive anticholinergic burden.,caution/avoid,PO,hours,hours,Similar role to benztropine.
ans_024,drug,Dicyclomine,Dicyklomín,Antimuscarinics,antimuscarinic,Antimuscarinic reduces GI smooth muscle spasm.,IBS with cramping; GI spasm.,Infants; ileus; myasthenia gravis; glaucoma; urinary retention.,Dry mouth; dizziness; blurred vision.,Delirium; urinary retention.,Additive anticholinergic effects.,caution/avoid,PO,~1–2 h,~4–6 h,Avoid in infants; anticholinergic toxicity risk.
ans_025,drug_class,Adrenergic agonists (sympathomimetics),Adrenergné agonisty (sympatomimetiká),Adrenergic agonists,overview,"Stimulate adrenergic receptors (α/β) directly or increase synaptic catecholamines indirectly, producing vasoconstriction, bronchodilation, and/or cardiac stimulation.",Anaphylaxis; shock; cardiac arrest; bradycardia; asthma/COPD; nasal congestion; hypotension; preterm labor (selected).,Severe tachyarrhythmias; uncontrolled hypertension; ischemic heart disease (caution); hyperthyroidism (caution).,Tremor; palpitations; anxiety; headache.,Arrhythmias; myocardial ischemia; severe hypertension; stroke.,MAO inhibitors/TCAs increase effects; beta blockers can cause unopposed α (nonselective); additive QT/arrhythmia risk with other sympathomimetics.,caution/agent-dependent,IV; IM; SC; inhalation; intranasal; ophthalmic; PO,seconds to minutes (parenteral),minutes to hours (agent-dependent),Know receptor profiles: α1 vasoconstriction; β1 cardiac; β2 bronchodilation/tocolysis; α2 central sympatholysis (sometimes taught separately).
ans_026,drug,Epinephrine,Adrenalín,Adrenergic agonists,adrenergic agonist,Nonselective α1/α2/β1/β2 agonist; dose-dependent β then α effects.,Anaphylaxis (IM); cardiac arrest; severe asthma; vasopressor support (selected).,"No absolute CI in anaphylaxis; otherwise: severe arrhythmias, uncontrolled hypertension (caution).",Tremor; palpitations; anxiety; headache.,Arrhythmias; myocardial ischemia; pulmonary edema (rare).,MAOIs/TCAs potentiate; nonselective beta blockers increase hypertension risk; avoid mixing with certain anesthetics (arrhythmia risk).,caution/benefit>risk,IM; IV; SC; inhalation,minutes (IM); immediate (IV),~5–10 min (IV bolus); longer with infusion,First-line for anaphylaxis: IM thigh.
ans_027,drug,Norepinephrine,Noradrenalín,Adrenergic agonists,adrenergic agonist,"α1/α2 strong, β1 moderate agonist; potent vasoconstrictor.",Septic/vasodilatory shock; severe hypotension.,Mesenteric/peripheral ischemia (caution); hypovolemia not corrected (relative).,Tachycardia (less than dopamine); headache; extravasation injury.,Arrhythmias; ischemia/necrosis with extravasation.,MAOIs/TCAs potentiate; avoid with ergot alkaloids; requires central line ideally.,caution,IV infusion,immediate,minutes after stop,Use with adequate volume; monitor perfusion.
ans_028,drug,Dopamine,Dopamín,Adrenergic agonists,adrenergic agonist,Dose-dependent: D1 (renal) -> β1 -> α1 at higher doses.,Shock with bradycardia (selected); HF with hypotension (selected).,Pheochromocytoma; tachyarrhythmias; ventricular fibrillation.,Nausea; palpitations; headache.,Arrhythmias; ischemia; extravasation necrosis.,MAOIs increase effects; halogenated anesthetics increase arrhythmia risk.,caution,IV infusion,immediate,minutes,Use has decreased vs norepinephrine in many protocols.
ans_029,drug,Dobutamine,Dobutamín,Adrenergic agonists,adrenergic agonist,Predominantly β1 agonist (some β2/α1); increases inotropy more than HR.,Acute decompensated HF/cardiogenic shock (inotrope); stress echocardiography.,Hypertrophic obstructive cardiomyopathy; tachyarrhythmias.,Palpitations; tremor; headache.,Arrhythmias; ischemia.,Additive arrhythmias with other sympathomimetics; beta blockers blunt effect.,caution,IV infusion,immediate,minutes,Improves cardiac output; may lower SVR slightly.
ans_030,drug,Isoproterenol,Izoprenalín,Adrenergic agonists,adrenergic agonist,Nonselective β1/β2 agonist; strong chronotrope/inotrope; vasodilates.,Bradyarrhythmias/AV block (temporary support).,Tachyarrhythmias; ischemic heart disease.,Tremor; palpitations.,Arrhythmias; myocardial ischemia.,MAOIs/TCAs potentiate; additive arrhythmia risk.,caution,IV,immediate,minutes,Can cause hypotension due to β2 vasodilation.
ans_031,drug,Phenylephrine,Fenylefrín,Adrenergic agonists,adrenergic agonist,Selective α1 agonist causes vasoconstriction.,"Hypotension (e.g., anesthesia); nasal congestion (topical); mydriasis (ophthalmic).",Severe hypertension; ventricular tachycardia; narrow-angle glaucoma (topical caution).,Reflex bradycardia; headache; anxiety.,Severe hypertension; ischemia.,MAOIs/TCAs potentiate; avoid with other vasoconstrictors.,caution,IV; intranasal; ophthalmic,minutes (IV),~15–20 min (IV bolus),Good when tachyarrhythmia present (less β1).
ans_032,drug,Midodrine,Midodrín,Adrenergic agonists,adrenergic agonist,Prodrug to α1 agonist; increases peripheral vascular resistance.,Orthostatic hypotension.,Severe organic heart disease; acute renal disease; urinary retention; supine hypertension.,Piloerection; pruritus; paresthesias; urinary retention.,Severe supine hypertension; bradycardia (rare).,Additive hypertension with other pressors; caution with beta blockers (bradycardia).,caution,PO,~30–60 min,~2–4 h,Avoid dosing near bedtime to reduce supine HTN.
ans_033,drug,Oxymetazoline,Oxymetazolín,Adrenergic agonists,adrenergic agonist,Topical α agonist causes nasal mucosal vasoconstriction.,Nasal congestion (short-term).,Severe hypertension (caution); use >3 days (rhinitis medicamentosa).,Local irritation; dryness.,Rebound congestion with overuse; hypertension (rare systemic).,MAOIs may increase BP response.,caution,intranasal,minutes,hours,Limit to 3 days to avoid rebound.
ans_034,drug,Pseudoephedrine,Pseudoefedrín,Adrenergic agonists,adrenergic agonist,Indirect/weak direct sympathomimetic; decongestant.,Nasal congestion.,Severe hypertension; CAD; hyperthyroidism; glaucoma; BPH (caution).,Insomnia; nervousness; palpitations.,Arrhythmias; severe hypertension (rare).,MAOIs contraindicated; additive with other stimulants.,caution/avoid,PO,~30–60 min,~4–6 h,Abuse potential; restrictions in many countries.
ans_035,drug,Albuterol (Salbutamol),Salbutamol,Adrenergic agonists,adrenergic agonist,Selective β2 agonist bronchodilator.,Acute bronchospasm in asthma/COPD; hyperkalemia (adjunct).,Tachyarrhythmias (caution).,Tremor; tachycardia; palpitations.,Hypokalemia; arrhythmias (rare).,Nonselective beta blockers antagonize; additive hypokalemia with diuretics.,caution,inhalation,minutes,~3–6 h,SABA rescue inhaler.
ans_036,drug,Terbutaline,Terbutalín,Adrenergic agonists,adrenergic agonist,β2 agonist bronchodilator; also uterine relaxation.,Asthma (selected); short-term tocolysis (selected).,Tachyarrhythmias; ischemic heart disease; hyperthyroidism (caution).,Tremor; tachycardia.,"Arrhythmias; pulmonary edema (tocolysis, rare).",Additive with other sympathomimetics; beta blockers antagonize.,caution,SC; inhalation,minutes,~3–6 h,Tocolysis use varies by guideline.
ans_037,drug,Salmeterol,Salmeterol,Adrenergic agonists,adrenergic agonist,Long-acting β2 agonist (LABA) bronchodilator.,COPD maintenance; asthma (only with inhaled corticosteroid).,Monotherapy in asthma (contraindicated).,Tremor; palpitations.,Asthma-related death if used without ICS; arrhythmias (rare).,Beta blockers antagonize; additive sympathomimetic effects.,caution,inhalation,~10–20 min,~12 h,LABA: always pair with ICS in asthma.
ans_038,drug,Formoterol,Formoterol,Adrenergic agonists,adrenergic agonist,LABA with relatively fast onset; bronchodilator.,COPD maintenance; asthma (with ICS).,LABA monotherapy in asthma.,Tremor; palpitations.,Arrhythmias; asthma risk without ICS.,Beta blockers antagonize; additive sympathomimetics.,caution,inhalation,~1–3 min,~12 h,Faster onset than salmeterol.
ans_039,drug,Mirabegron,Mirabegrón,Adrenergic agonists,adrenergic agonist,"β3 agonist relaxes detrusor muscle, increasing bladder capacity.",Overactive bladder (alternative to antimuscarinics).,Severe uncontrolled hypertension; bladder outlet obstruction (caution).,Hypertension; tachycardia; headache.,Urinary retention (rare); arrhythmias (rare).,"CYP2D6 inhibitor can increase levels of some drugs (e.g., metoprolol).",caution,PO,hours,~24 h,Useful when anticholinergic burden is a problem.
ans_040,drug_class,Sympatholytics,Sympatolytiká,Sympatholytics,overview,"Reduce sympathetic activity via α/β receptor antagonism, central α2 agonism, inhibition of catecholamine release, or synthesis blockade.",Hypertension; angina; arrhythmias; heart failure (selected beta blockers); BPH (α1 blockers); pheochromocytoma (α blockade).,Bradycardia/AV block; severe asthma (nonselective β blockers); cardiogenic shock (relative); severe hypotension.,Dizziness; fatigue; orthostatic hypotension; bradycardia (agent-dependent).,Severe bradycardia/heart block; bronchospasm; heart failure decompensation; severe hypotension; rebound hypertension (central agents).,Additive hypotension with other antihypertensives; β blockers with verapamil/diltiazem → AV block; central α2 agonists + CNS depressants.,caution/agent-dependent,PO; IV; ophthalmic,hours (PO); minutes (IV for some),hours to days,Split into: α blockers; β blockers; mixed α/β; central α2 agonists; others (rare).
ans_041,drug,Prazosin,Prazosín,Sympatholytics,alpha blocker,Selective α1 blocker → vasodilation; ↓afterload.,Hypertension (selected); nightmares in PTSD (off-label).,Hypotension; syncope risk.,First-dose orthostatic hypotension; dizziness; headache.,Syncope; severe hypotension.,Additive hypotension with PDE5 inhibitors and other antihypertensives.,caution,PO,hours,~6–10 h,Give first dose at bedtime to reduce syncope risk.
ans_042,drug,Doxazosin,Doxazosín,Sympatholytics,alpha blocker,Selective α1 blocker → vasodilation; relaxes prostate/bladder neck.,Hypertension (selected); BPH.,Hypotension; syncope risk.,Dizziness; orthostatic hypotension; fatigue.,Syncope (rare).,Additive hypotension with PDE5 inhibitors.,caution,PO,hours,~24 h (ER),Useful when HTN + BPH.
ans_043,drug,Terazosin,Terazosín,Sympatholytics,alpha blocker,Selective α1 blocker for HTN/BPH.,BPH; hypertension (selected).,Hypotension.,Orthostatic hypotension; dizziness.,Syncope (rare).,Additive hypotension with PDE5 inhibitors.,caution,PO,hours,~12–24 h,Titrate slowly.
ans_044,drug,Tamsulosin,Tamsulozín,Sympatholytics,alpha blocker,Selective α1A blocker (prostate) improves urinary flow.,BPH.,Severe hypotension (rare).,Dizziness; ejaculatory dysfunction.,Intraoperative floppy iris syndrome (IFIS) in cataract surgery.,CYP3A4 inhibitors increase levels; additive hypotension with other agents.,caution,PO,hours,~24 h,"More uroselective, less BP effect."
ans_045,drug,Phenoxybenzamine,Fenoxybenzamín,Sympatholytics,alpha blocker,Irreversible nonselective α blocker.,Pheochromocytoma (preop); catecholamine crises.,Shock; coronary insufficiency (caution).,Orthostatic hypotension; nasal congestion; reflex tachycardia.,Severe hypotension; arrhythmias (rare).,Additive hypotension; use beta blocker only after adequate alpha blockade.,caution,PO,hours,days,Always block α before β in pheochromocytoma to avoid hypertensive crisis.
ans_046,drug,Phentolamine,Fentolamín,Sympatholytics,alpha blocker,Reversible nonselective α blocker; rapid onset.,Catecholamine-induced hypertensive emergencies; extravasation of vasopressors (local).,Hypotension; CAD (caution).,Tachycardia; flushing.,Severe hypotension; arrhythmias.,Additive hypotension; caution with beta blockers.,caution,IV; local infiltration,minutes,minutes to hours,Used for NE extravasation (local infiltration).
ans_047,drug,Propranolol,Propranolol,Sympatholytics,beta blocker,Nonselective β1/β2 blocker; ↓HR/contractility; ↓renin.,Hypertension; angina; essential tremor; migraine prophylaxis; thyrotoxicosis symptoms.,Asthma/COPD; bradycardia; AV block; decompensated HF.,Fatigue; cold extremities; sleep disturbances.,Bronchospasm; severe bradycardia/AV block.,Additive AV block with verapamil/diltiazem; masks hypoglycemia with insulin; avoid abrupt withdrawal.,caution,PO; IV,hours (PO); minutes (IV),~6–12 h,"Lipophilic, more CNS effects."
ans_048,drug,Metoprolol,Metoprolol,Sympatholytics,beta blocker,Selective β1 blocker (dose-dependent).,Hypertension; angina; HFrEF (succinate); rate control.,Bradycardia; AV block; severe asthma (relative).,Fatigue; dizziness.,Severe bradycardia; AV block; HF worsening.,CYP2D6 inhibitors increase levels; additive AV block with verapamil/diltiazem.,caution,PO; IV,hours (PO); minutes (IV),hours,β1 selectivity decreases bronchospasm risk (not zero).
ans_049,drug,Bisoprolol,Bisoprolol,Sympatholytics,beta blocker,Selective β1 blocker.,Hypertension; HFrEF; angina.,Bradycardia; AV block.,Fatigue; dizziness.,Severe bradycardia; AV block.,Additive AV block with verapamil/diltiazem; avoid abrupt withdrawal.,caution,PO,hours,~24 h,Common in HF therapy.
ans_050,drug,Atenolol,Atenolol,Sympatholytics,beta blocker,Selective β1 blocker; more hydrophilic.,Hypertension; angina.,Bradycardia; AV block.,Fatigue; cold extremities.,Bradycardia; HF worsening.,Additive AV block with verapamil/diltiazem.,avoid/caution,PO; IV,hours,~24 h,Less CNS penetration; some prefer alternatives in pregnancy.
ans_051,drug,Nebivolol,Nebivolol,Sympatholytics,beta blocker,β1 blocker with NO-mediated vasodilation.,Hypertension (selected).,Bradycardia; AV block.,Fatigue; headache.,Bradycardia; HF worsening (rare).,Additive AV block with verapamil/diltiazem.,caution,PO,hours,~24 h,Vasodilatory properties via NO.
ans_052,drug,Carvedilol,Karvedilol,Sympatholytics,beta blocker,Nonselective β blocker + α1 blocker.,HFrEF; hypertension; post-MI.,Asthma/COPD; bradycardia; AV block.,Dizziness; fatigue; hypotension.,Bradycardia; HF worsening; bronchospasm.,Additive hypotension with other antihypertensives; AV block with non-DHP CCBs.,caution,PO,hours,hours,Mortality benefit in HFrEF.
ans_053,drug,Labetalol,Labetalol,Sympatholytics,beta blocker,β blocker + α1 blocker; lowers BP without major HR increase.,Hypertension (including pregnancy); hypertensive emergencies (IV).,Asthma/COPD; bradycardia; AV block.,Dizziness; nausea; fatigue.,Bronchospasm; severe bradycardia.,Additive hypotension; AV block with non-DHP CCBs.,often acceptable/used,PO; IV,minutes (IV),hours,Common in pregnancy-related hypertension.
ans_054,drug,Esmolol,Esmolol,Sympatholytics,beta blocker,Ultra–short acting β1 blocker (esterase metabolism).,Acute SVT; perioperative tachycardia/hypertension.,Bradycardia; AV block; decompensated HF.,Hypotension.,Severe bradycardia/AV block.,Additive AV block with non-DHP CCBs.,caution,IV infusion,immediate,~10–20 min,Good when you want rapid on/off.
ans_055,drug,Timolol,Timolol,Sympatholytics,beta blocker,Nonselective β blocker (often ophthalmic).,Glaucoma (topical); migraine prophylaxis (rare).,Asthma/COPD; bradycardia; AV block.,Eye irritation; fatigue (systemic absorption).,Bronchospasm; bradycardia (systemic).,Additive with other β blockers; caution with verapamil/diltiazem.,caution,ophthalmic,minutes,hours,Topical can still cause systemic β blockade.
ans_056,drug,Sotalol,Sotalol,Sympatholytics,beta blocker,Nonselective β blocker + class III antiarrhythmic effects.,Ventricular and supraventricular arrhythmias.,QT prolongation; severe renal impairment (dose adjust).,Bradycardia; fatigue.,Torsades de pointes; severe bradycardia.,Additive QT prolongation with other QT-prolonging drugs; electrolyte disturbances increase risk.,caution,PO; IV,hours,hours,"Monitor QT, renal function, electrolytes."
ans_057,drug,Clonidine,Klonidín,Sympatholytics,central alpha-2 agonist,Central α2 agonist decreases sympathetic outflow → ↓BP; also reduces withdrawal symptoms.,Hypertension (selected); opioid/nicotine withdrawal adjunct; ADHD (selected).,Severe bradycardia; hypotension.,Sedation; dry mouth; constipation.,Rebound hypertension if stopped abruptly.,Additive CNS depression; beta blockers increase rebound risk if clonidine stopped first (taper).,caution,PO; transdermal,hours,~12–24 h (PO); ~7 days (patch),Taper to avoid rebound.
ans_058,drug,Methyldopa,Metyl­dopa,Sympatholytics,central alpha-2 agonist,Converted to α-methylnorepinephrine (central α2 agonist) ↓sympathetic tone.,Hypertension in pregnancy (classic).,Active liver disease; MAOI use (caution).,Sedation; dry mouth.,Hemolytic anemia; hepatitis (rare).,Additive with other antihypertensives; may interfere with Coombs testing.,often acceptable/used,PO,hours,hours,Historic first-line in pregnancy; still taught heavily.
ans_059,drug,Guanfacine,Guanfacín,Sympatholytics,central alpha-2 agonist,Central α2A agonist reduces sympathetic outflow; also used in ADHD.,Hypertension (selected); ADHD.,Severe bradycardia/hypotension.,Sedation; dry mouth.,Rebound hypertension (less than clonidine).,Additive CNS depression; CYP3A4 interactions (some formulations).,caution,PO,hours,~24 h,Longer acting than clonidine.
ans_060,drug,Metyrosine,Metyrozín,Sympatholytics,other,Inhibits tyrosine hydroxylase → ↓catecholamine synthesis.,Pheochromocytoma (adjunct) when α/β blockade insufficient.,Depression; Parkinsonism (caution).,Sedation; diarrhea.,Extrapyramidal symptoms; severe depression (rare).,Additive CNS depression; combine with α/β blockers as needed.,caution,PO,days,days,Used as adjunct preop in pheochromocytoma.
ans_061,drug,Reserpine,Rezerpín,Sympatholytics,other,Blocks VMAT → depletes NE/DA/5-HT in nerve terminals.,Hypertension (rare/obsolete).,Depression; peptic ulcer disease.,Nasal congestion; diarrhea; sedation.,Severe depression; parkinsonism.,Additive hypotension with other antihypertensives; avoid with MAOIs.,avoid/caution,PO,days,days,"Mostly historical, included for completeness."
gi_001,drug_class,Peptic ulcer therapy,Liečba peptického vredu,Peptic ulcer therapy,overview,"Reduce gastric acid secretion, neutralize acid, or eradicate Helicobacter pylori.",Peptic ulcer disease; GERD; stress ulcer prophylaxis; H. pylori eradication.,Drug-specific; severe hypersensitivity.,Headache; nausea; diarrhea.,GI bleeding masking; infections with acid suppression.,PPIs reduce absorption of drugs needing acidic pH; cimetidine inhibits CYP.,mostly safe,PO; IV,hours,hours–days,Cornerstone: PPIs ± antibiotics.
gi_002,drug,Omeprazole,Omeprazol,Peptic ulcer therapy,proton pump inhibitor,Irreversibly inhibits H+/K+ ATPase in parietal cells.,PUD; GERD; Zollinger–Ellison; H. pylori.,Hypersensitivity.,Headache; abdominal pain; diarrhea.,C. difficile infection; hypomagnesemia; fractures (long-term).,↓ absorption of ketoconazole; clopidogrel interaction (omeprazole).,generally safe,PO; IV,1–2 h,24–48 h,Most effective acid suppression.
gi_003,drug,Pantoprazole,Pantoprazol,Peptic ulcer therapy,proton pump inhibitor,Irreversibly inhibits H+/K+ ATPase in parietal cells.,PUD; GERD; Zollinger–Ellison; H. pylori.,Hypersensitivity.,Headache; abdominal pain; diarrhea.,C. difficile infection; hypomagnesemia; fractures (long-term).,↓ absorption of ketoconazole; clopidogrel interaction (omeprazole).,generally safe,PO; IV,1–2 h,24–48 h,Most effective acid suppression.
gi_004,drug,Esomeprazole,Ezomeprazol,Peptic ulcer therapy,proton pump inhibitor,Irreversibly inhibits H+/K+ ATPase in parietal cells.,PUD; GERD; Zollinger–Ellison; H. pylori.,Hypersensitivity.,Headache; abdominal pain; diarrhea.,C. difficile infection; hypomagnesemia; fractures (long-term).,↓ absorption of ketoconazole; clopidogrel interaction (omeprazole).,generally safe,PO; IV,1–2 h,24–48 h,Most effective acid suppression.
gi_005,drug,Lansoprazole,Lanzoprazol,Peptic ulcer therapy,proton pump inhibitor,Irreversibly inhibits H+/K+ ATPase in parietal cells.,PUD; GERD; Zollinger–Ellison; H. pylori.,Hypersensitivity.,Headache; abdominal pain; diarrhea.,C. difficile infection; hypomagnesemia; fractures (long-term).,↓ absorption of ketoconazole; clopidogrel interaction (omeprazole).,generally safe,PO; IV,1–2 h,24–48 h,Most effective acid suppression.
gi_006,drug,Famotidine,Famotidín,Peptic ulcer therapy,H2 receptor antagonist,Blocks H2 receptors on parietal cells → ↓ acid secretion.,PUD; GERD.,Hypersensitivity.,Headache; diarrhea.,Confusion (elderly).,Cimetidine inhibits CYP450.,generally safe,PO; IV,1 h,6–12 h,Less potent than PPIs.
gi_007,drug,Cimetidine,Cimetidín,Peptic ulcer therapy,H2 receptor antagonist,Blocks H2 receptors on parietal cells → ↓ acid secretion.,PUD; GERD.,Hypersensitivity.,Headache; diarrhea.,Confusion (elderly).,Cimetidine inhibits CYP450.,generally safe,PO; IV,1 h,6–12 h,Less potent than PPIs.
gi_008,drug,Sucralfate,Sukralfát,Peptic ulcer therapy,mucosal protective agent,Forms protective barrier on ulcer base.,Peptic ulcer disease.,Bowel obstruction.,Constipation.,Aluminum toxicity (renal failure).,Binds other drugs reducing absorption.,safe,PO,1–2 h,6 h,Requires acidic environment.
gi_009,drug,Bismuth subsalicylate,Subsalicylát bizmutu,Peptic ulcer therapy,bismuth compound,Coats ulcer; antimicrobial vs H. pylori.,H. pylori therapy; diarrhea.,Salicylate allergy; children.,Black stools; nausea.,Salicylate toxicity.,Additive salicylates/NSAIDs.,avoid in children,PO,1 h,hours,Part of quadruple therapy.
gi_010,drug_class,IBD therapy,Liečba IBD,Inflammatory bowel disease therapy,overview,"Suppress intestinal inflammation via anti-inflammatory, immunosuppressive, or biologic mechanisms.",Crohn disease; ulcerative colitis.,Active severe infection.,Nausea; infection risk.,Sepsis; malignancy (long-term).,Live vaccines contraindicated with biologics.,agent-dependent,PO; IV; SC,days–weeks,weeks–months,Step-up or top-down strategy.
gi_011,drug,Mesalazine (5-ASA),Mesalazín,IBD therapy,5-ASA,Inhibits prostaglandin and leukotriene synthesis in gut.,Ulcerative colitis; mild Crohn colitis.,Salicylate allergy.,Headache; nausea.,Nephrotoxicity (rare).,NSAIDs ↑ renal risk.,generally safe,PO; rectal,days,chronic,First-line in UC.
gi_012,drug,Prednisone,Prednizón,IBD therapy,corticosteroid,Suppresses inflammatory gene transcription.,Moderate–severe IBD flares.,Systemic infections.,Weight gain; hyperglycemia; mood changes.,Adrenal suppression; osteoporosis.,NSAIDs ↑ GI bleeding risk.,use if needed,PO; IV,hours,days,"Induction only, not maintenance."
gi_013,drug,Budesonide,Budezonid,IBD therapy,corticosteroid,Suppresses inflammatory gene transcription.,Moderate–severe IBD flares.,Systemic infections.,Weight gain; hyperglycemia; mood changes.,Adrenal suppression; osteoporosis.,NSAIDs ↑ GI bleeding risk.,use if needed,PO; IV,hours,days,"Induction only, not maintenance."
gi_014,drug,Azathioprine,Azatioprín,IBD therapy,immunomodulator,Inhibits lymphocyte proliferation.,Steroid-sparing maintenance therapy.,Pregnancy (methotrexate); marrow suppression.,Nausea; cytopenia.,Infections; hepatotoxicity.,Allopurinol ↑ azathioprine toxicity.,contraindicated (MTX),PO; SC,weeks,months,Monitor blood counts.
gi_015,drug,Methotrexate,Metotrexát,IBD therapy,immunomodulator,Inhibits lymphocyte proliferation.,Steroid-sparing maintenance therapy.,Pregnancy (methotrexate); marrow suppression.,Nausea; cytopenia.,Infections; hepatotoxicity.,Allopurinol ↑ azathioprine toxicity.,contraindicated (MTX),PO; SC,weeks,months,Monitor blood counts.
gi_016,drug,Infliximab,Infliximab,IBD therapy,anti-TNF biologic,Monoclonal antibody against TNF-α.,Moderate–severe Crohn disease and UC.,Active infection; TB.,Infusion reactions.,Serious infections; malignancy.,Live vaccines contraindicated.,avoid,IV,weeks,weeks,Screen for TB/hepatitis.
gi_017,drug_class,GI motility and bowel drugs,Lieky ovplyvňujúce motilitu GIT,GI motility drugs,overview,"Modify gastrointestinal motility, secretion, or emesis pathways.",Nausea; vomiting; constipation; diarrhea; gastroparesis.,Mechanical obstruction.,Abdominal cramps; diarrhea.,Bowel obstruction; arrhythmias (some prokinetics).,QT-prolonging drugs interact with prokinetics.,agent-dependent,PO; IV; rectal,minutes–hours,hours,Match mechanism to symptom.
gi_018,drug,Metoclopramide,Metoklopramid,GI motility drugs,prokinetic/antiemetic,D2 antagonist; ↑ gastric emptying.,Gastroparesis; nausea/vomiting.,Parkinson disease; obstruction.,Drowsiness; diarrhea.,EPS; tardive dyskinesia.,Antipsychotics ↑ EPS risk.,caution,PO; IV,30–60 min,hours,Limit duration.
gi_019,drug,Ondansetron,Ondansetron,GI motility drugs,5-HT3 antagonist,Blocks serotonin 5-HT3 receptors in CTZ.,Chemo/post-op nausea.,QT prolongation.,Headache; constipation.,Arrhythmias.,QT-prolonging drugs additive.,generally safe,PO; IV,30 min,hours,Well tolerated.
gi_020,drug,Lactulose,Laktulóza,GI motility drugs,osmotic laxative,Increases stool water content or stimulates peristalsis.,Constipation.,Bowel obstruction.,Bloating; cramps.,Electrolyte imbalance.,Additive diarrhea with other laxatives.,safe,PO; rectal,hours,hours,Avoid chronic stimulant use.
gi_021,drug,Bisacodyl,Bisakodyl,GI motility drugs,stimulant laxative,Increases stool water content or stimulates peristalsis.,Constipation.,Bowel obstruction.,Bloating; cramps.,Electrolyte imbalance.,Additive diarrhea with other laxatives.,safe,PO; rectal,hours,hours,Avoid chronic stimulant use.
gi_022,drug,Loperamide,Loperamid,GI motility drugs,antidiarrheal,Peripheral μ-opioid receptor agonist ↓ gut motility.,Acute/chronic diarrhea.,Bloody diarrhea; C. difficile.,Constipation; cramps.,Toxic megacolon; arrhythmias (abuse).,QT prolongation at high doses.,generally safe,PO,1 h,hours,Does not cross BBB at therapeutic doses.
endo_001,drug_class,Adrenal hormones and antagonists,Nadobličkové hormóny a antagonisty,Adrenal pharmacology,overview,"Therapies affecting glucocorticoids, mineralocorticoids, adrenal steroid synthesis, and adrenal hormone antagonism.",Adrenal insufficiency; congenital adrenal hyperplasia; Cushing syndrome; mineralocorticoid deficiency; hyperaldosteronism; adrenal crisis.,Agent-dependent.,Weight gain; fluid retention; mood changes (steroids).,Adrenal suppression; severe infections; GI bleeding; psychosis (steroids).,CYP3A4 inducers reduce steroid levels; additive hypokalemia with diuretics (some).,agent-dependent,PO; IV; IM; topical; inhalation,hours,hours to days,Separate replacement therapy (insufficiency) from inhibition/antagonism (Cushing/hyperaldosteronism).
endo_002,drug,Hydrocortisone,Hydrokortizón,Adrenal pharmacology,glucocorticoid,Binds glucocorticoid receptor → alters gene transcription; anti-inflammatory and immunosuppressive; metabolic effects.,Adrenal insufficiency (hydrocortisone); inflammatory/autoimmune diseases; cerebral edema (dexamethasone); diagnostic suppression tests (dexamethasone).,Systemic fungal infection (relative); live vaccines with high-dose therapy; severe uncontrolled infection (relative).,Weight gain; hyperglycemia; mood changes; hypertension; insomnia.,Adrenal suppression; osteoporosis; GI bleeding; severe infection; psychosis; avascular necrosis (long-term).,CYP3A4 inducers/inhibitors affect levels; NSAIDs ↑ GI bleed; vaccines (reduced response).,use if needed (lowest effective),PO; IV; IM,hours,hours to days,Physiologic replacement and stress dosing; has mineralocorticoid activity.
endo_003,drug,Prednisone,Prednizón,Adrenal pharmacology,glucocorticoid,Binds glucocorticoid receptor → alters gene transcription; anti-inflammatory and immunosuppressive; metabolic effects.,Adrenal insufficiency (hydrocortisone); inflammatory/autoimmune diseases; cerebral edema (dexamethasone); diagnostic suppression tests (dexamethasone).,Systemic fungal infection (relative); live vaccines with high-dose therapy; severe uncontrolled infection (relative).,Weight gain; hyperglycemia; mood changes; hypertension; insomnia.,Adrenal suppression; osteoporosis; GI bleeding; severe infection; psychosis; avascular necrosis (long-term).,CYP3A4 inducers/inhibitors affect levels; NSAIDs ↑ GI bleed; vaccines (reduced response).,use if needed (lowest effective),PO; IV; IM,hours,hours to days,Intermediate-acting systemic glucocorticoid.
endo_004,drug,Dexamethasone,Dexametazón,Adrenal pharmacology,glucocorticoid,Binds glucocorticoid receptor → alters gene transcription; anti-inflammatory and immunosuppressive; metabolic effects.,Adrenal insufficiency (hydrocortisone); inflammatory/autoimmune diseases; cerebral edema (dexamethasone); diagnostic suppression tests (dexamethasone).,Systemic fungal infection (relative); live vaccines with high-dose therapy; severe uncontrolled infection (relative).,Weight gain; hyperglycemia; mood changes; hypertension; insomnia.,Adrenal suppression; osteoporosis; GI bleeding; severe infection; psychosis; avascular necrosis (long-term).,CYP3A4 inducers/inhibitors affect levels; NSAIDs ↑ GI bleed; vaccines (reduced response).,use if needed (lowest effective),PO; IV; IM,hours,hours to days,Long-acting potent glucocorticoid; minimal mineralocorticoid effect.
endo_005,drug,Fludrocortisone,Fludrokortizón,Adrenal pharmacology,mineralocorticoid,Mineralocorticoid receptor agonist → ↑Na+ reabsorption and K+/H+ excretion in kidney.,Primary adrenal insufficiency mineralocorticoid replacement; orthostatic hypotension (selected).,Severe hypertension; heart failure; hypokalemia.,Edema; hypertension; hypokalemia.,Heart failure exacerbation; severe hypokalemia/arrhythmias.,Additive hypokalemia with loop/thiazide diuretics; interacts with antihypertensives.,use if needed,PO,hours,hours,"Monitor BP, electrolytes."
endo_006,drug,Ketoconazole,Ketokonazol,Adrenal pharmacology,steroidogenesis inhibitor,Inhibits adrenal and gonadal steroid synthesis (CYP enzymes).,Cushing syndrome (selected).,Severe liver disease; many interactions.,GI upset; rash.,Hepatotoxicity; QT prolongation.,Strong CYP3A4 inhibitor; many interactions.,avoid,PO,hours,hours to days,Monitor liver tests.
endo_007,drug,Metyrapone,Metyrapón,Adrenal pharmacology,steroidogenesis inhibitor,Inhibits 11β-hydroxylase → ↓cortisol synthesis.,Cushing syndrome; diagnostic testing (selected).,Adrenal insufficiency; pregnancy caution.,Nausea; dizziness; hirsutism/acne.,Adrenal crisis; hypertension/hypokalemia.,Additive with other adrenal inhibitors; affects cortisol assays.,caution/individualize,PO,hours,hours to days,May increase androgenic side effects.
endo_008,drug,Mitotane,Mitotán,Adrenal pharmacology,adrenolytic,Cytotoxic to adrenal cortex; reduces steroid synthesis.,Adrenocortical carcinoma; refractory Cushing (selected).,Pregnancy.,GI upset; lethargy.,Neurotoxicity; adrenal insufficiency.,Induces CYP3A4; many interactions.,contraindicated,PO,hours,hours to days,Requires steroid replacement monitoring.
endo_009,drug,Mifepristone,Mifepristón,Adrenal pharmacology,glucocorticoid receptor antagonist,Antagonizes glucocorticoid receptor (also progesterone receptor).,Cushing syndrome with hyperglycemia (selected).,Pregnancy; adrenal insufficiency.,Fatigue; nausea; edema.,Adrenal insufficiency symptoms; uterine bleeding.,CYP3A4 interactions; additive hypokalemia risk.,contraindicated,PO,hours,hours to days,Requires careful monitoring.
endo_010,drug,Spironolactone,Spironolaktón,Adrenal pharmacology,mineralocorticoid receptor antagonist,"Blocks mineralocorticoid receptor → ↓Na+ retention, ↑K+ retention; antifibrotic effects.",Primary hyperaldosteronism; resistant hypertension; heart failure (selected).,Hyperkalemia; severe renal impairment; Addison disease.,Hyperkalemia; dizziness.,Life-threatening hyperkalemia/arrhythmias.,Additive hyperkalemia with ACEi/ARB/K+ supplements; NSAIDs ↓ renal function.,caution,PO,hours,hours,Antiandrogen effects; useful for hyperaldosteronism and resistant HTN.
endo_011,drug,Eplerenone,Eplerenón,Adrenal pharmacology,mineralocorticoid receptor antagonist,"Blocks mineralocorticoid receptor → ↓Na+ retention, ↑K+ retention; antifibrotic effects.",Primary hyperaldosteronism; resistant hypertension; heart failure (selected).,Hyperkalemia; severe renal impairment; Addison disease.,Hyperkalemia; dizziness.,Life-threatening hyperkalemia/arrhythmias.,Additive hyperkalemia with ACEi/ARB/K+ supplements; NSAIDs ↓ renal function.,caution,PO,hours,hours,More selective MR antagonist; fewer endocrine side effects.
endo_012,drug_class,Sex hormones and contraception,Pohlavné hormóny a antikoncepcia,Sex hormone pharmacology,overview,"Therapies affecting estrogens, progestins, androgens, antiandrogens, and hormonal contraception.",Contraception; menopausal symptoms; hypogonadism; endometriosis; PCOS; prostate cancer (selected).,Estrogen-dependent tumors; history of thromboembolism (combined OCP); severe liver disease (agent-dependent).,Nausea; breast tenderness; spotting.,VTE; stroke; hypertension (estrogen-containing); hepatotoxicity (rare).,Enzyme inducers reduce hormonal contraception efficacy; anticoagulants and VTE risk.,agent-dependent,PO; transdermal; IM; SC; IUD; implant,hours to days,days to months,Know absolute contraindications for combined estrogen-progestin contraception.
endo_013,drug,Ethinylestradiol,Etinylestradiol,Sex hormone pharmacology,estrogen,Estrogen receptor agonist; suppresses FSH; stabilizes endometrium.,Combined hormonal contraception; menopausal hormone therapy (in combination).,History of VTE/stroke; estrogen-dependent cancer; severe liver disease; migraine with aura; smokers >35y.,Nausea; breast tenderness; headache.,VTE; stroke; hypertension; cholestasis.,"CYP inducers (rifampicin, some antiepileptics) ↓ efficacy.",avoid/use specialist,PO; transdermal,days,days,Estrogen component increases clot risk.
endo_014,drug,Levonorgestrel,Levonorgestrel,Sex hormone pharmacology,progestin,Progesterone receptor agonist; thickens cervical mucus; suppresses LH surge; alters endometrium.,Contraception; abnormal uterine bleeding (selected).,Active breast cancer; unexplained vaginal bleeding; severe liver disease (relative).,Irregular bleeding; weight gain; mood changes.,Bone density loss (depot); thrombosis risk (lower than estrogen).,Enzyme inducers ↓ efficacy.,generally acceptable (progestin-only),PO; IM; IUD,hours to days,days to months,Progestin used in OCPs and emergency contraception; also IUD.
endo_015,drug,Medroxyprogesterone acetate,Medroxyprogesterón acetát,Sex hormone pharmacology,progestin,Progesterone receptor agonist; thickens cervical mucus; suppresses LH surge; alters endometrium.,Contraception; abnormal uterine bleeding (selected).,Active breast cancer; unexplained vaginal bleeding; severe liver disease (relative).,Irregular bleeding; weight gain; mood changes.,Bone density loss (depot); thrombosis risk (lower than estrogen).,Enzyme inducers ↓ efficacy.,generally acceptable (progestin-only),PO; IM; IUD,hours to days,days to months,Depot contraception; can decrease bone density with long-term use.
endo_016,drug,Combined oral contraceptive (ethinylestradiol + progestin),Kombinovaná perorálna antikoncepcia,Sex hormone pharmacology,combined hormonal contraception,Suppresses ovulation (↓FSH/LH); progestin thickens cervical mucus; endometrial changes.,Contraception; dysmenorrhea; acne; PCOS symptom control (selected).,VTE history; migraine with aura; smokers >35y; uncontrolled HTN; estrogen-dependent tumors; severe liver disease.,Nausea; spotting; breast tenderness.,VTE; stroke; MI (risk ↑ with smoking).,Enzyme inducers ↓ efficacy; rifampicin and some antiepileptics are high-risk.,avoid,PO,days,1 day (missed doses matter),Counsel on VTE symptoms; adherence crucial.
endo_017,drug,Testosterone,Testosterón,Sex hormone pharmacology,androgen,Androgen receptor agonist; supports male secondary sex characteristics; anabolic effects.,Male hypogonadism; delayed puberty (selected).,Prostate/breast cancer; polycythemia; severe heart failure (caution).,Acne; fluid retention; erythrocytosis.,Hepatotoxicity (oral); infertility; CV events (debated).,Warfarin ↑ bleeding risk; insulin requirements may change.,avoid,IM; transdermal; buccal,days,days to weeks,"Monitor hematocrit, PSA, lipids."
endo_018,drug,Finasteride,Finasterid,Sex hormone pharmacology,5-alpha-reductase inhibitor,Inhibits 5α-reductase → ↓DHT.,BPH; androgenic alopecia.,Pregnancy (male fetus risk); liver disease (caution).,Decreased libido; erectile dysfunction.,Depression (rare).,Minimal major interactions.,contraindicated,PO,months,months,Avoid handling crushed tablets in pregnancy.
endo_019,drug,Spironolactone,Spironolaktón,Sex hormone pharmacology,antiandrogen (MR antagonist),Weak androgen receptor antagonist; inhibits androgen synthesis; also MR antagonist.,Hirsutism; acne (selected); PCOS symptoms.,Hyperkalemia; renal failure; pregnancy.,Hyperkalemia; menstrual irregularities; breast tenderness.,Severe hyperkalemia.,ACEi/ARB/K+ supplements ↑ hyperkalemia.,avoid,PO,days to weeks,hours,Dual use: endocrine + CV.
endo_020,drug_class,Diabetes pharmacotherapy,Farmakoterapia diabetu,Diabetes therapy,overview,Lower glucose via insulin replacement or agents improving insulin secretion/sensitivity or reducing glucose absorption/production.,Type 1 diabetes; type 2 diabetes; diabetic emergencies (insulin).,Agent-dependent; hypoglycemia risk.,GI upset; weight changes (agent-dependent).,"Severe hypoglycemia; ketoacidosis (SGLT2, rare); lactic acidosis (metformin, rare).",Insulin + beta blockers mask hypoglycemia; metformin + contrast; sulfonylureas + alcohol.,agent-dependent,SC; IV; PO,minutes to weeks,hours to weeks,"Document: hypoglycemia risk, weight effect, renal dosing."
endo_021,drug,Insulin lispro,Inzulín lispro,Diabetes therapy,rapid-acting insulin,"Insulin receptor agonist → ↑glucose uptake, ↓hepatic glucose output; shifts K+ into cells.",Diabetes mellitus; DKA (regular insulin IV); hyperkalemia (adjunct).,Hypoglycemia; cautious titration in renal impairment.,Hypoglycemia; weight gain.,Severe hypoglycemia; hypokalemia.,Beta blockers mask hypoglycemia symptoms; alcohol ↑ hypoglycemia; additive with other antidiabetics.,preferred/acceptable,SC; IV (regular),~15 min,~3–5 h,Mealtime insulin; give with meals.
endo_022,drug,Regular insulin,Regular inzulín,Diabetes therapy,short-acting insulin,"Insulin receptor agonist → ↑glucose uptake, ↓hepatic glucose output; shifts K+ into cells.",Diabetes mellitus; DKA (regular insulin IV); hyperkalemia (adjunct).,Hypoglycemia; cautious titration in renal impairment.,Hypoglycemia; weight gain.,Severe hypoglycemia; hypokalemia.,Beta blockers mask hypoglycemia symptoms; alcohol ↑ hypoglycemia; additive with other antidiabetics.,preferred/acceptable,SC; IV (regular),~30–60 min (SC); immediate (IV),~5–8 h,Only insulin used IV for DKA.
endo_023,drug,NPH insulin,NPH inzulín,Diabetes therapy,intermediate-acting insulin,"Insulin receptor agonist → ↑glucose uptake, ↓hepatic glucose output; shifts K+ into cells.",Diabetes mellitus; DKA (regular insulin IV); hyperkalemia (adjunct).,Hypoglycemia; cautious titration in renal impairment.,Hypoglycemia; weight gain.,Severe hypoglycemia; hypokalemia.,Beta blockers mask hypoglycemia symptoms; alcohol ↑ hypoglycemia; additive with other antidiabetics.,preferred/acceptable,SC; IV (regular),~1–2 h,~12–18 h,Has peak; higher hypoglycemia risk.
endo_024,drug,Insulin glargine,Inzulín glargín,Diabetes therapy,long-acting insulin,"Insulin receptor agonist → ↑glucose uptake, ↓hepatic glucose output; shifts K+ into cells.",Diabetes mellitus; DKA (regular insulin IV); hyperkalemia (adjunct).,Hypoglycemia; cautious titration in renal impairment.,Hypoglycemia; weight gain.,Severe hypoglycemia; hypokalemia.,Beta blockers mask hypoglycemia symptoms; alcohol ↑ hypoglycemia; additive with other antidiabetics.,preferred/acceptable,SC; IV (regular),~1–2 h,~24 h,Basal insulin; minimal peak.
endo_025,drug,Metformin,Metformín,Diabetes therapy,biguanide,Decreases hepatic gluconeogenesis; ↑insulin sensitivity; ↓intestinal glucose absorption.,Type 2 diabetes (first-line).,Severely reduced renal function; metabolic acidosis; unstable hypoxia.,GI upset; diarrhea; metallic taste.,Lactic acidosis (rare); B12 deficiency (long-term).,Iodinated contrast (hold temporarily); alcohol ↑ lactic acidosis risk.,generally safe (often used),PO,days,hours,Weight neutral/weight loss; no hypoglycemia alone.
endo_026,drug,Gliclazide,Gliklazid,Diabetes therapy,sulfonylurea,Closes β-cell KATP channels → ↑insulin secretion.,Type 2 diabetes (add-on).,Type 1 diabetes; severe hepatic impairment; sulfa allergy (caution).,Hypoglycemia; weight gain.,Severe/prolonged hypoglycemia.,Alcohol ↑ hypoglycemia; many CYP interactions possible.,avoid if possible,PO,hours,hours,"Higher hypoglycemia risk, especially elderly/renal impairment."
endo_027,drug,Sitagliptin,Sitagliptín,Diabetes therapy,DPP-4 inhibitor,"Inhibits DPP-4 → ↑endogenous incretins → ↑insulin, ↓glucagon (glucose-dependent).",Type 2 diabetes.,History of pancreatitis (caution); renal dose adjust.,Nasopharyngitis; headache.,Pancreatitis (rare).,Few major interactions; dose adjust in renal impairment.,caution,PO,days,24 h,Weight neutral; low hypoglycemia risk.
endo_028,drug,Liraglutide,Liraglutid,Diabetes therapy,GLP-1 receptor agonist,"GLP-1 receptor agonist → ↑insulin, ↓glucagon (glucose-dependent), slows gastric emptying, ↑satiety.",Type 2 diabetes; weight loss (selected).,MEN2/medullary thyroid carcinoma; pancreatitis history (caution).,Nausea; vomiting; diarrhea.,Pancreatitis; gallbladder disease (rare).,Slows gastric emptying affects absorption; with insulin/sulfonylureas ↑ hypoglycemia risk.,caution/avoid,SC,hours,24 h,Weight loss benefit; counsel GI effects.
endo_029,drug,Empagliflozin,Empagliflozín,Diabetes therapy,SGLT2 inhibitor,Inhibits SGLT2 in proximal tubule → ↑urinary glucose excretion; osmotic diuresis.,Type 2 diabetes (often with CV/renal benefit).,Severe renal impairment; recurrent UTIs (caution).,Genital mycotic infections; polyuria; volume depletion.,Euglycemic ketoacidosis; Fournier gangrene (rare).,Diuretics ↑ dehydration; insulin/sulfonylureas ↑ hypoglycemia risk (less).,avoid,PO,days,24 h,Hold during acute illness/fasting/surgery to reduce DKA risk.
endo_030,drug_class,Pituitary/hypothalamic and thyroid pharmacology,Hypotalamo-hypofyzárna a tyreoidálna farmakológia,Pituitary & thyroid therapy,overview,Agents replacing or modulating pituitary hormones and controlling thyroid hormone synthesis or action.,Hypothyroidism; hyperthyroidism; thyroid storm; acromegaly; diabetes insipidus; infertility (selected).,Agent-dependent.,Nausea; headache (varies).,Agranulocytosis (thionamides); severe hyponatremia (desmopressin).,Levothyroxine interacts with warfarin; absorption reduced by iron/calcium; iodine timing with thionamides.,agent-dependent,PO; IV; intranasal; SC; IM,hours to weeks,hours to weeks,High-yield: levothyroxine; methimazole/PTU; iodide; beta blockers; desmopressin; somatostatin analogs.
endo_031,drug,Levothyroxine (T4),Levotyroxín (T4),Pituitary & thyroid therapy,thyroid hormone replacement,Synthetic T4 → converted to T3; binds nuclear thyroid receptors.,Hypothyroidism; myxedema coma (IV).,Untreated adrenal insufficiency; acute MI (caution).,Anxiety; palpitations (over-replacement).,Arrhythmias; osteoporosis (over-replacement).,Warfarin effect ↑; absorption reduced by iron/calcium; PPIs can alter absorption.,generally safe/preferred,PO; IV,days,weeks,Take on empty stomach; titrate by TSH.
endo_032,drug,Methimazole,Metimazol,Pituitary & thyroid therapy,antithyroid (thionamide),Inhibits thyroid peroxidase → ↓organification and coupling (↓T3/T4 synthesis).,Hyperthyroidism (Graves).,1st trimester pregnancy (prefer PTU); prior agranulocytosis.,Rash; pruritus; GI upset.,Agranulocytosis; cholestatic hepatitis (rare).,Warfarin dose adjustment as thyroid status changes.,avoid 1st trimester,PO,weeks,hours to days,Check CBC if fever/sore throat; LFTs if symptoms.
endo_033,drug,Propylthiouracil (PTU),Propyltiouracil (PTU),Pituitary & thyroid therapy,antithyroid (thionamide),Inhibits thyroid peroxidase and peripheral conversion of T4→T3.,Hyperthyroidism in 1st trimester pregnancy; thyroid storm.,Severe liver disease; prior agranulocytosis.,Rash; GI upset.,Severe hepatotoxicity; agranulocytosis.,Warfarin adjustment as thyroid status changes.,preferred 1st trimester,PO,weeks,hours,Reserve due to hepatotoxicity risk.
endo_034,drug,Potassium iodide (Lugol),Jodid draselný (Lugolov roztok),Pituitary & thyroid therapy,iodide,Acute high-dose iodide inhibits thyroid hormone release and organification (Wolff–Chaikoff).,Thyroid storm (after thionamide); preop preparation in Graves.,Iodine hypersensitivity; nodular goiter (caution).,Metallic taste; GI upset; rash.,Iodism; angioedema (rare).,Give after thionamide to avoid iodine-as-substrate; interacts with lithium/amiodarone.,caution,PO,hours,days,Short-term use only.
endo_035,drug,Propranolol,Propranolol,Pituitary & thyroid therapy,beta blocker (symptom control),β blockade reduces adrenergic symptoms; at high doses decreases T4→T3 conversion.,Symptomatic hyperthyroidism; thyroid storm adjunct.,Asthma/COPD; bradycardia; AV block.,Fatigue; cold extremities.,Bronchospasm; severe bradycardia.,Additive AV block with verapamil/diltiazem.,caution,PO; IV,hours,hours,Symptom control while waiting for definitive therapy.
endo_036,drug,Desmopressin (DDAVP),Dezmopresín (DDAVP),Pituitary & thyroid therapy,ADH analog,V2 receptor agonist → ↑water reabsorption; ↑vWF release.,Central diabetes insipidus; nocturnal enuresis; von Willebrand disease (selected).,Hyponatremia; polydipsia.,Headache; nausea.,Severe hyponatremia/seizures.,SSRIs/TCAs and others ↑ hyponatremia risk; monitor fluids.,use if needed,intranasal; PO; IV; SC,hours,hours,Restrict free water; monitor Na+.
endo_037,drug,Octreotide,Oktreotid,Pituitary & thyroid therapy,somatostatin analog,"Somatostatin receptor agonist → ↓GH, ↓TSH, ↓GI hormone secretion.",Acromegaly; carcinoid symptoms; variceal bleeding (selected).,Hypersensitivity.,Diarrhea; abdominal pain; gallstones.,Severe bradycardia; glucose disturbances.,May alter insulin needs; additive bradycardia with beta blockers.,caution,SC; IV,minutes,hours,Monitor glucose and gallbladder issues.
resp_001,drug_class,Asthma and COPD pharmacotherapy,Farmakoterapia astmy a CHOCHP,Respiratory pharmacology,overview,"Bronchodilation and airway inflammation control via β2-agonists, antimuscarinics, corticosteroids, and targeted biologics.",Asthma; COPD; acute bronchospasm; maintenance therapy.,"Agent-dependent (e.g., LABA monotherapy in asthma contraindicated).",Tremor; palpitations; throat irritation.,Severe bronchospasm; arrhythmias; pneumonia risk (ICS in COPD).,Beta blockers antagonize β2-agonists; CYP3A4 inhibitors ↑ steroid exposure.,agent-dependent,inhalation; PO; IV; SC,minutes to days,hours to weeks,Asthma: anti-inflammatory cornerstone = ICS; COPD: bronchodilation first.
resp_002,drug,Salbutamol,Salbutamol,Respiratory pharmacology,short-acting β2-agonist (SABA),Stimulates β2 receptors → bronchodilation.,Acute asthma attack; exercise-induced bronchospasm; COPD rescue.,Severe tachyarrhythmias; caution in hyperthyroidism.,Tremor; tachycardia; hypokalemia.,Arrhythmias; paradoxical bronchospasm.,Nonselective beta blockers antagonize effect.,generally safe,inhalation; IV,minutes,4–6 h,Rescue inhaler.
resp_003,drug,Formoterol,Formoterol,Respiratory pharmacology,long-acting β2-agonist (LABA),Long-acting β2 receptor stimulation → sustained bronchodilation.,Asthma (only with ICS); COPD maintenance.,LABA monotherapy in asthma.,Tremor; palpitations.,Arrhythmias.,Beta blockers antagonize effect.,generally safe (with ICS),inhalation,minutes,12 h,Fast onset LABA; used in SMART therapy.
resp_004,drug,Ipratropium,Ipratropium,Respiratory pharmacology,short-acting antimuscarinic (SAMA),Blocks M3 receptors → bronchodilation.,COPD; asthma exacerbation (add-on).,Narrow-angle glaucoma (nebulized mist).,Dry mouth; cough.,Paradoxical bronchospasm.,Additive anticholinergic effects.,generally safe,inhalation,minutes,6–8 h,More effective in COPD.
resp_005,drug,Tiotropium,Tiotropium,Respiratory pharmacology,long-acting antimuscarinic (LAMA),Long-acting M3 blockade → sustained bronchodilation.,COPD maintenance; asthma add-on.,Hypersensitivity.,Dry mouth; constipation.,Urinary retention; glaucoma (rare).,Additive anticholinergic drugs.,generally safe,inhalation,minutes,24 h,Once-daily LAMA.
resp_006,drug,Budesonide,Budezonid,Respiratory pharmacology,inhaled corticosteroid (ICS),Local anti-inflammatory effect via glucocorticoid receptor activation.,Asthma maintenance; COPD with frequent exacerbations.,Untreated fungal infection in airway (relative).,Oral candidiasis; dysphonia.,Adrenal suppression (high dose); pneumonia risk in COPD.,Strong CYP3A4 inhibitors ↑ systemic exposure.,generally safe,inhalation,hours to days,days,Rinse mouth after use.
resp_007,drug,Fluticasone,Flutikazón,Respiratory pharmacology,inhaled corticosteroid (ICS),Local anti-inflammatory effect via glucocorticoid receptor activation.,Asthma maintenance; COPD with frequent exacerbations.,Untreated fungal infection in airway (relative).,Oral candidiasis; dysphonia.,Adrenal suppression (high dose); pneumonia risk in COPD.,Strong CYP3A4 inhibitors ↑ systemic exposure.,generally safe,inhalation,hours to days,days,Rinse mouth after use.
resp_008,drug,Montelukast,Montelukast,Respiratory pharmacology,leukotriene receptor antagonist,Blocks CysLT1 receptor → ↓bronchoconstriction and inflammation.,Asthma maintenance; allergic rhinitis; aspirin-exacerbated asthma.,Hypersensitivity.,Headache; GI upset.,Neuropsychiatric effects (rare).,Few major interactions.,generally safe,PO,hours,24 h,Add-on therapy.
resp_009,drug,Prednisone,Prednizón,Respiratory pharmacology,systemic corticosteroid,Systemic anti-inflammatory via glucocorticoid receptor.,Severe asthma/COPD exacerbation.,Systemic infections (relative).,Hyperglycemia; mood changes.,Adrenal suppression; infections.,NSAIDs ↑ GI bleed risk.,use if needed,PO; IV,hours,days,Short courses for exacerbations.
resp_010,drug,Omalizumab,Omalizumab,Respiratory pharmacology,anti-IgE biologic,Monoclonal antibody binds IgE → ↓allergic cascade.,Severe allergic asthma.,Hypersensitivity.,Injection site reactions.,Anaphylaxis (rare).,None major.,avoid unless benefit,SC,weeks,weeks,For selected severe asthma.
resp_011,drug_class,Antitussives and expectorants,Antitusiká a expektoranciá,Cough therapy,overview,Suppress cough reflex or enhance mucus clearance.,Dry or productive cough.,Chronic cough with unclear cause.,Drowsiness; GI upset.,Respiratory depression (opioids).,Additive CNS depression with sedatives.,agent-dependent,PO; inhalation,minutes to hours,hours,Treat cause first; avoid suppressing productive cough unnecessarily.
resp_012,drug,Codeine,Kodeín,Cough therapy,opioid antitussive,Suppresses cough center in medulla.,"Dry, irritating cough.",Respiratory depression; children.,Sedation; constipation.,Respiratory depression; dependence.,Additive CNS depressants.,avoid,PO,30–60 min,4–6 h,Use with caution; abuse potential.
resp_013,drug,Dextromethorphan,Dextrometorfán,Cough therapy,non-opioid antitussive,Acts on cough center (NMDA antagonism).,Dry cough.,MAO inhibitor use.,Dizziness; nausea.,Serotonin syndrome (with SSRIs/MAOIs).,"SSRIs, MAOIs.",generally safe,PO,30 min,3–6 h,Common OTC antitussive.
resp_014,drug,Guaifenesin,Guaifenesin,Cough therapy,expectorant,Increases hydration of respiratory secretions.,Productive cough.,Hypersensitivity.,GI upset.,Rare.,Few significant interactions.,safe,PO,30 min,hours,Encourage fluids.
resp_015,drug,Acetylcysteine,Acetylcysteín,Cough therapy,mucolytic,Breaks disulfide bonds in mucus → ↓viscosity.,Thick mucus; COPD; cystic fibrosis; paracetamol overdose (IV).,Hypersensitivity.,Nausea; bronchospasm (inhaled).,Anaphylactoid reactions (IV).,Activated charcoal may reduce effect (oral).,generally safe,inhalation; PO; IV,minutes to hours,hours,Also antidote for paracetamol.
onco16_001,drug_class,Classic anticancer therapy (cytotoxic chemotherapy),Klasická protinádorová liečba (cytotoxická chemoterapia),Oncology pharmacology,topic overview,"Cytotoxic agents that kill rapidly dividing cells via DNA damage, inhibition of DNA synthesis, or disruption of mitosis.",Solid tumors and hematologic malignancies; adjuvant/neoadjuvant therapy; palliative regimens.,Pregnancy (many agents); severe bone marrow suppression; active severe infection (relative); agent-dependent.,Myelosuppression; nausea/vomiting; alopecia; mucositis.,Febrile neutropenia/sepsis; severe bleeding; organ-specific toxicities (cardio/neuro/pulmonary/renal).,Live vaccines contraindicated during profound immunosuppression; additive myelosuppression; CYP interactions agent-dependent.,avoid/contraindicated,IV; PO; intrathecal (selected),hours to days,days to weeks (cycle-based),"Classic rule: dose-limiting toxicity is often myelosuppression, except where organ-specific toxicity dominates."
onco16_002,drug_class,Alkylating agents,Alkylačné látky,Oncology pharmacology,alkylating agents,Covalently alkylate DNA → crosslinking and strand breaks (cell cycle–nonspecific).,Various cancers depending on agent and regimen.,Pregnancy; severe marrow suppression (relative); agent-specific.,Nausea/vomiting; fatigue; myelosuppression.,Febrile neutropenia; secondary malignancy (some); organ toxicities (agent-specific).,Additive myelosuppression with other cytotoxics; CYP interactions agent-dependent.,avoid/contraindicated,IV; PO (agent-dependent),days,cycle-based,Includes cyclophosphamide/ifosfamide; risk hemorrhagic cystitis (acrolein) mitigated with MESNA (esp. ifosfamide).
onco16_003,drug_class,Platinum compounds,Platinové deriváty,Oncology pharmacology,platinum compounds,Form DNA crosslinks similar to alkylators; cell cycle–nonspecific.,Various cancers depending on agent and regimen.,Pregnancy; severe marrow suppression (relative); agent-specific.,Nausea/vomiting; fatigue; myelosuppression.,Febrile neutropenia; secondary malignancy (some); organ toxicities (agent-specific).,Additive myelosuppression with other cytotoxics; CYP interactions agent-dependent.,avoid/contraindicated,IV; PO (agent-dependent),days,cycle-based,Cisplatin: nephrotoxicity/ototoxicity; carboplatin: more myelosuppression; oxaliplatin: neuropathy (cold-induced).
onco16_004,drug_class,Antimetabolites,Antimetabolity,Oncology pharmacology,antimetabolites,Inhibit DNA/RNA synthesis by mimicking folate/purines/pyrimidines (S-phase).,Various cancers depending on agent and regimen.,Pregnancy; severe marrow suppression (relative); agent-specific.,Nausea/vomiting; fatigue; myelosuppression.,Febrile neutropenia; secondary malignancy (some); organ toxicities (agent-specific).,Additive myelosuppression with other cytotoxics; CYP interactions agent-dependent.,avoid/contraindicated,IV; PO (agent-dependent),days,cycle-based,"High-yield: methotrexate (rescue with leucovorin), 5-FU/capecitabine, cytarabine, gemcitabine."
onco16_005,drug_class,Antitumor antibiotics (anthracyclines/others),Protinádorové antibiotiká (antracyklíny/iné),Oncology pharmacology,antitumor antibiotics,Intercalate DNA and/or generate free radicals; inhibit topoisomerase II (anthracyclines).,Various cancers depending on agent and regimen.,Pregnancy; severe marrow suppression (relative); agent-specific.,Nausea/vomiting; fatigue; myelosuppression.,Febrile neutropenia; secondary malignancy (some); organ toxicities (agent-specific).,Additive myelosuppression with other cytotoxics; CYP interactions agent-dependent.,avoid/contraindicated,IV; PO (agent-dependent),days,cycle-based,Doxorubicin: cardiomyopathy (dexrazoxane protective); bleomycin: pulmonary fibrosis; dactinomycin: severe mucositis.
onco16_006,drug_class,Topoisomerase inhibitors,Inhibítory topoizomeráz,Oncology pharmacology,topoisomerase inhibitors,Inhibit topoisomerase I or II → DNA breaks during replication/repair.,Various cancers depending on agent and regimen.,Pregnancy; severe marrow suppression (relative); agent-specific.,Nausea/vomiting; fatigue; myelosuppression.,Febrile neutropenia; secondary malignancy (some); organ toxicities (agent-specific).,Additive myelosuppression with other cytotoxics; CYP interactions agent-dependent.,avoid/contraindicated,IV; PO (agent-dependent),days,cycle-based,Etoposide (Topo II): secondary leukemia risk; irinotecan/topotecan (Topo I): diarrhea/myelosuppression.
onco16_007,drug_class,Microtubule inhibitors (mitotic inhibitors),Inhibítory mikrotubulov (mitotické inhibítory),Oncology pharmacology,microtubule inhibitors,Disrupt microtubule dynamics → mitotic arrest (M-phase).,Various cancers depending on agent and regimen.,Pregnancy; severe marrow suppression (relative); agent-specific.,Nausea/vomiting; fatigue; myelosuppression.,Febrile neutropenia; secondary malignancy (some); organ toxicities (agent-specific).,Additive myelosuppression with other cytotoxics; CYP interactions agent-dependent.,avoid/contraindicated,IV; PO (agent-dependent),days,cycle-based,"Vinca alkaloids: neuropathy/ileus; taxanes: neuropathy, myelosuppression, hypersensitivity."
onco16_008,drug,Cyclophosphamide,Cyklofosfamid,Oncology pharmacology,alkylating agent,Prodrug; alkylates DNA after hepatic activation → crosslinks.,"Lymphomas, leukemias, breast cancer, sarcomas; conditioning regimens; autoimmune (selected).",Severe marrow suppression; active severe infection (relative); pregnancy.,Nausea; alopecia; myelosuppression.,Hemorrhagic cystitis; SIADH; secondary malignancy; cardiotoxicity (high-dose).,Additive myelosuppression; CYP inducers/inhibitors affect activation; avoid live vaccines.,contraindicated,IV; PO,days,cycle-based,Hydration; consider MESNA in high-dose settings.
onco16_009,drug,Ifosfamide,Ifosfamid,Oncology pharmacology,alkylating agent,Alkylates DNA (prodrug) → crosslinks; produces acrolein and chloroacetaldehyde.,Sarcomas; testicular cancer; lymphomas (selected).,Severe marrow suppression; renal impairment (caution); pregnancy.,Nausea; myelosuppression.,Hemorrhagic cystitis (MESNA required); neurotoxicity/encephalopathy; nephrotoxicity.,Additive CNS depressants (encephalopathy risk); avoid live vaccines; CYP interactions.,contraindicated,IV,days,cycle-based,MESNA + aggressive hydration are standard.
onco16_010,drug,Busulfan,Busulfán,Oncology pharmacology,alkylating agent,Alkylates DNA; strong myeloablative effect.,Hematopoietic stem cell transplant conditioning.,Pregnancy; severe marrow suppression (expected).,Myelosuppression; mucositis.,Pulmonary fibrosis; seizures (high-dose).,Phenytoin/other anticonvulsants interactions; additive myelosuppression.,contraindicated,IV; PO,days,cycle-based,Seizure prophylaxis often used in conditioning protocols.
onco16_011,drug,Cisplatin,Cisplatina,Oncology pharmacology,platinum compound,Forms DNA crosslinks → apoptosis.,"Testicular, ovarian, bladder, lung cancers; many solid tumors.",Severe renal impairment; pregnancy.,Nausea/vomiting; myelosuppression (less than carboplatin).,Nephrotoxicity; ototoxicity; peripheral neuropathy; severe electrolyte wasting (Mg/K).,Additive nephrotoxicity with aminoglycosides/NSAIDs; avoid other ototoxins.,contraindicated,IV,hours to days,cycle-based,Hydration + antiemetics; monitor Mg/K.
onco16_012,drug,Carboplatin,Karboplatina,Oncology pharmacology,platinum compound,DNA crosslinks; less nephro/oto than cisplatin.,Ovarian and lung cancers; many solid tumors.,Severe marrow suppression; pregnancy.,Myelosuppression; nausea.,Severe thrombocytopenia/neutropenia; hypersensitivity (with repeated exposure).,Additive myelosuppression; dose by renal function (Calvert formula).,contraindicated,IV,hours to days,cycle-based,Dose-limiting: myelosuppression (platelets).
onco16_013,drug,Oxaliplatin,Oxaliplatina,Oncology pharmacology,platinum compound,DNA crosslinks; distinct neurotoxicity profile.,Colorectal cancer (FOLFOX).,Pregnancy; severe hypersensitivity (rare).,Nausea; myelosuppression.,"Peripheral neuropathy (cold-triggered acute, cumulative chronic).",Additive neurotoxicity with other neurotoxic agents.,contraindicated,IV,days,cycle-based,Avoid cold exposure around infusion to reduce acute neuropathy.
onco16_014,drug,Methotrexate,Metotrexát,Oncology pharmacology,antimetabolite,Folate analog inhibits dihydrofolate reductase → ↓THF → ↓DNA synthesis (S-phase).,Pregnancy; severe liver disease; significant renal impairment; chronic alcohol abuse; severe blood dyscrasias.,Pregnancy; severe liver disease; significant renal impairment; active infection Dolphin?,Mucositis; nausea; myelosuppression.,Hepatotoxicity; pneumonitis; severe myelosuppression.,"NSAIDs, TMP-SMX, penicillins can ↑ toxicity; leucovorin rescue for high-dose.",contraindicated,PO; IV; IM; intrathecal (selected),days,cycle-based,Leucovorin (folinic acid) rescues normal cells; monitor LFTs and blood counts.
onco16_015,drug,5-Fluorouracil (5-FU),5-fluóruracil (5-FU),Oncology pharmacology,antimetabolite,Pyrimidine analog; inhibits thymidylate synthase and incorporates into RNA/DNA.,"Colorectal, pancreatic, gastric, breast cancers; topical for actinic keratoses (derm).",Severe marrow suppression; pregnancy.,Diarrhea; mucositis; myelosuppression.,Hand-foot syndrome; cardiotoxicity (rare); severe diarrhea.,Additive myelosuppression; warfarin effect may increase; DPD deficiency → severe toxicity.,contraindicated,IV; topical,days,cycle-based,DPD deficiency screening considered in some settings; capecitabine is oral prodrug (not listed here to keep 'classic' block manageable).
onco16_016,drug,Cytarabine,Cytarabín,Oncology pharmacology,antimetabolite,Pyrimidine analog inhibits DNA polymerase (S-phase).,Acute myeloid leukemia and other leukemias.,Severe marrow suppression; pregnancy.,Myelosuppression; fever; nausea.,Cerebellar toxicity; conjunctivitis; severe infections.,Additive myelosuppression; monitor neurologic status (high-dose).,contraindicated,IV; SC; intrathecal,days,cycle-based,High-dose requires eye prophylaxis (steroid drops).
onco16_017,drug,Gemcitabine,Gemcitabín,Oncology pharmacology,antimetabolite,Nucleoside analog inhibits DNA synthesis (S-phase).,"Pancreatic, lung, bladder, breast cancers.",Severe marrow suppression; pregnancy.,Myelosuppression; flu-like symptoms.,Severe infections; pulmonary toxicity (rare).,Additive myelosuppression.,contraindicated,IV,days,cycle-based,Often combined with platinum agents.
onco16_018,drug,Doxorubicin,Doxorubicín,Oncology pharmacology,antitumor antibiotic,"Anthracycline: intercalates DNA, generates free radicals, inhibits topoisomerase II.",Breast cancer; lymphomas; sarcomas; many solid tumors.,Severe cardiomyopathy; pregnancy.,Myelosuppression; alopecia; mucositis; red urine.,Cardiomyopathy/heart failure; severe tissue necrosis with extravasation.,"Additive cardiotoxicity with trastuzumab (targeted, but interaction exists); avoid other cardiotoxins; dexrazoxane protective.",contraindicated,IV,days,cycle-based,Dose-limiting: cardiotoxicity (cumulative).
onco16_019,drug,Bleomycin,Bleomycín,Oncology pharmacology,antitumor antibiotic,Generates free radicals causing DNA strand breaks (G2-phase specific).,Hodgkin lymphoma (ABVD); testicular cancer.,Pulmonary fibrosis/compromise; pregnancy.,Fever; chills; skin changes.,Pulmonary toxicity/fibrosis.,High inspired oxygen increases pulmonary toxicity risk; avoid in patients needing high O2 when possible.,contraindicated,IV; IM; SC,days,cycle-based,Unique: minimal myelosuppression; dose-limiting pulmonary toxicity.
onco16_020,drug,Dactinomycin (Actinomycin D),Daktinomycín (aktinomycín D),Oncology pharmacology,antitumor antibiotic,Intercalates DNA → blocks RNA synthesis.,Wilms tumor; rhabdomyosarcoma; gestational trophoblastic disease (selected).,Severe marrow suppression; pregnancy.,Myelosuppression; mucositis; nausea.,Severe tissue necrosis with extravasation; veno-occlusive disease (rare).,Additive myelosuppression.,contraindicated,IV,days,cycle-based,Vesicant: careful IV administration.
onco16_021,drug,Etoposide,Etopozid,Oncology pharmacology,topoisomerase inhibitor,Inhibits topoisomerase II → DNA breaks (S/G2).,Testicular cancer; small cell lung cancer; lymphomas.,Severe marrow suppression; pregnancy.,Myelosuppression; alopecia; nausea.,Secondary leukemia (rare); severe hypotension (rapid infusion).,Additive myelosuppression; CYP3A4 interactions.,contraindicated,IV; PO,days,cycle-based,Infuse slowly to reduce hypotension.
onco16_022,drug,Irinotecan,Irinotekán,Oncology pharmacology,topoisomerase inhibitor,Inhibits topoisomerase I → DNA breaks (S-phase).,Colorectal cancer (FOLFIRI).,Severe neutropenia; pregnancy.,Diarrhea; nausea; myelosuppression.,"Severe diarrhea (early cholinergic, late secretory); neutropenic sepsis.",CYP3A4 inhibitors/inducers affect levels; atropine treats early diarrhea; loperamide for late.,contraindicated,IV,days,cycle-based,Early diarrhea treated with atropine; late diarrhea treated aggressively with loperamide.
onco16_023,drug,Topotecan,Topotekán,Oncology pharmacology,topoisomerase inhibitor,Inhibits topoisomerase I.,Ovarian cancer; small cell lung cancer (selected).,Severe marrow suppression; pregnancy.,Myelosuppression; nausea.,Severe neutropenia; infections.,Additive myelosuppression.,contraindicated,IV; PO,days,cycle-based,Dose-limiting: myelosuppression.
onco16_024,drug,Vincristine,Vinkristín,Oncology pharmacology,microtubule inhibitor,Vinca alkaloid: inhibits microtubule polymerization → M-phase arrest.,Leukemias; lymphomas; pediatric tumors.,Intrathecal administration (fatal); severe neuropathy.,Constipation; neuropathy.,Ileus; severe peripheral neuropathy; SIADH.,CYP3A4 inhibitors increase toxicity; additive neurotoxicity.,contraindicated,IV,days,cycle-based,Key: neurotoxicity more than myelosuppression; NEVER intrathecal.
onco16_025,drug,Paclitaxel,Paklitaxel,Oncology pharmacology,microtubule inhibitor,Taxane: stabilizes microtubules preventing depolymerization → M-phase arrest.,"Breast, ovarian, lung cancers.",Severe marrow suppression; pregnancy.,Myelosuppression; alopecia; neuropathy.,Hypersensitivity reactions; severe neuropathy.,CYP interactions; premedication reduces hypersensitivity; additive neurotoxicity.,contraindicated,IV,days,cycle-based,Premedication (steroid + antihistamines) often used.
onco16_026,drug,Docetaxel,Docetaxel,Oncology pharmacology,microtubule inhibitor,Taxane: stabilizes microtubules → mitotic arrest.,"Breast, prostate, lung cancers.",Severe neutropenia; pregnancy.,Myelosuppression; edema; neuropathy.,Severe neutropenia; hypersensitivity.,CYP3A4 interactions; premedication often used.,contraindicated,IV,days,cycle-based,Fluid retention can occur; steroid premedication helps.
onco17_001,drug_class,Targeted anticancer therapy,Cielená protinádorová liečba,Oncology pharmacology,topic overview,Drugs targeting specific molecular pathways or receptors driving tumor growth and survival.,"Solid tumors and hematologic malignancies with defined molecular targets (HER2, EGFR, BCR-ABL, VEGF, etc.).",Pregnancy; severe uncontrolled infection; agent-specific cardiac/hepatic contraindications.,Diarrhea; rash; fatigue; hypertension (VEGF inhibitors).,Cardiotoxicity; severe bleeding/thrombosis; interstitial lung disease; QT prolongation.,CYP3A4 interactions common (TKIs); additive cardiotoxicity with anthracyclines.,contraindicated/avoid,PO; IV; SC,days to weeks,weeks to months,Requires molecular testing; generally less myelosuppression than classic chemotherapy.
onco17_002,drug_class,Tyrosine kinase inhibitors (TKIs),Inhibítory tyrozínkináz,Oncology pharmacology,tyrosine kinase inhibitors,Inhibit intracellular tyrosine kinase signaling pathways essential for tumor proliferation.,Cancers expressing the relevant molecular target.,Pregnancy; agent-specific.,Diarrhea; rash; fatigue.,Target-specific severe toxicities.,CYP interactions agent-dependent.,contraindicated/avoid,PO; IV,days,long-term,Oral small molecules; frequent CYP3A4 interactions.
onco17_003,drug_class,Monoclonal antibodies (oncology),Monoklonálne protilátky (onkologické),Oncology pharmacology,monoclonal antibodies,Bind extracellular receptors or ligands → block signaling or induce immune-mediated cytotoxicity.,Cancers expressing the relevant molecular target.,Pregnancy; agent-specific.,Diarrhea; rash; fatigue.,Target-specific severe toxicities.,CYP interactions agent-dependent.,contraindicated/avoid,PO; IV,days,long-term,IV biologics; infusion reactions common.
onco17_004,drug_class,mTOR inhibitors,Inhibítory mTOR,Oncology pharmacology,mTOR inhibitors,Inhibit mTOR pathway → ↓cell growth and angiogenesis.,Cancers expressing the relevant molecular target.,Pregnancy; agent-specific.,Diarrhea; rash; fatigue.,Target-specific severe toxicities.,CYP interactions agent-dependent.,contraindicated/avoid,PO; IV,days,long-term,"Metabolic effects (hyperglycemia, hyperlipidemia) are characteristic."
onco17_005,drug_class,Proteasome inhibitors,Inhibítory proteazómu,Oncology pharmacology,proteasome inhibitors,Inhibit proteasome → accumulation of misfolded proteins → apoptosis.,Cancers expressing the relevant molecular target.,Pregnancy; agent-specific.,Diarrhea; rash; fatigue.,Target-specific severe toxicities.,CYP interactions agent-dependent.,contraindicated/avoid,PO; IV,days,long-term,Key in multiple myeloma; neuropathy risk.
onco17_006,drug_class,PARP inhibitors,Inhibítory PARP,Oncology pharmacology,PARP inhibitors,Inhibit DNA repair via PARP → synthetic lethality in BRCA-mutated tumors.,Cancers expressing the relevant molecular target.,Pregnancy; agent-specific.,Diarrhea; rash; fatigue.,Target-specific severe toxicities.,CYP interactions agent-dependent.,contraindicated/avoid,PO; IV,days,long-term,High-yield in ovarian/breast cancers with BRCA mutations.
onco17_007,drug,Imatinib,Imatinib,Oncology pharmacology,tyrosine kinase inhibitor,Inhibits BCR-ABL tyrosine kinase; also c-KIT and PDGFR.,Chronic myeloid leukemia; GIST.,Pregnancy; severe hepatic impairment.,Edema; nausea; diarrhea; fatigue.,Cardiotoxicity (rare); severe hepatotoxicity.,CYP3A4 inhibitors/inducers alter levels.,avoid,PO,weeks,long-term,Prototype targeted therapy; dramatic efficacy in CML.
onco17_008,drug,Erlotinib,Erlotinib,Oncology pharmacology,tyrosine kinase inhibitor,EGFR tyrosine kinase inhibitor.,EGFR-mutant non-small cell lung cancer.,Pregnancy; severe hepatic impairment.,Acneiform rash; diarrhea.,Interstitial lung disease; hepatotoxicity.,CYP3A4 interactions; PPIs reduce absorption.,contraindicated,PO,weeks,long-term,Rash correlates with response.
onco17_009,drug,Sunitinib,Sunitinib,Oncology pharmacology,tyrosine kinase inhibitor,"Multi-target TKI (VEGFR, PDGFR).",Renal cell carcinoma; GIST.,Pregnancy; uncontrolled hypertension.,Fatigue; diarrhea; hand-foot syndrome.,Cardiotoxicity; severe hypertension; bleeding.,CYP3A4 interactions.,contraindicated,PO,weeks,long-term,Monitor BP and cardiac function.
onco17_010,drug,Trastuzumab,Trastuzumab,Oncology pharmacology,monoclonal antibody,Monoclonal antibody against HER2 receptor.,HER2-positive breast and gastric cancer.,Pregnancy; pre-existing cardiomyopathy.,Infusion reactions; diarrhea.,Cardiomyopathy; heart failure.,Additive cardiotoxicity with anthracyclines.,contraindicated,IV,weeks,long-term,Baseline and periodic LVEF monitoring required.
onco17_011,drug,Bevacizumab,Bevacizumab,Oncology pharmacology,monoclonal antibody,Monoclonal antibody against VEGF → anti-angiogenesis.,"Colorectal, lung, renal cancers (selected).",Recent surgery; uncontrolled bleeding.,Hypertension; proteinuria.,GI perforation; severe bleeding; thrombosis.,Additive bleeding risk with anticoagulants.,contraindicated,IV,weeks,long-term,Impaired wound healing; stop before surgery.
onco17_012,drug,Rituximab,Rituximab,Oncology pharmacology,monoclonal antibody,Monoclonal antibody against CD20 on B cells.,B-cell lymphomas; CLL; autoimmune diseases (selected).,Active severe infection.,Infusion reactions.,Severe infections; HBV reactivation.,Immunosuppressants increase infection risk.,avoid,IV,weeks,months,Screen for hepatitis B prior to therapy.
onco17_013,drug,Everolimus,Everolimus,Oncology pharmacology,mTOR inhibitor,Inhibits mTOR kinase → ↓cell growth and angiogenesis.,Renal cell carcinoma; breast cancer; neuroendocrine tumors.,Pregnancy; severe hepatic impairment.,Stomatitis; rash; fatigue.,Severe infections; pneumonitis.,CYP3A4 inhibitors/inducers.,contraindicated,PO,weeks,long-term,Monitor lipids and glucose.
onco17_014,drug,Bortezomib,Bortezomib,Oncology pharmacology,proteasome inhibitor,Inhibits 26S proteasome → apoptosis of malignant plasma cells.,Multiple myeloma; mantle cell lymphoma.,Pregnancy.,Peripheral neuropathy; GI upset.,Severe neuropathy; hypotension.,Additive neurotoxicity.,contraindicated,IV; SC,days,cycle-based,Subcutaneous route reduces neuropathy.
onco17_015,drug,Olaparib,Olaparib,Oncology pharmacology,PARP inhibitor,Inhibits PARP-mediated DNA repair → synthetic lethality.,BRCA-mutated ovarian and breast cancer.,Pregnancy; severe marrow suppression.,Fatigue; nausea; anemia.,Myelodysplastic syndrome (rare).,CYP3A4 inhibitors/inducers.,contraindicated,PO,weeks,long-term,Requires BRCA mutation testing.
immuno18_001,drug_class,Immunopharmacology,Imunofarmakológia,Immunopharmacology,topic overview,"Modulation of immune response via suppression, stimulation, or targeted immune pathway regulation.",Autoimmune diseases; transplantation; oncology adjuncts; immunodeficiency; inflammatory disorders.,Active severe infection (many agents); pregnancy (agent-dependent).,Infection risk; GI upset; fatigue.,Opportunistic infections; malignancy; cytokine release syndrome (some biologics).,Live vaccines contraindicated with immunosuppression; additive infection risk with combinations.,agent-dependent,PO; IV; SC; IM,days to weeks,weeks to months,Always balance infection risk vs therapeutic benefit.
immuno18_002,drug_class,Calcineurin inhibitors,Inhibítory kalcineurínu,Immunopharmacology,calcineurin inhibitors,Inhibit calcineurin → ↓IL-2 transcription → ↓T-cell activation.,Organ transplantation; autoimmune diseases (selected).,Uncontrolled infection; malignancy (relative).,Hypertension; tremor; nephrotoxicity.,Severe nephrotoxicity; neurotoxicity.,CYP3A4 inhibitors/inducers; additive nephrotoxicity.,avoid,PO; IV,days,long-term,Narrow therapeutic index; monitor drug levels.
immuno18_003,drug,Cyclosporine,Cyklosporín,Immunopharmacology,calcineurin inhibitor,Binds intracellular protein → inhibits calcineurin → ↓IL-2 and T-cell activation.,Organ transplantation; autoimmune diseases (selected).,Uncontrolled infection; malignancy (relative).,Hypertension; tremor; nephrotoxicity.,Severe nephrotoxicity; neurotoxicity.,"CYP3A4 inhibitors (macrolides, azoles) ↑ levels; grapefruit juice.",avoid,PO; IV,days,long-term,Classic transplant drug; gingival hyperplasia and hirsutism.
immuno18_004,drug,Tacrolimus,Takrolimus,Immunopharmacology,calcineurin inhibitor,Binds intracellular protein → inhibits calcineurin → ↓IL-2 and T-cell activation.,Organ transplantation; autoimmune diseases (selected).,Uncontrolled infection; malignancy (relative).,Hypertension; tremor; nephrotoxicity.,Severe nephrotoxicity; neurotoxicity.,"CYP3A4 inhibitors (macrolides, azoles) ↑ levels; grapefruit juice.",avoid,PO; IV,days,long-term,More potent than cyclosporine; higher diabetes risk.
immuno18_005,drug_class,Antiproliferative immunosuppressants,Antiproliferatívne imunosupresíva,Immunopharmacology,antiproliferative agents,Inhibit lymphocyte proliferation via purine synthesis or nucleotide metabolism blockade.,Transplant rejection prophylaxis; autoimmune diseases.,Pregnancy (agent-dependent); severe marrow suppression.,GI upset; cytopenias.,Severe infections; malignancy.,Additive myelosuppression; xanthine oxidase inhibitors with azathioprine.,agent-dependent,PO; IV,weeks,long-term,Bone marrow monitoring required.
immuno18_006,drug,Azathioprine,Azatioprín,Immunopharmacology,antiproliferative agent,Inhibits de novo purine synthesis → ↓B- and T-cell proliferation.,Transplant rejection prophylaxis; autoimmune diseases.,Pregnancy (especially mycophenolate); severe infection.,Diarrhea; leukopenia.,Severe infections; malignancy.,Allopurinol ↑ azathioprine toxicity; additive myelosuppression.,contraindicated (MMF),PO; IV,weeks,long-term,Purine analog; TPMT deficiency increases toxicity.
immuno18_007,drug,Mycophenolate mofetil,Mykofenolát mofetil,Immunopharmacology,antiproliferative agent,Inhibits de novo purine synthesis → ↓B- and T-cell proliferation.,Transplant rejection prophylaxis; autoimmune diseases.,Pregnancy (especially mycophenolate); severe infection.,Diarrhea; leukopenia.,Severe infections; malignancy.,Allopurinol ↑ azathioprine toxicity; additive myelosuppression.,contraindicated (MMF),PO; IV,weeks,long-term,Selective lymphocyte proliferation inhibitor; teratogenic.
immuno18_008,drug,Sirolimus,Sirolimus,Immunopharmacology,mTOR inhibitor (immunosuppressant),Inhibits mTOR → blocks IL-2–mediated T-cell proliferation.,Organ transplantation.,Pregnancy; severe hepatic impairment.,Hyperlipidemia; thrombocytopenia.,Delayed wound healing; pneumonitis.,CYP3A4 interactions.,avoid,PO,weeks,long-term,Less nephrotoxic than calcineurin inhibitors.
immuno18_009,drug,Prednisone,Prednizón,Immunopharmacology,systemic corticosteroid,Suppresses inflammatory gene transcription and cytokine production.,Autoimmune and inflammatory diseases; transplant rejection treatment.,Systemic infections (relative).,Weight gain; hyperglycemia; mood changes.,Adrenal suppression; osteoporosis; severe infections.,NSAIDs ↑ GI bleed; vaccines less effective.,use if needed,PO; IV,hours,days to weeks,Cornerstone but long-term toxicity significant.
immuno18_010,drug_class,Immunostimulants,Imunostimulanciá,Immunopharmacology,immunostimulants,Enhance immune response or replace deficient immune components.,Immunodeficiency; oncology adjuncts; chronic infections (selected).,Autoimmune disease (relative).,Flu-like symptoms; injection site reactions.,Autoimmune activation; cytokine release.,Additive immune activation with other stimulants.,agent-dependent,SC; IV; IM,days,variable,Use cautiously to avoid immune overactivation.
immuno18_011,drug,Interferon alfa,Interferón alfa,Immunopharmacology,cytokine immunostimulant,Enhances antiviral and antitumor immune responses.,Chronic viral hepatitis; certain malignancies.,Severe psychiatric disease.,Flu-like symptoms; fatigue.,Depression; cytopenias.,Additive myelosuppression.,avoid,SC; IM,days,weeks to months,Neuropsychiatric monitoring important.
immuno18_012,drug,Interleukin-2 (Aldesleukin),Interleukín-2 (Aldesleukín),Immunopharmacology,cytokine immunostimulant,Stimulates proliferation of T cells and NK cells.,Metastatic renal cell carcinoma; melanoma (selected).,Cardiopulmonary disease.,Fever; hypotension.,Capillary leak syndrome; organ failure.,Additive cardiotoxicity.,contraindicated,IV,hours,days,High toxicity limits use.
immuno18_013,drug_class,Immunomodulatory biologics,Imunomodulačné biologiká,Immunopharmacology,immunomodulatory biologics,Target specific cytokines or immune checkpoints to modulate immune response.,Autoimmune diseases; inflammatory disorders; oncology.,Active infection; latent TB (anti-TNF).,Injection site reactions.,Severe infections; malignancy; immune-mediated reactions.,Live vaccines contraindicated; additive immunosuppression.,agent-dependent,SC; IV,weeks,long-term,Screen for latent infections prior to therapy.
immuno18_014,drug,Infliximab,Infliximab,Immunopharmacology,anti-TNF biologic,Monoclonal antibody neutralizing TNF-α.,IBD; rheumatoid arthritis; psoriasis.,Active infection; TB.,Infusion reactions.,Severe infections; heart failure exacerbation.,Other immunosuppressants ↑ infection risk.,avoid,IV,weeks,months,Screen for TB/hepatitis before initiation.
immuno18_015,drug,Adalimumab,Adalimumab,Immunopharmacology,anti-TNF biologic,Fully human anti-TNF monoclonal antibody.,RA; IBD; psoriasis.,Active infection; TB.,Injection site reactions.,Severe infections; demyelinating disease.,Live vaccines contraindicated.,avoid,SC,weeks,months,Common outpatient biologic.
immuno18_016,drug,Etanercept,Etanercept,Immunopharmacology,anti-TNF biologic,Fusion protein of TNF receptor and IgG.,RA; psoriasis; ankylosing spondylitis.,Active infection; TB.,Injection site reactions.,Severe infections; heart failure exacerbation.,Live vaccines contraindicated; additive immunosuppression.,avoid,SC,weeks,months,Less effective in IBD than monoclonal anti-TNFs.
immuno18_017,drug,Secukinumab,Secukinumab,Immunopharmacology,anti-IL-17 biologic,Monoclonal antibody against IL-17A.,Psoriasis; psoriatic arthritis; ankylosing spondylitis.,Active infection.,Injection site reactions.,Severe infections; neutropenia.,Live vaccines contraindicated.,avoid,SC,weeks,months,Newer biologic with good efficacy in psoriasis.
immuno18_018,drug,Abatacept,Abatacept,Immunopharmacology,CTLA-4 Ig,Fusion protein that inhibits T-cell activation by blocking CD80/86.,RA; juvenile idiopathic arthritis.,Active infection.,Infusion reactions; headache.,Severe infections; malignancy.,Live vaccines contraindicated; additive immunosuppression.,avoid,IV,weeks,months,Used in RA patients with inadequate response to TNF inhibitors.
immuno18_019,drug,Rituximab,Rituximab,Immunopharmacology,anti-CD20 biologic,Monoclonal antibody against CD20 on B cells.,B-cell lymphomas; CLL; autoimmune diseases (selected).,Active severe infection.,Infusion reactions.,Severe infections; HBV reactivation.,Immunosuppressants increase infection risk.,avoid,IV,weeks,months,Screen for hepatitis B prior to therapy.
immuno18_020,drug,Omalizumab,Omalizumab,Immunopharmacology,anti-IgE biologic,Monoclonal antibody against IgE.,Severe allergic asthma; chronic urticaria.,Active infection.,Injection site reactions; headache.,Severe infections; anaphylaxis (rare).,Live vaccines contraindicated.,avoid,SC,weeks,long-term,Used in severe asthma with elevated IgE levels.
auto19_001,drug_class,"Autacoids, allergy and migraine therapy","Autakoidy, alergia a liečba migrény",Autacoid pharmacology,topic overview,"Drugs modulating local mediators such as histamine, serotonin and CGRP involved in allergy, inflammation and migraine.",Allergic diseases; anaphylaxis; migraine (acute and prophylaxis).,Agent-dependent.,Sedation; GI upset; flushing.,Anaphylaxis; cardiovascular events (some antimigraine drugs).,Additive CNS depression with sedatives; serotonergic interactions.,agent-dependent,PO; IV; SC; intranasal,minutes to hours,hours to days,"Know mediator–receptor relationships: H1, 5-HT, CGRP."
auto19_002,drug_class,Antihistamines,Antihistaminiká,Autacoid pharmacology,H1 antagonists,"Block H1 receptors → ↓allergic symptoms (itching, vasodilation).",Allergic rhinitis; urticaria; motion sickness (1st gen).,Narrow-angle glaucoma; urinary retention (1st gen).,Sedation; dry mouth (1st gen).,QT prolongation (rare).,Additive CNS depressants; anticholinergics.,generally safe,PO; IV,minutes,hours,Second-generation preferred for daily use.
auto19_003,drug,Diphenhydramine,Difenhydramín,Autacoid pharmacology,first-generation,H1 receptor blockade.,Allergic rhinitis; urticaria.,Hypersensitivity.,Sedation (esp. diphenhydramine); dry mouth.,QT prolongation (rare).,Additive sedation with alcohol/sedatives.,generally safe,PO,30–60 min,12–24 h,Sedating; anticholinergic effects.
auto19_004,drug,Loratadine,Loratadín,Autacoid pharmacology,second-generation,H1 receptor blockade.,Allergic rhinitis; urticaria.,Hypersensitivity.,Sedation (esp. diphenhydramine); dry mouth.,QT prolongation (rare).,Additive sedation with alcohol/sedatives.,generally safe,PO,30–60 min,12–24 h,Non-sedating; once daily.
auto19_005,drug,Cetirizine,Cetirizín,Autacoid pharmacology,second-generation,H1 receptor blockade.,Allergic rhinitis; urticaria.,Hypersensitivity.,Sedation (esp. diphenhydramine); dry mouth.,QT prolongation (rare).,Additive sedation with alcohol/sedatives.,generally safe,PO,30–60 min,12–24 h,Mild sedation possible.
auto19_006,drug,Cromolyn sodium,Kromoglykát sodný,Autacoid pharmacology,mast cell stabilizer,Prevents mast cell degranulation → ↓histamine release.,Allergic rhinitis; asthma prophylaxis.,Hypersensitivity.,Throat irritation; cough.,Rare bronchospasm.,Minimal interactions.,safe,inhalation; intranasal,days,short,"Preventive, not for acute relief."
auto19_007,drug_class,Antimigraine drugs,Antimigreniká,Autacoid pharmacology,migraine therapy,Modulate serotonergic or CGRP pathways to abort or prevent migraine.,Migraine (acute and prophylaxis).,Cardiovascular disease (triptans).,Nausea; dizziness.,Ischemia; serotonin syndrome.,SSRIs/SNRIs ↑ serotonin syndrome risk.,agent-dependent,PO; SC; intranasal,minutes to hours,hours,Separate acute vs preventive therapy.
auto19_008,drug,Sumatriptan,Sumatriptán,Autacoid pharmacology,triptan (5-HT1 agonist),5-HT1B/1D agonist → vasoconstriction; ↓CGRP release.,Acute migraine attack.,Ischemic heart disease; stroke; uncontrolled hypertension.,Chest tightness; flushing; dizziness.,Coronary vasospasm; serotonin syndrome.,SSRIs/SNRIs; MAO inhibitors (agent-dependent).,avoid,PO; SC; intranasal,minutes,2–6 h,5-HT1B/1D agonist; acute migraine.
auto19_009,drug,Rizatriptan,Rizatriptán,Autacoid pharmacology,triptan (5-HT1 agonist),5-HT1B/1D agonist → vasoconstriction; ↓CGRP release.,Acute migraine attack.,Ischemic heart disease; stroke; uncontrolled hypertension.,Chest tightness; flushing; dizziness.,Coronary vasospasm; serotonin syndrome.,SSRIs/SNRIs; MAO inhibitors (agent-dependent).,avoid,PO; SC; intranasal,minutes,2–6 h,Fast-acting triptan.
auto19_010,drug,Erenumab,Erenumab,Autacoid pharmacology,CGRP monoclonal antibody,Blocks CGRP receptor → migraine prevention.,Migraine prophylaxis.,Hypersensitivity.,Injection site reactions; constipation.,Hypertension (rare).,Few major interactions.,avoid,SC,weeks,months,Preventive therapy only.
auto19_011,drug,Ibuprofen,Ibuprofén,Autacoid pharmacology,NSAID (migraine adjunct),COX inhibition → ↓prostaglandin synthesis.,Mild–moderate migraine; pain.,Peptic ulcer disease; renal failure.,GI upset.,GI bleeding; renal injury.,Anticoagulants ↑ bleeding risk.,use if needed,PO,30–60 min,6–8 h,Often first-line in mild migraine.
auto19_012,drug,Naproxen,Naproxén,Autacoid pharmacology,NSAID (migraine adjunct),COX inhibition → ↓prostaglandin synthesis.,Mild–moderate migraine; pain.,Peptic ulcer disease; renal failure.,GI upset.,GI bleeding; renal injury.,Anticoagulants ↑ bleeding risk.,use if needed,PO,30–60 min,8–12 h,Longer duration than ibuprofen.
bone20_001,drug_class,Bone metabolism minerals and vitamins,Metabolizmus kostí minerály a vitamíny,Bone & mineral pharmacology,topic overview,Agents affecting bone remodeling calcium phosphate balance and vitamin homeostasis,Osteoporosis osteomalacia Paget disease mineral deficiencies,Agent dependent,GI upset musculoskeletal pain,Atypical fractures osteonecrosis of jaw severe hypo or hypercalcemia,Calcium iron reduce absorption renal dosing often required,agent-dependent,PO IV SC IM,days to weeks,weeks to months,Check calcium and vitamin D before antiresorptive therapy
bone20_002,drug_class,Bisphosphonates,Bisfosfonáty,Bone & mineral pharmacology,antiresorptive,Bind hydroxyapatite and inhibit osteoclast mediated bone resorption,Osteoporosis Paget disease hypercalcemia of malignancy,Esophageal disorders hypocalcemia severe renal impairment,GI irritation musculoskeletal pain,Osteonecrosis of jaw atypical femoral fractures esophagitis,Calcium iron reduce absorption NSAIDs increase GI risk,avoid,PO IV,weeks,months,Fasting administration upright posture required
bone20_003,drug,Alendronate,Alendronát,Bone & mineral pharmacology,bisphosphonate,Inhibits osteoclast activity and induces apoptosis,Osteoporosis,Hypocalcemia severe renal impairment esophageal disease,GI upset,ONJ atypical fractures,Calcium iron reduce absorption,avoid,PO,weeks,months,Weekly oral first line therapy
bone20_004,drug,Risedronate,Risedronát,Bone & mineral pharmacology,bisphosphonate,Inhibits osteoclast mediated bone resorption,Osteoporosis,Hypocalcemia severe renal impairment,GI upset,ONJ atypical fractures,Calcium iron reduce absorption,avoid,PO,weeks,months,Slightly better GI tolerance
bone20_005,drug,Zoledronic acid,Kyselina zoledrónová,Bone & mineral pharmacology,bisphosphonate,Potent osteoclast inhibition via IV bisphosphonate,Osteoporosis Paget disease bone metastases,Hypocalcemia severe renal impairment,Flu like symptoms,ONJ renal toxicity,Nephrotoxic drugs,avoid,IV,weeks,months,Yearly IV dosing
bone20_006,drug,Denosumab,Denosumab,Bone & mineral pharmacology,RANKL inhibitor,Monoclonal antibody against RANKL reducing osteoclast formation,Osteoporosis bone metastases,Hypocalcemia,Musculoskeletal pain eczema,Severe hypocalcemia infections ONJ,Additive hypocalcemia risk,avoid,SC,weeks,months,Rebound vertebral fractures if stopped abruptly
bone20_007,drug,Teriparatide,Teriparatid,Bone & mineral pharmacology,PTH analog anabolic,Intermittent PTH receptor activation increases osteoblast activity,Severe osteoporosis high fracture risk,Hypercalcemia bone malignancy Paget disease,Nausea dizziness leg cramps,Osteosarcoma risk theoretical,Calcium supplements increase hypercalcemia risk,avoid,SC,weeks,months,Maximum duration limited
bone20_008,drug,Calcitonin,Kalcitonín,Bone & mineral pharmacology,calcitonin,Inhibits osteoclast activity modest analgesic effect,Paget disease acute hypercalcemia vertebral fracture pain,Hypersensitivity,Nasal irritation nausea,Hypocalcemia rare,Minimal,use if needed,intranasal SC IM,hours,short,Weak antiresorptive not first line
bone20_009,drug_class,Calcium and vitamin D,Vápnik a vitamín D,Bone & mineral pharmacology,supplementation,Provide substrates for bone mineralization,Deficiency prevention adjunct osteoporosis therapy,Hypercalcemia nephrolithiasis,Constipation GI upset,Hypercalcemia kidney stones,Chelates tetracyclines levothyroxine thiazides increase calcium,generally safe,PO,days,ongoing,Ensure adequacy before antiresorptives
bone20_010,drug,Calcium carbonate,Uhličitan vápenatý,Bone & mineral pharmacology,calcium salt,Provides elemental calcium,Calcium deficiency osteoporosis prevention,Hypercalcemia achlorhydria,Constipation bloating,Nephrolithiasis,Reduces absorption of iron levothyroxine tetracyclines,generally safe,PO,days,ongoing,Take with meals
bone20_011,drug,Cholecalciferol Vitamin D3,Cholekalciferol vitamín D3,Bone & mineral pharmacology,vitamin D,Increases intestinal calcium and phosphate absorption,Vitamin D deficiency osteoporosis prevention,Hypercalcemia,GI upset,Vitamin D toxicity hypercalcemia,Thiazides increase calcium,generally safe,PO,weeks,weeks to months,Monitor levels in high dose therapy
bone20_012,drug,Sevelamer,Sevelamer,Bone & mineral pharmacology,phosphate binder,Binds phosphate in gut reducing serum phosphate,Hyperphosphatemia in CKD,Bowel obstruction,GI upset,Bowel perforation rare,Reduces absorption of fat soluble vitamins,use if needed,PO,days,ongoing,Non calcium phosphate binder
cv21_001,drug_class,Hypertension therapy,Liečba hypertenzie,Cardiovascular pharmacology,topic overview,Lower blood pressure by reducing cardiac output vascular resistance or circulating volume,Primary and secondary hypertension,Agent dependent,Dizziness fatigue,Severe hypotension electrolyte disorders,Combination therapy interactions common,agent-dependent,PO IV,days to weeks,long-term,Most patients require combination therapy
cv21_002,drug_class,ACE inhibitors,ACE inhibítory,Cardiovascular pharmacology,RAAS inhibition,Inhibit angiotensin converting enzyme reducing angiotensin II and aldosterone,Hypertension heart failure diabetic nephropathy,Pregnancy bilateral renal artery stenosis hyperkalemia,Cough hypotension,Angioedema acute kidney injury,Potassium sparing drugs increase hyperkalemia,contraindicated,PO,days,weeks,Renoprotective in diabetes
cv21_003,drug,Enalapril,Enalapril,Cardiovascular pharmacology,ACE inhibitor,ACE inhibition reduces vasoconstriction and aldosterone secretion,Hypertension heart failure,Pregnancy renal artery stenosis,Cough dizziness,Angioedema renal failure,Potassium supplements NSAIDs,contraindicated,PO,days,weeks,Classic exam ACE inhibitor
cv21_004,drug_class,Angiotensin II receptor blockers,Blokátory AT1 receptorov,Cardiovascular pharmacology,ARB,Block angiotensin II AT1 receptor,Hypertension ACE inhibitor intolerance,Pregnancy bilateral renal artery stenosis,Dizziness hyperkalemia,Renal failure hyperkalemia,Potassium sparing drugs,contraindicated,PO,days,weeks,No cough compared to ACE inhibitors
cv21_005,drug,Losartan,Losartan,Cardiovascular pharmacology,ARB,AT1 receptor blockade reduces vasoconstriction,Hypertension nephropathy,Pregnancy renal artery stenosis,Dizziness,Renal failure hyperkalemia,Potassium supplements,contraindicated,PO,days,weeks,Uricosuric effect
cv21_006,drug_class,Calcium channel blockers,Blokátory kalciových kanálov,Cardiovascular pharmacology,CCB,Block L type calcium channels in heart and vessels,Hypertension angina arrhythmias,Heart failure with reduced EF non-DHP,Edema flushing,Bradycardia heart block,CYP3A4 inhibitors,agent-dependent,PO,days,weeks,DHP vs non-DHP distinction is exam critical
cv21_007,drug,Amlodipine,Amlodipín,Cardiovascular pharmacology,DHP CCB,Vasodilation via vascular smooth muscle calcium channel blockade,Hypertension angina,Severe hypotension,Peripheral edema flushing,Reflex tachycardia rare,CYP3A4 inhibitors,use if needed,PO,days,weeks,Common first line drug
cv21_008,drug_class,Beta blockers,Betablokátory,Cardiovascular pharmacology,beta blockade,Reduce heart rate contractility and renin release,Hypertension heart disease arrhythmias,Asthma severe bradycardia,Bradycardia fatigue,Bronchospasm heart block,Calcium channel blockers,avoid selective,PO,days,weeks,Not first line unless comorbidity
cv21_009,drug,Metoprolol,Metoprolol,Cardiovascular pharmacology,beta1 selective blocker,Selective beta1 blockade reduces cardiac output,Hypertension heart failure,Bradycardia AV block,Fatigue cold extremities,Heart block severe bradycardia,Verapamil diltiazem,avoid,PO,days,weeks,Beta1 selective
cv21_010,drug_class,Diuretics,Diuretiká,Cardiovascular pharmacology,volume reduction,Increase renal sodium and water excretion,Hypertension heart failure,Electrolyte imbalance,Polyuria electrolyte loss,Severe hypokalemia arrhythmias,Digoxin lithium interactions,agent-dependent,PO,days,weeks,Thiazides first line
cv21_011,drug,Hydrochlorothiazide,Hydrochlorotiazid,Cardiovascular pharmacology,thiazide diuretic,Inhibits sodium chloride reabsorption in distal tubule,Hypertension,Severe gout hypokalemia,Hypokalemia hyperuricemia,Arrhythmias,Digoxin lithium,use if needed,PO,days,weeks,Improves calcium retention
cv21_012,drug_class,Alpha blockers,Alfa blokátory,Cardiovascular pharmacology,alpha1 blockade,Peripheral vasodilation via alpha1 antagonism,Hypertension BPH,Orthostatic hypotension,Dizziness syncope,First dose hypotension,PDE5 inhibitors,avoid,PO,hours,weeks,Not first line
cv21_013,drug,Doxazosin,Doxazosín,Cardiovascular pharmacology,alpha1 blocker,Vasodilation reduces peripheral resistance,Hypertension BPH,Orthostatic hypotension,Dizziness syncope,Severe hypotension,PDE5 inhibitors,avoid,PO,hours,weeks,Useful with BPH
cv22_001,drug_class,Antiarrhythmic therapy,Antiarytmická liečba,Cardiovascular pharmacology,topic overview,Modify cardiac ion channels or autonomic tone to control abnormal heart rhythms,Atrial and ventricular arrhythmias,Agent dependent,Dizziness hypotension,Proarrhythmia cardiac arrest,QT prolonging combinations dangerous,agent-dependent,PO IV,minutes to days,variable,Antiarrhythmics can themselves cause arrhythmias
cv22_002,drug_class,Class I antiarrhythmics,Trieda I antiarytmík,Cardiovascular pharmacology,sodium channel blockers,Block fast sodium channels slowing depolarization,Supraventricular and ventricular arrhythmias,Structural heart disease,GI upset dizziness,Proarrhythmia widened QRS,Additive QT prolongation,avoid,PO IV,hours,variable,Subclasses IA IB IC are exam core
cv22_003,drug,Quinidine,Chinidín,Cardiovascular pharmacology,Class IA,Moderate Na channel block plus K channel block,Atrial arrhythmias,Long QT heart failure,GI upset tinnitus,Torsades de pointes,CYP interactions digoxin increase,avoid,PO,hours,variable,Cinchonism classic side effect
cv22_004,drug,Lidocaine,Lidokaín,Cardiovascular pharmacology,Class IB,Weak Na channel block preferential for ischemic tissue,Ventricular arrhythmias post MI,Severe heart block,Neurologic symptoms,Seizures CNS toxicity,Other antiarrhythmics,avoid,IV,minutes,short,Only IV for arrhythmias
cv22_005,drug,Flecainide,Flekainid,Cardiovascular pharmacology,Class IC,Strong Na channel block markedly slows conduction,Supraventricular arrhythmias,Structural heart disease,Dizziness visual disturbance,Proarrhythmia sudden death,Other QT prolonging drugs,avoid,PO,hours,long,Use only in structurally normal hearts
cv22_006,drug_class,Class II antiarrhythmics,Trieda II antiarytmík,Cardiovascular pharmacology,beta blockers,Reduce sympathetic tone decrease AV conduction,Atrial fibrillation rate control,Asthma severe bradycardia,Fatigue bradycardia,Heart block bronchospasm,Verapamil diltiazem,avoid,PO IV,minutes to hours,long,First line for rate control
cv22_007,drug,Metoprolol,Metoprolol,Cardiovascular pharmacology,Class II beta1 selective,Reduce AV nodal conduction and heart rate,Atrial fibrillation flutter,AV block bradycardia,Fatigue hypotension,Heart block,Calcium channel blockers,avoid,PO IV,hours,long,Rate control not rhythm conversion
cv22_008,drug_class,Class III antiarrhythmics,Trieda III antiarytmík,Cardiovascular pharmacology,potassium channel blockers,Prolong repolarization and action potential,Atrial and ventricular arrhythmias,Long QT,Dizziness hypotension,Torsades de pointes,QT prolonging drugs,avoid,PO IV,hours,long,QT monitoring mandatory
cv22_009,drug,Amiodarone,Amiodarón,Cardiovascular pharmacology,Class III predominant,Blocks K Na Ca channels and beta receptors,AF VT VF,Severe sinus node disease,Photosensitivity thyroid dysfunction,Pulmonary fibrosis hepatotoxicity,CYP interactions warfarin digoxin,use if needed,PO IV,hours to days,very long,Most effective but most toxic
cv22_010,drug, Sotalol,Sotalol,Cardiovascular pharmacology,Class III plus beta blockade,Prolongs repolarization and blocks beta receptors,Atrial and ventricular arrhythmias,Long QT asthma,Bradycardia fatigue,Torsades de pointes,QT prolonging drugs,avoid,PO,hours,long,Dose adjust in renal impairment
cv22_011,drug_class,Class IV antiarrhythmics,Trieda IV antiarytmík,Cardiovascular pharmacology,calcium channel blockers,Block L type calcium channels in AV node,Atrial arrhythmias rate control,Heart failure bradycardia,Constipation hypotension,Heart block,Betablockers,avoid,PO IV,minutes to hours,long,Non DHP only
cv22_012,drug,Verapamil,Verapamil,Cardiovascular pharmacology,Class IV non DHP,Slows AV nodal conduction,Atrial fibrillation flutter,HFrEF bradycardia,Constipation hypotension,Heart block,Betablockers,avoid,PO IV,hours,long,Do not combine with beta blockers
cv22_013,drug_class,Other antiarrhythmics,Iné antiarytmiká,Cardiovascular pharmacology,miscellaneous,Various mechanisms including AV nodal suppression,Specific arrhythmias,Agent dependent,Nausea dizziness,Severe bradycardia,Digoxin interactions,agent-dependent,PO IV,minutes to hours,variable,Non Vaughan Williams drugs
cv22_014,drug,Adenosine,Adenozín,Cardiovascular pharmacology,AV nodal blocker,Activates A1 receptors transient AV block,Paroxysmal supraventricular tachycardia,Asthma heart block,Flushing chest discomfort,Asystole bronchospasm,Theophylline caffeine,avoid,IV,seconds,very short,Drug of choice for PSVT
cv22_015,drug,Digoxin,Digoxín,Cardiovascular pharmacology,cardiac glycoside,Inhibits Na K ATPase increases vagal tone,AF rate control heart failure,AV block hypokalemia,Nausea visual changes,Life threatening arrhythmias,Diuretics amiodarone,avoid,PO IV,hours,long,Narrow therapeutic index
