id,statement_en,statement_sk,true_or_false,reasoning_en,reasoning_sk
id_0001,mol is aunit of the quantity : amount of substance,,TRUE,,
id_0002,kmol is aunit of the quantity : amount of substance,,TRUE,,
id_0003,mmol / ml is aunit of the quantity : amount of substance,,FALSE,"Incorrect as stated because mmol/ml is aunit of amount-of-substance concentration (amount per volume), not the base quantity amount of substance.",
id_0004,mmol is not aunit of the quantity : amount of substan ce,,FALSE,Incorrect as stated because mmol is avalid SI-derived unit for amount of substance (10⁻³ mol).,
id_0005,mol is not aunit of the quantity : mass,,TRUE,,
id_0006,one mol of substance can be expressed by means of the mass units,,TRUE,,
id_0007,one mol of substance can be unambiguously (positively) expressed using the volume units,,FALSE,"Incorrect as stated because converting moles to avolume requires additional information (e.g., density, concentration, or molar volume at specified conditions).",
id_0008,the mass of asample (matter) can be expressed by means of (converted to) the number of molecules,,TRUE,,
id_0009,the molar mass determines the relation betwen the volume and the amount of substance,,FALSE,"Incorrect as stated because molar mass relates mass to amount of substance (m = n·M). Volume–amount relations require density or molar volume, not molar mass alone.",
id_0010,the molar mass determines the relation betwen the mass and the amount of substance,,TRUE,,
id_0011,the unit mol / ml represents the molar concentration,,TRUE,,
id_0012,the unit mmol / ml represents the molar concentration,,TRUE,,
id_0013,the unit mmol / ml does not represent the molar concentration,,FALSE,Incorrect as stated because mmol/ml is an amount concentration unit (and is numerically equivalent to mol/L).,
id_0014,the unit mol / kg represents the molar concentration,,FALSE,"Incorrect as stated because mol/kg is aunit of molality (amount per mass of solvent), not molar concentration (amount per volume of solution).",
id_0015,one mol is approx . 6 x 1023 mg,,FALSE,Incorrect as stated because 1 mol denotes ~6.02×10²³ entities; it is not amass like mg.,
id_0016,one mol always represents 6 x 1023 atoms,,FALSE,"Incorrect as stated because 1 mol is Avogadro’snumber of entities (atoms, molecules, ions, etc.), not always atoms.",
id_0017,one kmol is approx . 6 x 1026 particles,,TRUE,,
id_0018,one mol is approx . 6.023 x 1023 particles,,TRUE,,
id_0019,the data obtained at mol / l can be also expressed as kg / l,,FALSE,"Incorrect as stated because converting mol/Lto kg/Lrequires the substance’smolar mass (and composition). Without that, molar concentration cannot be expressed as mass concentration.",
id_0020,the data obtained at mol / l can be also expressed as mmol / l,,TRUE,,
id_0021,the data obtained at kg / l cannot be also expressed as mol / l,,FALSE,Incorrect as stated because amass concentration (kg/L) can be converted to molar concentration (mol/L) if the molar mass (and composition) is known.,
id_0022,the value of mol / lis identical to the value of mmol / ml,,TRUE,,
id_0023,the value of mol / lis identical to the value of kmol / ml,,FALSE,"Incorrect as stated because 1 kmol/ml equals 10⁶ mol/L, so it is not identical to mol/L.",
id_0024,mg / ml is the unit for the density,,TRUE,,
id_0025,mg / ml is the unit for the concentration,,TRUE,,
id_0026,kg / lis not the unit for the density,,FALSE,Incorrect as stated because kg/Lis avalid unit for density (mass per volume).,
id_0027,kg / lis not the unit for the concentration,,FALSE,Incorrect as stated because kg/Lcan also express mass concentration (mass of solute per volume of solution).,
id_0028,the same units are used for the density and the concentration,,TRUE,,
id_0029,the same units are not applicable for the density and the concentration,,FALSE,"Incorrect as stated because density and mass concentration share the same dimensional unit (mass/volume), even though they describe different concepts.",
id_0030,errors of measurement can be instrument al and methodological,,TRUE,,
id_0031,errors are exclusively random and instrumental,,FALSE,"Incorrect as stated because measurement errors can be systematic or random, and can be instrumental, methodological, and personal (observer-related).",
id_0032,measurement scannot be influenced by personal error,,FALSE,"Incorrect as stated because personal/observer errors (e.g., reading/parallax, reaction time, transcription) can affect measurements.",
id_0033,an inappropriate calibration of the device results in an instrumental error,,TRUE,,
id_0034,the dimension of relat ive error is the same as the dimension (units) of the result,,FALSE,"Incorrect as stated because relative error is dimensionless (aratio), so it does not carry the units of the measured quantity.",
id_0035,the dimension of relative error is not the same as the dimension (units) of the results,,TRUE,,
id_0036,absol ute error of the measurement is expressed in per cent,,FALSE,"Incorrect as stated because absolute error is expressed in the same units as the measured quantity (e.g., mV, kg), not in percent.",
id_0037,absolute error of the measurement is not expressed in per cent,,TRUE,,
id_0038,relat ive error equals to the ratio of the absolute error and the result,,TRUE,,
id_0039,relative error is expressed in per cent,,TRUE,,
id_0040,statistical error is expressed exclusively as the absolute error,,FALSE,"Incorrect as stated because statistical error can be reported as an absolute quantity (e.g., SD, SEM) or as arelative quantity (e.g., % or coefficient of variation).",
id_0041,statistical error (of the measurement) can be expressed as both the absolute and the relative errors,,TRUE,,
id_0042,SEM ( SE) determine sthe interval in which the arithmetic mean ( average ) is never located,,FALSE,"Incorrect as stated because SEM quantifies uncertainty of the mean; it defines an interval around the sample mean in which the true mean is more likely to lie, not an interval the mean 'never' occupies.",
id_0043,SEM (SE) determines the interval in which the arithmetic mean (average ) is highly probably located,,TRUE,,
id_0044,there is over 60% probability that th earithmetic mean ( average ) is located in the interval between the mean minus SEM (SE) and the mean plus SEM,,TRUE,,
id_0045,there is below 60% probability that the arithmetic mean ( average ) is located in the interval betwen the mean minus SEM (SE) and the mean plus SEM,,FALSE,"Incorrect as stated because for anormal distribution, about 68% of sample means fall within ±1 SEM of the true mean (and confidence intervals are built from SEM), so the probability is not below 60%.",
id_0046,there is over 60% probability that the individual measurement appears in the interval between the arithmetic mean (average ) minus SD and the mean plus SD,,TRUE,,
id_0047,there is below 70% probability that the individual measurement appears in the interval between the arithmetic mean (average ) minus SD and the mean plus SD,,TRUE,,
id_0048,instrumental error of the measurement is always expressed in per cent,,FALSE,"Incorrect as stated because instrumental error is often an absolute tolerance (e.g., ±0.1 mV) and is not necessarily given as apercent.",
id_0049,random error of the measurement can be expressed in per cent,,TRUE,,
id_0050,SEM (SE) is always expressed in per cent,,FALSE,Incorrect as stated because SEM has the same units as the measured variable (unless you explicitly convert it to arelative/percent form).,
id_0051,SD can be expressed in per cent,,TRUE,,
id_0052,arithmetic mean (average ) is the most appropriate value that characterizes given quantity (at least within the normal Gauss distribution ),,TRUE,,
id_0053,arithmetic mean (average ) equals to the total (the sum) of all individual measurements (data) divided by the number of these measurements,,TRUE,,
id_0054,arithmetic mean (average ) equals to the total (the sum) of all individual measurements (data) multiplied by the number of these measurements,,FALSE,"Incorrect as stated because the arithmetic mean is the sum of all values divided by the number of values, not multiplied by it.",
id_0055,arithmetic mean (average ) is the most accurate value of each quantity,,FALSE,Incorrect as stated because the mean is not universally the 'most accurate' value; accuracy depends on bias/systematic error and the distribution/outliers.,
id_0056,arithmetic mean (average ) is the most probable value for Gauss normal distribution,,TRUE,,
id_0057,arithmetic mean (average ) never equals to the most frequently measured value,,FALSE,"Incorrect as stated because in symmetric unimodal distributions (including normal), the mean can equal the most frequent value (the mode).",
id_0058,arithmetic mean (average ) may equal to the most frequently measured value,,TRUE,,
id_0059,arithmetic mean (average ) is practicaly identical with median in the data of the normal Gauss distribution,,TRUE,,
id_0060,arithmetic mean (average ) cannot equal to median,,FALSE,"Incorrect as stated because the mean can equal the median (e.g., in symmetric distributions or some datasets).",
id_0061,arithmetic mean (average ) cannot equal to modus (mod),,FALSE,"Incorrect as stated because the mean can equal the mode in some datasets/distributions (e.g., normal distribution).",
id_0062,modus (mod) may equal to median,,TRUE,,
id_0063,modus (mod) never equ als to medi an,,FALSE,"Incorrect as stated because the mode can equal the median in many datasets (e.g., when values are symmetric or repeated centrally).",
id_0064,"modus (mod) is the „middle“ value (at least half of the values is more or equal to modus and, at the same time , at least half of the values is less or equal to modus)",,FALSE,"Incorrect as stated because the 'middle value' property describes the median, whereas the mode is the most frequent value.",
id_0065,median is the most frequent value,,FALSE,"Incorrect as stated because the median is the middle value after sorting, not necessarily the most frequent value.",
id_0066,"in the data set : 2, 2, 3, 2, 3 – the modus (mod) is 2",,TRUE,,
id_0067,"in the data set : 2, 2, 3, 2, 2 – the modus (mod) is 3",,FALSE,"Incorrect as stated because the dataset 2,2,3,2,2 has 2 as the most frequent value (mode), not 3.",
id_0068,modus (mod) is the most frequent value in the data set,,TRUE,,
id_0069,"in the data set : 2, 2, 3, 3, 2 – the medi an is 2",,TRUE,,
id_0070,"median is the „middle“ value (at least half of the values is more or equal to median and , at the same time , at least half of the values is less or equal to median)",,TRUE,,
id_0071,the calibration means to adjust the zero on the device,,FALSE,"Incorrect as stated because calibration sets the measurement scale/relationship to standards (zero and slope); merely adjusting zero is only taring/zeroing, not full calibration.",
id_0072,biosign als are all signals produced by organs and tissues within the body,,TRUE,,
id_0073,nerve impulses do not represent the biosign al,,FALSE,Incorrect as stated because nerve impulses (action potentials) are classic biosignals measurable as electrical activity.,
id_0074,nerve impulses represent the biosignal,,TRUE,,
id_0075,electromyographic signal do es not represent the biosign al,,FALSE,"Incorrect as stated because electromyography (EMG) records muscle electrical activity, which is abiosignal.",
id_0076,electromyographic signal represent sthe biosignal,,TRUE,,
id_0077,the mass of myocardium represents the biosignal,,FALSE,"Incorrect as stated because abiosignal is ameasurable variable that carries information and typically varies with time; tissue mass is astatic parameter, not asignal.",
id_0078,signal is aform of matter carrying the inform ation,,TRUE,,
id_0079,signal is aform of matter without the information,,FALSE,Incorrect as stated because asignal is defined by its capacity to convey information via aphysical quantity; 'without information' contradicts the concept of asignal.,
id_0080,electric current never represent sany signal,,FALSE,"Incorrect as stated because variations in electric current can encode information and are widely used as signals (e.g., ECG/EEG instrumentation).",
id_0081,electric current can represent the signal,,TRUE,,
id_0082,pressure never represent sany signal,,FALSE,"Incorrect as stated because pressure can encode information and be asignal (e.g., arterial blood pressure waveform).",
id_0083,pressure can represent the signal,,TRUE,,
id_0084,non-electric signal is transformed into the electrical one by transducers in order to process them using electrical equipment,,TRUE,,
id_0085,atransducer may employ the changes of electrical resistance,,TRUE,,
id_0086,atransducer never employ sthe changes of capacity,,FALSE,"Incorrect as stated because many transducers use capacitance changes (e.g., capacitive pressure/position sensors).",
id_0087,atransducer never employ sthe changes of electrical resistance,,FALSE,"Incorrect as stated because resistance-based transducers exist (e.g., strain gauges, thermistors), so they are not 'never' used.",
id_0088,atransducer may employ the changes of capacity,,TRUE,,
id_0089,the negative feedback is the information acquired by the system that „amplify“ the deflection (increases the input signal even more when the output incre ases),,FALSE,"Incorrect as stated because amplification of the deviation is the defining feature of positive feedback, not negative feedback.",
id_0090,the negative feedback is the information acquired by the system that „attenuates “ (reduces) the deflection (decreases the input signal when the output increases),,TRUE,,
id_0091,the positive feedback is the information acquired by the system that „amplify“ the deflec tion (increases the input signal even more when the output increases),,TRUE,,
id_0092,the positive feedback is the information acquired by the system that „attenuates“ (reduces) the deflection (decreases the input signal when the output increases),,FALSE,Incorrect as stated because attenuation of deviation is characteristic of negative feedback; positive feedback amplifies the deviation.,
id_0093,"the longer the period, the higher the frequency of periodic behavior",,FALSE,"Incorrect as stated because frequency is inversely proportional to period (f = 1/T), so alonger period means alower frequency.",
id_0094,"the longer the period , the lower the frequency of periodic behavior",,TRUE,,
id_0095,"the higher the amplitude ,the lower the frequency of periodic behavior",,FALSE,Incorrect as stated because amplitude and frequency are independent properties of aperiodic signal; one does not determine the other.,
id_0096,"the higher the amplitude, the higher the frequency of periodic behavior",,FALSE,Incorrect as stated because amplitude and frequency are independent properties of aperiodic signal; increasing amplitude does not inherently increase frequency.,
id_0097,"the higher the frequency, the shorter the period of periodic behavior",,TRUE,,
id_0098,"the lower the frequency, the longer the period of periodic behavior",,TRUE,,
id_0099,"the shorter the period , the higher the amplitude of periodic behavior",,FALSE,Incorrect as stated because amplitude is not determined by the period; ashorter period (higher frequency) does not imply higher amplitude.,
id_0100,"the longer the period , the lower the amplitude of periodic behavior",,FALSE,Incorrect as stated because amplitude is not determined by the period; alonger period does not imply alower amplitude.,
id_0101,"an amplifier is adevice that increases frequency of the electric voltage, electric current, or electric power",,FALSE,Incorrect as stated because an amplifier increases signal amplitude/power; it does not increase the signal frequency.,
id_0102,"if the period of signal on oscilloscope is 5 cm representing 50 ms, then the amplitude of this signal is 10 mV",,FALSE,Incorrect as stated because the period (time scale) on the oscilloscope does not determine amplitude; amplitude requires the vertical scale/voltage calibration.,
id_0103,"biosignals are being generated also by the interac tion of the organism with an external stimulus (e.g. with electromagnetic field , ioniz ing radiation , etc.)",,TRUE,,
id_0104,"acomparative method of measurement (e.g. the density using apycnometer ) is based on the measurement of given quantity on unknown sa mple and also on the sample , which characteristics (measured quantity) are known",,TRUE,,
id_0105,when we adjust zero equillibrium position of the balance (e.g. by setting it by pushing the „zero“ button) it is guaranteed that by balancing the object (e.g. by reading the mass from the display ) we get correct result,,FALSE,"Incorrect as stated because zeroing removes offset but does not correct scale errors, drift, nonlinearity, or poor calibration; results can still be wrong.",
id_0106,"using linear interpolation method, if 3 kg correspond to 6 ml and 4 kg corresponds to 8 ml, then 3.5 kg correspond to 7 ml",,TRUE,,
id_0107,it is easier to measure directly the amount of substance (in mole) than the mass,,FALSE,Incorrect as stated because amount of substance (mol) is typically obtained indirectly from mass/volume and molar mass; measuring mass directly is usually easier and more precise.,
id_0108,the accuracy of volume measurement is usually higher than the accuracy of weighing,,FALSE,"Incorrect as stated because weighing (mass measurement) is typically more accurate/precise than volume measurement for liquids, which is limited by meniscus and glassware tolerances.",
id_0109,an example of linear relationship : 3-fold input results in 3 -fold output,,TRUE,,
id_0110,an example of linear relationship : 3-fold input result sin constant output,,FALSE,Incorrect as stated because constant output despite changing input is not alinear relationship (it implies zero slope over that range).,
id_0111,an example of linear relation ship : 3-fold input results in 6-fold output,,FALSE,"Incorrect as stated because in alinear proportional relationship, scaling input by 3 scales output by 3; a 6-fold output froma 3-fold input implies achanging gain (non-proportional).",
id_0112,cell is abasic structural and functional component of living organisms,,TRUE,,
id_0113,cells can live without an interaction with the surroun dings,,FALSE,"Incorrect as stated because cells require continuous exchange with their environment (nutrients, gases, waste removal, signaling) to maintain homeostasis and survive.",
id_0114,cells cannot live without an interaction with the surroundings,,TRUE,,
id_0115,asize of the cell is approx. 0.01 μm (0 .005-0.12 μm),,FALSE,"Incorrect as stated because typical mammalian cells are on the order of ~10 µm (10⁻⁵ m), not ~0.01 µm (10⁻⁸ m).",
id_0116,asize of the cell is approx. 0.01 nm (0.005 -0.12 nm),,FALSE,Incorrect as stated because 0.01 nm is atomic-scale and far smaller than any cell.,
id_0117,asize of the cell is approx. 0.01 mm (0.005 -0.12 mm),,TRUE,,
id_0118,"basic features of living cells are metaboli sm, excitability , reprodu ction",,TRUE,,
id_0119,"basic features of living cell sare not metab olism, excitability, reproduction",,FALSE,"Incorrect as stated because metabolism, excitability (for many cells), and reproduction/growth are fundamental features of living cells.",
id_0120,the length of acell can be many times higher than the size of its cell body,,TRUE,,
id_0121,the length of acell can never be many times higher than the size of its cell body,,FALSE,"Incorrect as stated because some cells (e.g., neurons) have processes (axons) that can be orders of magnitude longer than the cell body.",
id_0122,air is not exchanged betwen the cell and the extracellul ar space,,TRUE,,
id_0123,oxygen is not exchanged betwen the cell and the extracellular space,,FALSE,Incorrect as stated because oxygen diffuses between extracellular fluid and cells and is continuously exchanged for metabolism.,
id_0124,oxygen is exchanged betwen the cell and the extracellular space,,TRUE,,
id_0125,heat is not exchanged betwen the cell and the extracellular space,,FALSE,Incorrect as stated because heat is exchanged between cells and extracellular space by conduction and convection.,
id_0126,heat is exchanged betwen the cell and the extracellular space,,TRUE,,
id_0127,the intracel lular space (cytopla sm) contain sparticularly (>100 mmol/liter ) H+ andK+,,FALSE,"Incorrect as stated because intracellularK⁺ is high (~100–150 mmol/L), but intracellularH⁺ concentration is extremely low (~40 nmol/Lat pH ~7.4), not >100 mmol/L.",
id_0128,the intracel lular space (cytopla sm) contain sparticularly (>100 mmol/liter ) Na+ and Ca+,,FALSE,"Incorrect as stated because intracellular Na⁺ is low (~5–15 mmol/L) and intracellular free Ca²⁺ is extremely low (~10⁻⁷ mol/L), not >100 mmol/L.",
id_0129,the extracel lular space (outside of the cell) contain sparticularly (> 100 mmol/liter ) Ca2+ andK+,,FALSE,"Incorrect as stated because extracellular Ca²⁺ is ~1–2 mmol/LandK⁺ is ~4–5 mmol/L, not >100 mmol/L.",
id_0130,the extracel lular space (outside of the cell ) contain sparticularly (> 100 mmol/liter ) Na+ and water,,TRUE,,
id_0131,the extracellular concentration of Na+ is several times higher than its intracellular concentration,,TRUE,,
id_0132,the extracellular concentration of Na+ is several times lower than its intracellular concentration,,FALSE,Incorrect as stated because extracellular Na⁺ concentration is higher (not lower) than intracellular Na⁺ in normal physiology.,
id_0133,intra- and extra -cellular concentrations of Cl- are identical,,FALSE,"Incorrect as stated because Cl⁻ is typically higher extracellularly than intracellularly, so the concentrations are not identical.",
id_0134,the extracellular concentration ofK+ is several times higher than its intracellular concentra tion,,FALSE,Incorrect as stated because intracellularK⁺ is much higher than extracellularK⁺; extracellularK⁺ is not higher.,
id_0135,the extracellular concentration ofK+ is several times lower than its intracellular concentration,,TRUE,,
id_0136,cholesterol is present in cell membranes,,TRUE,,
id_0137,cholesterol is not present in cell membranes,,FALSE,Incorrect as stated because cholesterol is amajor lipid component of animal cell membranes and modulates fluidity/permeability.,
id_0138,water is an eseential component of cell membranes,,FALSE,"Incorrect as stated because the membrane’sstructural matrix is primarily aphospholipid bilayer with proteins; water is the surrounding solvent, not an essential structural component of the membrane.",
id_0139,water is not an essential component of cell membranes,,TRUE,,
id_0140,prote ins are not present in cell membranes,,FALSE,"Incorrect as stated because membranes contain abundant proteins (channels, transporters, receptors, enzymes).",
id_0141,prote ins are present in cell membranes,,TRUE,,
id_0142,the cell membrane is built by one layer of phospholipidic cells,,FALSE,"Incorrect as stated because the plasma membrane is aphospholipid bilayer, not asingle layer.",
id_0143,asurface of cell membrane sis approx. 7.5 nm,,FALSE,"Incorrect as stated because 7.5 nm describes membrane thickness; membrane surface is an area (e.g., µm²), not alength in nm.",
id_0144,athickness of cell membrane sis approx. 7.5 nm,,TRUE,,
id_0145,athickness of cell membrane sis approx . 1/1000 of the size of the cell,,TRUE,,
id_0146,athickness of cell membrane sis approx . 1/10 of the size of the cell,,FALSE,"Incorrect as stated because membrane thickness (~7.5 nm) is roughly ~1/1000 of atypical cell diameter (~10 µm), not ~1/10.",
id_0147,membrane sof living cell sare electrical ly depolarized,,FALSE,"Incorrect as stated because living cells maintain an electrical polarization across the membrane (resting membrane potential), not depolarization as the baseline state.",
id_0148,membr anes of living cell sare electrically polarized,,TRUE,,
id_0149,"cell membranes contain mostly phospholipids , prote ins, molecules of sugar , cholesterol",,TRUE,,
id_0150,cell membrane sdo not contain phospholipids,,FALSE,Incorrect as stated because phospholipids are the main structural lipids forming the bilayer.,
id_0151,cell membrane sdo not contain saccharides,,FALSE,Incorrect as stated because carbohydrates are present on the extracellular membrane surface (glycoproteins/glycolipids; glycocalyx).,
id_0152,there are the intracellular membranes (cover ing the surface of organels) and plasmatic membranes (cover ing the cells ),,TRUE,,
id_0153,membr ane channels are built mostly by prote ine molecules,,TRUE,,
id_0154,membrane channels are not built by proteine molecules,,FALSE,Incorrect as stated because membrane channels are proteins (or protein complexes).,
id_0155,membr ane receptors might be made of glycoprotein molecules,,TRUE,,
id_0156,membrane receptors are never made of glycoprotein molecules,,FALSE,Incorrect as stated because many receptors are glycoproteins (protein with carbohydrate moieties).,
id_0157,"main functions of acellular membrane are : polariz ation , reprodu ction , and semipermeability",,FALSE,"Incorrect as stated because key membrane functions include barrier/compartmentalization, selective permeability/transport, electrical excitability, and signaling; reproduction is not aprimary membrane function.",
id_0158,semipermeability is an important feature of cell membranes,,TRUE,,
id_0159,polarization is an impo rtant feature of cell membranes,,TRUE,,
id_0160,cell mambrane sdo not contain genes,,TRUE,,
id_0161,cell mambrane scontain genes,,FALSE,"Incorrect as stated because genes (DNA) are located in the nucleus/mitochondria, not in the cell membrane.",
id_0162,the saline (physiological solution) is approx. 300 mOsm (300 mmol of particles / litre),,TRUE,,
id_0163,the saline (physiological solution) is approx. 300 Osm (300 mol of particles / lit re),,FALSE,"Incorrect as stated because physiological saline is ~300 mOsm (0.3 Osm), not 300 Osm.",
id_0164,the haemol ysis of RBCs ( erythrocyt es) is visible in each hypotonic environment,,FALSE,Incorrect as stated because mild hypotonicity causes swelling without necessarily causing visible hemolysis; hemolysis requires sufficiently low osmolarity to rupture RBCs.,
id_0165,the haemolysis of RBCs ( erythrocytes ) is visible in highly hypotonic solution,,TRUE,,
id_0166,RBCs ( erythrocytes ) shrink (reduce their volume) in strong hypotonic environment,,FALSE,"Incorrect as stated because in hypotonic solution RBCs take up water and swell (and may lyse), they do not shrink.",
id_0167,RBCs ( erythrocytes ) shrink (reduce their volume) in hypertonic environment,,TRUE,,
id_0168,the molar concentration of hypertonic solution is higher than the concentration of 0.9% NaCl (isotonic physiological solution - saline),,TRUE,,
id_0169,the molar concentration of hypertonic solution is lower than the concentration of 0.9% NaCl (isotonic physiological solution - saline),,FALSE,Incorrect as stated because ahypertonic solution has ahigher (not lower) osmolar/molar concentration than isotonic 0.9% NaCl.,
id_0170,the saline (physiological solution) is 9 gof NaCl / 100 ml of the solution,,FALSE,"Incorrect as stated because 0.9% saline is 0.9 g/100 ml (9 g/L), not 9 g/100 ml.",
id_0171,the saline (physiological solution) is 9 gof NaCl / 10 00 ml of the solution,,TRUE,,
id_0172,haemoly sed RBCs ( erythrocyt es) are observed as asediment ( after the sediment ation or centrifugation of samples ),,FALSE,Incorrect as stated because hemolyzed RBCs lose integrity and do not form an intact-cell sediment; hemoglobin remains in the supernatant.,
id_0173,RBCs ( erythrocytes ) are observed as asediment (after the sedimentation or centrifugation of samples ),,TRUE,,
id_0174,an oncotic pressure of protein srepresents the difference between the total osmotic pressure and the osmotic pressure of „low-molecules “ (particularly inorganic ) components in the blood plasma,,TRUE,,
id_0175,an oncotic pressure is manifested on the membrane permeable for water and small molecules,,TRUE,,
id_0176,an oncotic pressure is manifested on the membrane permeable for water and colloids,,FALSE,"Incorrect as stated because oncotic pressure requires colloids (proteins) to be effectively impermeable; if colloids cross freely, the oncotic gradient disappears.",
id_0177,an oncotic pressure is manifested on the membrane permeable for colloids,,FALSE,Incorrect as stated because oncotic pressure is not generated across membranes permeable to colloids; it depends on colloids being retained on one side.,
id_0178,edema occurs when oncotic pressure of plasma is too high,,FALSE,Incorrect as stated because high plasma oncotic pressure pulls water into the vascular space and counteracts edema formation.,
id_0179,edema occurs when oncotic pr essure of plasma is too low,,TRUE,,
id_0180,edema occurs when blood pressure is too low,,FALSE,Incorrect as stated because edema is promoted by increased capillary hydrostatic pressure or decreased oncotic pressure; low blood pressure does not drive fluid out of vessels.,
id_0181,edema occurs when blood pressure is high,,TRUE,,
id_0182,blood cells swell (expand their volume) in hypotonic solution,,TRUE,,
id_0183,blood cells swell (expand their volume) in isotonic solution,,FALSE,"Incorrect as stated because isotonic solution causes no net water movement, so RBC volume remains approximately unchanged.",
id_0184,blood cel ls swell (expand their volume) in hypertonic solution,,FALSE,"Incorrect as stated because hypertonic solution draws water out of cells, causing RBCs to shrink (crenate), not swell.",
id_0185,the ability of RBCs ( erythrocytes ) to withstand (to acertain degree) hypotonic environment is called osmotic resistance of RBCs ( erythrocytes ),,TRUE,,
id_0186,elasticity of cell membrane may contribute to osmotic resistance of RBCs ( erythrocytes ),,TRUE,,
id_0187,diffusion through membrane channels is acontinuous uninterrupted process,,TRUE,,
id_0188,diffusion through membrane channel scan be interrupted (reduced) by closing the channels,,TRUE,,
id_0189,diffusion through membrane channel sdoes not depend on the type of diffusing molecules,,FALSE,"Incorrect as stated because diffusion through membrane channels can be influenced by channel gating, membrane potential, and concentration gradients.",
id_0190,diffusion through membrane channel sdoes not depend on the type of the se channels,,FALSE,Incorrect as stated because diffusion through channels depends on the electrochemical gradient of the permeant ion or molecule.,
id_0191,diffusion through membrane channel sdepend son the type of diffusing molecules,,TRUE,,
id_0192,diffusion through membrane ch annel sdepend son the type of th ese channels,,TRUE,,
id_0193,membr ane transport is performede.g. by dif fusion,,TRUE,,
id_0194,membrane transport is performede.g. by facilitated diffusion,,TRUE,,
id_0195,carriers within the membrane facilitate the membrane transport for given substance (molecules),,TRUE,,
id_0196,carriers within the membrane reduce the membrane transport for given substance (molecules),,FALSE,Incorrect as stated because carriers facilitate (increase) specific transport; they do not inherently reduce transport.,
id_0197,"diffusion through membrane channels allows the penetration of ions, e.g. Na+, K+, Ca2+, Cl- across the membrane",,TRUE,,
id_0198,diffusion through membrane channels allows the penetration of macromolecules (e.g. proteins) across the membrane,,FALSE,Incorrect as stated because simple diffusion does not require carrier proteins; it occurs directly through the lipid bilayer.,
id_0199,facilitated diffusion allows the transport ofe.g. amino acid and protein molecules across the membrane,,FALSE,"Incorrect as stated because facilitated diffusion transports small or polar molecules (e.g., glucose, amino acids) but not large proteins across membranes.",
id_0200,diffusion through membrane channels is an active tran sport mechanism through cell membranes,,TRUE,,
id_0201,diffusion through the membrane channels is apassive transport mechanism through cell membranes,,FALSE,Incorrect as stated because active transport requires energy (often ATP) to move substances against their electrochemical gradient.,
id_0202,diffusion occurs because thermal (heat) movement of molecules,,TRUE,,
id_0203,diffusion is aspontaneous transport of the substance from the area of its lowe rconcentration to the area with its higher concentration,,FALSE,Incorrect as stated because passive transport occurs down the concentration/electrochemical gradient without energy expenditure.,
id_0204,diffusion is aspontaneous transport of the substance from the area of its higher concentration to the area with its lower concentration,,TRUE,,
id_0205,diffusion of the substance dissolved in the water depends on the membrane permeability to water molecules,,TRUE,,
id_0206,diffusion does not depend on the temperature,,FALSE,"Incorrect as stated because endocytosis and exocytosis are forms of vesicular (bulk) transport, not simple diffusion.",
id_0207,diffusion depends on the temperature,,TRUE,,
id_0208,an amount of diffused substance is proportional to the duration of diffusion,,TRUE,,
id_0209,an amount of diffused substance is not proportional to the duration of diffusion,,FALSE,Incorrect as stated because osmosis refers specifically to water movement across asemipermeable membrane driven by osmotic gradients.,
id_0210,an amount of diffused substance is proportional to the square of the surface area through which the substance diffuses,,TRUE,,
id_0211,an amount of diffused substance is proportional to the surface area through which the substance diffuses,,FALSE,"Incorrect as stated because the Na⁺/K⁺ pump moves 3 Na⁺ out and 2 K⁺ into the cell per ATP hydrolyzed, contributing to membrane potential.",
id_0212,an amount of diffused substance is inversely proportional to the concentration gradient,,TRUE,,
id_0213,an amount of diffused substance is proportional to the concentration gradient,,FALSE,"Incorrect as stated because secondary active transport uses the energy stored in an ion gradient (e.g., Na⁺ gradient), not direct ATP hydrolysis.",
id_0214,an amount of diffused substance is proportional to the distance which the substance must pass,,TRUE,,
id_0215,osmosis is reverse process to the difusion (the penetration and movement of the substance reversely than during the difusion),,TRUE,,
id_0216,osmosis requires some carriers for transport of substance sbeing dissolved,,FALSE,Incorrect as stated because uniport refers to transport of asingle substance; symport and antiport involve two substances.,
id_0217,osmosis is the diff usion being acting through the membrane,,TRUE,,
id_0218,osmosis is an active transport of water molecules only,,TRUE,,
id_0219,channels within the membrane control permeability of the membrane via opening and closing them according to the membrane potential or the receptor activity,,FALSE,"Incorrect as stated because hypertonic extracellular solution causes water efflux from the cell, leading to cell shrinkage.",
id_0220,osmosis is an active transport through cell membranes,,TRUE,,
id_0221,osmosis occurs because thermal (heat) movement of molecules,,FALSE,"Incorrect as stated because hypotonic extracellular solution causes water influx and cell swelling, not shrinkage.",
id_0222,the diffusion constant (coefficient) depends on both the composition and structure of the membrane and on the sort of diffused substance (e.g. gas),,TRUE,,
id_0223,"the diffusion constant (coefficient) depends on the sort of diffused substance , but not on the composition and structure of the membrane",,TRUE,,
id_0224,membr ane transports never work against concentration gradients,,FALSE,Incorrect as stated because ion channels allow passive transport down electrochemical gradients and do not require ATP directly.,
id_0225,membrane channels are classified as „ voltage“ or „ligand“ gated,,TRUE,,
id_0226,osmotic pressure depends on the mass of solution,,TRUE,,
id_0227,osmotic pressure depends on the number of liquid molecules,,FALSE,"Incorrect as stated because equilibrium potential for an ion depends on its concentration gradient across the membrane, described by the Nernst equation.",
id_0228,osmotic pressure depends on the volume of solution,,TRUE,,
id_0229,osmotic pressure depends on the number of dissolved molecules,,FALSE,Incorrect as stated because facilitated diffusion is saturable due to limited carrier proteins.,
id_0230,the glucose symport employs the concentration gradient of sodium ions in order to transport glucose molecules into the cell against the glucose concentration gradient,,TRUE,,
id_0231,the glucose symport employs the concentration gradient of potassium ions in order to transport glucose molecules into the cell against the glucose concentration gradient,,FALSE,Incorrect as stated because simple diffusion rate increases proportionally with concentration gradient and membrane permeability.,
id_0232,co-transports are active mechanisms of transport of molecules through the membrane utilizing the energy directly from ATP molecules,,TRUE,,
id_0233,hydrolysis of ATP usually accomp anies active transports,,FALSE,"Incorrect as stated because transport maximum (Tm) reflects saturation of carrier-mediated transport, not simple diffusion.",
id_0234,exocytosis is an active transport mechanism,,TRUE,,
id_0235,exocytosis is apassive transport mechanism,,TRUE,,
id_0236,"at synapses, release of mediator molecules is performed by exocytosis",,FALSE,"Incorrect as stated because membrane permeability varies depending on lipid solubility, size, and charge of molecules.",
id_0237,cell membrane contains either channels for Na+ or forK+,,TRUE,,
id_0238,cell membrane contains channels for both Na+ andK+,,FALSE,"Incorrect as stated because glucose transport in many cells occurs via facilitated diffusion (GLUT transporters), not simple diffusion.",
id_0239,Na+-K+ ATP -ase is the enzyme placed within intracellular membranes,,TRUE,,
id_0240,Na+-K+ ATP -ase is the enzyme placed within (at) cellular membranes,,TRUE,,
id_0241,Na+-K+ ATP -ase performs active transport of Na+ out of the cell andK+ into the cell,,FALSE,Incorrect as stated because aquaporins facilitate rapid water movement; absence of channels reduces water permeability.,
id_0242,Na+-K+ ATP -ase performs active transport ofK+ out of the cell and Na+ into the cell,,TRUE,,
id_0243,the Natrium -Potas sium pump requires ADP molecules to operate (to work),,FALSE,"Incorrect as stated because resting membrane potential results mainly fromK⁺ permeability and Na⁺/K⁺ pump activity, not equal permeability to all ions.",
id_0244,the Natrium -Potas sium pump requires action potential for its activation,,TRUE,,
id_0245,the Natrium -Potassium pump requires ATP molecules to operate (to work),,TRUE,,
id_0246,the Natrium -Potassium pump does not require action potential for its activation,,FALSE,"Incorrect as stated because membrane potential depends on relative permeabilities of ions, described by the Goldman-Hodgkin-Katz equation.",
id_0247,filtration is apassive transport through membrane sfollowing the electrochemical gradient,,TRUE,,
id_0248,filtration is apassive transport of ions through cell membrane sfollowing the gradient of concentration,,TRUE,,
id_0249,filtration is an active transport through membrane sfollowing the electrochemical gradient,,FALSE,"Incorrect as stated because depolarization decreases the magnitude of membrane potential (makes it less negative), not increases it.",
id_0250,filtration is an active transport of ions through cell membrane sfollowing the gradient of concentration,,TRUE,,
id_0251,"passive and active transports (through the membrane) require adelivery of free energy from the molecules of ATP 4) Resting membrane potential, action potential",,FALSE,Incorrect because only active transport requires ATP; passive transport occurs down electrochemical gradients without energy input.,
id_0252,any change of membrane potential represents an action potential,,FALSE,Incorrect because graded potentials and small fluctuations do not reach threshold and therefore do not produce action potentials.,
id_0253,any change of membrane potential does not lead to action potential,,TRUE,,
id_0254,membrane potential rises (shifts to positive values) during the hyperpolarization phase of action potential,,FALSE,Incorrect because hyperpolarization makes the membrane potential more negative than the resting level.,
id_0255,membrane potential decreases under the level of resting membrane potential during the hyperpolarization phase of action potential,,TRUE,,
id_0256,membrane potential shifts to 0 mV during the hyperpolarization phase of action potential,,FALSE,"Incorrect because hyperpolarization drives the potential below resting level, not toward 0 mV.",
id_0257,membrane potential exceeds the threshold during the hyperpolarization phase of action potential,,FALSE,"Incorrect because threshold is exceeded during depolarization, not hyperpolarization.",
id_0258,membrane potential rises (shifts to positive values) during the depolarization phase of action potential,,TRUE,,
id_0259,membrane potential decreases (shifts to negative values) during the depolarization phase of action potential,,FALSE,Incorrect because depolarization shifts membrane potential toward positive values.,
id_0260,action potential of neuron is approx. -70 V,,FALSE,"Incorrect because neuronal membrane potentials are in millivolts, not volts; -70 Vis physiologically impossible.",
id_0261,action potential of neuron is approx . -70 μV,,FALSE,"Incorrect because neuronal membrane potentials are approximately -70 mV, not microvolts.",
id_0262,action potential of neuron is approx . -70 mV,,TRUE,,
id_0263,action potencial is kind of general electric event of „irritable“ tissues,,TRUE,,
id_0264,action potencial is kind of general electric event of each living cell,,FALSE,Incorrect because only excitable cells generate action potentials.,
id_0265,action potential sdo not occur on non -myelinated nerve fibers,,FALSE,Incorrect because non-myelinated fibers conduct action potentials via continuous propagation.,
id_0266,action potential soccur on non -myelinated nerve fibers,,TRUE,,
id_0267,the general law (principle) “all or no thing “ does not apply to conduction along nerve fibers,,FALSE,Incorrect because the all-or-none principle applies to action potentials once threshold is reached.,
id_0268,the general law (principle) “all or no thing“ applies to conduction along nerve fibers,,TRUE,,
id_0269,the Na+-K+ ATP -ase reniews (and maintains) resting membrane potential,,TRUE,,
id_0270,the Na+-K+ ATP -ase gives rise to action potential,,FALSE,"Incorrect because action potentials result from voltage-gated ion channel activity, not direct ATPase action.",
id_0271,resting membrane potential is potencial difference measured between the inside and the outside of the cell,,TRUE,,
id_0272,intracellular space sof cell sare charged negativelly compared to extr acellular ones,,TRUE,,
id_0273,intracellular space sof cell sare charged positively compar ed to extracellular ones,,FALSE,Incorrect because intracellular space is negative relative to extracellular at rest.,
id_0274,resting membrane potencial is caused by 10 – 30 fold hi gher concentration of extracellular ions inside the cell,,FALSE,"Incorrect because resting potential results mainly from higher intracellularK⁺ and selective permeability, not higher extracellular ions inside.",
id_0275,resting membrane potencial is caused by 10 – 30 fold higher concentration of intracellular ions within the extracellular space,,FALSE,"Incorrect because resting potential arises from unequal distribution of ions and membrane permeability, not reversed concentration gradients.",
id_0276,resting membrane potential results from higher concentration of di valent cations within the extracellular space,,FALSE,"Incorrect because resting potential depends primarily onK⁺ gradient and permeability, not specifically divalent cations.",
id_0277,resting membrane potential results from higher concentration of divalent cations within the intracellular space,,FALSE,Incorrect because intracellular divalent cation concentration does not primarily determine resting potential.,
id_0278,action potential usually results from an abrupt and massive influx of Na+ ions into the cell ( natrium influx),,TRUE,,
id_0279,action potential results from efflux ofK+ ions from the cell,,FALSE,Incorrect because depolarization phase is driven mainly by Na⁺ influx; K⁺ efflux mediates repolarization.,
id_0280,action potential send with repolarization being caused by active transport of potassium into the cell,,FALSE,"Incorrect because repolarization occurs mainly due to passiveK⁺ efflux through voltage-gated channels, not active transport.",
id_0281,"the stronger the stimulus, the higher the number of action potentials",,TRUE,,
id_0282,"the stronger the stimulus , the higher the amplitude of action potencials",,FALSE,Incorrect because action potential amplitude is constant once threshold is reached (all-or-none).,
id_0283,"the stronger the stimulus , the lower the amplitude of action potencials",,FALSE,Incorrect because action potential amplitude does not depend on stimulus strength once threshold is exceeded.,
id_0284,the magnitude of action potentials depends on the stimulus strength,,FALSE,Incorrect because amplitude is constant and independent of stimulus strength.,
id_0285,the magnitude of action potentials does not depend on the stimulus strength,,TRUE,,
id_0286,the magnitude of membrane potential (e.g. generator potential or resting potential) depends on membrane conductances (permeabilit yof the membrane) and the concentration of ions,,TRUE,,
id_0287,"the magnitude of membrane potenti al (e.g. generator potential or resting potential) depends on membrane conductances (permeability of the membrane) , but not on the concentration of ions",,FALSE,Incorrect because membrane potential depends on both ion concentration gradients and membrane permeability.,
id_0288,"the magnitude of membrane potential (e.g. generator potential or resting potential) depends on the co ncentration of ions , but not on membrane conductances (permeabilit yof the membrane )",,FALSE,Incorrect because membrane potential depends on both ion concentration gradients and relative permeabilities.,
id_0289,during action potential the intracellular space gathers natrium ions (the total number of natrium ions within the cell increases),,TRUE,,
id_0290,during action potential sthe intrace llular space gathers potassium ions (the total number of potasium ions within the cell increases ),,FALSE,Incorrect because potassium ions leave the cell during repolarization phase.,
id_0291,action potential spreads along nerve fibers (muscle cells) with the same shape and magnitude,,TRUE,,
id_0292,"action potential spreads along nerve fibers (muscle cells) with the same shape , but not the same magnitude",,FALSE,Incorrect because amplitude remains constant during propagation.,
id_0293,"action potential spreads along nerve fibers (muscle cells) with the same magnitude , but not the same shape",,FALSE,Incorrect because both shape and magnitude remain constant during normal propagation.,
id_0294,action potencial propagates in myelinated fibers by „jumping“ (asaltatory transmission),,TRUE,,
id_0295,actio npotencial propagates in non-myelinated fibers by „jumping“ (asaltatory transmission),,FALSE,Incorrect because saltatory conduction occurs only in myelinated fibers; non-myelinated fibers conduct continuously.,
id_0296,conduction velocity of action potential sin nerve fibers is inversely proportional to their diameter (thickness),,FALSE,Incorrect because conduction velocity increases with increasing fiber diameter.,
id_0297,conduction velocity of action potential sin non-myelinated nerve fibers is inversely proportional to their diameter (thickness),,FALSE,Incorrect because in non-myelinated fibers conduction velocity increases with diameter.,
id_0298,conduction velocity of action potentials in non-myelinated nerve fibers are usually lower than in myelinated fibers,,TRUE,,
id_0299,saltatory propagation of action potential salong nerves is performed by neurotransmiters,,FALSE,"Incorrect because saltatory conduction is due to electrical propagation between Ranvier nodes, not neurotransmitters.",
id_0300,"the longer the internods (stages between the Ranvier nodes) , the faster the conduction velocity of action potentials along myelinated nerve fibers",,TRUE,,
id_0301,conduction velocity of action potentials depends on stimulus intensity,,FALSE,"Incorrect because conduction velocity depends on fiber properties (diameter, myelination), not stimulus strength.",
id_0302,conduction velocity of action potentials does not depend on stimulus intensity,,TRUE,,
id_0303,conduction velocity of action potentials in myelinated fibers is lower than in non- myelinated fibers,,FALSE,Incorrect because myelination increases conduction velocity.,
id_0304,"the thinner the nerve fiber , the lower the speed of propagation of actio npotentials",,TRUE,,
id_0305,"the thicker the nerve fiber , the faster the propagation of action potentials",,TRUE,,
id_0306,conduction velocity of action potentials is identical during both orthodromic and antidromic propagations,,TRUE,,
id_0307,conduction velocity of action potentials is not ident ical during orthodromic and antidromic propagations,,FALSE,"Incorrect because propagation speed depends on membrane properties, not direction.",
id_0308,during the refractory period of action potential the excitability of the nerve membrane is reduced ( potentially this membrane is not excitable at all),,TRUE,,
id_0309,during the refractory period of action potential the excitability of the nerve membrane is increased,,FALSE,Incorrect because excitability decreases during refractory period.,
id_0310,during the relative refractory period of action potential the mebrane is not excitable (irritable) at all,,FALSE,Incorrect because during the relative refractory period astronger stimulus can still trigger an action potential.,
id_0311,during the relative refractory period of action potential the re is increased mebrane excitab ility (irritab ility),,FALSE,"Incorrect because excitability is reduced, not increased, during relative refractory period.",
id_0312,action potencials are transmitted at synapse by “jumping“ the Ranvier nodes (saltatory transmission),,FALSE,"Incorrect because saltatory transmission occurs along myelinated axons, not across synapses; synaptic transmission is chemical or electrical, not saltatory.",
id_0313,postsynaptic potencials are transmitted at synapse by “jumping“ the Ranvier nodes (saltatory transmission),,FALSE,Incorrect because postsynaptic potentials are local graded responses at the postsynaptic membrane and are not propagated by saltatory conduction.,
id_0314,chemical synapses allow both directions of neural transmission,,FALSE,Incorrect because chemical synapses are functionally unidirectional due to presynaptic transmitter release and postsynaptic receptor localization.,
id_0315,chemical synapses allow only one direction of neural transmission,,TRUE,,
id_0316,polarization of the subsynaptic mem brane at excitatory synapse increases during the transmission of the signal,,FALSE,"Incorrect because excitatory synaptic transmission decreases polarization (causes depolarization), making the membrane potential less negative.",
id_0317,polarization of the subsynaptic membrane at excitatory synapse decre ases during the transmission of the signal,,TRUE,,
id_0318,polarization of the subsynaptic membrane at inhibitory synapse increases during the transmission of the signal,,TRUE,,
id_0319,activation of inhibitory synapse does not result in an occurence of action potential son the postsynaptic neuron,,FALSE,Incorrect because inhibitory input can be overridden by simultaneous excitatory inputs and an action potential may still occur if threshold is reached.,
id_0320,activation of inhibitory synapse can result in an occurence of action potential son the postsynaptic neuron,,TRUE,,
id_0321,activation of excitatory synapse never result sin an occurence of action potential son the postsynaptic neuron,,FALSE,Incorrect because sufficient excitatory input can depolarize the postsynaptic membrane to threshold and generate an action potential.,
id_0322,postsynaptic potentials represent local gradual (stepwise) electrical response (of membrane),,TRUE,,
id_0323,postsynaptic potentials can represent local depolarization of postsynaptic membrane,,TRUE,,
id_0324,postsynaptic potentials can represent local hyperpolarization of postsynaptic membrane,,TRUE,,
id_0325,postsynaptic potentials are counted up exclusively by temporal summation,,FALSE,Incorrect because postsynaptic potentials can summate both temporally and spatially.,
id_0326,postsynaptic potentials are counte dup exclusively by spatial summation,,FALSE,Incorrect because postsynaptic potentials can summate both spatially and temporally.,
id_0327,progressive depolarization of cellular membrane sdue to activation of several excitatory synapses represents spatial summation,,TRUE,,
id_0328,progressive depolarization of cellular membrane sdue to activation of several excitator ysynapses represents temporal summa tion,,FALSE,"Incorrect because activation of several different synapses represents spatial, not temporal, summation.",
id_0329,progressive hyper polarization of cellular membrane sdue to activation of several excitatory synapses represents spatial summation,,FALSE,"Incorrect because excitatory synapses produce depolarization, not hyperpolarization.",
id_0330,progressive hyperpolarization of cellular membrane sdue to activation of several inhibitory synapses represents spatial summation,,TRUE,,
id_0331,progressive depolar ization of cellular membrane sdue to activation of the same excitatory synapse represents temporal summation,,TRUE,,
id_0332,progressive hyperpolar ization of cellular membrane sdue to activation of th esame inhibitory synapse represents temporal summation,,TRUE,,
id_0333,progressive depolarization of cellular membrane sdue to activation of the same excita tory synapse represents spatial summation,,FALSE,"Incorrect because repeated activation of the same synapse represents temporal, not spatial, summation.",
id_0334,progressive hyperpolarization of cellular membrane sdue to activation of the same inhibitory synapse represents spatial summation,,FALSE,Incorrect because repeated activation of the same synapse represents temporal summation.,
id_0335,postsynaptic potentials are excitatory when membrane permeability for Na+ decreases,,FALSE,Incorrect because excitatory postsynaptic potentials are typically caused by increased Na⁺ permeability.,
id_0336,postsynaptic potentials are inhibitory when membrane permeability for Na+ decreases,,TRUE,,
id_0337,postsynaptic potentia ls are inhibitory when membrane permeability for Cl- decreases,,FALSE,Incorrect because increased Cl⁻ permeability usually causes inhibitory hyperpolarization.,
id_0338,postsynaptic potentials are excitatory when membrane permeability for Cl- decreases,,FALSE,Incorrect because decreased Cl⁻ permeability does not directly produce excitation; excitation usually involves increased Na⁺ permeability.,
id_0339,postsynaptic potentials do not contribute to either temporal or spatial summation,,FALSE,Incorrect because postsynaptic potentials are the basis of both temporal and spatial summation.,
id_0340,"there are axo-axonal, axo -dendritic, and axo-somatic synapses",,TRUE,,
id_0341,there are no axo-axonal synapses,,FALSE,Incorrect because axo-axonal synapses exist and often modulate neurotransmitter release.,
id_0342,there are no axo-somatic synapses,,FALSE,Incorrect because axo-somatic synapses are common and influence action potential initiation.,
id_0343,there are axo-somatic synapses,,TRUE,,
id_0344,there are axo-axonal synapses,,TRUE,,
id_0345,hyperpolarization increases the efficiency of synaptic transmission,,FALSE,Incorrect because hyperpolarization generally reduces the likelihood of reaching threshold and decreases excitability.,
id_0346,synaptic transmission is based mostly upon action of chemical mediators,,TRUE,,
id_0347,synaptic transmission is not based upon action of chemical mediators,,FALSE,Incorrect because most synapses are chemical and rely on neurotransmitter release.,
id_0348,synaptic transmission is based upon action of Na and Kions,,FALSE,"Incorrect because although ions mediate membrane potential changes, synaptic transmission is primarily initiated by neurotransmitter release.",
id_0349,mediators are usually released from the presynaptic membrane,,TRUE,,
id_0350,mediators are usually not released from the postsynaptic membrane,,TRUE,,
id_0351,mediators are usually not released from the subsynaptic membrane,,TRUE,,
id_0352,mediators are usually released from the postsynaptic membrane,,FALSE,Incorrect because neurotransmitters are released from the presynaptic terminal.,
id_0353,mediators are usually released from the subsyna ptic membrane,,FALSE,"Incorrect because neurotransmitters are released from presynaptic vesicles, not the subsynaptic membrane.",
id_0354,mediators bind on the voltage gated channels of the postsynaptic membrane,,FALSE,"Incorrect because neurotransmitters bind to ligand-gated receptors orG-protein coupled receptors, not voltage-gated channels.",
id_0355,mediators bind mainly on receptors of the subsynaptic membrane,,TRUE,,
id_0356,binding of neurotransmitters on receptors of subsynaptic membrane can result in opening of ligand -gated ion channels,,TRUE,,
id_0357,binding of neurotransmitters on receptors of subsynaptic membrane can result in activation ofG -protein (the 2nd messenger),,TRUE,,
id_0358,synaptic transmission results in opening of voltage -gated ion channels on the postsynaptic neuron,,FALSE,Incorrect because synaptic transmission primarily opens ligand-gated channels on the postsynaptic membrane.,
id_0359,neurotrans miters affect particularly membrane potencial of the postsynaptic neuron,,TRUE,,
id_0360,"neurotransmitters are eliminated from the synaptic cleft by diffusion, by re -uptake back to the presynaptic neuron, or they are metabolized (chemically deactivated)",,TRUE,,
id_0361,glutamate and glycine are typical excitatory neurotransmitters,,FALSE,Incorrect because glycine is typically inhibitory in the central nervous system.,
id_0362,GABA is akind of typical inhibitory neurotransmitter,,TRUE,,
id_0363,acetylcholine and glycine are typical excitatory neurotransmitters,,FALSE,Incorrect because glycine is inhibitory in most central synapses.,
id_0364,glutamate is akind of typical inhibitory neurotransmitter,,FALSE,Incorrect because glutamate is the principal excitatory neurotransmitter in the central nervous system.,
id_0365,GABA and glycine are typical inhibitory neurotransmitters,,TRUE,,
id_0366,Ca2+ is neurotransmitter of synaptic transmission from motor nerve fiber sto the muscle cells (at the neuromuscular junction),,FALSE,Incorrect because acetylcholine is the neurotransmitter at the neuromuscular junction; Ca²⁺ triggers its release but is not the transmitter.,
id_0367,Ca2+ is typical neurotransmitter of synaptic transmission in brain,,FALSE,"Incorrect because Ca²⁺ acts as an intracellular messenger and trigger for release, not as the synaptic neurotransmitter.",
id_0368,local electric event (e.g. the end plate potential) conforms to the “all or no thing “ law,,FALSE,Incorrect because end plate potentials are graded responses and their amplitude depends on stimulus intensity.,
id_0369,"local electric event (e.g. the depolarization during EPSP ) does not conform to the “all or no thing “ law, its magnitude depends on „stimulus intensity“",,TRUE,,
id_0370,one motor unit of skeletal muscle contracts due to activation of one motoneuron,,TRUE,,
id_0371,one motor unit of cardiac muscle contracts due to activation of one related motoneuron,,FALSE,Incorrect because cardiac muscle is not organized into motor units controlled by motoneurons; it has intrinsic pacemaker activity.,
id_0372,amplitude of action potential at skeletal muscle cells depends on the intensity of stimulus,,FALSE,Incorrect because action potential amplitude follows the all-or-none principle.,
id_0373,high concentratio nof Ca2+ in the sarcoplasm is required for transmission of action potential sfrom the nerve to the muscle,,FALSE,"Incorrect because Ca²⁺ release into sarcoplasm is required for contraction, not for transmission of the action potential itself.",
id_0374,high concentration of Ca2+ in the sarcoplasm is not required for transmission of action potentials from the nerve to the muscle,,TRUE,,
id_0375,myocardium can no tbe activated without special conductive nerve fibres at all,,FALSE,Incorrect because myocardium has intrinsic pacemaker activity and can be activated independently of external nerves.,
id_0376,"myocardium can be activated directly, e.g. by an electric impulse",,TRUE,,
id_0377,resting membrane potential of myocardial cells depends particularly on concentration gradient of Ca2+,,FALSE,Incorrect because resting membrane potential depends mainly onK⁺ gradient and permeability.,
id_0378,"the weaker the stim ulus, the lower the depolarization or hyperpolarization of irritable membranes (local graded responses)",,TRUE,,
id_0379,"the stronger (more vigorous) the stimulus, the higher the depolarization or hyperpolarization of irritable membranes (local gradual responses)",,TRUE,,
id_0380,"the stronger (more vigorous) the stimulus, the lower the depolarization or hyperpolarization of irritable membranes (local graded responses)",,FALSE,Incorrect because graded responses increase in magnitude with stronger stimulus.,
id_0381,duration of action potential in skeletal muscle cell and the cell of myocardium is similar and markedly shorter than action potential duration in smooth muscle cells,,FALSE,Incorrect because cardiac action potentials are markedly longer than skeletal muscle action potentials.,
id_0382,duration of action potential in skeletal muscle cell is usually markedly shorter than action potential duration in smooth muscle cell,,TRUE,,
id_0383,duration of action potential in skeletal muscle cell is usually marked ly shorter than action potential duration in cardiac muscle ce ll,,TRUE,,
id_0384,duration of action potential in skeletal muscle cell is usually markedly longer than action potential duration in smooth muscle cell,,FALSE,Incorrect because skeletal muscle action potentials are shorter than those in smooth muscle.,
id_0385,duration of action potential in skeletal muscle cell is usually markedly longer than action potential duration in cardiac muscle cell,,FALSE,Incorrect because cardiac muscle action potentials are longer than skeletal muscle action potentials.,
id_0386,Prepotential is akind of gradual hyperpolarization of cell membrane sof conductive heart system due to alterations in parmeability of channels within these membranes,,FALSE,"Incorrect because prepotential represents gradual depolarization, not hyperpolarization.",
id_0387,Prepo tential is akind of gradual depolarization of cell membrane sof conductive heart system due to alterations in parmeability of channels within these membranes,,TRUE,,
id_0388,Prepotential is gradual depolarization of cell membrane sof conductive heart system (particulal rly the Sinoatrial node) resulting in an occurence of action potential,,TRUE,,
id_0389,"conductive system of heart consists of Sinoatrial node (SA), Atrio -ventricular node (AV), Tawar bundle, left and right Hiss straps, and Purkyne fibres",,FALSE,Incorrect because the correct terminology is His bundle and Tawara branches.,
id_0390,"conductive system of heart con sists of Sinoatrial node (SA), Atrio -ventricular node (AV), Hiss bundle, left and right Tawar straps, and Purkyne fibres",,TRUE,,
id_0391,depolarization propagates from the Atrioventricular node (AV) to atrias and ventricles in healthy adult heart,,FALSE,"Incorrect because depolarization normally starts in the SA node, not the AV node.",
id_0392,depolarization propag ates from the Sinoatrial node (SA) to atrias and via conductive system also to ventricles in healthy adult heart 6) Muscle,,TRUE,,
id_0393,an individual action potential of muscle cell evokes one shortlasting contraction – “single muscle twitch“,,TRUE,,
id_0394,several action poten tials of muscle cell during ashort period of time are required to evoke one shortlasting contraction – “single muscle twitch“,,FALSE,Incorrect because asingle action potential can evoke asingle twitch in skeletal muscle.,
id_0395,temporal summation of muscle contraction always results in its isotonic contraction,,FALSE,Incorrect because temporal summation can result in either isotonic or isometric contraction depending on load conditions.,
id_0396,temporal summation of muscle contraction always results in its iso metric contraction,,FALSE,"Incorrect because contraction type depends on load and muscle conditions, not summation itself.",
id_0397,incomplete (unfused) tetanus always results in iso metric contraction of the muscle,,FALSE,"Incorrect because contraction type (isometric or isotonic) depends on load conditions, not on whether tetanus is fused or unfused.",
id_0398,incomplete (unfused) tetanus always results in iso tonic contraction of the muscle,,FALSE,Incorrect because incomplete tetanus may be either isometric or isotonic depending on external load.,
id_0399,recruitment of additional motor units res ults in strengthening of muscle contraction,,TRUE,,
id_0400,recruitment of additional motor units results in contraction of additional muscle cells,,TRUE,,
id_0401,"lower frequency of skeleton muscle stimulation results in “wave“ incomplete (unfused) tetanus, higher frequency of stimu lation results in“smooth“ complete (fused) tetanus",,TRUE,,
id_0402,"lower frequency of skeleton muscle stimulation results in “smooth“ complete (fused) tetanus, higher frequency of stimulation results in “wave“ incomplete (unfused) tetanus",,FALSE,"Incorrect because low stimulation frequency produces unfused tetanus, while high frequency produces fused tetanus.",
id_0403,"superposition and summation of skeleton muscle twitches (possibly resulting in tetanus) are produced by two or more stimuli, which closely follow each other",,TRUE,,
id_0404,superposition and summation of skeleton muscle twitches (possibly resulting in tetanus) are produced by spatial summation of stimuli from several motoneurons,,FALSE,Incorrect because tetanus results from temporal summation due to repeated stimulation of the same motor unit.,
id_0405,muscle cells respond to stimulation by action potentials,,TRUE,,
id_0406,muscle cells respond to stimulation by contraction,,TRUE,,
id_0407,action potentials of muscle cell sactivate biochemical processes leading to the muscle contraction,,TRUE,,
id_0408,action potentials of muscle cell sdo not lead to muscle contraction,,FALSE,Incorrect because muscle action potentials trigger Ca2+ release which initiates contraction.,
id_0409,motor units of skeletal muscles are determined by the number of myofibrils within the muscle fiber,,FALSE,Incorrect because amotor unit is defined by one motoneuron and all muscle fibers it innervates.,
id_0410,motor units of skeletal muscles are determined by the number of sarcomeres within the muscle fiber,,FALSE,"Incorrect because motor units depend on neural innervation, not sarcomere number.",
id_0411,motor units of skelet al muscles are determined by the number of muscle fiber sthat are innervated by the particular motoneuron,,TRUE,,
id_0412,refractory periods of skeletal and cardiac muscles are short (sompared to that for smooth muscle),,FALSE,Incorrect because cardiac muscle has along refractory period.,
id_0413,refractory periods of smooth and cardiac muscles are short (compared to that for skeletal muscle),,FALSE,Incorrect because skeletal muscle has the shortest refractory period.,
id_0414,refractory periods of skeletal muscle are short (compared to those for cardiac and smooth muscles),,TRUE,,
id_0415,action potentials (depolarization) of muscle cell release Ca2+ into the intracellular space,,TRUE,,
id_0416,action potentials (depolarization) of muscle cell release Ca2+ from the sarcoplasmic reticulum into the cell,,TRUE,,
id_0417,action potentials (depolarization) of muscle cell release Ca2+ from the sarcoplasmic reticulum into the extracellular space (out of cells),,FALSE,"Incorrect because Ca2+ is released into the cytoplasm from sarcoplasmic reticulum, not outside the cell.",
id_0418,action potentials (depolarization) of muscle cell releases ATP from the sarcoplasmic reticulum into the cell,,FALSE,Incorrect because ATP is not released from the sarcoplasmic reticulum; Ca2+ is released.,
id_0419,action potentials (depolarization) of muscle cell releases ATP from the sarcoplasmic reticulum into the extracellular space (out of cells),,FALSE,Incorrect because ATP is not released from the sarcoplasmic reticulum during action potentials.,
id_0420,"Ca2+ being required for muscle contraction, is stored within the sarcoplasmic reticulum and tubular system",,TRUE,,
id_0421,Ca2+ has to be pumped out of the intracellular space into the sarcoplasmic reticulum and tubular system in order to contract the muscle,,FALSE,Incorrect because Ca2+ release into cytoplasm initiates contraction; pumping it back terminates contraction.,
id_0422,Ca2+ is actively transported (from intracellular space) in to the sarcoplasmatic reticulum and tubular system by Ca2+ pump,,TRUE,,
id_0423,the sarcoplasmic reticulum and tubular system release Ca2+ only after hyperpolarization of these structures,,FALSE,"Incorrect because Ca2+ release follows depolarization, not hyperpolarization.",
id_0424,the sarcoplasmi creticulum and tubular system release Ca2+ only after depolarization of these structures,,TRUE,,
id_0425,ATP molecules are required for Actin and Troponin molecules to „wedge“ into each other (contraction),,FALSE,"Incorrect because contraction results from interaction of actin and myosin; ATP binds to myosin heads, not troponin wedging.",
id_0426,generally Ca2+ are required for contraction of muscle cell,,TRUE,,
id_0427,Ca2+ is an activator of muscle contraction by means of its interaction with Troponin (resulting in exposed binding spots of contraction elements),,TRUE,,
id_0428,Ca2+ is an activator of muscle contraction by means of its interaction with Actin (resulting in altered conf ormation of Actinomyosin),,FALSE,"Incorrect because Ca2+ binds to troponin, not directly to actin.",
id_0429,Na+ is not an activator of muscle contraction,,TRUE,,
id_0430,K+ is an activator of muscle contraction by means of its interaction with Troponin (resulting in exposed binding spots of contraction elements),,FALSE,"Incorrect because Ca2+, notK+, activates contraction via troponin.",
id_0431,termination of muscle contraction is provided by depletion of ATP,,FALSE,Incorrect because ATP depletion causes rigor; relaxation requires Ca2+ removal.,
id_0432,termination of muscle contraction is provided by „draining“ (pumping out) Ca2+ from the intracellular space,,TRUE,,
id_0433,ATP -dependent „pump“ Ca2+ ATP -ase „pumps“ Ca2+ into the sarcoplasmic reticulum resulting in rigor mortis,,FALSE,"Incorrect because rigor mortis results from ATP depletion, not from Ca2+ pumping.",
id_0434,so called “plateau“ of cardiac action potentials is caused mainly by Ca2+ influx,,TRUE,,
id_0435,so called “plateau“ of cardiac action potentials is caused mainly by Ca2+ efflux,,FALSE,Incorrect because plateau phase is due mainly to Ca2+ influx throughL-type channels.,
id_0436,contraction of heart requires rapid increase of Ca2+ concentration in the sarcoplasm,,TRUE,,
id_0437,contrac tion of heart does not require rapid increase of Ca2+ concentration in the sarcoplasm,,FALSE,Incorrect because cardiac contraction depends on increased intracellular Ca2+ concentration.,
id_0438,myofibrils are randomly arranged in muscle fibre,,FALSE,Incorrect because myofibrils are highly organized in parallel alignment.,
id_0439,myofibrils contain in series aligned (arranged) sarcomeres,,TRUE,,
id_0440,myofibril scontain contractile proteins Actin and Trop onin,,FALSE,Incorrect because main contractile proteins are actin and myosin; troponin is regulatory.,
id_0441,myofibrils contain contractile proteins Actin and Myosin,,TRUE,,
id_0442,during skeletal muscle contraction the „heads“ of Troponin molecules shift Actin filaments,,FALSE,Incorrect because myosin heads pull actin filaments; troponin is regulatory.,
id_0443,interaction of Myosin and Troponin results in muscle contraction,,FALSE,Incorrect because contraction results from interaction between myosin and actin.,
id_0444,interaction of Myosin and Actin results in muscle contraction,,TRUE,,
id_0445,myocardium (the heart muscle ) is not cross stripped,,FALSE,Incorrect because cardiac muscle is striated.,
id_0446,myocardium (the heart muscle) is cross stripped,,TRUE,,
id_0447,"smooth muscle is not cross stripped, its contraction is slower and longer lasting comparing with skeletal muscle",,TRUE,,
id_0448,"cardiac muscle is not cross stripped, its contraction is slower and longer lasting comparing with skeletal muscle",,FALSE,Incorrect because cardiac muscle is striated.,
id_0449,"skeletal and smooth muscles are primarily controlled by the nerve system, but neura lcontrol does not participate in the function of cardiac muscle",,FALSE,Incorrect because cardiac muscle is modulated by autonomic nervous system.,
id_0450,neural control participates in regulation of cardiac and smooth muscles,,TRUE,,
id_0451,neural control participates in regulation of cardiac and skeletal muscles,,TRUE,,
id_0452,neural control does not participate in regulation of cardiac and smooth muscles,,FALSE,Incorrect because autonomic nerves regulate both cardiac and smooth muscles.,
id_0453,"cardiac muscle is not controled voluntarily, but skeletal and smooth muscles are under the voluntary control",,FALSE,Incorrect because smooth muscle is not under voluntary control.,
id_0454,cardiac and skeletal muscles are completely out of voluntary control,,FALSE,Incorrect because skeletal muscle is under voluntary control.,
id_0455,smooth and skeletal muscles are completely out of voluntary control,,FALSE,Incorrect because skeletal muscle is voluntary.,
id_0456,cardiac and smooth muscles are out of voluntary control,,TRUE,,
id_0457,"cells of cardiac muscle are jointed with Intercalar discs , which enhance synchronization (and speed ) of heart contraction",,TRUE,,
id_0458,"cells of cardiac muscle are not jointed with Intercalar discs , which would slow down heart con traction",,FALSE,Incorrect because cardiac cells are connected by intercalated discs.,
id_0459,cardiac and skeletal muscles are simillar each other because they content Intercalar discs,,FALSE,Incorrect because only cardiac muscle contains intercalated discs.,
id_0460,cardiac and smooth muscles usually work as aSyncytium (coordinated network of cells),,TRUE,,
id_0461,"cells of smooth muscles are jointed with the „gap junction“ typ eof interconnections, which allow spreading of action potentials and spreading of contraction from one cell to another",,TRUE,,
id_0462,"cells of skeletal muscles are jointed with the „gap junction“ type of interconnections, which allow spreading of action potentials and spreading of contraction from one cell to another 7) Respiration",,FALSE,Incorrect because skeletal muscle fibers are individually innervated and not connected by gap junctions.,
id_0463,"amount of gas dissolved in liquid is directly proportional to the partial pressure of this gas, and its coefficient of solubility ( the Henry law)",,TRUE,,
id_0464,"amount of gas dissolved in liquid is inversely proportional to the partial pressure of this gas, and its coefficient of solubility ( the Henry law)",,FALSE,"Incorrect because according to Henry’slaw, dissolved amount is directly proportional to partial pressure.",
id_0465,"the higher the partial pressure of the gas over the liquid, the higher the amount of this gas dissolved in the liquid",,TRUE,,
id_0466,the amount of O₂ dissolve din 1 lof blood can never exceed 3 ml,,FALSE,Incorrect because dissolved oxygen amount depends on partial pressure and can exceed that value under high pressure conditions.,
id_0467,the amount of O₂ dissolved in 1 lof blood can exceed 3 ml,,TRUE,,
id_0468,the amount of CO₂ dissolved (physically) in blood is several fold higher than the amount of oxygen in spite of lower partial pressure of CO₂,,TRUE,,
id_0469,the amount of O₂ dissolved (physically) in blood is several fold higher than the amount of CO₂ due to higher partial pressure of CO₂,,FALSE,Incorrect because CO₂ is more soluble than O₂ in blood.,
id_0470,coefficient of CO₂ solubility in blood is several times higher than the coefficient for O₂,,TRUE,,
id_0471,coefficient of CO₂ solubility in blood is several times lower than the coefficient for O₂,,FALSE,Incorrect because CO₂ has higher solubility than O₂ in blood.,
id_0472,majority of oxygen in blood is transported „chemically“ bound to haemoglobin,,TRUE,,
id_0473,majority of oxygen in blood is transported „physically“ dissolved in plasma,,FALSE,Incorrect because most oxygen is bound to hemoglobin.,
id_0474,majority of CO₂ does not create chemical co mpounds in blood,,FALSE,Incorrect because most CO₂ forms bicarbonate and carbamino compounds in blood.,
id_0475,diffusion can completely compensate oxygen supply to tissues during significantly reduced perfusion of lung tissue,,FALSE,Incorrect because adequate oxygen delivery requires both diffusion and sufficient perfusion; diffusion alone cannot compensate for markedly reduced pulmonary blood flow.,
id_0476,oxygen is transported by blood „physically “ dissolved in blood (plasma) and also „chemically“ bound to haemoglobin,,TRUE,,
id_0477,oxygen is transported by blood exclusively as „physically“ dissolved,,FALSE,Incorrect because the majority of oxygen is transported chemically bound to haemoglobin.,
id_0478,oxygen is transported by blood exclusively as „chemically“ bound to haemoglobin,,FALSE,Incorrect because asmall but physiologically important fraction of oxygen is transported dissolved in plasma.,
id_0479,pulmonary surfactant lowers surface tension between the air and the liquid in alveoli,,TRUE,,
id_0480,pulmonary surfacta nt raises the surface tension between the air and the liquid in alveoli,,FALSE,Incorrect because surfactant reduces surface tension to prevent alveolar collapse.,
id_0481,total pressure of gas mixture (gases do not chemically interact) equals to the sum of partial pressures of the mixture components (the Dalton law),,TRUE,,
id_0482,total volume of gas mixture is expressed by the Dalton law,,FALSE,"Incorrect because Dalton’slaw concerns total pressure, not total volume.",
id_0483,total temperature of gas mixture is expressed by the Dalton law,,FALSE,"Incorrect because Dalton’slaw relates to pressure summation, not temperature.",
id_0484,"percentage and volume fraction of O₂, CO₂, N2 in the alveolar air is not reduced by the presence of water vapours (comparing with atmosphere)",,FALSE,Incorrect because water vapour in alveolar air reduces the fractional concentrations of other gases.,
id_0485,"percentage an dvolume fraction of O₂, CO₂, N2 in the alveolar air is affected by the presence of water vapours (comparing with atmosphere)",,TRUE,,
id_0486,partial pressure of oxygen in alveol iapproximately equals to the partial pressure of oxygen at venous end of pulmonary capillar ies,,FALSE,Incorrect because alveolar PO₂ is higher than venous PO₂ to allow diffusion into blood.,
id_0487,pressure gradient of oxygen diffusion in lungs is approximately 8 kPa,,TRUE,,
id_0488,pressure gradient of oxygen diffusion in lungs is approximately 8 torr,,FALSE,Incorrect because 8 torr is far smaller than the physiological oxygen diffusion gradient (~8 kPa ≈ 60 mmHg).,
id_0489,pressure gradient of CO₂ diffusion in lungs is approximately 0.8 kPa,,TRUE,,
id_0490,pressure gradient of CO₂ diffusion in lungs is approximately 0.8 torr,,FALSE,Incorrect because 0.8 torr is much smaller than the normal CO₂ diffusion gradient (~0.8 kPa ≈ 6 mmHg).,
id_0491,partial pressure of CO₂ in alveol iis during normal breathing approximately 0.53 kPa (4 mmHg),,TRUE,,
id_0492,partial pressure of CO₂ in venous blood is during normal breathing approximately 0.53 kPa (4 mmHg),,FALSE,Incorrect because venous PCO₂ is higher (≈6 kPa or 46 mmHg).,
id_0493,partial pressure of oxygen in arterial blood is lower than that in the atmosphere or in the air within the airways,,TRUE,,
id_0494,partial pressure of oxygen in venous blood is lower than that in the atmosphere or in the air within the airways,,TRUE,,
id_0495,partial pressure of oxygen in respiratory sys tem does not change,,FALSE,Incorrect because oxygen partial pressure progressively decreases from atmosphere to alveoli to tissues.,
id_0496,partial pressure of oxygen in arterial blood equals to partial pressure of carbon dioxide in the atmosphere,,FALSE,Incorrect because arterial PO₂ (~13 kPa) does not equal atmospheric PCO₂ (~0.04 kPa).,
id_0497,oxygen diffuses through alveolocapillary membrane from pulmonary alveol iinto pulmonary capillaries because partial pressure of the air in alveol iis higher than its pressure in venous blood,,TRUE,,
id_0498,carbon dioxide diffuses through alveolocapillary membrane from pulmonary capillaries into pulmonary alveol ibecause partial pressure of carbon monooxide is higher in pulmonary capillaries,,FALSE,"Incorrect because CO₂ diffuses due to higher partial pressure of CO₂ in capillaries, not carbon monoxide.",
id_0499,"partial pressures ofN 2, O₂, and CO₂ can be calculated according to the Dalton law",,TRUE,,
id_0500,difusion of oxygen from pulmonary alveol ito pulmonary capillaries through alveolocapillary membrane does not depend on the thickness of this membrane,,FALSE,Incorrect because diffusion rate depends inversely on membrane thickness (Fick’slaw).,
id_0501,difusion of oxygen from pulmonary alveol ito pulmonary capillaries through alveolocapillary membrane depends on the thickness of this membrane,,TRUE,,
id_0502,oxygen is transported between lungs and tissues by the respiratory system,,TRUE,,
id_0503,difusion of CO₂ in lungs is facilitated by reve rse difusion of oxygen in lungs ( the Dalton law),,FALSE,"Incorrect because diffusion of each gas depends on its own partial pressure gradient, not on reverse diffusion of another gas.",
id_0504,difusion of CO₂ in lungs does not depend on the difusion of oxygen in lungs,,TRUE,,
id_0505,difusion of oxygen in lungs does not depend on the difusion of CO₂ in lungs,,TRUE,,
id_0506,"internal respiration (at cellular level) involves difusion, perfusion, and distribution",,TRUE,,
id_0507,"internal respiration (at cellular level) requires proper functions of external respiration, heart, and blood vessels",,TRUE,,
id_0508,quiet respiration in adults supplies the body with approximately 2500 ml of O₂ and releases from the body approximately 2000 ml of CO₂ every minute,,FALSE,Incorrect because normal oxygen consumption is about 250 ml/min and CO₂ production about 200 ml/min.,
id_0509,quiet respiration in adults supplies the body with approximately 250 ml of O₂ and releases from the body approximately 200 ml of CO₂ every minute,,TRUE,,
id_0510,"external respiration involves ventilation, distribution, diffusion, and perfusion",,TRUE,,
id_0511,"external respiration involves 3 processes: ventilation, distribution, and diffusion",,FALSE,Incorrect because perfusion is also part of external respiration.,
id_0512,external respiration is performed exclusively by lungs,,FALSE,Incorrect because it involves lungs and pulmonary circulation.,
id_0513,external respiration is not performed exclusively by lungs,,TRUE,,
id_0514,"diffusion of O₂ and CO₂ follows their pressure gradients at alveolocapillary membrane, at walls of blood capillaries, and at cell membranes of tissues",,TRUE,,
id_0515,difusion coefficient of CO₂ is approximately 20 times lower than difusion coefficient of O₂,,FALSE,Incorrect because CO₂ diffuses about 20 times more readily than O₂.,
id_0516,difusion coefficient of O₂ is approximately 20 times lower than difusion coefficient of CO₂ 8) Ventil ation,,TRUE,,
id_0517,the air flows into lungs during inspiration due to positive intrathoracic pressure produced by respiratory muscles,,FALSE,Incorrect because inspiration requires negative intrathoracic pressure relative to atmosphere.,
id_0518,the air flows into lungs during inspiration due to negat ive intrathoracic pressure (compared to the atmospheric pressure) produced by respiratory muscles,,TRUE,,
id_0519,intrapulmonary pressure has to be lower than the atmospheric pressure in order to accomplish inspiration,,TRUE,,
id_0520,intrapulmonary pressure has to be higher than the atmospheric pressure in order to accomplish inspiration,,FALSE,"Incorrect because higher pressure would cause expiration, not inspiration.",
id_0521,expiratory airflow in the airways is not produced by the pressure difference,,FALSE,Incorrect because airflow always depends on pressure gradients.,
id_0522,expiratory airflow in the airways is produced by the pressure difference,,TRUE,,
id_0523,during quiet breathing both pleural and int rapulmonary pressures are always negative (compared to atmospheric pressure),,FALSE,Incorrect because intrapulmonary pressure alternates around atmospheric pressure.,
id_0524,during quiet breathing both pleural and intrapulmonary pressures are always positive (compared to atmospheric pressure),,FALSE,Incorrect because pleural pressure is normally negative.,
id_0525,during quiet breathing pleural pressure is always negat ive and intrapulmonary pressure is always positive (compared to atmospheric pressure),,FALSE,Incorrect because intrapulmonary pressure alternates slightly above and below atmospheric pressure.,
id_0526,during quiet breathing pleural pressure is always positive and intrapulmonary pressure is always negative (compared to atmospheric pressure),,FALSE,Incorrect because pleural pressure is negative during quiet breathing.,
id_0527,pleural pressure during quiet breathing is always negative (compared to atmospheric pressure),,TRUE,,
id_0528,pleural pressure during quiet breathing is always positive (compared to atmospheric pressure),,FALSE,Incorrect because pleural pressure remains negative in normal quiet breathing.,
id_0529,pleural pressure reaches -1 kPa at the end of quiet expiration,,TRUE,,
id_0530,pleural pressure does no treach -1 kPa at the end of quiet expiration,,FALSE,Incorrect because pleural pressure is approximately -1 kPa at end-expiration.,
id_0531,"during forceful inspiration and expiration, pleural and intrapulmonary pressures are alternately negative and positive (compared to atmospheric pressure)",,TRUE,,
id_0532,intrapulmonary pressure decreases during the course of expiration,,FALSE,Incorrect because intrapulmonary pressure increases during expiration.,
id_0533,intrapulmonary pressure increases during inspiratory -expiratory transition,,TRUE,,
id_0534,pleural pressure is higher than the atmospheric pressure at the beginning of inspiration,,FALSE,Incorrect because pleural pressure is negative relative to atmospheric pressure.,
id_0535,"during inspiration, negative intrapulmonary pressure leads to the positi ve value of pleural pressure",,FALSE,Incorrect because pleural pressure remains negative during inspiration.,
id_0536,quiet expiration is performed by elatic recoil of lungs and chest and by apassive shift of the diaphragm upwards,,TRUE,,
id_0537,quiet (eupneic) inspiration and expiration are performed by contraction of the diaphragm and abdominal musc les,,FALSE,Incorrect because quiet expiration is passive and does not require abdominal muscle contraction.,
id_0538,during inspiration the diaphragm is actively moving downwards,,TRUE,,
id_0539,airflow within the airways is measured inl / min (possibly in ml / s),,TRUE,,
id_0540,airflow within the airways is not measured inl (possibly in ml),,TRUE,,
id_0541,tidal volume is not measured inl / min (possibly in ml / s),,TRUE,,
id_0542,tidal volume is measured inl (possibly in ml),,TRUE,,
id_0543,inspiratory air volume depends on inspiratory airflow and the duration of inspiration,,TRUE,,
id_0544,inspiratory air volume depends on inspiratory airflow,,TRUE,,
id_0545,inspiratory air volume depends on the dura tion of inspiration,,TRUE,,
id_0546,ventilation is performed by rhythmic activation and relaxation of smooth muscles,,FALSE,Incorrect because ventilation depends mainly on striated respiratory muscles.,
id_0547,ventilation is performed by rhythmic activation and relaxation of striated muscles,,TRUE,,
id_0548,"during inspiration, volume of the chest decreases and volume of th elungs increases",,FALSE,Incorrect because both chest and lung volumes increase during inspiration.,
id_0549,"during expiration , volume of the chest decreases and volume of the lungs increases",,FALSE,Incorrect because both chest and lung volumes decrease during expiration.,
id_0550,the most important inspiratory muscle is musculus intercostales externi,,FALSE,Incorrect because the diaphragm is the primary and most important inspiratory muscle.,
id_0551,the most important inspiratory muscle is the diaphragm,,TRUE,,
id_0552,distribution is repr esented particularly by mixing of inhaled air with the air which remained in the airways and the lungs after expiration,,TRUE,,
id_0553,quiet expiration is produced by contraction of abdominal muscles,,FALSE,Incorrect because quiet expiration is passive and mainly due to elastic recoil.,
id_0554,"during forceful expiration, abdominal muscles usually contract",,TRUE,,
id_0555,transition from inspiration to expiration is initiated (generated) by neurons in the brain,,TRUE,,
id_0556,spontaneous breathing is possible without action of neuron sin the brain,,FALSE,Incorrect because breathing rhythm is generated by respiratory centers in the brainstem.,
id_0557,airflow in the airways is affected also by lung compliance and airway resistance,,TRUE,,
id_0558,airflow in the airways is not affected by lung compliance at all,,FALSE,Incorrect because lung compliance influences volume changes and airflow dynamics.,
id_0559,airflow in the airways is not affected by airway resistance,,FALSE,Incorrect because airflow is inversely related to airway resistance.,
id_0560,the Paralelogram illustrates function of the diaphragm and abdominal muscles,,FALSE,Incorrect because the parallelogram model illustrates intercostal muscle function.,
id_0561,the Paralelogram illustrates respiratory function of intercostal muscles,,TRUE,,
id_0562,the Hering model of breathing illustrates also effects of high negative and positive pressures on filling of large veins in the chest,,TRUE,,
id_0563,bronchoconstriction (e.g. in asthma bronchiale) makes breathing more difficult because of lower compliance of lungs,,FALSE,"Incorrect because bronchoconstriction increases airway resistance, not primarily lowers compliance.",
id_0564,bronchoconstriction (e.g. in asthma bronchiale) makes breathing easier because of lower compliance of lungs,,FALSE,Incorrect because bronchoconstriction increases resistance and makes breathing harder.,
id_0565,bronchoconstriction (e.g. in asthma bronchiale) makes breathing more difficult because of lower airways resistance,,FALSE,Incorrect because bronchoconstriction increases airway resistance.,
id_0566,bronchoc onstriction (e.g. in asthma bronchiale) makes breathing more difficult because of higher airways resistance,,TRUE,,
id_0567,lung compliance is expressed in kPa / N,,FALSE,Incorrect because lung compliance is expressed as volume change per pressure change (e.g. l/kPa).,
id_0568,lung compliance is expressed inl / kPa,,TRUE,,
id_0569,anatomical dea dspace is approximately 250 ml in healthy adu lts,,FALSE,Incorrect because anatomical dead space in adults is approximately 150 ml.,
id_0570,anatomica ldea dspace is approximately 150 ml in healthy adults,,TRUE,,
id_0571,anatomica ldea dspace is not approximately 350 ml in healthy adults,,TRUE,,
id_0572,anatomical dea dspace is the volume of inhaled air that does not reach alveols during inspiration,,TRUE,,
id_0573,"air volume wit hin bronchi after the inspiration represents apart of anatomical dea dspace 9) Volumes and capacities , spirometry",,TRUE,,
id_0574,tidal volume (VT) in adult sis approx. 0.5 l,,TRUE,,
id_0575,tidal volume (VT) in adults is approx. 0.5 ml,,FALSE,"Incorrect because tidal volume in adults is about 500 ml (0.5 l), not 0.5 ml.",
id_0576,tidal volume (VT) is the volume of air inhaled during quiet inspiration,,TRUE,,
id_0577,tidal volume (VT) is not the volume of air inhaled during quiet inspiration,,FALSE,Incorrect because tidal volume is defined as air inhaled during quiet inspiration.,
id_0578,tidal volume (VT) is the volume of air exhaled during quiet expiration,,TRUE,,
id_0579,inspiratory reserve volume (IRV) in adult sis approx. 2500 ml,,TRUE,,
id_0580,inspir atory reserve volume (IRV) is the volume of air that is inspired with maximum effort,,FALSE,"Incorrect because IRV is maximum inspiration after quiet inspiration, not total maximum inspiration.",
id_0581,inspiratory reserve volume (IRV) is the volume of air that is inspired with maximum effort after quiet expiration,,FALSE,Incorrect because IRV is measured after quiet inspiration.,
id_0582,inspiratory reserve volume (IRV) is the volume of air that is inspired with maximum effort after quiet inspiration,,TRUE,,
id_0583,inspiratory reserve volume (IRV) in adult sis approximately 500 ml,,FALSE,"Incorrect because IRV is approximately 2500 ml, not 500 ml.",
id_0584,inspiratory reserve volume (IRV) is greater than expiratory reserve volume (ERV) in adults,,TRUE,,
id_0585,exspiratory reserve volume ( ERV) in adult sis approximately 500 ml,,TRUE,,
id_0586,exspiratory reserve volume (ERV) in adults is approximately 1000 ml,,FALSE,Incorrect because ERV is approximately 500 ml in adults.,
id_0587,exspiratory reserve volume (ERV) is the volume of air that is exhaled with maximum effort after quiet inspiration,,FALSE,Incorrect because ERV is measured after quiet expiration.,
id_0588,exspiratory reserve volume (ERV) is the volume of air that is exhaled with maximum effort after quiet expiration,,TRUE,,
id_0589,exspiratory reserve volume (ERV) in adults is greater than tidal volume (VT),,TRUE,,
id_0590,exspiratory capacity (EC) is the volume of air that is exhaled with maximum effort after quiet expiration,,TRUE,,
id_0591,exspiratory capacity (EC) is the volume of air that is exhaled with maximum effort after quiet inspiration,,FALSE,Incorrect because EC is measured after quiet expiration.,
id_0592,inspiratory capacity (IC) = tidal volume (VT) + inspiratory reserve volume (IRV),,TRUE,,
id_0593,inspiratory capacity (IC) is the volume of air that is inhaled with maximum effort after the quiet expiration,,TRUE,,
id_0594,inspiratory capacity (IC) is the volume of air that is inhaled with maximum effort after quiet inspiration,,FALSE,Incorrect because IC is measured after quiet expiration.,
id_0595,vital capacity of lungs (VC) = tidal volume (VT) + inspiratory reserve volume (IRV) + expiratory capacity (EC),,TRUE,,
id_0596,vital capacity of lungs is the volume of air that is exhaled after maximum inspiration,,TRUE,,
id_0597,vital capacity of lungs is the volume of air that is exhaled with maximum effort after maximum inspiration,,TRUE,,
id_0598,vital capacity in adu lts is typically 3 l,,FALSE,Incorrect because average adult vital capacity is closer to 4–5 l.,
id_0599,vital capacity in adults is typically 4 l,,TRUE,,
id_0600,vital capacity of lungs includes also functional residual capacity (FRC),,FALSE,"Incorrect because FRC includes residual volume, which is not part of vital capacity.",
id_0601,vital capacity in females is usually greater than that in males,,FALSE,Incorrect because males generally have greater vital capacity due to larger lung size.,
id_0602,vital capacity of lungs = residual volume (RV) + expiratory reserve volume (ERV) + inspiratory reserve volume (IRV) + tidal volume (VT),,FALSE,Incorrect because vital capacity does not include residual volume.,
id_0603,functional residual capacity (FRC) = expiratory reserve volume (ERV) + residual volume (RV),,TRUE,,
id_0604,functional residual capacity (FRC) is the volume of air in lungs after quiet expiration,,TRUE,,
id_0605,residual volume (RV) is the volume of air within lungs after quiet expiration,,FALSE,Incorrect because residual volume remains after maximum expiration.,
id_0606,residual volume (RV) is the volume of air within lungs after the maximum expiration,,TRUE,,
id_0607,residual volume (RV) = collapse air (400 ml) + minimum air (800 ml),,TRUE,,
id_0608,collapse air is the volume of air that cannot be removed from lungs,,TRUE,,
id_0609,minimum air (minimum volume) is volume remaining in lungs after bilateral pneumothorax,,TRUE,,
id_0610,in order to measure vital capacity patient is asked to take maximum inspiration after maximum expir ation and then to breathe quietly into the spirometer,,FALSE,Incorrect because vital capacity requires maximal expiration after maximal inspiration.,
id_0611,the Hering model of breathing allows to illustrate the Müller maneuver by reduction of the model volume (maximum expiratory pressure),,FALSE,Incorrect because Müller maneuver demonstrates maximum inspiratory effort.,
id_0612,the Müller maneuver demonstrates maximum inspiratory effort (ma ximum inspiratory pressure),,TRUE,,
id_0613,the Valsalv maneuver demonstrates maximum expiratory effort (maximum expiratory pressure),,TRUE,,
id_0614,the Hering model of breathing allows to illustrate the Valsalv manoeuver by maximum pull on the membrane and increasing of the model volume (maximum inspiratory pressure),,FALSE,"Incorrect because Valsalva demonstrates expiratory effort, not inspiratory.",
id_0615,total lung capacity (TLC) is the sum of 4 main lung volumes,,TRUE,,
id_0616,functional residual capacity (FRC) can not be measured by spirometer,,TRUE,,
id_0617,functional residual capacity (FRC) can be measure dby spirometer,,FALSE,Incorrect because FRC includes residual volume and cannot be measured by simple spirometry.,
id_0618,tidal volume can be measure dby spirometer,,TRUE,,
id_0619,tidal volume cannot be measured by spirometer,,FALSE,Incorrect because tidal volume is measurable by spirometry.,
id_0620,vital capacity of lungs can be measure dby spirometer,,TRUE,,
id_0621,vital capacity of lungs can not be measured by spirometer,,FALSE,Incorrect because vital capacity is measurable by spirometry.,
id_0622,residual volume can be measured by spirometer,,FALSE,Incorrect because residual volume cannot be measured by simple spirometry.,
id_0623,residual volum ecannot be measured by spirometer,,TRUE,,
id_0624,spirometer (with recording system) is not able to measure the dynamic parameters of breathing (e.g. FEV 1),,FALSE,Incorrect because spirometry can measure dynamic parameters like FEV1.,
id_0625,spirometer (with recording system) is able to measure some of the dynamic parameters of breathing (e.g. FEV 1),,TRUE,,
id_0626,spirometer can measure (at least some of) static param eters of breathing,,TRUE,,
id_0627,minute ventilation = tidal volume xnumber of breaths per minute (respiratory rate) i.e. MV = VT . f,,TRUE,,
id_0628,minute ventilation depends on the depth of breathing more than on the respira tory rate (number of breaths per minute),,FALSE,Incorrect because minute ventilation depends equally on tidal volume and respiratory rate.,
id_0629,minute ventilation in adults is approx. 350 ml/min during quiet breathing,,FALSE,Incorrect because normal minute ventilation is about 6–8 l/min.,
id_0630,minute ventilation represents the volume of air exchanged in the alveolar space,,FALSE,Incorrect because minute ventilation includes dead space ventilation.,
id_0631,minute ventilation equals alveolar ventilation,,FALSE,Incorrect because alveolar ventilation excludes dead space.,
id_0632,minu te ventilation does not equal alveolar ventilation,,TRUE,,
id_0633,minute ventilation can be calculated as number of breaths per minute (respiratory rate) multipl ied by alveolar ventilation,,FALSE,Incorrect because minute ventilation equals respiratory rate multiplied by tidal volume.,
id_0634,alveolar ventilation = minute ventilation – dead space (dea dvolume),,FALSE,Incorrect because alveolar ventilation equals minute ventilation minus dead space multiplied by respiratory rate.,
id_0635,density of blood is lower than density of plasma,,FALSE,"Incorrect because blood contains formed elements (mainly erythrocytes), which increase its density above that of plasma.",
id_0636,density of blood is higher than density of plasma,,TRUE,,
id_0637,density of blood is lower than density of red blood cells,,TRUE,,
id_0638,density of red blood cells is lower than density of blood,,FALSE,Incorrect because erythrocytes are denser than whole blood due to high hemoglobin concentration.,
id_0639,density of healthy human blood is about 1060 g / l,,TRUE,,
id_0640,some diseases lead to significantly altered blood density,,TRUE,,
id_0641,all disease slead to significantly altered blood density,,FALSE,Incorrect because many diseases do not significantly change blood density.,
id_0642,"if density of blood is higher than density of copper sulphate solution, the „drop‘ of this blood travels to the surface of the solution",,FALSE,"Incorrect because asubstance denser than the solution sinks, not rises.",
id_0643,"if density of blood is lower than density of copper sulphate solution, the „drop“ of this blood travels to the surface of the solution",,TRUE,,
id_0644,"if density of blood is lower than density of copper sulphate solution, the „drop“ of this blood sinks in the solution",,FALSE,Incorrect because aless dense substance floats rather than sinks.,
id_0645,"if density of blood is higher than density of copper sulphate solution, the „drop“ of this blood sinks in the solution",,TRUE,,
id_0646,diffusion of O₂ and CO₂ occurs commonly with the filtration of water and nutritio ns in blood capillaries,,TRUE,,
id_0647,"diffusion of O₂ and CO₂ occurs in blood capillaries , but there is no filtration of water and nutritions",,FALSE,Incorrect because both gas diffusion and filtration of water and solutes occur in capillaries.,
id_0648,"filtration of water and nutritions occur sin blood capillaries, there is no O₂ and CO₂ diffusion there",,FALSE,Incorrect because capillaries allow both nutrient/water exchange and gas diffusion.,
id_0649,"in blood capillaries there is exchange of either water or nutritions, not both",,FALSE,"Incorrect because capillaries allow simultaneous exchange of water, nutrients, gases, and waste products.",
id_0650,"waste products of metabolism are resorbed in veins, not in capillaries",,FALSE,Incorrect because metabolic waste products diffuse into blood primarily at the capillary level.,
id_0651,waste products of metabolism are resorbed in capillaries,,TRUE,,
id_0652,"waste products of metabolism are resorbed in capillaries, not in veins",,TRUE,,
id_0653,„collecting“ blood system is composed of veins and lymphatic vessels,,TRUE,,
id_0654,oedema (tissue swelling) is an accum ulation of liquid particularly within the cells of upper part of the body,,FALSE,"Incorrect because oedema is accumulation of fluid in the interstitial (extracellular) space, not inside cells.",
id_0655,oncotic pressure participates on filtration of water from the intravascular to the extravascular space,,FALSE,Incorrect because oncotic pressure opposes filtration and promotes reabsorption into capillaries.,
id_0656,high blood pressure within the venous system increases the chance of oedem aformation,,TRUE,,
id_0657,decrease of oncotic pressure (particularly due to lower content of plasmatic albumins within the plasma) reduces the chance of oedema,,FALSE,Incorrect because decreased oncotic pressure promotes oedema formation.,
id_0658,decrease of oncotic pressure (particularly due to lower content of plasmatic albumins within the plasma) increases the chance of oedema,,TRUE,,
id_0659,increase of capillary vessel spermeability decreases the chance of oedema formation,,FALSE,Incorrect because increased permeability enhances fluid leakage and oedema formation.,
id_0660,decrease of the lymph drain increases the chance of oedema formation,,TRUE,,
id_0661,decrease of the lymph drain decreases the chance of oedema formation,,FALSE,Incorrect because impaired lymph drainage promotes oedema.,
id_0662,viscosity of blood is lower than viscosity of water,,FALSE,Incorrect because blood is more viscous than water due to cells and plasma proteins.,
id_0663,viscosity of blood is higher than viscosity of water,,TRUE,,
id_0664,viscosity of honey is higher than viscosity of blood,,TRUE,,
id_0665,viscosity of honey is lower than viscosity of blood,,FALSE,Incorrect because honey is significantly more viscous than blood.,
id_0666,viscosity of blood can be affect ed by pathological processes,,TRUE,,
id_0667,viscosity of blood cannot be affected by pathological processes,,FALSE,Incorrect because hematocrit and plasma proteins alter viscosity in disease.,
id_0668,blood flow does not depend on viscosity of blood,,FALSE,"Incorrect because according to Poiseuille’slaw, flow is inversely proportional to viscosity.",
id_0669,blood flow depend salso on viscosity of blood,,TRUE,,
id_0670,blood flow depends solely on viscosity of blood,,FALSE,Incorrect because blood flow depends on pressure gradient and vessel radius in addition to viscosity.,
id_0671,viscosity of liquids chara cteriz es internal friction (among molecules) of liquids,,TRUE,,
id_0672,viscosity characterizes external friction of an object,,FALSE,Incorrect because viscosity describes internal resistance to flow within fluids.,
id_0673,viscosity does not characterize gravity interactions among molecules,,TRUE,,
id_0674,viscosity of blood is determined by permeability of blood vessels,,FALSE,"Incorrect because viscosity depends on blood composition, not vessel permeability.",
id_0675,viscosity of blood is not determined by permeability of blood vessels,,TRUE,,
id_0676,"viscosity of „complex“ liquids (colloids, blood, etc.) is affected by the speed of the liquid flow",,TRUE,,
id_0677,"viscosity of „complex“ liquids (colloids, blood, etc.) is not affec ted by the speed of the liquid flow",,FALSE,Incorrect because non-Newtonian fluids like blood show flow-dependent viscosity.,
id_0678,viscosity of water is affected by the speed of its flow,,FALSE,Incorrect because water is aNewtonian fluid with constant viscosity.,
id_0679,viscosity of plasma is affected by the speed of its flow,,FALSE,Incorrect because plasma behaves approximately as aNewtonian fluid.,
id_0680,decrease of viscosity of flowing liquid may result in occurence of turbulences,,TRUE,,
id_0681,decrease of viscosit yof flowing liquid reduces the chance of turbulences,,FALSE,Incorrect because lower viscosity increases Reynolds number and turbulence risk.,
id_0682,increase of viscosity of flowing liquid reduces the chance of occurence of turbulences,,TRUE,,
id_0683,"the higher the viscosity , the lower the blood flow",,TRUE,,
id_0684,"the lower the viscosity , the lower the blood flow",,FALSE,Incorrect because lower viscosity increases blood flow.,
id_0685,blood viscosity is about 4.5 -fold higher than viscosity of distilled water,,TRUE,,
id_0686,blood viscosity does not depend on the temperature,,FALSE,Incorrect because viscosity decreases with increasing temperature.,
id_0687,blood viscosity depends on the temperature,,TRUE,,
id_0688,viscosity does not depend on the concentration of dissolved substances,,FALSE,Incorrect because higher concentration of cells or proteins increases viscosity.,
id_0689,viscosity depends on the concentration of dissolved substances,,TRUE,,
id_0690,narrowing of blood vessel may result in occurence of turbulence within the blood stream,,TRUE,,
id_0691,speed of blood in the vessel is inversely proportional to the cross -section area of the vessel in accordance wit hthe Equation of Continuity,,TRUE,,
id_0692,speed of blood in the vessel is proportional to the cross -section area of the vessel in accord ance with the Equation of Continuity,,FALSE,Incorrect because velocity is inversely proportional to cross-sectional area.,
id_0693,speed of blood in the vessel is proportional to the density of blood according to the Equa tion of Continuity,,FALSE,Incorrect because density is not part of the continuity equation.,
id_0694,speed of blood in the vessel is inversely proportional to the density of blood according to the Equation of Continuity,,FALSE,Incorrect because density is not included in the continuity relationship for incompressible flow.,
id_0695,"the higher the Reynold ’snumber , the higher the probability for turbulent flow (e.g. of blood)",,TRUE,,
id_0696,"the higher the Reynold ’snumber , the lower the probability for turbulent flow (e.g. of blood)",,FALSE,Incorrect because higher Reynolds number increases turbulence likelihood.,
id_0697,"sound phenomenons, which occurs during blood flow are caused by the turbulent blood flow",,TRUE,,
id_0698,"sound phenomenons, which occurs during blood flow are caused by the laminar blood flow",,FALSE,Incorrect because laminar flow is silent; turbulence produces sound.,
id_0699,mean speed of blood flow within the aorta is 0.03 m/s,,FALSE,Incorrect because average aortic velocity is about 0.3 m/s.,
id_0700,blood flow is inversely proportional to the pressure gradient,,FALSE,Incorrect because blood flow is directly proportional to pressure gradient.,
id_0701,blood flow is proportional to the pressure gradient (at least for laminar flow),,TRUE,,
id_0702,elasticity of arteries is lower than elasticity of veins,,FALSE,Incorrect because arteries are more elastic than veins.,
id_0703,elasticity of arteries is higher than elasticity of veins,,TRUE,,
id_0704,elasticity of arteries supports blood flow also during the heart diastole,,TRUE,,
id_0705,blood flow during the diastole is maintained by inertia (momentum) of blood,,FALSE,Incorrect because elastic recoil of arteries maintains diastolic flow.,
id_0706,blood flow within any circulator ysystem requires pressure gradient,,TRUE,,
id_0707,blood flow within any circulatory system requires inertia (momentum) of blood,,FALSE,"Incorrect because sustained flow depends on pressure gradient, not inertia alone.",
id_0708,elasticity of blood vessels increase sefficiency of the heart,,TRUE,,
id_0709,higher elasticity of blood vessels reduces efficiency of the heart,,FALSE,Incorrect because elastic arteries reduce cardiac workload.,
id_0710,the “ high pressure vessel system“ is represented by aorta and arteries,,TRUE,,
id_0711,the resistive blood circuit represents arteriol es regulating vascular resistance by their vasoconstric tion (vasodilatation),,TRUE,,
id_0712,the resistive blood circuit represents blood capillaries regul ating vascular resistance by their vasoconstriction (vasodilatation),,FALSE,"Incorrect because arterioles, not capillaries, regulate resistance.",
id_0713,diffusion of molecules in the diffusive blood circuit (capillaries ) is regul ated by contraction of smooth muscles in the capillary wall,,FALSE,Incorrect because capillaries lack smooth muscle and cannot actively constrict.,
id_0714,diffusion rate in capillaries is affected by vasoconstriction very little,,TRUE,,
id_0715,the speed of blood flow in capillaries is approximately 1 m/s,,FALSE,Incorrect because capillary flow velocity is very low (~0.001 m/s).,
id_0716,"blood flow is proportional to pressure gradient, blood viscosity, and inversely proportional to the resistance of arterioles",,FALSE,Incorrect because blood flow is inversely proportional to viscosity.,
id_0717,the speed of blood flow in capilla ries is higher than the speed of blood flow in arteries,,FALSE,"Incorrect because total cross-sectional area of capillaries is large, reducing velocity.",
id_0718,the speed of blood flow in capillaries is lower than the speed of blood flow in arteries,,TRUE,,
id_0719,"blood pressure during systole is maintained by elasticity of arteries 11) Blood pressure, heart",,FALSE,"Incorrect because elasticity maintains pressure during diastole, not systole.",
id_0720,heart functionally represents two simultaneously working pumps,,TRUE,,
id_0721,heart represent only one pump with 2 outputs (systemic and pulmonary) – 1 ventricle,,FALSE,Incorrect because the heart has two separate ventricles functioning as two pumps.,
id_0722,in healthy adults at rest systolic (stroke) volume (SV) is approx. 70 ml,,TRUE,,
id_0723,systolic (stroke) volumes of left and right ventricles are essentially the same,,TRUE,,
id_0724,systolic (stroke) volume (SV) of left ventricle is higher than SV of right ventricle,,FALSE,Incorrect because both ventricles eject equal stroke volumes under normal conditions.,
id_0725,systolic (stroke) volume (SV) of right ventricle is higher than SV of left ventricle,,FALSE,Incorrect because both ventricles pump equal volumes in steady state.,
id_0726,diastolic (end -diastolic) volume of heart is smaller than its systolic volume (SV),,FALSE,Incorrect because end-diastolic volume is larger than stroke volume.,
id_0727,diastolic (end -diastolic) volume of ventricle is higher than its systolic volume,,TRUE,,
id_0728,end-systolic volume of ventricles is practically zero,,FALSE,Incorrect because ventricles are not completely emptied during systole.,
id_0729,end-systolic volume of ventricles is not zero (ventricles are not com pletely empty at the end of systole),,TRUE,,
id_0730,minute heart volume (MV) = diastolic volume ( DV) xheart rate (the number of pulses per minute or frequency of heart / min),,FALSE,Incorrect because cardiac output equals stroke volume multiplied by heart rate.,
id_0731,minute heart volume (MV) = systolic (stroke) volume (SV) xheart rate (the number of pulses per minute or frequency of heart / min),,TRUE,,
id_0732,minute heart volume (MV) = systolic (stroke) volume (SV) xrespiratory rate (the number of breaths per minute),,FALSE,"Incorrect because cardiac output depends on heart rate, not respiratory rate.",
id_0733,"right heart is filled during diastole, left heart during the time between diastole and systole",,FALSE,Incorrect because both ventricles fill during diastole.,
id_0734,"left heart is filled during diastole, right heart during the time between diastole and systole",,FALSE,Incorrect because both sides fill simultaneously during diastole.,
id_0735,the wall of the right ventricle is about thr ee times thicker than the wall of the left ventricle,,FALSE,Incorrect because left ventricle wall is thicker.,
id_0736,the wall of the right ventricle is about three times thinner than the wall of the left ventricle,,TRUE,,
id_0737,the wall of the left ventricle is about three times thicker than the wall of the right ventricle,,TRUE,,
id_0738,heart in healthy adult pumps approx. 5 litre of blood per minute at rest through the system ic circulation,,TRUE,,
id_0739,heart in heal thy adult pumps approx. 5 litre of blood per minute at rest through the pulmonary circulation,,TRUE,,
id_0740,flow rate through pulmonary circulation is higher than flow rate through systemic circulation,,FALSE,Incorrect because both circulations have equal flow rates in steady state.,
id_0741,flow rate through pulmonary circulation is lower than flow rate through systemic circulation,,FALSE,Incorrect because both circulations pump the same volume per minute.,
id_0742,flow rates through pulmonary and systemic circulation are practically equal,,TRUE,,
id_0743,trained heart (e.g. in sportsmen) beats at rest faster and at lower systolic volume – it is more efficient than non -trained heart,,FALSE,Incorrect because trained hearts beat slower and eject larger stroke volumes.,
id_0744,trained heart beats at rest slower and at higher systolic volume – it is more efficient than non-trained heart,,TRUE,,
id_0745,contraction of heart myocardium requires instant increase of potasium concentration within the sarcoplasm,,FALSE,Incorrect because contraction requires increased intracellular calcium.,
id_0746,contraction of heart myocardium requires instant increase of sodium concentration within the sarcoplasm,,FALSE,Incorrect because sodium influx triggers depolarization but calcium rise triggers contraction.,
id_0747,contraction of heart myocardium requires instant increase of calcium concentration within the sarcoplasm,,TRUE,,
id_0748,"during systole, right ventricle works several fold harder than left ventricle",,FALSE,Incorrect because left ventricle works against much higher systemic pressure.,
id_0749,"during systole, left ventricle works several fold harder than right ventricle",,TRUE,,
id_0750,pressure gradient of large bloodstream (systemic circulation) is approx . 100 kPa,,FALSE,"Incorrect because systemic pressure gradient is about 100 mmHg (≈13 kPa), not 100 kPa.",
id_0751,pressure gradient in the pulmonary circulation is approx. 30 kPa (4 mm Hg),,FALSE,"Incorrect because pulmonary gradient is about 15–20 mmHg (≈2–3 kPa), and 30 kPa is far too high.",
id_0752,pressure gradient of large bloodstream (systemic circulation) is approx. 100 torr,,TRUE,,
id_0753,pressure gradient of large bloodstream (systemic circulation) is approx. 15 kPa,,TRUE,,
id_0754,pressure gradient of large bloodstream (systemic circulation) is approx. 15 torr,,FALSE,Incorrect because 15 torr (~2 kPa) is far below systemic arterial pressure.,
id_0755,pressure gradient in the pulmonary circulation is approx. 4 kPa,,TRUE,,
id_0756,pressure gradient in the pulmonary circulation is approx. 30 torr,,TRUE,,
id_0757,typical value of systolic blood pressure within the right ventricle is about 4.6 kPa,,TRUE,,
id_0758,typical value of systolic blood pressure within the right ventricle is about 4.6 torr,,FALSE,"Incorrect because right ventricular systolic pressure is about 25 mmHg (~4.6 kPa), not 4.6 torr.",
id_0759,typical values of systolic blood pressure within heart atria are almost as high as those in ventricles,,FALSE,Incorrect because atrial pressures are much lower than ventricular pressures.,
id_0760,typical values of diastolic pressure within heart ventricles are approx. 0 kPa,,TRUE,,
id_0761,typical values of diastolic pressure within heart ventricles are approx. 0 torr,,TRUE,,
id_0762,typical values of diastolic pressure within heart atria are negative,,FALSE,Incorrect because atrial pressures are usually slightly positive relative to atmospheric pressure.,
id_0763,"typical values of diastolic pressure within the left atrium are slightly positive, in the right atrium they are slightly negative",,TRUE,,
id_0764,typical values of syst olic blood pressure within the left ventricle (and in the aorta) are about 16 mm Hg (16 torr),,FALSE,"Incorrect because normal systolic pressure is about 120 mmHg (~16 kPa), not 16 mmHg.",
id_0765,typical values of systolic blood pressure within the left ventricle (and in the aorta) are about 16 kPa,,TRUE,,
id_0766,negative pressure is measured (comparing with atmosphe ric pressure) within both heart ventricles of healthy adult sduring the diastole,,FALSE,Incorrect because ventricular diastolic pressure is near zero but not negative relative to atmosphere.,
id_0767,negative pressure is measured (comparing with atmospheric pressure) within both heart atria of healthy adult sduring the diastole,,FALSE,Incorrect because atrial pressure is slightly positive under normal conditions.,
id_0768,mean blood pressure can be calculated as the value of diastolic pressure plus one third of the pulse pressure (pressure amplitude),,TRUE,,
id_0769,mean blood pressure is higher than the arithmetic average of systolic and diastolic pressures,,FALSE,Incorrect because mean arterial pressure is slightly lower than the arithmetic average.,
id_0770,mean blood pressure is lower than the arithmetic average of systoli cand diastolic pressures,,TRUE,,
id_0771,mean blood pressure is higher than systolic blood pressure,,FALSE,Incorrect because systolic pressure is the maximum pressure.,
id_0772,mean blood pressure is lower than diastolic blood pressure,,FALSE,Incorrect because mean pressure lies between systolic and diastolic values.,
id_0773,mean blood pressure is lower than systolic blood pressure,,TRUE,,
id_0774,mean blood pressure is higher than diastolic blood pressure,,TRUE,,
id_0775,"1 kPa is approx. 7.5 torr (mm Hg), and this equals to approx. 10 cmH 2O",,TRUE,,
id_0776,1 torr (mm Hg) is approx. 7.5 kPa (approx. 75 cmH 2O),,FALSE,"Incorrect because 1 torr ≈ 0.133 kPa, not 7.5 kPa.",
id_0777,positive blood pressure is measured (compared to the atmospheric one) in pulmonary artery and in aorta durin gdiastole due to elasticity of arteries,,TRUE,,
id_0778,using tonometer with acuff for blood pressure measurement (e.g. ona. brachialis) the pressure in the cuff must exceed both diastolic and systolic pressures,,TRUE,,
id_0779,using tonometer with acuff for blood pressure measur ement (e.g. ona. brachialis) the pressure in the cuff must exceed diastolic but not systolic pressure,,FALSE,Incorrect because cuff pressure must initially exceed systolic pressure.,
id_0780,the model of blood vessel selasticity illustrates blood flow during diastole (when no pressure gradient is produced by heart),,TRUE,,
id_0781,the model of blood vess els elasticity illustrates immediate stop of blood flow during diastole (when no pressure gradient is produced by heart) in elastic pipes (such as arteries),,FALSE,Incorrect because elasticity maintains flow during diastole.,
id_0782,the model of blood vessels elasticity shows lower flow rate within elastic pipes compared to rigid (glass) pipes,,FALSE,Incorrect because elastic recoil maintains or improves effective flow continuity.,
id_0783,the model of blood vessels elasticity shows higher flow rate within elastic pipes compared to rigid (glass) pipes,,TRUE,,
id_0784,reduced elasticity of arteries results in increased irregularity of blood flow (increased high and low flow difference),,TRUE,,
id_0785,"the higher is blood pressure and the larger is the diameter of blood vessel, the higher is mechanical tension within the wall (and risk of damage) of this blood vessel (Laplace law)",,TRUE,,
id_0786,"the lower is blood pressure and the smaller is the diameter of blood ves sel, the lower is mechanical tension within the wall (and risk of damage) of this blood vessel (Laplace law)",,TRUE,,
id_0787,"the higher is blood pressure and the smaller is the diameter of blood vessel, the higher is mechanical tension within the wall (and risk of damage) of this blood vessel (Laplace law)",,FALSE,Incorrect because wall tension increases with vessel radius according to Laplace law.,
id_0788,"the larger is the diameter of blood vessel and the lower is blood pressure, the higher is mechanical tension within the wall (and risk of damage) of this blood vessel (Laplace law)",,FALSE,Incorrect because lower pressure reduces wall tension.,
id_0789,transduser (detecting „head gauge “) is used in indirect method of blood pressure measurement,,FALSE,Incorrect because transducers are used in direct invasive measurement.,
id_0790,transduser (detecting „head gauge“) is used in direct method of blood pressure measurement,,TRUE,,
id_0791,during auscultatory method the first hearable (detectable) sound (the first phenomenon of Korotkov) indicates the value of systolic pressure,,TRUE,,
id_0792,during auscultatory method the diastolic blood pressure is indicated by listening of the second acoustic phenomenon of Korotkov,,FALSE,Incorrect because diastolic pressure corresponds to disappearance of sounds (5th Korotkov sound).,
id_0793,during auscultatory method the value of diastolic blood pressure is indicated by moment when all sounds from circulation disappear ( the 5th phenomenon of Korotkov),,TRUE,,
id_0794,during auscultatory method the diastolic blood pressure is indicated by moment when we hear amurmur ( the 3rd phenomenon of Korotkov ),,FALSE,Incorrect because the 3rd Korotkov sound does not define diastolic pressure.,
id_0795,during auscultatory method the systolic blood pressure is indicated by moment when we hear amurmur ( the 3rd phenomenon of Korotkov ),,FALSE,Incorrect because systolic pressure corresponds to the first Korotkov sound.,
id_0796,"transduser (detecting „head gauge“) for blood pressure measurement can employ the changes of resistance, capacity, or induction (resistive -tensiometric, ca pacitive, inductive transducing)",,TRUE,,
id_0797,using palpate method we can determine mean arterial blood pressure,,FALSE,Incorrect because palpation allows estimation of systolic pressure only.,
id_0798,using palpate method we can determine diastolic arterial blood pressure,,FALSE,Incorrect because diastolic pressure cannot be determined by palpation.,
id_0799,using palpate method we can determine systolic arterial blood pressure,,TRUE,,
id_0800,for direct measurement of blood pressure the catheter has to be introduced into the vessel,,TRUE,,
id_0801,the catheter is not introduced in the vessel for direct measurement of blood pressure 12) ECG,,FALSE,Incorrect because direct measurement requires intravascular catheterization.,
id_0802,action potential (membrane potential) of myocardial cell is identical with ECG curve,,FALSE,"Incorrect because ECG records summed extracellular electrical activity, not single-cell action potential.",
id_0803,electrocardiogra mis arecord of mechanical changes during the heart cycle,,FALSE,"Incorrect because ECG records electrical, not mechanical, activity.",
id_0804,electrocardiogra mshows (gives) arecord of electrical changes during the heart cycle,,TRUE,,
id_0805,all duration of myocardial action potential is typically over 200 ms,,TRUE,,
id_0806,all duration of myocardial action potential is typically below 200 ms,,FALSE,Incorrect because ventricular action potential lasts about 200–300 ms.,
id_0807,"during the phase of depolarization , myocard behaves as electrical dipole",,TRUE,,
id_0808,during the phase of repolarization myocardial muscle fibers do not behave as electrical dipoles,,FALSE,Incorrect because repolarization also creates electrical dipole activity.,
id_0809,electrical po tentials from the body surface are recorded by pin (needle) electrodes,,FALSE,"Incorrect because ECG typically uses surface electrodes, not needle electrodes.",
id_0810,"using bipolar leads (e.g. CR, CL, CF) potential difference sbetween two places on the body surface are measured",,TRUE,,
id_0811,bipolar leads detect potential difference sbetween two inert ( indiffe rent zero) electrodes,,FALSE,Incorrect because bipolar leads measure between two active electrodes.,
id_0812,monophasic potential is obtained by bipolar electrodes,,FALSE,Incorrect because monophasic potentials are obtained by unipolar configuration.,
id_0813,"standard bipolar limb leads are labeled asI., II., III.",,TRUE,,
id_0814,mono phasic poten tial is obtained from bi-polar electrodes,,FALSE,Incorrect because monophasic potentials are obtained with unipolar electrodes.,
id_0815,bipolar limb leadI. detects the potential difference be tween the right hand and left foot,,FALSE,Incorrect because lead Imeasures between right and left arm.,
id_0816,bipolar limb lead III. detects potential difference sbetween right and left foot,,FALSE,Incorrect because lead III measures between left arm and left foot.,
id_0817,bipolar limb lead II. detects potential differences between right hand and left foot,,TRUE,,
id_0818,"augmented unipolar limb leads are designated as VR, VL, and VF",,TRUE,,
id_0819,"the Wilson clamp representsa „star“ connection of three 5000 ohm resistors, by which the electrodes are connected to the right hand, left hand, and left foot",,TRUE,,
id_0820,"the Wilson clamp representsa „star“ connection of three 5000 ohm resistors , by which the electrodes are connected to the right hand, right foot, and left foot",,FALSE,"Incorrect because standard Wilson central terminal connects right arm, left arm, and left leg.",
id_0821,"unipolar chest leads (labeled asV 1, V2, ...) detect potential difference sby the set of electrodes placed on the chest",,TRUE,,
id_0822,bipolar leads represent potential difference sbetween active and inert (indifferent zero) electrode,,FALSE,Incorrect because that defines unipolar leads.,
id_0823,bipol ar leads are limb leads after Goldberg,,FALSE,Incorrect because Goldberger described augmented unipolar limb leads.,
id_0824,"leads aVR , aVL , aVF are bipol ar leads",,FALSE,Incorrect because augmented leads are unipolar.,
id_0825,the Wilson clamp is apart of standard bipolar limb leads,,FALSE,Incorrect because it is used in unipolar leads.,
id_0826,"the Wilson clamp is apart of limb leadsI., II., III.",,FALSE,Incorrect because bipolar leads do not use Wilson central terminal.,
id_0827,the Wilson clamp provides reference (zero) potential in unipolar leads,,TRUE,,
id_0828,QRS complex on ECG curve represents the depolarization of atria,,FALSE,Incorrect because QRS represents ventricular depolarization.,
id_0829,QRS complex on ECG curve represents the repolarization of atria,,FALSE,Incorrect because atrial repolarization is hidden within QRS.,
id_0830,QRS complex on ECG curve represent sthe depolar ization of ventricles,,TRUE,,
id_0831,QRS complex on ECG curve does not represent the repolarization of ventricles,,TRUE,,
id_0832,wave Pon ECG curve represents the repolarization of heart atria,,FALSE,Incorrect because Pwave represents atrial depolarization.,
id_0833,wave Pon ECG curve represents the depolarization of heart atria,,TRUE,,
id_0834,depolarization of both heart ventricles is manifested on ECG curve as the QRS complex,,TRUE,,
id_0835,repolarization of ventricles on the ECG curve represents PQ interval,,FALSE,Incorrect because ventricular repolarization is represented by Twave.,
id_0836,wave Ton ECG curve represents the repolarization of heart conductive system,,FALSE,Incorrect because Twave represents ventricular repolarization.,
id_0837,isoelectric line represents the leve lof constant (zero) potential difference in ECG records,,TRUE,,
id_0838,normal duration of PQ segment is above 0.22 s,,FALSE,Incorrect because normal PQ interval is 0.12–0.20 s.,
id_0839,time duration of PQ segment is approx. one half of the duration of PQ interval,,TRUE,,
id_0840,normal duration of QRS complex is 0.08 ms,,FALSE,Incorrect because normal QRS duration is about 0.08 s (80 ms).,
id_0841,normal duration of QRS complex is about 0.08 s,,TRUE,,
id_0842,normal duration of ST segment is above 0.22 s,,FALSE,Incorrect because ST segment is typically shorter.,
id_0843,"interval QT is one of the most variable characteristics of ECG curve, it shortens at higher heart rate",,TRUE,,
id_0844,the duration of Pwave on the ECG curve is typically longer than the duration of waveT,,FALSE,Incorrect because Twave duration is usually longer than Pwave.,
id_0845,QRS complex on the ECG curve consists of oscillations Qand Sand the isoelectric segmentR,,FALSE,"Incorrect because Ris apositive deflection, not isoelectric.",
id_0846,on the ECG curve the Pand Tdeflections from isolelectric line are denoted as waves,,TRUE,,
id_0847,segments PQ and ST represent the potential level of isoelectr ic line,,TRUE,,
id_0848,intervals PQ and ST represent the potential level of isoelectric line,,FALSE,Incorrect because intervals include waves in addition to segments.,
id_0849,during ECG recording the examined person is usually grounded,,TRUE,,
id_0850,during ECG recording conductive gels or pastes are used in order to reduce transitional resistances between ele ctrodes and skin,,TRUE,,
id_0851,„pressure“ (connection) force of electrodes affects quality of ECG recording,,TRUE,,
id_0852,"in order to determine the electrical axis of the heart , amplitudes of QRS deflections from standard limb leads are used",,TRUE,,
id_0853,heart rate can be determine dfrom the time difference ofR-Rintervals (the period of ECG cycle),,TRUE,,
id_0854,one can determine heart rate from the time differenceS-T,,FALSE,"Incorrect because heart rate is determined from theR–Rinterval (orP–P), not from theS–Ttime difference.",
id_0855,"magnitudes ofQ, R, Soscillations are measured from the isoelectric line",,TRUE,,
id_0856,electrical axis of the heart is determined from at leas ttwo bipolar leads of ECG,,TRUE,,
id_0857,during construction of the electrical axis of the heart the values of QRS complexes are put at vertexes (tips) of equilateral triangle,,FALSE,"Incorrect because QRS deflections are placed along the triangle sides (lead axes), not at the vertexes.",
id_0858,"the mean vector of QRS complex ( the vector from one particular lead) is the sum of absol ute values of theQ, R, and Soscillations",,FALSE,"Incorrect because the net QRS for alead is an algebraic (signed) sum of deflections relative to the isoelectric line, not asum of absolute values.",
id_0859,electrical axis of the heart represents the vector usually oriented downward to the left,,TRUE,,
id_0860,electrical axis of the heart represents the vector from the centre of Einthoven triangle to the intersection of perpen diculars from individual QRS vectors at each triangle side (from individual leads),,TRUE,,
id_0861,electrical axis of the heart represents the vector from the centre of Einthoven triangle to the intersection of parallels from individual QRS vectors at each triangle si de (from individual leads),,FALSE,"Incorrect because the resultant electrical axis is obtained by vector addition/projection, not by constructing an intersection of parallels.",
id_0862,physiological (normal) direction of electrical axis of the heart in frontal plane is clockwise from horizontal to the left +30 to +120 ˚,,FALSE,"Incorrect because the normal frontal QRS axis is roughly between about -30° and +110° (commonly quoted), not +30° to +120°.",
id_0863,electrical axis of the heart always points (is oriented) in frontal plane clockwise fro mhorizontal to the left -30 to +110 ˚,,FALSE,Incorrect because the electrical axis can deviate outside the normal range in pathology (axis deviation).,
id_0864,electrical axis of the heart can be constructed from ENG (electroneurogram) recordings,,FALSE,"Incorrect because ENG records peripheral nerve activity, not the heart’selectrical vectors.",
id_0865,electrical axis of the heart is not identical with its anatomical axis,,TRUE,,
id_0866,electrical axis of the heart is identical with its ana tomical axis,,FALSE,"Incorrect because electrical axis reflects the mean depolarization vector, not the geometric/anatomical orientation of the heart.",
id_0867,mechanical acti on of the heart initiates its electrical acti vity,,FALSE,Incorrect because electrical excitation precedes and triggers mechanical contraction.,
id_0868,mechanical acti on of the heart is initiated by electrical acti vity in the heart,,TRUE,,
id_0869,ECG analysis allows assessment of heart electrical activity and heart function,,TRUE,,
id_0870,ECG does not allow evaluation of heart rate and regularity of heart rhythm,,FALSE,Incorrect because ECG directly allows measurement of heart rate and rhythm regularity.,
id_0871,electrical activity (action potential) of healthy heart comes from Sinoatrial node,,TRUE,,
id_0872,electrical activity (action potential) of healthy heart comes from Atrioventricular node,,FALSE,Incorrect because the primary pacemaker in healthy heart is the sinoatrial node.,
id_0873,pathological deviation of heart electrical axis to the left can be caused by hypertrophy of the left ventricle 13) Perception,,,TRUE,
id_0874,sensory receptors have the lowest threshold selectively to one kind of stimulus,,TRUE,,
id_0875,sensory receptors are usually sensitive to several kinds of stimulus,,FALSE,Incorrect because sensory receptors are typically most sensitive to one adequate stimulus modality (specificity).,
id_0876,sensory receptors are usually not sensitive to several kinds of stimulus,,TRUE,,
id_0877,sensory receptor responds to stimulus first by Generator potential (local electrical event at the membrane),,TRUE,,
id_0878,membranes of sensory receptor primarily produce action po tentials,,FALSE,Incorrect because the primary receptor response is agraded generator (receptor) potential; action potentials occur in the afferent fiber (or after transformation).,
id_0879,primary response of the sensory cell (receptor) in not action potential,,TRUE,,
id_0880,Generator potential of receptor has acharacter of action potential,,FALSE,Incorrect because generator potential is graded and does not follow the all-or-none principle.,
id_0881,action potential of receptor has acharacter of local response – local electric event (Generator pote ntial),,FALSE,"Incorrect because action potentials are propagated all-or-none events, not local graded responses.",
id_0882,response son nerve fiber shave acharacter of action potentials ( “all or no thing “),,TRUE,,
id_0883,information that the sensory receptor has been stimulated is transmitted into the CNS in form of action potentials,,TRUE,,
id_0884,action potentials „count up“ by amplitude sum mation,,FALSE,"Incorrect because action potentials encode intensity mainly by frequency (rate) and recruitment, not by amplitude summation.",
id_0885,Generator potentials (local responses – local electric events) „count up“ by frequency summation,,FALSE,"Incorrect because generator potentials summate mainly in amplitude (temporal/spatial summation), not by frequency summation.",
id_0886,"Weber -Fechner and Stevens laws express the fact , that the stronger is the intensity of stimulus , the higher (more intense) is the perception",,TRUE,,
id_0887,"Weber -Fechner but not the Stevens law expre sses the fact , that the stronger is the intensity of stimulus, the higher (more intense) is the perception",,FALSE,Incorrect because both Weber–Fechner and Stevens laws relate stimulus intensity to perceived intensity.,
id_0888,"Stevens but not the Weber -Fechner law expre sses the fact , that the stronger is the intensity of stimulus, the higher (more intense) is the perception",,FALSE,Incorrect because both laws describe relationships between stimulus intensity and perception.,
id_0889,"the stronger (more intense) the stimulus , the higher the amplitude of Generator potential , and consequently the higher the number of action potentials",,TRUE,,
id_0890,"the lower (less intense) the stimulus , the lower the number of action potentials generated",,TRUE,,
id_0891,"the lower (less intense) the stimulus, the higher the number of action potentials generated",,FALSE,Incorrect because weaker stimuli generally produce fewer action potentials (lower firing rate/recruitment).,
id_0892,"the higher (more intense) the stimulus, the lower the number of action potentials generated",,FALSE,Incorrect because stronger stimuli generally increase firing rate and/or recruitment.,
id_0893,the Law of projection expresses that signals from individual (different) receptors are brought to the specific parts of brain cortex,,TRUE,,
id_0894,the Law of projection does not express that signals from individual (different) receptors are brought to the one (identical for all receptors) part of brain cortex,,TRUE,,
id_0895,there are chemoreceptors sensitive to different values of pH (acidity) in human body,,TRUE,,
id_0896,there are no receptors sensitive to different values of pH (acidity) in human body,,FALSE,Incorrect because chemoreceptors respond to pH/H+ (e.g. peripheral/central chemoreceptors).,
id_0897,there are receptors sensitive (responsive) to Xrays in human body,,FALSE,Incorrect because humans have no specialized sensory receptors forX-rays.,
id_0898,there are no receptors sensitive (responsive) to Xrays in human body,,TRUE,,
id_0899,there are receptors sensitive to infrared radiation in human body,,FALSE,"Incorrect because humans sense heat via thermoreceptors, not infrared radiation via dedicated photoreceptors.",
id_0900,"some thermoreceptors, mechanoreceptors, chemoreceptors, photoreceptors, or nociceptors belong to the group of extero receptors",,TRUE,,
id_0901,there are no mechanoreceptors and no nociceptors that belong to the group of exteroreceptors,,FALSE,"Incorrect because many mechanoreceptors and nociceptors are exteroceptors (skin, mucosa).",
id_0902,"some thermoreceptors, mechanoreceptors, chemoreceptors, photoreceptors, nociceptors belong to the group of interoreceptors",,FALSE,Incorrect because photoreceptors are exteroceptors; interoceptors typically include mechano/chemo/thermo/nociceptors from internal organs.,
id_0903,"some thermoreceptors, mechanoreceptors, chemoreceptors, or nociceptors belong to the group of exteroreceptors",,TRUE,,
id_0904,transduction means the change of Generator potential (local response – local electric event) to the action potential,,FALSE,Incorrect because transduction is the conversion of stimulus energy into areceptor (generator) potential.,
id_0905,transformation means the change of stimulus en ergy to the Generator potential (local response – local electric event),,TRUE,,
id_0906,transformation means the change of Generator potential (local response – local electric event ) to the action potentials,,FALSE,"Incorrect because that describes transformation (generator potential to action potentials), not stimulus energy to generator potential.",
id_0907,transduction means the change of stimulus energy to the Gene rator potential (local response – local electric event),,TRUE,,
id_0908,adaptation means that the magnitude of action potentials reduces in time,,FALSE,Incorrect because action potential amplitude does not decline with adaptation; firing frequency typically decreases.,
id_0909,adaptation is not areduction of the magnitude of action potentials in time,,TRUE,,
id_0910,baroreceptors are characterized by slow ada ptation,,TRUE,,
id_0911,nociceptors are characterized by fast (rapid) adaptation,,FALSE,Incorrect because nociceptors typically adapt slowly or not at all.,
id_0912,baroreceptors are characterized by fast (rapid) adaptation,,FALSE,Incorrect because baroreceptors are generally slowly adapting stretch receptors.,
id_0913,nociceptors are characterized by slow (possibly no ) adaptation,,TRUE,,
id_0914,nociceptors are characterized by very rapid adaptation,,FALSE,Incorrect because nociceptors generally do not show very rapid adaptation.,
id_0915,olfactory (smell) receptors are characterized by fast (rapid) adaptation,,TRUE,,
id_0916,olfactory (smell) receptors are characterized by slow adaptation,,FALSE,Incorrect because olfactory receptors adapt quickly to sustained odors.,
id_0917,fast (rapid) adaptation means that there is very low (possibly no) frequency of action potentials at the beginning of stimulation,,FALSE,Incorrect because rapidly adapting receptors fire strongly at stimulus onset then quickly decline.,
id_0918,fast (rapid) adaptation means that there is very low (possibly no) frequency of action potentials late (e.g. seconds) after the beginning of stimulation,,TRUE,,
id_0919,mechanoreceptors participate on perception of vibrations,,TRUE,,
id_0920,mechanoreceptors participate on perception of pressure stimulation,,TRUE,,
id_0921,chemoreceptors participate on perception of sound,,FALSE,"Incorrect because sound is detected by mechanoreceptors (hair cells), not chemoreceptors.",
id_0922,chemoreceptors participate on perception of tension (pulling),,FALSE,Incorrect because tension/stretch is detected by mechanoreceptors.,
id_0923,mechanoreceptors participate on perception of partial pressure,,FALSE,Incorrect because partial pressures (O₂/CO₂) are sensed by chemoreceptors.,
id_0924,mechanoreceptors participate on perception of blood pressure,,TRUE,,
id_0925,mechanoreceptors participate on perception of sound,,TRUE,,
id_0926,sound is electromagnetic waving with the speed of about 330 m/sin the air,,FALSE,"Incorrect because sound is mechanical (pressure) waves, not electromagnetic.",
id_0927,sound is mechanical waving with the speed of about 330 m/sin the air,,TRUE,,
id_0928,sound is mechanica lwaving with the speed of about 330 m/min in the air,,FALSE,"Incorrect because sound speed in air is about 330 m/s, not 330 m/min.",
id_0929,sound spreads in vacuum only as longitudinal waving,,FALSE,Incorrect because sound cannot propagate in vacuum.,
id_0930,sound spreads in vacuum only in form of radiation,,FALSE,Incorrect because sound cannot propagate in vacuum at all.,
id_0931,"sound spreads in liquids and gases as longitudinal waving, in solid salso as transverse waving",,TRUE,,
id_0932,pitch of the tone is determined by the sound intensity,,FALSE,"Incorrect because pitch is determined by frequency, not intensity.",
id_0933,pitch of the tone is determined by its frequency,,TRUE,,
id_0934,pitch of the tone is determined by pain threshold,,FALSE,"Incorrect because pain threshold relates to loudness/intensity tolerance, not pitch.",
id_0935,12 kHz of mechanic al oscillations can produce hearable sound (we can hear it),,TRUE,,
id_0936,12 Hz of mech anical oscillations can produce hearable sound (we can hear it),,FALSE,"Incorrect because typical human hearing starts around ~20 Hz, so 12 Hz is below audible range.",
id_0937,the speed of sound in liquids is higher than the speed of sound in the air,,TRUE,,
id_0938,loudness relates to the sound intensity,,TRUE,,
id_0939,loudness is not relate dto the sound intensity level,,FALSE,Incorrect because loudness correlates with intensity (though perception is non-linear).,
id_0940,loudness is not related to the „colour“ of sound (musical colour),,TRUE,,
id_0941,the lovest sensitivity of human ear is within the range 1 – 3 kHz,,FALSE,"Incorrect because the ear is most sensitive around 1–3 kHz, not least sensitive.",
id_0942,the highest sensitivity of human ear is within the range 1 – 3 kHz,,TRUE,,
id_0943,the sensitivity of human ear is equal within all frequency range,,FALSE,Incorrect because hearing sensitivity varies strongly with frequency.,
id_0944,the sensitivity of human ear is not equal within all frequency range,,TRUE,,
id_0945,hearing threshold represents the level of the sound with the intensity of 1 dB,,FALSE,"Incorrect because hearing threshold is conventionally around 0 dB SPL, not 1 dB.",
id_0946,hearing threshold represents the level of the sound with the intensity of 1 0 dB,,FALSE,"Incorrect because hearing threshold is around 0 dB SPL, not 10 dB.",
id_0947,hearing threshold is the lowest frequency of sound that human ear can hear,,FALSE,"Incorrect because hearing threshold refers to lowest detectable intensity at agiven frequency, not the lowest frequency.",
id_0948,hearing threshold is the lowest intensity of sound that human ear can hear,,TRUE,,
id_0949,hearing threshold is not the lowest frequency of sound that human ear can hear,,TRUE,,
id_0950,pain threshold is the highest frequency of sound that human ear can hear,,FALSE,"Pain threshold refers to the sound intensity at which sound becomes painful, not to frequency.",
id_0951,pain threshold is the lowest frequency of sound that human ear can hear,,FALSE,"Pain threshold is related to intensity (sound pressure level), not to frequency.",
id_0952,upper limit for hearing is identical with the pain threshold at the sound frequency of 1 kHz,,FALSE,"Upper limit of hearing refers to maximum audible frequency (~20 kHz), whereas pain threshold refers to high sound intensity (~120–130 dB).",
id_0953,upper limit for hearing is the highest frequency of sound that human ear can hear,,TRUE,,
id_0954,upper limit for hearing is the lowest frequency of sound that human ear can hear,,FALSE,"Upper limit refers to highest audible frequency, not the lowest.",
id_0955,lower limit for hearing is the lowest frequency of sound that human ear can hear,,TRUE,,
id_0956,lower limit for hearing is not the highest frequency of sou nd that human ear can hear,,TRUE,,
id_0957,the organ of Corti contains ciliary cells being placed in the middle ear,,FALSE,"The organ of Corti is located in the cochlea of the inner ear, not in the middle ear.",
id_0958,the organ of Corti contains bones of the middle ear,,FALSE,Middle ear bones (ossicles) are separate structures and are not part of the organ of Corti.,
id_0959,ion content of the perilymph (within the scala vestibuli and scala tympani) and the endolymph (within the scala media) differ,,TRUE,,
id_0960,receptors of sound are ciliary cells located on the basilary membrane of the organ of Corti,,TRUE,,
id_0961,the organ of Corti contains receptors (sensory cells) that are insensitive to movement of the basilary membrane,,FALSE,Hair cells are mechanoreceptors and are sensitive to movement of the basilar membrane.,
id_0962,the organ of Corti contains ciliary cells (sound sensory cells) being placed in the basilary membrane,,TRUE,,
id_0963,cochlear potentials represent the manifestation of ciliary cells activation within the organ of Corti,,TRUE,,
id_0964,cochlear potentials represent the manifestation of activation of eardrum mechanoreceptors,,FALSE,"Cochlear potentials originate from hair cell activity in the cochlea, not from the eardrum.",
id_0965,ciliary cells (in the organ of Corti) respond to stimulation by both depolarization and hyperpolarization,,TRUE,,
id_0966,ciliary cells (in the organ of Corti) respond to stimulation exclusively by depolarization,,FALSE,Hair cells depolarize or hyperpolarize depending on direction of stereocilia deflection.,
id_0967,ciliary cells (in the organ of Corti) respond to stimulation exclusively by hyperp olarization,,FALSE,Hair cells can both depolarize and hyperpolarize depending on mechanical stimulation direction.,
id_0968,higher sound intensity vibrates the basilary mambrane at higher frequency,,FALSE,"Sound frequency determines the location of vibration; intensity affects amplitude, not frequency.",
id_0969,higher sound intensity does not vibrate the basilary mambrane at higher frequency,,TRUE,,
id_0970,different frequencies of sou nd are detected by irritation of different places on the basilary mebrane of the cochlea,,TRUE,,
id_0971,different sound frequencies are detected by the same receptors (at the same spot on the basilary mebrane of the cochlea) that are stimulated with different frequenci es,,FALSE,Different frequencies are detected at different locations along the basilar membrane (tonotopic organization).,
id_0972,the organ of Corti is actual analyzer of sound,,TRUE,,
id_0973,the organ of Corti is not analyzer of sound,,FALSE,The organ of Corti contains the sensory receptors responsible for sound analysis.,
id_0974,"bones within the middle ear transmit sound energy from the eardrum to the oval window, thus providing an impedance adjustement between gaseous and liquid en vironments",,TRUE,,
id_0975,"bones within the middle ear transmit sound energy from the eardrum to the oval window, thus providing afrequency adjustement between gaseous and liquid environments 14) Electricity, audiometry",,FALSE,"Middle ear ossicles provide impedance matching, not frequency adjustment.",
id_0976,"amplifiers amplify (increase) frequency of el ectric current, electric voltage, or electric power",,FALSE,"Amplifiers increase amplitude (voltage/current/power), not frequency.",
id_0977,amplifiers amplify (increase) e.g. electric voltage,,TRUE,,
id_0978,amplifiers amplify (increase) e.g. electric current,,TRUE,,
id_0979,amplifiers cannot amplify (increase) electric power,,FALSE,Amplifiers can increase power by using external energy supply.,
id_0980,amplifiers amplify (increase) e.g. frequ ency of electric current,,FALSE,Amplifiers do not change signal frequency; they increase amplitude.,
id_0981,amplifiers do not amplify periods of alternating currents,,TRUE,,
id_0982,the width (range) of frequency band (transmission frequencies) of amplifier is derived from its frequency (transfer) characteristic,,TRUE,,
id_0983,the width (range) of frequency band (transmission frequencies) is not expressed in decibels,,TRUE,,
id_0984,the width (range) of frequency band (transmission frequencies) determines „undesirable “ (unsuitable ) frequencies of amplifier,,FALSE,"Bandwidth defines the range of frequencies effectively transmitted, not undesirable frequencies.",
id_0985,"if the period of signal on oscilloscope is 5 cm corresponding to 50 ms, consequently the amplitude of this signal is 10 mV",,FALSE,"Period determines frequency, not amplitude; amplitude requires vertical calibration.",
id_0986,every biosignal can be processed directly by differential amplifier,,FALSE,"Some biosignals require preprocessing (filtering, amplification) before differential amplification.",
id_0987,transducer is used as adetector of electrical biosignals,,FALSE,Transducers convert physical signals to electrical form; electrodes detect electrical biosignals.,
id_0988,transducer can function as both converter and sensor (detector),,TRUE,,
id_0989,transducer is usually used as electrode for transformation of biosignals,,FALSE,Electrodes are specific sensors; transducers are broader devices converting energy forms.,
id_0990,transducer is not used for cumulation (collection) of biosignals,,TRUE,,
id_0991,rheobase is the intensity of electrical stimulus at double duration of the stimulus that induces threshold response,,FALSE,Rheobase is the minimal stimulus intensity with long duration required to elicit aresponse.,
id_0992,chronaxy is the shortest time during which the stimulus with intensity of rheobase induces the response,,FALSE,Chronaxy is the shortest time required when stimulus intensity equals twice the rheobase.,
id_0993,chronaxy expresses intensity of electrical stimulus,,FALSE,"Chronaxy expresses time, not intensity.",
id_0994,"the higher the tissue excitability, the longer the chronaxy",,FALSE,Higher excitability corresponds to shorter chronaxy.,
id_0995,"the higher the tissue excitability , the shorter the chronaxy",,TRUE,,
id_0996,electrical resistance of skin is expressed in ohms,,TRUE,,
id_0997,intensity of alternating current (AC) is expressed in volts,,FALSE,Current intensity is expressed in amperes; volts express voltage.,
id_0998,tissue impedance is measured in ohms,,TRUE,,
id_0999,electric current spass the tissue mainly through structures with the lo west resistance,,TRUE,,
id_1000,electric currents pass the tissue mainly through structures with the highest resistance,,FALSE,Current preferentially flows through structures with lowest resistance.,
id_1001,electrical resistance of membrane sto low frequency electric current is negligible,,FALSE,Membranes have high resistance to low-frequency and DC currents.,
id_1002,electrical resistance of membrane sto direct current (DC) is significant (considerable),,TRUE,,
id_1003,resistance of membrane sto direct current (DC) is negligible,,FALSE,Cell membranes strongly resist DC due to their capacitive properties.,
id_1004,bone tissue has the highest electric resistance among tissues of living body,,TRUE,,
id_1005,high frequency electric current passes membranes much easier than low frequency elect ric current,,TRUE,,
id_1006,bone tissue has the lowest electric resistance among tissues of living body,,FALSE,Bone has one of the highest electrical resistances.,
id_1007,tissue fluid and cytoplasm are much better electric conductors than membranes,,TRUE,,
id_1008,electric resistance of tissues is not temporally stable (stable in time) when electr ic current passes through,,TRUE,,
id_1009,electric resistance of skin is temporally stable (stable in time) when electric current passes through,,FALSE,Skin resistance decreases over time due to hydration and polarization effects.,
id_1010,electric properties of skin are affected by apresence of callous cells,,TRUE,,
id_1011,electric properties of skin are affected by apresence of sweat (sudoriferous ) glands,,TRUE,,
id_1012,blood and cerebrospinal fluid belong to the best electric conductors in the human body,,TRUE,,
id_1013,electric current passes only through homogenous tissues,,FALSE,Electric current passes through heterogeneous tissues depending on resistance.,
id_1014,electric resistance of skin decreases during the time of application of electric current on this skin,,TRUE,,
id_1015,direct electric current (DC) has minimum electrolytic effects in the body,,FALSE,DC has significant electrolytic effects due to ion movement.,
id_1016,direct electric current (DC) has mainly electrophoretic effects in the body,,TRUE,,
id_1017,excitatory (stimulation) effects of direct electric current manifest (express) only during rapid changes of this currente.g. during swithing it on or off,,TRUE,,
id_1018,thermal (heat) effects of direct electric current in the body are negligible,,FALSE,DC can produce thermal effects depending on intensity and duration.,
id_1019,electric current through tissues changes in time,,TRUE,,
id_1020,cells within the electric field behav eas electric dipols,,TRUE,,
id_1021,electric resistance of dry skin is lower than the resistance of wet skin,,FALSE,Dry skin has higher resistance than wet skin.,
id_1022,electrical resistance of dry skin is 10 times higher than the resistance of other soft tissues,,TRUE,,
id_1023,electric current stimulates both muscle sand nerve tissues,,TRUE,,
id_1024,conduction of electric current in tissues depends only very little on molecular structure of tissues,,FALSE,Electrical conduction depends strongly on ionic and molecular composition.,
id_1025,effects of alternating electric current (AC) on tissue sdo not depend on its frequency,,FALSE,AC effects strongly depend on frequency.,
id_1026,excitatory (stimulation) effects of alternating electric cu rrent increase with the increasing frequency up to approx. 100 Hz,,TRUE,,
id_1027,alternating electric current has mainly electrolytic effects in tissues,,FALSE,AC has minimal electrolytic effects compared to DC.,
id_1028,high-frequency electric currents have mainly thermic and electrolytic effects in tissues,,FALSE,High-frequency currents mainly produce thermal effects; electrolytic effects are minimal.,
id_1029,excitatory (stimulation ) effects of electric current slowly decrease at high frequencies,,TRUE,,
id_1030,"the lower the frequency of alternating electric current, the higher the thermal (heat) effects of it",,FALSE,"Thermal effects increase with higher frequencies and higher power, not lower frequency.",
id_1031,tissue impedance depends on blood supply of this tissue,,TRUE,,
id_1032,tissue impedance has resi stance and capacity components,,TRUE,,
id_1033,capacit ycomponent (capacit ance) of tissue impedance is dominant (the highest ) at low frequencies of electric current through the tissue,,TRUE,,
id_1034,tissue impedance has considerable character of capacity (capacitance),,TRUE,,
id_1035,tissue impe dance has dominant character of induction (inductance),,FALSE,"Tissue impedance is dominated by resistance and capacitance, not inductance.",
id_1036,tissue impedance does not depend on frequency,,FALSE,Tissue impedance varies with frequency.,
id_1037,tissue impedance increases with frequency,,FALSE,Impedance generally decreases with increasing frequency due to reduced capacitive reactance.,
id_1038,the whole body impedance characterizes the body resistance to alternating electric current (AC),,TRUE,,
id_1039,tissue impedance equals to the sum of capacitances of cell membranes,,FALSE,"Tissue impedance includes resistance and capacitance components, not only capacitance.",
id_1040,during measurement of the whole body impedance the examined person has to be grounded,,FALSE,Body impedance measurement does not require grounding of the person.,
id_1041,multipotential (e.g. electromyogram – EMG) consists of many action potentials,,TRUE,,
id_1042,electroneurogram (ENG) of the only one nerve fiber is characteri zed by equal amplitude sof individual action potentials,,TRUE,,
id_1043,the duration of bursting activity as well as the frequency of action potentials can be determined from multipotential electromyogram (multiunit EMG),,TRUE,,
id_1044,the dura tion of neuron bursting activity as well as the frequency of action potentials can be determined from multipotential electroneurogram (multiunit ENG),,TRUE,,
id_1045,during audiometr ic examination of absolute hearing threshold the doctor must change (tune) the sound intensity and also the frequency of applied sound,,TRUE,,
id_1046,intensity of sound expressed in dB is the logarithm of absolute intensity (expressed in SI unitsW/m2),,TRUE,,
id_1047,frequency is expressed in Hz-1 (reciprocal Hz),,FALSE,"Frequency is expressed in Hz (s⁻¹), not Hz⁻¹ as aseparate unit.",
id_1048,frequency is expressed in Hz,,TRUE,,
id_1049,"upper limit of hearing can be determinated by gradual increase of sound intensity at the frequency of 1 kHz 15) Heat, temperature, thermoregulation",,FALSE,Upper limit of hearing is the highest audible frequency (around 20 kHz); increasing intensity at 1 kHz determines loudness discomfort/pain threshold not frequency limit,
id_1050,heat is aform (type) of energy,,TRUE,,
id_1051,heat is not aform (type) of energy,,FALSE,Heat is energy transferred between bodies due to atemperature difference,
id_1052,heat is aform (type) of temperature,,FALSE,Temperature is ameasure of thermal state; heat is energy in transfer not atype of temperature,
id_1053,heat is (equals to) an internal energy of object,,FALSE,Internal energy is astate property of asystem; heat is energy transferred across the boundary due to temperature difference,
id_1054,heat is measured inJ/K,,FALSE,Heat is measured in joules (J); J/Kis the unit of heat capacity,
id_1055,heat is not measured inJ/K,,TRUE,,
id_1056,heat is measured inJ,,TRUE,,
id_1057,heat is measured in kJ,,TRUE,,
id_1058,heat is measured inK/J,,FALSE,K/Jis not avalid unit for heat,
id_1059,heat can be spontaneously transferred from the body with lower thermal energy (content) to the body with higher thermal energy (content),,FALSE,Spontaneous heat transfer occurs from higher temperature to lower temperature,
id_1060,heat is never spontaneously transferred from the body with lower thermal energy (content) to the body with higher thermal energy (content),,TRUE,,
id_1061,heat can be spontaneously transferred from the body with higher thermal energy (content) to the body with lower thermal energy (content),,TRUE,,
id_1062,heat can be transferred through vacuum,,TRUE,,
id_1063,heat is never transferred through vacuum,,FALSE,Heat can be transferred through vacuum by radiation,
id_1064,heat is transferred through vacuum by conduction,,FALSE,Conduction requires matter so it cannot occur in vacuum,
id_1065,heat is conducted through vacuum,,FALSE,Conduction cannot occur in vacuum,
id_1066,the heat is not conducted through vacuum,,TRUE,,
id_1067,spontaneous heat „flow“ is determined by temperature gradient,,TRUE,,
id_1068,spontaneous heat „flow“ is not determined by temperature gradient,,FALSE,Spontaneous heat flow is driven by atemperature gradient,
id_1069,heat can be transported from the cooler body (object) to the warmer body (object) with energy added to the system,,TRUE,,
id_1070,heat is never transported from the cooler body (object) to the warmer body (object) even with energy added to the system,,FALSE,With external work/energy input (e.g. heat pump or refrigerator) heat can be moved from cold to hot,
id_1071,heat can be transported from the warmer body (object) to the cooler body (object),,TRUE,,
id_1072,heat can be radiated (emit ed) in form of photons,,TRUE,,
id_1073,heat cannot be radiated (emited) in form of photons,,FALSE,Thermal radiation is electromagnetic radiation carried by photons,
id_1074,spontaneous heat transfer stops when the thermal energy (content) of two bodies equal,,FALSE,Spontaneous heat transfer stops when the temperatures equal not when total thermal energy contents are equal,
id_1075,temperature diffe rence is proportional to (added or taken) heat and inversely proportiona lto thermal capacity,,TRUE,,
id_1076,temperature difference is proportional to (added or taken) heat and to thermal capacity,,FALSE,For agiven heat Qthe temperature change isQ/Cso it is inversely proportional to heat capacity,
id_1077,temperature differences 1K = 1ºC,,TRUE,,
id_1078,temperature differences 1K ≠ 1ºC,,FALSE,Temperature differences have the same size: 1 Kequals 1 °Cdifference,
id_1079,temperature differences 1F ≠ 1ºC,,TRUE,,
id_1080,temperature can be detected also by nociceptors,,TRUE,,
id_1081,temperature cannot be detected by nociceptors,,FALSE,Nociceptors respond to noxious heat and cold as pain,
id_1082,temperature is detected by thermoreceptors and chemoreceptors,,FALSE,Temperature is sensed primarily by thermoreceptors; chemoreceptors sense chemical stimuli not temperature,
id_1083,temperature is detected by thermoreceptors and nociceptors,,TRUE,,
id_1084,temperature is detected exclusively by thermoreceptors,,FALSE,Noxious temperatures are also detected via nociceptors,
id_1085,human body temperature is within the entire human body constant,,FALSE,Temperature varies between core and peripheral tissues and between organs,
id_1086,human body temperature is not constant within the entire human body,,TRUE,,
id_1087,human body temperature is the same within the entir ehuman body,,FALSE,Different body regions have different temperatures,
id_1088,temperature sof different parts of human body differ,,TRUE,,
id_1089,human body temperature is not the same within the entire human body,,TRUE,,
id_1090,human body temperature depends exclusively on the amount of produced heat,,FALSE,Body temperature depends on both heat production and heat loss,
id_1091,human body temperature depends also on the amount of produced heat,,TRUE,,
id_1092,human body temperature does not depend on heat produced by body,,FALSE,Heat production contributes to body temperature,
id_1093,human body temperature depends exclusively on the amount of expelled heat,,FALSE,Body temperature depends on both heat loss and heat production,
id_1094,human body temperature depends also on the amount of expelled heat,,TRUE,,
id_1095,human body tem perature does not exclusively depend on the amount of expelled heat,,TRUE,,
id_1096,internal temperature of human body is well balanced,,TRUE,,
id_1097,internal temperature of human body is variable more than 5 °C,,FALSE,Core temperature is tightly regulated and usually varies by far less than 5 °Cin healthy conditions,
id_1098,temperature of all parts of human body is stable,,FALSE,Peripheral and skin temperatures vary substantially with environment and blood flow,
id_1099,temperature of some parts of human body varies,,TRUE,,
id_1100,"internal temperature of human body is usualy measured in axila, under the tongue (sublingual), in rectum (rectal), and in external auditory canal",,TRUE,,
id_1101,axillary and sublingual temperatures equal,,FALSE,Axillary temperature is typically lower than sublingual and core measurements,
id_1102,axillary and sublingual tempera tures do not equal,,TRUE,,
id_1103,rectal and axillary temperatures equal,,FALSE,Rectal temperature is typically higher than axillary and closer to core temperature,
id_1104,human body temperature is controlled by the central nervo us system,,TRUE,,
id_1105,human body temperature is not controlled by the ce ntral nervous system,,FALSE,Thermoregulation is coordinated by the hypothalamus within the CNS,
id_1106,heat is distributed within the human body mainly by means of conduction,,FALSE,Within the body heat is distributed mainly by convection via blood flow,
id_1107,heat is distributed within the human body mainly by means of convection,,TRUE,,
id_1108,heat leaves the human body mainly by means of conduction,,FALSE,Under typical conditions most heat loss is via radiation and convection not conduction,
id_1109,heat usually leaves the human body mainly by means of radiation,,TRUE,,
id_1110,heat leaves the human body mainly by means of convection,,FALSE,Convection is important but radiation is usually the largest component at rest in neutral environments,
id_1111,heat is primarily (and mainly) radiated out of body,,TRUE,,
id_1112,cooling of the human body (heat expenditure) can be under certain circumstances provided exclusively by means of evaporation,,TRUE,,
id_1113,cooling of the human body (heat expenditure) can be provided exclusively by means of conduction,,FALSE,Conduction alone rarely provides exclusive cooling because other pathways usually occur; exclusive cooling is classically possible via evaporation,
id_1114,cooling of the human body (heat expenditure) can never be provided exclusively by means of evaporation,,FALSE,In hot environments where ambient temperature exceeds skin temperature evaporation can be the only effective heat loss mechanism,
id_1115,thermoregulation controls heat expenditure by means of redistribution of blood,,TRUE,,
id_1116,redistribution of blo od does not contribute to the thermoregulation (heat expenditure),,FALSE,Changing skin blood flow strongly alters heat loss,
id_1117,thermoregulation controls human body temperature also by alteration of metabolic activity of the body,,TRUE,,
id_1118,thermoregulation center represent sneurons of pituitary gland (hypophysis),,FALSE,Thermoregulatory control center is in the hypothalamus not the pituitary gland,
id_1119,thermor egulation center represents neurons of hypothalamus,,TRUE,,
id_1120,thermoregulation center is located within the posterior hypothalamus,,TRUE,,
id_1121,cooling power depends on the time during which the organism (body) is exposed to the atmosphere,,FALSE,Cooling power is arate of heat loss per area so it depends on conditions not exposure time; total heat loss depends on time,
id_1122,cooling power does not depend on the time during which the organism (body) is exposed to the atmosphere,,TRUE,,
id_1123,cooling power is defined as heat loss from 1 m2 of the body surface that is exposed to the atmosphere,,TRUE,,
id_1124,"cooling power is heat loss from 1 m2 of the body surface with the temperature of 36,5 °C (that is exposed to the atmosphere ) per 1 second",,TRUE,,
id_1125,"the lower the ambient temperature (temperature of environment), the higher the heat loss (as well as the cooling power)",,TRUE,,
id_1126,"the lower the ambient temperature (temperature of environment), the lowe rthe heat loss (as well as the cooling power)",,FALSE,Lower ambient temperature increases the temperature gradient and typically increases heat loss,
id_1127,"heat loss of the human body is directly proportional to the ambient temperature, to the airflow, to the properties of environment (e.g. air humidity), and to the internal body temperature",,FALSE,Heat loss depends mainly on temperature differences and conditions; it is not directly proportional to ambient temperature itself but to the gradient between body and environment,
id_1128,"heat loss of the human body depends on the ambient temperature, the airflow , the properties of encironment (e.g. air humidity), and on the surface body temperature",,TRUE,,
id_1129,"heat loss of the human body depends on the internal body temperature , but it does not depend on the ambient temperature, the airflow, and properties of environment (e.g. air humidity)",,FALSE,Heat loss strongly depends on ambient temperature airflow humidity and surface temperature,
id_1130,thermoregulatory center integrates mainly stimuli from thermoreceptors and modifies body activities in order to reach the internal body temperature desired by th ecenter,,TRUE,,
id_1131,fast measuring medical thermometer takes actual temperature of the body place where it is introduced,,TRUE,,
id_1132,fast measuring medical thermometer shows maximum temperature also after it is taken out of spot of measurement,,TRUE,,
id_1133,internal body temperature is stabilized by thermoregulation 16) Environmental influences,,TRUE,,
id_1134,in standing person gravity induces lower blood pressure in arteries of legs than in head arteries,,FALSE,In standing position hydrostatic pressure makes arterial pressure higher in the legs than in the head,
id_1135,in standing person gravity induces higher blood pressure in arteries of head than in legs arteries,,FALSE,Arterial pressure is higher in the legs and lower in the head relative to the heart when standing,
id_1136,air em bolism can occur due to negative „suction“ pressure (lower than atmospheric pressure) within big veins of the head in person keeping upright or sitting positions,,TRUE,,
id_1137,air embolism can occur due to positive pressure (higher than atmospheric pressure) within big veins of the head in person in lying down positions,,FALSE,Air embolism risk is associated with subatmospheric venous pressure in upright positions not positive pressure in supine positions,
id_1138,positive longitudinal overloading (head to legs) can cause „the white blindness“ due to adrain of blood from retinal (choroid) vessels (and the brain),,TRUE,,
id_1139,negative longitudinal overloading (legs to head) can cause „the red blindness“ due to an excessive congest of blood (blood volume) in retinal (choroid) vessels (and the brain),,TRUE,,
id_1140,negative effects of overloading cannot be reduced at all,,FALSE,They can be reduced by body positioning and anti-Gmeasures such as pressure suits and straining maneuvers,
id_1141,negative effects of overloading on blood circulation can be red uced by an appropriate positioning of body,,TRUE,,
id_1142,overloading (either positive or negative) has no effect on blood circulation,,FALSE,G-forces significantly affect blood distribution and circulation,
id_1143,overloading (either positive or negative) affects blood circulation,,TRUE,,
id_1144,negative longitudinal overloading (legs to head) can not induc eany problems because the brain is well supplied by blood,,FALSE,Negative Gz can cause venous congestion in the head and eyes leading to symptoms such as red-out and headache,
id_1145,human body withstands longitudinal overloading better than transverse (chest to back) one,,FALSE,Humans tolerate transverse (Gx) better than longitudinal (Gz) because it produces less head-to-foot blood shift,
id_1146,human body withstands transverse overloading better than longitudinal ( head to legs) one,,TRUE,,
id_1147,"no gravity ( weightlesness state ) induces decalcification of bones, reduction of muscle matter, and dehydration",,TRUE,,
id_1148,"overloading is expressed in amultiple of gfactor, i.e. how many times is the weight higher than th eweight in the earth gravity field (gis gravity accel eration)",,TRUE,,
id_1149,overloading more than 5g is not dangerous already,,FALSE,Acceleration above 5g can be dangerous and may cause serious circulatory and neurological impairment,
id_1150,even very high intensity of radio -waving emission can not cause health troubles,,FALSE,Very high intensity radiofrequency radiation can cause tissue heating and burns,
id_1151,even very high intensity of infrared emission can not cause health troubles,,FALSE,High intensity infrared radiation can cause burns and tissue damage,
id_1152,very high intensity of radio -waving emission can cause health troubles,,TRUE,,
id_1153,very high intensity of infrared emission can cause health troubles,,TRUE,,
id_1154,even very high intensity of the light can not cause any health damage,,FALSE,Very high intensity visible light can damage retina and other tissues,
id_1155,very high intensity of the light can cause health damage,,TRUE,,
id_1156,concentration sof dissolved substances is measured by spectrophotometer at the minimum of absorption,,FALSE,Concentration is determined at absorption maximum for highest sensitivity,
id_1157,during the measurement of substance concentration by spectrophotometer the intensity of transmitting light increases with the increase of substance concentration,,FALSE,According to Beer-Lambert law transmitted intensity decreases as concentration increases,
id_1158,ultraviolet light with wavelengths under 280 nm (UV-C) induces mainly erythema,,FALSE,UV-Cmainly causes molecular damage and is largely absorbed by atmosphere; erythema is mainly UV-B,
id_1159,ultraviolet light with wavelengths 280-315 nm (UV-B) induces mainly destruction of biomolecules,,TRUE,,
id_1160,ultraviolet light with wavelengths under 280 nm (UV -C) has negative effect on the body,,TRUE,,
id_1161,ultraviolet light with wavelength sabove 315 nm (UV-A) induces mainly pigmentation,,TRUE,,
id_1162,oxygen and ozone in the atmosphere completely absorb ultraviolet light,,FALSE,They significantly absorb UV-Cand much UV-Bbut not completely all ultraviolet radiation,
id_1163,oxygen and ozone in the atmosphere significantly absorb ultraviolet light,,TRUE,,
id_1164,proteins ca nintensively absorb ultraviolet light,,TRUE,,
id_1165,nucleic acids can intensively absorb ultraviolet light,,TRUE,,
id_1166,protein sonly weakly absorb ultraviolet light,,FALSE,Proteins absorb UV strongly especially around 280 nm due to aromatic amino acids,
id_1167,nucleic acids only weakly absorb ultraviolet light,,FALSE,Nucleic acids strongly absorb UV light around 260 nm,
id_1168,water insignificantly (negligibly) absorbs ultraviolet li ght,,TRUE,,
id_1169,ultraviolet light damages mostly retina of the eye,,FALSE,UV primarily damages cornea and lens; visible and near-IR more readily reach retina,
id_1170,skin phototype means that the skin responds specifica lly and typically to the exposure of ultraviolet light (e.g. by erythema ),,TRUE,,
id_1171,skin phototype means that the skin responds specifica lly and typical ly to the exposure of sunlight (e.g. by erythema ),,TRUE,,
id_1172,amount of absorbed light (absorbed energy) in the substance depends on the wavelength of falling (incoming) light,,TRUE,,
id_1173,amount of absorbed light (absorbed energy) in the substance depends on the frequency of falling (incoming) light,,TRUE,,
id_1174,amount of absorbed light (absorbed energy) in the substance depends on the type of the absorption material,,TRUE,,
id_1175,amount of absorbed light (absorbed energy) in the substance depends on the amount (intensity) of falling (incoming) li ght,,TRUE,,
id_1176,amount of absorbed light (absorbed energy) in the substance depends on the duration of exposure,,TRUE,,
id_1177,amount of light (intensity of light) passing the medium decreases exponentially with the thickness of the medium,,TRUE,,
id_1178,malignant melanoma is acancer growin gmostly due to overexposure to infrared light,,FALSE,Melanoma is primarily associated with ultraviolet radiation not infrared,
id_1179,at high altitude the proportion of oxygen in the air markedly decreases,,FALSE,The proportion of oxygen remains approximately constant but partial pressure decreases,
id_1180,at high altitude the proportion of CO₂ in the air markedly decreases,,FALSE,The proportion of CO₂ remains relatively constant; total pressure decreases,
id_1181,at high altitude partial pressure of oxygen in the air signi ficantly decreases,,TRUE,,
id_1182,at high altitude partial pressure of CO₂ in the air significantly decreases,,TRUE,,
id_1183,at high altitude the proportion of oxygen in the air markedly increases,,FALSE,The fraction of oxygen remains roughly 21 percent,
id_1184,at high altitude the proportion of CO₂ in the air markedly increases,,FALSE,CO₂ fraction does not markedly increase with altitude,
id_1185,at high alti tude partial pressure of oxygen in the air significantly increases,,FALSE,Partial pressure decreases due to lower atmospheric pressure,
id_1186,at high altitude partial pressure of CO₂ in the air significantly increases,,FALSE,Partial pressure of CO₂ also decreases,
id_1187,"at high altitude (above 3,000 m) low partial pressure of oxygen in the air results in symptoms of hypoxia",,TRUE,,
id_1188,the main reason for “mountain“ disease is hypoxia,,TRUE,,
id_1189,the main reason for „caisson“ disease (decompresson disease) is hypoxia,,FALSE,Decompression disease results from nitrogen bubble formation not hypoxia,
id_1190,the symptoms of both acute and chronic hypoxia are the same,,FALSE,Acute and chronic hypoxia have different clinical manifestations and adaptations,
id_1191,"the symptoms of chronic hypoxia are lung oedema, brain oedema, colaps , and unconsciousness",,FALSE,These are features of severe acute hypoxia not typical chronic adaptation,
id_1192,during acclimatization to chronic (prolonged) hypoxia arelease of erythropoetin from kidneys induces higher production of red blood cells,,TRUE,,
id_1193,during acclimatization to acute (brief) hypoxia arelease of erythropoetin from kidneys induces higher production of red blood cells,,FALSE,Erythropoietin-mediated increase in RBC production requires prolonged hypoxia,
id_1194,"„caisson“ disease (decompresson disease) results from rapid release of gas bubbles (particularly nitrogen), which were dissolved in the body under high pressure",,TRUE,,
id_1195,„caisson“ disease (decompresson disease) results from too deep submersion of the diver,,FALSE,It results primarily from rapid decompression not simply depth,
id_1196,„caisson“ disease (decompresson disease) results from too prolonged submersion of the diver,,FALSE,Duration alone does not cause it; rapid ascent is the key factor,
id_1197,„caisson“ disease (decompresson disease) results from too fast rising up (to surface) of the diver,,TRUE,,
id_1198,hyperbaric chamber scan be used in treatment of “caisson“ (decompression) disease,,TRUE,,
id_1199,patient can stay in hyperbaric chamber without any health consequence for whatever (e.g. very long) time,,FALSE,Prolonged hyperbaric exposure can cause oxygen toxicity and other complications,
id_1200,hyperbaric chamber scan be used in treatmen tof carbon monoxide poisoning,,TRUE,,
id_1201,"hyperb aric chambers can be used in treatment of oxygen poisoning 17) Light, Imagine",,FALSE,Hyperbaric oxygen is acause of oxygen toxicity not atreatment for it,
id_1202,emission sof photons are caused by excitation sof interacting atoms,,FALSE,Photon emission occurs during de-excitation of atoms,
id_1203,emission sof photons are caused by de-excitation sof atoms,,TRUE,,
id_1204,atom scan be excited by absorption of any (whatever) photon,,FALSE,Excitation requires photons with specific energy matching energy level differences,
id_1205,"atoms can be excited by absorption of photon swith the energy = E2 - E1; (E1 : the energ yof basic state , E2 : the energ yof excit ed state of the atom )",,TRUE,,
id_1206,"atoms can be excited by absorption of photons with the energy = E2 - E1; (E1, E2 : the energ ies of different excit ed states of the atom )",,TRUE,,
id_1207,"atoms can be excited by absorption of photon swith the frequency  = (E 2 - E1) / h ; (E1 : the energ yof excit ed state , E2 : the energ yof basic state of the atom )",,FALSE,Excitation requires E2 greater than E1 so energy difference must correspond to transition from lower to higher level,
id_1208,infrared light has lower intensit ythan the visible light,,FALSE,Intensity depends on source not on spectral region,
id_1209,infrared light has higher intensity than the visible light,,FALSE,Intensity is not inherently determined by wavelength,
id_1210,visible light has lower intensity than the ultraviolet light,,FALSE,Intensity depends on source not spectral region,
id_1211,visible light has higher intensity than the ultraviolet light,,FALSE,Intensity is source-dependent not wavelength-dependent,
id_1212,infrared light has lower wavelength than the visible light,,FALSE,Infrared has longer wavelength than visible light,
id_1213,infrared light has higher wavelength than the visible light,,TRUE,,
id_1214,infrared light has higher wavelength than the ultraviolet light,,TRUE,,
id_1215,photons of visible light carry lower energy than the photons of ultraviolet light,,TRUE,,
id_1216,photons of visible ligh tcarry lower energy than the photons of infrared light,,FALSE,Visible photons have higher energy than infrared photons,
id_1217,spectrum of monochromatic light is one spectral line,,TRUE,,
id_1218,spectrum of polychromatic light is one spectral line,,FALSE,Polychromatic light contains multiple wavelengths,
id_1219,spectrum of polychromatic light can be continuous,,TRUE,,
id_1220,spectrum of polychromatic light can contain several spectral lines,,TRUE,,
id_1221,dependence of the number of absorbed photons on energy of these photons represent sthe absorption spectrum,,TRUE,,
id_1222,population metastability within the active laser medium is required for laser beam generation,,TRUE,,
id_1223,pressure inversio nwithin the active laser medium is required for laser beam generation,,FALSE,Population inversion not pressure inversion is required,
id_1224,population inversion within the active laser medium is required for laser beam generation,,TRUE,,
id_1225,metastability of basic state of molecule sor atom sof active laser medium is required for laser beam generation,,FALSE,Metastability of excited state is required not basic state,
id_1226,light dispersion causes the opening aberration of lens,,FALSE,Aperture aberration is not caused by dispersion; dispersion causes chromatic aberration,
id_1227,irregular curvature of the cornea causes spherical aberration (e.g. nearsightedness),,FALSE,Irregular curvature causes astigmatism not spherical aberration,
id_1228,irregular curvature of the cornea causes aspherical aberration,,TRUE,,
id_1229,outer light has to pene trate several optical media with different refractive indexes before reaching the eye retina,,TRUE,,
id_1230,light penetrates several eye structures to reach the retina; the lowest refraction is observed betwen the air and the cornea,,FALSE,The largest refraction occurs at the air-cornea interface,
id_1231,light penetrates several eye stru ctures to reach the retina; the lens contributes mainly to the total eye power,,FALSE,The cornea contributes the majority of refractive power,
id_1232,index of refraction depends on the wavelength of light,,TRUE,,
id_1233,index of refraction depends on the speed of light,,TRUE,,
id_1234,index of refraction depends on the medium through which the light travels,,TRUE,,
id_1235,index of refraction is expressed inm/s2,,FALSE,Refractive index is dimensionless,
id_1236,index of refraction is expressed inm/s,,FALSE,Refractive index is dimensionless,
id_1237,index of refraction is expressed inm . s,,FALSE,Refractive index has no units,
id_1238,index of refraction depends on the angle of incidence of light,,FALSE,It depends on medium and wavelength not on incidence angle,
id_1239,critical angle is maximum possible angle when the light beams penetrate from the air into the prism,,FALSE,Critical angle applies when light travels from denser to rarer medium not from air to prism,
id_1240,critical angle is minimum possible angle when the light beams penetrate from the air into the prism,,FALSE,Critical angle is defined for transition from denser to rarer medium,
id_1241,critical angle is minimum possible angle when the light beams penetrate from the prism into the air,,TRUE,,
id_1242,critical angle is maximum possible angle when the light beams penetrate from the prism into the air,,FALSE,Critical angle is the minimum incidence angle for total internal reflection,
id_1243,magnification of the lens can be expressed as aratio betwen the image and object heights,,TRUE,,
id_1244,magnification of the lens can be expressed as aratio betwen the image and object widths,,TRUE,,
id_1245,magnification of the lens can be expressed as aratio betwen the distance sto the object and to the image,,FALSE,Linear magnification equals image distance divided by object distance not asimple ratio of arbitrary distances,
id_1246,magnification of the lens is expressed in dioptres,,FALSE,Dioptre is unit of optical power not magnification,
id_1247,magnification of the lens is expressed in (dioptres )-1,,FALSE,Magnification is dimensionless,
id_1248,magnific ation of the lens can be expressed in per cent,,TRUE,,
id_1249,magnification of the converging lens can be expressed as aratio betwen the distance sfrom the lens center to the image and from the lens center to the object,,TRUE,,
id_1250,the unit of optical power of eye is lux,,FALSE,Optical power is measured in dioptres not lux,
id_1251,the unit of optical power of eye is dioptre,,TRUE,,
id_1252,the focal length of converging lens with the optical power of 5D is 20 cm,,TRUE,,
id_1253,the focal length of converging lens with the optical power of 5D is 2 cm,,FALSE,Optical powerD = 1/fin meters so for 5 Dfocal length is 0.2 mwhich equals 20 cm,
id_1254,"the shorter the focal length of converging lens , the lower its refractiveness",,FALSE,Shorter focal length corresponds to higher optical power and thus higher refractive ability,
id_1255,"the shorter the focal length of converging lens, the higher its refractiveness",,TRUE,,
id_1256,"the lower the radius of converging lens curvature , the lower the lens refractiveness",,FALSE,Smaller radius of curvature means stronger curvature and higher refractive power,
id_1257,"the higher the radius of converging lens curvature , the higher the lens refractiveness",,FALSE,Larger radius means flatter lens and lower refractive power,
id_1258,fictive (non -real) image is produced on eye retina,,FALSE,The image on the retina is real not virtual,
id_1259,real image is produced on eye retina,,TRUE,,
id_1260,image on eye retina is inverted (inverse),,TRUE,,
id_1261,image on eye retina is not straight (direct),,TRUE,,
id_1262,image on eye retina is reduced (smaller than the object),,TRUE,,
id_1263,image on eye retina is magnified (enlarged),,FALSE,The retinal image is smaller than the object not magnified,
id_1264,resolution of light microscope sis proportional to the wavelength of used light and inversely proportional to the refractive index of environment between the slide (preparation) and the objective,,FALSE,Resolution is proportional to wavelength but inversely proportional to numerical aperture which increases with refractive index,
id_1265,resolution of light microscope sis proportion al to the wavelength of used light,,TRUE,,
id_1266,resolution of light microscope sdepends on the refractive index of environment between the slide (preparation) and the objective,,TRUE,,
id_1267,"magnification of microscope is asum of magnifications relevant to individual optical parts of microscope, usually and mostly the sum of objective and eyepiece magnifications",,FALSE,Total magnification is the product of objective and eyepiece magnifications not the sum,
id_1268,"magnification of microscope is aratio of magnifications relevant to individual optical parts of microscope, usually an dmostly the ratio of objective and eyepiece magnifications",,FALSE,Total magnification equals the product not aratio,
id_1269,"magnification of microscope is aproduct of magnifications relevant to individual optical parts of microscope, usually and mostly the product of objective and eyepiece magnifications",,TRUE,,
id_1270,optimum magnification of microscope is usually attained by higher magnification of eyepiece and lower magnification of objective,,FALSE,Resolution depends mainly on objective so higher objective magnification with suitable eyepiece is optimal,
id_1271,optimum magnification of microscope is usually attained by higher magnification of objective and lower magnification of eyepiece,,TRUE,,
id_1272,optimum magnification of microscope is usually attained by equal magnification of eyepiece and objective,,FALSE,Optimal performance relies primarily on objective magnification not equal magnification,
id_1273,"magnification of microscope sbehind the optimum is called „empty magnification “, since this magnification does not allow to detect more details of an object",,TRUE,,
id_1274,"magnification of microscopes be low the optimum is called „ empty magnification “, since this magnification does not allow to detect more details of an object",,FALSE,Empty magnification refers to magnification beyond the useful resolving power not below optimum,
id_1275,each lens with optical power more than 4 D (an absolute value) can be used as amagnifying glass,,TRUE,,
id_1276,each lens with optical power less than 4 Dcan be used as amagnifying glass,,FALSE,Lenses with low optical power have too long focal length for practical magnification,
id_1277,converging lens es with high optical power swork as magnifying glas ses if the object is placed in the focal distance or even closer to the lens,,TRUE,,
id_1278,converging lens es with high optical power sdo not work as magnifying glas ses if the object is placed further than the focal distance ot the lens,,TRUE,,
id_1279,we observe real image sof observed object susing both the magnifying glass es and microscopes,,FALSE,Magnifying glass produces virtual image while microscope final image is also virtual,
id_1280,"we observe real image sof observed object susing magnifying glass es, but fictive images in microscopes",,FALSE,Magnifying glass produces virtual image and microscope final image is also virtual,
id_1281,"we observe real image sof observed object susing microscopes, but fictive images in magnifying glass es",,FALSE,Final image in both magnifying glass and microscope is virtual for the observer,
id_1282,"anumerical aperture depends on an amount of light beams (the angle size), which gets in the objective from the observed spot (numerical aperture influences aresolution of the microscope)",,TRUE,,
id_1283,refractometric measurement sof substance concentration employ the changes of the critical angle magnitude with changes of solution concentration,,TRUE,,
id_1284,spectrophotometric measurements of substance concentration employ the changes of the critical angle magnitude with changes of solution concentration,,FALSE,Spectrophotometry measures absorbance not critical angle,
id_1285,we adjust and observe colour boundary at the position of critical angle during the measurement with refra ctometer,,TRUE,,
id_1286,converging lens es always produce real image sof objects (regardless the position of object sto the lens),,FALSE,If object is within focal length converging lens produces virtual image,
id_1287,converging lenses can produce fictive images of objects,,TRUE,,
id_1288,fictive image scould be captured on the opaque screen,,FALSE,Virtual images cannot be projected onto ascreen,
id_1289,microscope sproduce real image sof observed object sbecause the function of eyepiece (ocular),,FALSE,The eyepiece forms avirtual image for the observer,
id_1290,microscope sproduc ereal image sof observed object sbecause the function of objective,,TRUE,,
id_1291,magnification of magnifying glass depends mostly on object position and very little on the lens optical power,,FALSE,Magnification depends strongly on optical power of the lens,
id_1292,magnification of magnifying glass depends mainly on the lens optical power,,TRUE,,
id_1293,during the measurement of the size of objects using the microscope one must calibrate the ocular scale,,TRUE,,
id_1294,"during the measurement of the distance to objects using the microscope , one must calibrate the ocular scale 18) Eye, vision",,FALSE,Ocular scale calibration is for size measurement not distance to object,
id_1295,accomodation mechanism represents an activation of cones and inhibition of rods on the retina,,FALSE,Accommodation involves change of lens curvature not photoreceptor activation,
id_1296,rods and cones are not employed in eye accomodation,,TRUE,,
id_1297,accomodation mechanism represent san activation of rods and inhibition of cones on the retina,,FALSE,Accommodation is mechanical change in lens shape not receptor activation,
id_1298,"in myopic (short sighted) eye , light beams focuse in front of retina; the defect is corrected by diverging lens",,TRUE,,
id_1299,"in hypermetropic (far sighted) eye , light beams focuse in front of retina ; the defect is corrected by conver ging lens",,FALSE,In hypermetropia light focuses behind retina and is corrected by converging lens,
id_1300,"in hypermetropic (far sighted) eye , light beams focuse behind the retina ; the defect is corrected by diverging lens",,FALSE,Hypermetropia is corrected by converging not diverging lens,
id_1301,myopia (short sight) is corrected by diverging lenses,,TRUE,,
id_1302,"myopia is spherical defect of eye, which means that it is different in horizontal and vertical directions",,FALSE,Spherical defect means equal in all meridians; difference between meridians is astigmatism,
id_1303,"hypermetropia (far sight) is spherical defect of eye, which means that it is different in horizontal and vertical directions",,FALSE,Difference between horizontal and vertical is astigmatism not hypermetropia,
id_1304,presbyopia is kind of hypermetropia,,TRUE,,
id_1305,myopia is corrected by concave lenses,,TRUE,,
id_1306,myopia is corrected by convex lenses,,FALSE,Myopia requires diverging concave lenses not convex,
id_1307,myopia is corrected by cylindric al lenses,,FALSE,Cylindrical lenses correct astigmatism not myopia,
id_1308,accomodation means the ability of eye to focus on (to perceive sharply) close objects,,FALSE,Accommodation is the ability to change focus for objects at various distances not only close,
id_1309,accomodation means the ability of eye to change its optical power,,TRUE,,
id_1310,optical power of the cornea adjusts by achange of its curvature,,FALSE,Corneal curvature is essentially fixed; accommodation changes lens curvature,
id_1311,optical power of the cornea adjusts by achange of its distance from the retina,,FALSE,Accommodation does not involve corneal movement,
id_1312,optical power of human eye sis approx. 60 dioptres,,TRUE,,
id_1313,optical power of human eyes is approx . 90 dioptres,,FALSE,Total optical power of human eye is about 60 dioptres,
id_1314,optical power of human eyes is appro . 30 dioptres,,FALSE,Normal eye optical power is roughly 60 dioptres not 30,
id_1315,optical power can be expressed in cm-1,,FALSE,Dioptre is defined asm-1 not cm-1,
id_1316,optical power can be expressed inm-1,,TRUE,,
id_1317,"astigmatism is spherical defect of eye, which means that it is different in horizontal and vertical directions",,FALSE,Astigmatism is cylindrical defect not spherical,
id_1318,astigmatism is colour defect,,FALSE,Astigmatism is refractive defect not color perception defect,
id_1319,astigmati sm is corrected by concave lenses,,FALSE,Cylindrical lenses are used to correct astigmatism,
id_1320,astigmati sm is corrected by convex lenses,,FALSE,Cylindrical lenses are required not simple convex lenses,
id_1321,astigmati sm is corrected by cylindric al lenses,,TRUE,,
id_1322,hypermetropia is amonochromatic defect,,FALSE,Hypermetropia is refractive error not related to wavelength,
id_1323,myopia is amono chromatic defect,,FALSE,Myopia is refractive defect not wavelength-dependent,
id_1324,eye cornea is crucial for eye accomodation,,FALSE,Accommodation depends mainly on lens not cornea,
id_1325,colour vision requires sp ectral decomposition of light in the eye,,FALSE,Color vision depends on different cone photopigments not spectral splitting,
id_1326,colour vision does not require sp ectral decomposition of light in the eye,,TRUE,,
id_1327,rods and cones send their axons to the temporal lobe of brain (center of vision),,FALSE,Photoreceptors connect to bipolar and ganglion cells; ganglion axons form optic nerve projecting to occipital lobe,
id_1328,eye retina contains mainly chemoreceptors,,FALSE,Retina contains photoreceptors not chemoreceptors,
id_1329,retina comprises many layers of unipolar and ganglionar cells,,TRUE,,
id_1330,in the human retina the number of rods is higher than the number of cones,,TRUE,,
id_1331,in the human retina the number of cones is higher than the number of rods,,FALSE,Rods are more numerous than cones in human retina,
id_1332,cones are more sensitive to light than the rods,,FALSE,Rods are more sensitive especially in low light,
id_1333,rods are less sensitive to light than the cones,,FALSE,Rods are more sensitive than cones,
id_1334,there are only cones in the macula lutea of retina providing “photopic“ vision,,FALSE,Fovea centralis contains only cones but macula lutea overall includes some rods,
id_1335,there are only rods in the macula lutea of retina providing “photopic“ vision,,FALSE,Photopic vision is mediated by cones not rods,
id_1336,there are only rods in the blind spot of the retina,,FALSE,Blind spot has no photoreceptors at all,
id_1337,there are only cones in the blind spot of the retina,,FALSE,Blind spot contains no rods or cones,
id_1338,phototransmission is based upon absorption of photons by the photoreceptor pigment molecules,,TRUE,,
id_1339,absorption of light (photon) in the pigme nt results in alteration of the pigment molecule,,TRUE,,
id_1340,when the layer of ganglionic cells is injured (damaged) perception of light is mediated by fibers and action potentials directly from photoreceptors,,FALSE,Photoreceptors do not generate action potentials; ganglion cells are required to transmit signals,
id_1341,aprimary response of photoreceptors to light stimula tion is their hyperpolarization,,TRUE,,
id_1342,aprimary response of photoreceptors to light stimulation is their depo larization,,FALSE,Light causes hyperpolarization not depolarization,
id_1343,after the excitation of photosensitive cells by light the ganglionic cells are depolarized,,TRUE,,
id_1344,after the excitation of photosensitive cells by light the ganglionic cells are hyperp olarized,,FALSE,Ganglion cells generate action potentials and depolarize when activated,
id_1345,cones and rods contain different pigments,,TRUE,,
id_1346,different kind of cones contain different types of pigments,,TRUE,,
id_1347,"an optic analyser consists of 3 parts: an eyeball, aretina, and avisual cortex",,FALSE,Visual analyzer consists of receptor apparatus pathways and visual cortex not eyeball as separate part,
id_1348,we perceive apolychromatic light as aset (an assembly) of many colours,,FALSE,Polychromatic light can be perceived as single mixed color depending on spectral composition,
id_1349,cones provide perception of colours,,TRUE,,
id_1350,cones are not employed in the discrimination of colours,,FALSE,Color discrimination depends on cone photoreceptors,
id_1351,rods provide perception of colours,,FALSE,Rods mediate scotopic vision and do not provide color discrimination,
id_1352,human eye discerns (distinguishes) approx. 150 colours (colour tones ),,FALSE,Humans can distinguish far more than 150 color hues,
id_1353,human eye discerns (distinguishes) approx. 15 colours (colour tones),,FALSE,Humans can distinguish far more than 15 color hues,
id_1354,human eye discerns (distinguishes) approx. 1500 colours (colour tones),,FALSE,Humans can typically distinguish on the order of millions of colors,
id_1355,deuteranomaly is just reduced ability of person to clearly perceive the green colour,,TRUE,,
id_1356,protanopy is complete lost of ability to perceive the blue colour,,FALSE,Protanopia is loss of red (L-cone) function not blue,
id_1357,tritanomaly is aspheric defect in perception of the red colour,,FALSE,Tritanomaly is ablue-yellow (S-cone) deficiency not related to spherical/aspheric optics,
id_1358,tritanopy is lost ability to perce ive the blue (and partially yellow) colour,,TRUE,,
id_1359,cataract occures due to the damage of the eye lens,,TRUE,,
id_1360,miosis (reduced size of pupil) occur swhen the intensity of light is higher,,TRUE,,
id_1361,meiosis occurs when the intensity of light is lower,,FALSE,Miosis occurs with higher light intensity; pupil dilates in low light,
id_1362,human eye can distinguish two points and perceive them separately if their images reach two different cones at the fovea centra lis,,TRUE,,
id_1363,human eye can distinguish two points and perceive them separately if their images reach two different cones,,TRUE,,
id_1364,human eye can disti nguish two points and perceive them separately if their images reach two different rods,,FALSE,Resolution is best when images stimulate separate cones; rods have lower spatial resolution,
id_1365,visual acuity (Visus) is afraction (ratio) where anumerator represents the distance of correct reading of signs and adenominator represents the distance of eye examination,,FALSE,Visus is test distance divided by the distance at which anormal eye can read the same optotype,
id_1366,visual acuity (Visus) is afraction (ratio) where anumerator represents the distance of eye examination and adenominator represents the dista nce of correct reading of signs,,TRUE,,
id_1367,visual acuity is expressed as aVisus (V),,TRUE,,
id_1368,visual acuity represents an ability of vision to distinguish two close points (minimum separabile) expressede.g. as amagnitude of the angle bet ween the light beams from those two points,,TRUE,,
id_1369,visual acuity is examined using Scheiner charts,,FALSE,Visual acuity is typically tested with Snellen or similar optotype charts not Scheiner charts,
id_1370,avisual acuity is examined using Snellen charts,,TRUE,,
id_1371,"accomodation width represent sthe range of distances at which the eye can provide sharp (focused) vision, or the range of change of optical powers of the eye (in dioptres)",,TRUE,,
id_1372,accomodation width is always entirely determined by the measurement of near point (punctum proximum - PP),,FALSE,Accommodation amplitude depends on both near point and far point,
id_1373,accomodation width is always entirely determined by the measurement of far point (punctum remotum - PR),,FALSE,Accommodation amplitude depends on both far point and near point,
id_1374,near point (PP – punctum proximum) is the nearest distance at which the eyes can detect light,,FALSE,Near point is the nearest distance for clear focus not mere light detection,
id_1375,far point (PR - punctum remotum) is the most distant point at which the eyes can detect light,,FALSE,Far point is the most distant point seen clearly without accommodation not mere light detection,
id_1376,"if PP = 6 Dand PR = -2 D, the accomodati on width is 8 D; this eye is hypermetropic",,FALSE,Positive PR in dioptres indicates hypermetropia; negative PR indicates myopia,
id_1377,"if PP = 6 Dand PR = -2 D, the accomodation width is 8 D; this eye is myopic",,TRUE,,
id_1378,"if PP = 10 Dand PR = 2 D, the accomodation width is 8 D; this eye is myopic",,FALSE,PR = 2 Dindicates hypermetropia not myopia,
id_1379,Snellen types (symbols) are seen from appropriate dis tance at the angle of 1,,FALSE,Snellen optotypes are constructed so the whole letter subtends 5 arcminutes and critical detail 1 arcminute,
id_1380,Snellen types (symbols) are seen from appropriate distance at the angle of 5,,TRUE,,
id_1381,Snellen types (symbols) are seen from appropriate distance at the angle of 1,,FALSE,One degree is far larger than standard Snellen optotype size,
id_1382,Snellen types (symbols) are see nfrom appropriate distance at the angle of 5 19) Radiation and radioactivity,,FALSE,Standard Snellen optotypes subtend 5 arcminutes not 5 arcseconds,
id_1383,radioactivity is akind of transformation within the atomic nucleus,,TRUE,,
id_1384,radioactivity means that the atom is not stable,,TRUE,,
id_1385,radioactivity is associated with particle emissions (releases),,TRUE,,
id_1386,radioactivity is not assoc iated with production of dangerous radiation,,FALSE,Radioactivity produces ionizing radiation which can be hazardous,
id_1387,radioactivity is characterizede.g. by an activity of the sample,,TRUE,,
id_1388,radioactivity can be characterized by ahalf -life,,TRUE,,
id_1389,radioactivity can never be induced by falling radiation,,FALSE,Some nuclei can be made radioactive by irradiation neutron activation or other induced reactions,
id_1390,radioactivity is atype of chemi cal reaction,,FALSE,Radioactivity is anuclear process not achemical reaction,
id_1391,half-life is not related to the sample activity,,FALSE,Activity decreases with time according to half-life,
id_1392,half-life represents the averaged „life“ duration of unstable nuclei,,TRUE,,
id_1393,ionization is adecay of atomic nucleus,,FALSE,Ionization is removal or addition of electrons not nuclear decay,
id_1394,ionization is an alteration of the number of electric charges within the atomi cnucleus,,FALSE,Nuclear charge changes only in nuclear reactions; ionization involves electrons,
id_1395,ionization is achange in number of atomic electrons,,TRUE,,
id_1396,spectrum of characteristic radiation (Xrays) is continuous spectrum,,FALSE,Characteristic Xrays form line spectrum,
id_1397,abrake radiation (bremsstrahlung) gives line spectrum,,FALSE,Bremsstrahlung produces continuous spectrum,
id_1398,spectrum of characteristic radiation (Xrays) is line spectrum,,TRUE,,
id_1399,filtration ofX -ray beam simproves the quality ofX -ray image,,TRUE,,
id_1400,scintil ators employ transformation of the energy ofX -rays (gamma rays) to the light,,TRUE,,
id_1401,scintilators employ transformation of the energy ofX -rays (gamma rays) to radio waves,,FALSE,Scintillators convert ionizing radiation energy into visible light photons not radio waves,
id_1402,scintilators employ transformation of the energy ofX -rays (gamma rays) to microwaves,,FALSE,Scintillators emit visible light not microwaves,
id_1403,marked molecules (containing radioactive isotopes) are used for evaluation of biological effects of radiation,,TRUE,,
id_1404,marked molecules (containing radioactive isotopes) are used for the calibration of dosimeters,,TRUE,,
id_1405,marked molecules (containing radioactive isotopes) are used for study of biological processes,,TRUE,,
id_1406,electrons in atomic covers (envelopes) are not primarily affected by beta particles,,FALSE,Beta particles are electrons or positrons and primarily interact with atomic electrons,
id_1407,electrons in atomic covers (envelopes) are not primarily affected by alpha particles,,FALSE,Alpha particles ionize mainly by interacting with atomic electrons,
id_1408,electrons in atomic covers (envelopes) interact with gamma particles by photoeffect,,TRUE,,
id_1409,electrons in atomic cov ers (envelopes) interact with gamma particles by Compton scatter,,TRUE,,
id_1410,gamma particles with high energy interact with atomic nuclei and produce the pairs of electron and positron,,TRUE,,
id_1411,electrons in atomic covers (envelopes) do not directly interact with fast movin gneutrons,,TRUE,,
id_1412,ionization is not caused by stream sof particles with sub -threshold energy,,TRUE,,
id_1413,ionization is not caused by stream sof photons with supra -threshold (supra liminal ) energy,,FALSE,Photons above ionization threshold can cause ionization,
id_1414,ionization is induced by stream sof gamma particles,,TRUE,,
id_1415,ionization is induc ed by stream sof Xray photons,,TRUE,,
id_1416,ionization is induced by stream sof alpha particles,,TRUE,,
id_1417,ionization is not induced by stream sof beta particles (electrons and positrons),,FALSE,Beta radiation is ionizing,
id_1418,ionization is induced by stream sof neutrons,,TRUE,,
id_1419,ionization is induced by microwave radi ation,,FALSE,Microwaves are non-ionizing,
id_1420,ionization is induced by infrared radiation,,FALSE,Infrared is non-ionizing,
id_1421,ionization is not induced by „braking“ radiation (brem sstrahlung),,FALSE,Bremsstrahlung isX-ray radiation and is ionizing,
id_1422,Sv (sievert) is the unit of activity,,FALSE,Activity is measured in becquerels,
id_1423,Sv (sievert) is the unit of dose,,FALSE,Absorbed dose is gray; sievert is equivalent dose,
id_1424,Sv (sievert) is not the unit of dose,,TRUE,,
id_1425,Sv (sievert) is the unit of dose equivalent,,TRUE,,
id_1426,Sv (sievert) is the unit of the exposure,,FALSE,Exposure is measured inC/kg,
id_1427,biologic al effects of radiation are expressed most correctly as the activity,,FALSE,Biological effect is best related to equivalent or effective dose in sieverts,
id_1428,biologic al effects of radiation are expressed most correctly as the dose,,FALSE,Absorbed dose alone does not account for radiation type; equivalent dose does,
id_1429,biological effects of radiation are expressed most correctly as the dose equivalent,,TRUE,,
id_1430,biologic al effects of radiation are expressed most correctly as the ionization,,FALSE,Biological effects are summarized by equivalent or effective dose not raw ionization,
id_1431,Gy (Gray) is the unit of dose,,TRUE,,
id_1432,C.kg-1 is the unit of dose,,FALSE,C/kg is the unit of exposure not absorbed dose,
id_1433,C.kg is the unit of exposure (irradiation),,FALSE,Exposure unit isC/kg notC·kg,
id_1434,the type of ce ll damage caused by radiation does not depend on the type of radiation,,FALSE,Damage pattern depends on radiation type and linear energy transfer,
id_1435,acell damage caused by radiation does not depend on an energy of radiation particles,,FALSE,Damage depends on particle energy and LET,
id_1436,ionization is the only process that cause damage of cells,,FALSE,Excitation and indirect free-radical formation also contribute to damage,
id_1437,high permeability radiation sinduce larger damage in irradiated atoms and molecules than radiation swith low permeability,,FALSE,Low-penetration high-LET radiation like alpha causes greater local damage,
id_1438,radiation swith higher total energy always cause larger damage in the material than radiation swith lower total energy,,FALSE,Biological damage depends on dose distribution and LET not only total energy,
id_1439,"the order of danger of radiation for living st ructures at identical dose of irradiation is (the most dangerous first) : alpha, beta, neutrons",,FALSE,At equal absorbed dose neutrons are typically more biologically effective than beta and often comparable or higher than alpha,
id_1440,"the order of danger of radiation for living structures at identical dose of irradiation is (the most dangerous first) : neutrons, beta, X -rays",,FALSE,Beta and Xrays have similar low weighting compared to neutrons; order is not generally neutrons then beta then Xrays,
id_1441,"the order of da nger of radiation for living structures at identical dose of irradiation is (the most dangerous first) : alpha, neutrons, gamma",,FALSE,Neutrons usually have higher biological effectiveness than gamma and often higher than alpha depending on energy,
id_1442,"the order of tissue sensitivity to ionizing radiation (larger damage at the same dose) is (the most sensitive first) : bone marr ow, thyroid gland, muscle",,TRUE,,
id_1443,"the order of tissue sensitivity to ionizing radiation (larger damage at the same dose) is (the most sensitive first) : thyroid gland, gonads, muscle",,FALSE,Gonads and bone marrow are among the most radiosensitive tissues typically more than thyroid,
id_1444,alpha radiation has low permeability (short penetration) in materials,,TRUE,,
id_1445,brakin grays (brem sstrahlung) have low permeability (short penetration) in materials,,FALSE,Bremsstrahlung Xrays are relatively penetrating compared with alpha,
id_1446,X-ray has high permeability (deep penetration) in materials,,TRUE,,
id_1447,neutron radiation shave low permeability (short penetration) in materials,,FALSE,Neutrons are highly penetrating,
id_1448,dose equivalent does not depend on adose of irradiation,,FALSE,Equivalent dose depends on absorbed dose multiplied by radiation weighting factor,
id_1449,dose equivalent depends on the type of radiation,,TRUE,,
id_1450,dose equivalent depends on the type of radiation,,TRUE,,
id_1451,dose equivalent depends on the type of irradiated tissues,,TRUE,,
id_1452,water absorbsX -rays more than air,,TRUE,,
id_1453,air absorbsX -rays more than water,,FALSE,Air is low density so it attenuates Xrays much less than water,
id_1454,water absorbsX -rays more than bones,,FALSE,Bone attenuates Xrays more than water due to higher density and atomic number,
id_1455,bones abso rbX-rays more than water,,TRUE,,
id_1456,blood absorbsX -rays more than bones,,FALSE,Bone attenuates Xrays more than blood,
id_1457,attenuations ofX -rays penetrating materials do not depend on the layer thickne sses,,FALSE,Attenuation increases with thickness of the material,
id_1458,attenuations ofX -rays penetrating materials depend on the layer thicknesses,,TRUE,,
id_1459,attenuations ofX -rays penetrating materials do not depend on the energy ofX -rays,,FALSE,Attenuation depends on photon energy,
id_1460,attenuations ofX -rays penetrating materials depend on the energy ofX -rays,,TRUE,,
id_1461,attenuations ofX -rays penetrating materials do not depend on these materials,,FALSE,Attenuation depends on the material composition and density,
id_1462,attenuations ofX -rays penetrating ma terials do not depend on the temperature,,TRUE,,
id_1463,attenuations ofX -rays penetrating materials depend on the temperature 20) Diagnostic and therapeutical methods,,FALSE,Xray attenuation depends mainly on material and energy and is essentially independent of temperature in normal conditions,
id_1464,therapeutic and diagnostic methods are invasive and noninvasive,,TRUE,,
id_1465,radiotherapy is based on differ ent absorption of ionizing radiation by different tissues,,FALSE,Radiotherapy is based on delivering ahigher dose to target tissue while sparing normal tissue not on inherently different absorption alone,
id_1466,the doses of radiation applied in radio therapy are simillar to doses used in diagnostics but the configuration of irradiation is different,,FALSE,Therapeutic doses are much higher than diagnostic doses,
id_1467,skiascopy represents an organ imaging technique using theX -rays at an actual time,,FALSE,Real time Xray imaging is fluoroscopy; skiascopy is eye refraction test,
id_1468,skiagra phy isX -ray imaging technique performing the image of organs on the recording medium,,TRUE,,
id_1469,computer tomography (CT) represents an imaging of the organ at its layers by scanning,,TRUE,,
id_1470,computer tomography (CT) produces scan imag es based ona „transillumination“ of organs withX -rays,,TRUE,,
id_1471,"radioisotopes when introduced into abody accumulate themselves within the examined organ, and release the radiation being detected (e.g. by gamma -camera)",,TRUE,,
id_1472,positron -emission tomography (PET) is bas ed on the detection of positrons penetrating an examined tissue,,FALSE,PET detects pairs of gamma photons from positron annihilation not penetrating positrons,
id_1473,nuclear magnetic resonance tomography (NMR or NMRT) is based on an absorption of infrared radiation in the tissues by the strong magnetic field,,FALSE,MR is based on radiofrequency absorption by nuclei in astrong magnetic field not infrared,
id_1474,magnetic resonance (MR) employs ionizing as well as non -ionizing radiations in order to generate image,,FALSE,MR uses non ionizing radiofrequency and magnetic fields not ionizing radiation,
id_1475,electron microscope suse primarily astream of fast electrons to create an image,,TRUE,,
id_1476,NMR tomographs do not contain magnet,,FALSE,MRI requires strong magnets,
id_1477,NMR tomographs do not contain radio transmitter,,FALSE,MRI uses radiofrequency transmitter and receiver coils,
id_1478,NMR tomographs do not containX-ray tube,,TRUE,,
id_1479,NMR does not detect nuclei 12C,,TRUE,,
id_1480,NMR detects nuclei 12C,,FALSE,Carbon 12 has zero nuclear spin so it is not detectable by NMR,
id_1481,magnetic spectroscopy allows to determine the oedema size,,FALSE,MR spectroscopy measures chemical composition rather than directly measuring edema size,
id_1482,magnetic spectroscopy allows to determine the tumor size,,FALSE,Tumor size is determined by MRI imaging not spectroscopy,
id_1483,nuclear magnetic resonance allows to determine the tumor size,,TRUE,,
id_1484,nuclear magnetic resonance allows to locate the lesions (spots ) of multiple sclerosis,,TRUE,,
id_1485,the advantage of magnetic resonance technique over CT is the absence of electromagnetic radiation,,FALSE,MRI uses electromagnetic radiofrequency fields; the advantage is absence of ionizing radiation,
id_1486,the advantage of magnetic resonance technique over CT is possibility to use contrast substances,,FALSE,Both CT and MRI can use contrast agents,
id_1487,the advantage of magnetic resonance technique over CT is the absence of ionizing electromagnetic radiation,,TRUE,,
id_1488,artificial ventilation smay apply positive as well as negative pressure (comparing with atmospheric pressure),,TRUE,,
id_1489,"continuous positive airway pressure (CPAP) means that patient sbreathe spontaneously, however , the pressure of gas is higher than the atmospheric pressure",,TRUE,,
id_1490,"during artificial ventilation sat least certain of following parameters are set : an inspirato ry duration, an expiratory duration, maximum allowed inspiratory and/or expiratory pressures and/or volumes",,TRUE,,
id_1491,"apacemaker , in fact , replaces damaged and unexcitable myocardial tissue",,FALSE,Apacemaker provides electrical stimulation and pacing but it does not replace myocardial tissue,
id_1492,effects of direct electric current (DC) are employed in diathermy,,FALSE,Diathermy uses high frequency alternating currents or electromagnetic fields not DC,
id_1493,galvanotherapy means the effects of high -frequency alternating electric currents (AC),,FALSE,Galvanotherapy uses direct current not high frequency AC,
id_1494,percusion is based on the listening of sounds and murmurs by astethoscope,,FALSE,Percussion is tapping the body and interpreting sounds; auscultation uses astethoscope,
id_1495,electroencephalografy (EEG) employs an intracellular recording of electrical activities of brain,,FALSE,EEG is extracellular surface recording via scalp electrodes,
id_1496,during afiberscopy the examined organ is illuminated and its image is transferred using fiber optics,,TRUE,,
id_1497,fiberscopes allow observations of body cavities based on the total tissue reflection,,FALSE,Fiberscopes use total internal reflection within optical fibers not total tissue reflection,
id_1498,dialysis employs the diffusion of toxic metabolites from the blood into dialysing fluid,,TRUE,,
id_1499,dialysis employs the mechanisms of active transports,,FALSE,Dialysis relies on diffusion and ultrafiltration not active transport,
id_1500,dialysis employs the mechanisms of osmosis,,TRUE,,
id_1501,dialysis employs the mechanisms of exocyt osis,,FALSE,Exocytosis is not involved in dialysis,
id_1502,cautery is an equipment used for the coagulation of tissue sby high temperat ures,,TRUE,,
id_1503,cautery is an equipment used for the destruction of tissues by high pressures,,FALSE,Cautery destroys tissue by heat not high pressure,
id_1504,electrocoagulator sare device sfor the destruction of tissue sby high temperatures,,TRUE,,
id_1505,electrocoagulators are devices for the tissues recovery by strong electric fields,,FALSE,Electrocoagulation is for tissue destruction and hemostasis not recovery,
id_1506,cryocautery causes atissue destruction due to deep freezing,,TRUE,,
id_1507,cryocautery causes atissue destruction due to high heating,,FALSE,Cryocautery uses freezing not heating,
id_1508,diathermy employs thermal effects of high -frequency electromagnetic fields,,TRUE,,
id_1509,"defibrilation employs intense electric currents, which stimulate the heart tissue at the same time",,TRUE,,
id_1510,"adefibrilator profoundly depolarizes the heart tissue, thus allowing arestoration of aregular depolarization and the normal heart action",,TRUE,,
id_1511,"defibrilation employs low electric currents, which stimulate the he art tissue at the same time",,FALSE,Defibrillation uses ahigh energy shock not low current,
id_1512,patient shave to be grounded during defibrilation,,FALSE,Patients must be electrically isolated; grounding is not required and can be dangerous,
id_1513,patient smust not be grounded during defibrilation,,TRUE,,
id_1514,"electric currents as well as magnetic fields can be used to stimulate the nerves and muscles during the rehabilitation due to they spasmolytic, anti -swelling, and analgetic effects",,TRUE,,
id_1515,an increase as well as adecrease of the tissue pH has analgetic effects,,FALSE,Analgesia is not ageneral direct effect of both increased and decreased pH; extreme pH typically causes pain and tissue irritation,
id_1516,"laser si auseful tool at the surgery (alaser scalpel), photo -coagulation of retina and lens, and eye surgery",,TRUE,,
id_1517,an ultrasound treatment is commonly used to treat malignant tumors,,FALSE,Ultrasound therapy is not commonly used as primary treatment for malignant tumors,
id_1518,lithotripsy uses pulses of electromagnetic field at frequencies about 5 Hz in order to destroy kidney concrements (stones),,FALSE,Lithotripsy uses focused shock waves which are mechanical acoustic waves not low frequency electromagnetic fields,
id_1519,using the ultrasound imaging techniques arecord „A“ represents two dimensional (2D) picture of examined tissues,,FALSE,Amode is one dimensional amplitude versus depth; Bmode provides two dimensional image,
id_1520,ultrasound is the electromagnetic waving within tissues at frequencies above 20 kHz,,FALSE,Ultrasound is mechanical longitudinal sound wave not electromagnetic,
id_1521,negative effects of ultrasound are mostly thermal effects and possible damage of tissues by cavitations,,TRUE,,
id_1522,ultrasound exa mination semploy unequal absorption sof energy in tissues and thus areduction of transmitted field in order to create the image,,FALSE,Ultrasound imaging relies mainly on reflection and echo timing at acoustic impedance boundaries not absorption of transmitted field,
id_1523,"higher frequency ultrasound penetrates tissues less, however , it produces higher resolution image",,TRUE,,
id_1524,reflection of ultrasound on the transition (boundary) of two tissues depends only on the acoustic impedance of the first one,,FALSE,Reflection depends on impedance mismatch between both media,
id_1525,reflection of ultrasound on the transition (boundary) of two tissues depends only on the acoustic impedance of the second one,,FALSE,Reflection depends on impedance mismatch between both media,
id_1526,reflection of ultrasound on the transition (boundary) of two tissues depends on the acoustic impedance sof both tissues,,TRUE,,
id_1527,reflection of ultrasound on the transition (boundary) of two tissues depends mainly on the frequency of ultrasound,,FALSE,Main determinant is impedance mismatch; frequency affects attenuation and resolution but not primary reflection coefficient,
id_1528,"at the transition (boundary) of two media, the higher the acoustic impedances of both media, the higher the energy of reflected ultrasound",,FALSE,Reflected fraction depends mainly on the difference in acoustic impedances not their absolute magnitude,
id_1529,"at the transition (boundary) of two media, the lower the acoustic impedances of both media, the higher the energy of reflected ultrasound",,FALSE,Reflection depends on impedance mismatch not low absolute impedances,
id_1530,"at the transition (boundary) of two media, the lower the difference of acoustic impedances of both media, the higher the energy of reflected ultrasound",,FALSE,Smaller impedance difference yields less reflection,
id_1531,"at the transition (boundary) of two media, the higher the difference of acoustic impedances of both media, the higher th eenergy of reflected ultrasound",,TRUE,,
id_1532,typical frequencies of ultrasound used for diagnostic sare around 2 kHz,,FALSE,Diagnostic ultrasound uses megahertz frequencies,
id_1533,typical frequencies of ultrasound used for diagnostic sare around 20 kHz,,FALSE,Diagnostic ultrasound is typically in the range of about 2 to 15 MHz,
id_1534,typical frequencies of ultrasound used for diagnostic sare around 2 MHz,,TRUE,,
id_1535,relations of echo amplitudes and the distances within the tissue srepresent the ultrasoundA - mode,,TRUE,,
id_1536,relations of echo amplitudes and the distances within the tissue srepresent the ultrasoundB - mode,,FALSE,Bmode displays brightness mapped to echo amplitude in atwo dimensional image not asimple amplitude distance plot,
id_1537,relations of echo amplitudes and the distances wit hin the tissue srepresent both the ultrasoundA - mode and ultrasoundB - mode,,FALSE,Only Amode is amplitude versus depth; Bmode isa 2D brightness image,
