id,type,english,latin,german,region,system,parent_id,course_tags,key_features,clinical_notes,details_json,muscle_categories,muscle_parts,muscle_origin,muscle_insertion,muscle_innervation,muscle_blood_supply,muscle_actions,oral_exam_prompts,common_confusions,review_status
bone_vertebral_column,bone,vertebral column,columna vertebralis,Wirbelsäule,back,skeletal,,anat1_week_01; anat1_week_02,"cervical, thoracic, lumbar, sacral and coccygeal regions; protects spinal cord",,{},,,,,,,,,,seed_needs_review
bone_sternum,bone,sternum,sternum,Brustbein,thorax,skeletal,,anat1_week_01,"manubrium, body and xiphoid process; anterior thoracic wall landmark",,{},,,,,,,,,,seed_needs_review
bone_rib,bone,rib,costa,Rippe,thorax,skeletal,,anat1_week_01,"12 pairs; true, false and floating ribs",,{},,,,,,,,,,seed_needs_review
bone_frontal,bone,frontal bone,os frontale,Stirnbein,skull,skeletal,,anat1_week_02,"forehead, roof of orbit and anterior cranial fossa",,{},,,,,,,,,,seed_needs_review
bone_parietal,bone,parietal bone,os parietale,Scheitelbein,skull,skeletal,,anat1_week_02,paired bones of cranial vault,,{},,,,,,,,,,seed_needs_review
bone_occipital,bone,occipital bone,os occipitale,Hinterhauptbein,skull,skeletal,,anat1_week_02,posterior cranial fossa; foramen magnum and occipital condyles,,{},,,,,,,,,,seed_needs_review
bone_temporal,bone,temporal bone,os temporale,Schläfenbein,skull,skeletal,,anat1_week_03,external acoustic meatus; petrous part contains inner ear region,,{},,,,,,,,,,seed_needs_review
bone_sphenoid,bone,sphenoid bone,os sphenoidale,Keilbein,skull,skeletal,,anat1_week_02,central cranial base bone; sella turcica and major foramina,,{},,,,,,,,,,seed_needs_review
bone_ethmoid,bone,ethmoid bone,os ethmoidale,Siebbein,skull,skeletal,,anat1_week_02,cribriform plate; part of medial orbital wall and nasal cavity,,{},,,,,,,,,,seed_needs_review
bone_mandible,bone,mandible,mandibula,Unterkiefer,skull,skeletal,,anat1_week_03,lower jaw; only mobile skull bone,,{},,,,,,,,,,seed_needs_review
bone_maxilla,bone,maxilla,maxilla,Oberkiefer,skull,skeletal,,anat1_week_03,"upper jaw; hard palate, orbit floor and maxillary sinus",,{},,,,,,,,,,seed_needs_review
bone_palatine,bone,palatine bone,os palatinum,Gaumenbein,skull,skeletal,,anat1_week_03,posterior hard palate; part of nasal cavity and orbit,,{},,,,,,,,,,seed_needs_review
bone_clavicle,bone,clavicle,clavicula,Schlüsselbein,upper limb,skeletal,,anat1_week_04; anat1_week_05,connects upper limb to axial skeleton,,{},,,,,,,,,,seed_needs_review
bone_scapula,bone,scapula,scapula,Schulterblatt,upper limb,skeletal,,anat1_week_04; anat1_week_05,"spine, acromion, coracoid process and glenoid cavity",,{},,,,,,,,,,seed_needs_review
bone_humerus,bone,humerus,humerus,Oberarmknochen,upper limb,skeletal,,anat1_week_04; anat1_week_05,arm bone; surgical neck and radial groove are clinically important,,{},,,,,,,,,,seed_needs_review
bone_radius,bone,radius,radius,Speiche,upper limb,skeletal,,anat1_week_04; anat1_week_05,lateral forearm bone in anatomical position,,{},,,,,,,,,,seed_needs_review
bone_ulna,bone,ulna,ulna,Elle,upper limb,skeletal,,anat1_week_04; anat1_week_05,medial forearm bone; olecranon and trochlear notch,,{},,,,,,,,,,seed_needs_review
bone_hip,bone,hip bone,os coxae,Hüftbein,pelvis,skeletal,,anat1_week_05,"ilium, ischium and pubis; acetabulum and obturator foramen",,{},,,,,,,,,,seed_needs_review
bone_femur,bone,femur,femur,Oberschenkelknochen,lower limb,skeletal,,anat1_week_05; anat1_week_06,"longest bone; head, neck and trochanters",,{},,,,,,,,,,seed_needs_review
bone_tibia,bone,tibia,tibia,Schienbein,lower limb,skeletal,,anat1_week_05; anat1_week_06,medial weight-bearing leg bone,,{},,,,,,,,,,seed_needs_review
bone_fibula,bone,fibula,fibula,Wadenbein,lower limb,skeletal,,anat1_week_05; anat1_week_06,lateral leg bone; common fibular nerve near neck,,{},,,,,,,,,,seed_needs_review
bone_patella,bone,patella,patella,Kniescheibe,lower limb,skeletal,,anat1_week_05; anat1_week_06,sesamoid bone in quadriceps tendon,,{},,,,,,,,,,seed_needs_review
joint_atlanto_occipital,joint,atlanto-occipital joint,articulatio atlantooccipitalis,oberes Kopfgelenk,neck,skeletal,,anat1_week_03,occipital condyles with atlas; nodding movement,,{},,,,,,,,,,seed_needs_review
joint_atlanto_axial,joint,atlanto-axial joint,articulatio atlantoaxialis,unteres Kopfgelenk,neck,skeletal,,anat1_week_03,atlas with axis; rotation of head,,{},,,,,,,,,,seed_needs_review
joint_shoulder,joint,shoulder joint,articulatio glenohumeralis,Schultergelenk,upper limb,skeletal,,anat1_week_05,ball-and-socket joint; humeral head with glenoid cavity,,{},,,,,,,,,,seed_needs_review
joint_elbow,joint,elbow joint,articulatio cubiti,Ellenbogengelenk,upper limb,skeletal,,anat1_week_05,"hinge joint complex; humerus, ulna and radius",,{},,,,,,,,,,seed_needs_review
joint_hip,joint,hip joint,articulatio coxae,Hüftgelenk,lower limb,skeletal,,anat1_week_05,ball-and-socket joint; femoral head with acetabulum,,{},,,,,,,,,,seed_needs_review
joint_knee,joint,knee joint,articulatio genus,Kniegelenk,lower limb,skeletal,,anat1_week_05,largest synovial joint; menisci and cruciate ligaments,,{},,,,,,,,,,seed_needs_review
artery_aorta,artery,aorta,aorta,Aorta,thorax; abdomen,cardiovascular,,anat1_week_09; anat2_week_02,main systemic arterial trunk,,"{""origin"":""left ventricle"",""branches"":[""coronary arteries"",""arch branches"",""visceral abdominal branches""]}",,,,,,,,,,seed_needs_review
artery_pulmonary_trunk,artery,pulmonary trunk,truncus pulmonalis,Lungenstamm,thorax,cardiovascular,,anat1_week_09,carries deoxygenated blood from right ventricle to lungs,,"{""origin"":""right ventricle"",""branches"":[""right pulmonary artery"",""left pulmonary artery""]}",,,,,,,,,,seed_needs_review
artery_right_coronary,artery,right coronary artery,arteria coronaria dextra,rechte Herzkranzarterie,heart,cardiovascular,,anat1_week_09; anat1_week_10,coronary artery supplying right heart and often AV node,,"{""origin"":""ascending aorta"",""branches"":[""right marginal artery"",""posterior interventricular artery in right dominance""]}",,,,,,,,,,seed_needs_review
artery_left_coronary,artery,left coronary artery,arteria coronaria sinistra,linke Herzkranzarterie,heart,cardiovascular,,anat1_week_09; anat1_week_10,divides into anterior interventricular and circumflex branches,,"{""origin"":""ascending aorta"",""branches"":[""anterior interventricular artery"",""circumflex artery""]}",,,,,,,,,,seed_needs_review
artery_common_carotid,artery,common carotid artery,arteria carotis communis,gemeinsame Halsschlagader,neck,cardiovascular,,anat2_week_04,bifurcates into internal and external carotid arteries,,"{""branches"":[""internal carotid artery"",""external carotid artery""]}",,,,,,,,,,seed_needs_review
artery_internal_carotid,artery,internal carotid artery,arteria carotis interna,innere Halsschlagader,neck; brain,cardiovascular,,anat2_week_04; anat2_week_10,major supply to brain and orbit,,"{""branches"":[""ophthalmic artery"",""cerebral branches""]}",,,,,,,,,,seed_needs_review
artery_external_carotid,artery,external carotid artery,arteria carotis externa,äußere Halsschlagader,neck; face,cardiovascular,,anat2_week_04,"supplies face, scalp and neck",,"{""branches"":[""superior thyroid"",""lingual"",""facial"",""occipital"",""maxillary"",""superficial temporal""]}",,,,,,,,,,seed_needs_review
artery_subclavian,artery,subclavian artery,arteria subclavia,Unterschlüsselbeinarterie,neck; upper limb,cardiovascular,,anat1_week_06; anat2_week_04,continues as axillary artery,,"{""branches"":[""vertebral artery"",""internal thoracic artery"",""thyrocervical trunk""]}",,,,,,,,,,seed_needs_review
artery_axillary,artery,axillary artery,arteria axillaris,Achselarterie,upper limb; axilla,cardiovascular,,anat1_week_06,main artery of axilla,,"{""branches"":[""thoracoacromial"",""lateral thoracic"",""subscapular"",""circumflex humeral arteries""]}",,,,,,,,,,seed_needs_review
artery_brachial,artery,brachial artery,arteria brachialis,Oberarmarterie,upper limb,cardiovascular,,anat1_week_06,main artery of arm,,"{""branches"":[""profunda brachii artery"",""radial artery"",""ulnar artery""]}",,,,,,,,,,seed_needs_review
artery_radial,artery,radial artery,arteria radialis,Speichenarterie,upper limb,cardiovascular,,anat1_week_06,lateral forearm artery; palpable radial pulse,,"{""continuation"":""deep palmar arch contribution""}",,,,,,,,,,seed_needs_review
artery_ulnar,artery,ulnar artery,arteria ulnaris,Ellenarterie,upper limb,cardiovascular,,anat1_week_06,medial forearm artery; major superficial palmar arch contributor,,"{""branches"":[""common interosseous artery""]}",,,,,,,,,,seed_needs_review
artery_celiac_trunk,artery,celiac trunk,truncus coeliacus,Truncus coeliacus,abdomen,cardiovascular,,anat2_week_02,foregut arterial trunk,,"{""branches"":[""left gastric artery"",""splenic artery"",""common hepatic artery""]}",,,,,,,,,,seed_needs_review
artery_superior_mesenteric,artery,superior mesenteric artery,arteria mesenterica superior,obere Mesenterialarterie,abdomen,cardiovascular,,anat2_week_02,midgut arterial supply,,"{""branches"":[""intestinal branches"",""ileocolic"",""right colic"",""middle colic""]}",,,,,,,,,,seed_needs_review
artery_inferior_mesenteric,artery,inferior mesenteric artery,arteria mesenterica inferior,untere Mesenterialarterie,abdomen,cardiovascular,,anat2_week_02,hindgut arterial supply,,"{""branches"":[""left colic"",""sigmoid arteries"",""superior rectal artery""]}",,,,,,,,,,seed_needs_review
artery_common_iliac,artery,common iliac artery,arteria iliaca communis,gemeinsame Darmbeinarterie,pelvis,cardiovascular,,anat2_week_02,terminal branch of abdominal aorta,,"{""branches"":[""internal iliac artery"",""external iliac artery""]}",,,,,,,,,,seed_needs_review
artery_internal_iliac,artery,internal iliac artery,arteria iliaca interna,innere Darmbeinarterie,pelvis,cardiovascular,,anat2_week_02,pelvic arterial supply,,"{""branches"":[""visceral pelvic branches"",""parietal pelvic branches""]}",,,,,,,,,,seed_needs_review
artery_external_iliac,artery,external iliac artery,arteria iliaca externa,äußere Darmbeinarterie,pelvis; lower limb,cardiovascular,,anat2_week_02,continues as femoral artery,,"{""branches"":[""inferior epigastric artery"",""deep circumflex iliac artery""]}",,,,,,,,,,seed_needs_review
artery_femoral,artery,femoral artery,arteria femoralis,Oberschenkelarterie,lower limb,cardiovascular,,anat1_week_07,main artery of thigh,,"{""branches"":[""deep artery of thigh"",""circumflex femoral arteries""]}",,,,,,,,,,seed_needs_review
artery_popliteal,artery,popliteal artery,arteria poplitea,Kniekehlenarterie,lower limb,cardiovascular,,anat1_week_07,artery behind knee,,"{""branches"":[""genicular branches"",""anterior tibial artery"",""posterior tibial artery""]}",,,,,,,,,,seed_needs_review
artery_anterior_tibial,artery,anterior tibial artery,arteria tibialis anterior,vordere Schienbeinarterie,lower limb,cardiovascular,,anat1_week_07,supplies anterior leg and dorsum of foot,,"{""continuation"":""dorsalis pedis artery""}",,,,,,,,,,seed_needs_review
artery_posterior_tibial,artery,posterior tibial artery,arteria tibialis posterior,hintere Schienbeinarterie,lower limb,cardiovascular,,anat1_week_07,supplies posterior leg and plantar foot,,"{""branches"":[""fibular artery"",""plantar arteries""]}",,,,,,,,,,seed_needs_review
vein_superior_vena_cava,vein,superior vena cava,vena cava superior,obere Hohlvene,thorax,cardiovascular,,anat1_week_09,returns blood from upper body to right atrium,,"{""formed_by"":[""brachiocephalic veins""],""drains_to"":""right atrium""}",,,,,,,,,,seed_needs_review
vein_inferior_vena_cava,vein,inferior vena cava,vena cava inferior,untere Hohlvene,abdomen; thorax,cardiovascular,,anat2_week_02,returns blood from lower body to right atrium,,"{""formed_by"":[""common iliac veins""],""drains_to"":""right atrium""}",,,,,,,,,,seed_needs_review
vein_internal_jugular,vein,internal jugular vein,vena jugularis interna,innere Drosselvene,head; neck,cardiovascular,,anat2_week_04,major venous drainage of brain and neck,,"{""drains_to"":""brachiocephalic vein""}",,,,,,,,,,seed_needs_review
vein_subclavian,vein,subclavian vein,vena subclavia,Unterschlüsselbeinvene,neck; upper limb,cardiovascular,,anat1_week_06; anat2_week_04,drains upper limb,,"{""drains_to"":""brachiocephalic vein""}",,,,,,,,,,seed_needs_review
vein_brachiocephalic,vein,brachiocephalic vein,vena brachiocephalica,Arm-Kopf-Vene,thorax; neck,cardiovascular,,anat1_week_09,formed by internal jugular and subclavian veins,,"{""drains_to"":""superior vena cava""}",,,,,,,,,,seed_needs_review
vein_axillary,vein,axillary vein,vena axillaris,Achselvene,upper limb; axilla,cardiovascular,,anat1_week_06,main vein of axilla,,"{""drains_to"":""subclavian vein""}",,,,,,,,,,seed_needs_review
vein_cephalic,vein,cephalic vein,vena cephalica,Vena cephalica,upper limb,cardiovascular,,anat1_week_06,superficial lateral upper limb vein,,"{""drains_to"":""axillary vein""}",,,,,,,,,,seed_needs_review
vein_basilic,vein,basilic vein,vena basilica,Vena basilica,upper limb,cardiovascular,,anat1_week_06,superficial medial upper limb vein,,"{""drains_to"":""axillary vein""}",,,,,,,,,,seed_needs_review
vein_portal,vein,hepatic portal vein,vena portae hepatis,Pfortader,abdomen,cardiovascular,,anat1_week_13; anat2_week_02,carries venous blood from gastrointestinal tract to liver,,"{""formed_by"":[""superior mesenteric vein"",""splenic vein""],""drains_to"":""liver""}",,,,,,,,,,seed_needs_review
vein_femoral,vein,femoral vein,vena femoralis,Oberschenkelvene,lower limb,cardiovascular,,anat1_week_07,main deep vein of thigh,,"{""drains_to"":""external iliac vein""}",,,,,,,,,,seed_needs_review
vein_great_saphenous,vein,great saphenous vein,vena saphena magna,große Rosenvene,lower limb,cardiovascular,,anat1_week_07,long superficial vein of medial lower limb,,"{""drains_to"":""femoral vein""}",,,,,,,,,,seed_needs_review
sinus_cavernous,venous_sinus,cavernous sinus,sinus cavernosus,Sinus cavernosus,skull; cranial cavity,cardiovascular,,anat1_week_03; anat2_week_03,dural venous sinus beside sella turcica,,"{""contents"":[""internal carotid artery"",""abducens nerve"",""CN III, IV, V1, V2 in lateral wall""]}",,,,,,,,,,seed_needs_review
sinus_dural_venous,venous_sinus,dural venous sinuses,sinus durae matris,Hirnhautsinus,cranial cavity,cardiovascular,,anat2_week_10,venous channels between layers of dura,,"{""examples"":[""superior sagittal sinus"",""straight sinus"",""transverse sinus"",""sigmoid sinus"",""cavernous sinus""]}",,,,,,,,,,seed_needs_review
plexus_brachial,nerve_plexus,brachial plexus,plexus brachialis,Armgeflecht,upper limb; neck; axilla,nervous,,anat1_week_06; anat1_week_07,formed by anterior rami C5–T1,,"{""roots"":[""C5"",""C6"",""C7"",""C8"",""T1""],""terminal_branches"":[""musculocutaneous"",""axillary"",""radial"",""median"",""ulnar""]}",,,,,,,,,,seed_needs_review
plexus_lumbar,nerve_plexus,lumbar plexus,plexus lumbalis,Lendengeflecht,posterior abdominal wall; lower limb,nervous,,anat1_week_07,formed mainly by L1–L4,,"{""major_branches"":[""femoral"",""obturator"",""lateral femoral cutaneous""]}",,,,,,,,,,seed_needs_review
plexus_sacral,nerve_plexus,sacral plexus,plexus sacralis,Kreuzbeingeflecht,pelvis; lower limb,nervous,,anat1_week_07,formed by lumbosacral trunk and S1–S4,,"{""major_branches"":[""sciatic"",""superior gluteal"",""inferior gluteal"",""pudendal""]}",,,,,,,,,,seed_needs_review
nerve_musculocutaneous,nerve,musculocutaneous nerve,nervus musculocutaneus,Muskel-Haut-Nerv,upper limb,nervous,,anat1_week_06,motor to anterior arm muscles,,"{""roots"":[""C5"",""C6"",""C7""],""motor"":[""coracobrachialis"",""biceps brachii"",""brachialis""],""sensory"":[""lateral forearm""]}",,,,,,,,,,seed_needs_review
nerve_median,nerve,median nerve,nervus medianus,Medianusnerv,upper limb,nervous,,anat1_week_06,passes through carpal tunnel,,"{""roots"":[""C5"",""C6"",""C7"",""C8"",""T1""],""motor"":[""most anterior forearm flexors"",""thenar muscles""],""sensory"":[""lateral palm and lateral digits""]}",,,,,,,,,,seed_needs_review
nerve_ulnar,nerve,ulnar nerve,nervus ulnaris,Ulnarisnerv,upper limb,nervous,,anat1_week_06,passes behind medial epicondyle,,"{""roots"":[""C8"",""T1""],""motor"":[""most intrinsic hand muscles""],""sensory"":[""medial hand""]}",,,,,,,,,,seed_needs_review
nerve_radial,nerve,radial nerve,nervus radialis,Radialisnerv,upper limb,nervous,,anat1_week_06,runs in radial groove; supplies extensor compartments,,"{""roots"":[""C5"",""C6"",""C7"",""C8"",""T1""],""motor"":[""posterior arm"",""posterior forearm""],""sensory"":[""posterior upper limb""]}",,,,,,,,,,seed_needs_review
nerve_axillary,nerve,axillary nerve,nervus axillaris,Axillarisnerv,upper limb,nervous,,anat1_week_06,passes through quadrangular space,,"{""roots"":[""C5"",""C6""],""motor"":[""deltoid"",""teres minor""],""sensory"":[""skin over deltoid""]}",,,,,,,,,,seed_needs_review
nerve_femoral,nerve,femoral nerve,nervus femoralis,Femoralisnerv,lower limb,nervous,,anat1_week_07,largest branch of lumbar plexus,,"{""roots"":[""L2"",""L3"",""L4""],""motor"":[""anterior thigh""],""sensory"":[""anterior thigh"",""medial leg""]}",,,,,,,,,,seed_needs_review
nerve_obturator,nerve,obturator nerve,nervus obturatorius,Obturatoriusnerv,lower limb,nervous,,anat1_week_07,passes through obturator canal,,"{""roots"":[""L2"",""L3"",""L4""],""motor"":[""medial thigh adductors""],""sensory"":[""medial thigh""]}",,,,,,,,,,seed_needs_review
nerve_sciatic,nerve,sciatic nerve,nervus ischiadicus,Ischiasnerv,lower limb,nervous,,anat1_week_07,largest nerve of body,,"{""roots"":[""L4"",""L5"",""S1"",""S2"",""S3""],""branches"":[""tibial"",""common fibular""]}",,,,,,,,,,seed_needs_review
nerve_tibial,nerve,tibial nerve,nervus tibialis,Tibialisnerv,lower limb,nervous,,anat1_week_07,supplies posterior leg and plantar foot,,"{""roots"":[""L4"",""L5"",""S1"",""S2"",""S3""]}",,,,,,,,,,seed_needs_review
nerve_common_fibular,nerve,common fibular nerve,nervus fibularis communis,gemeinsamer Wadenbeinnerv,lower limb,nervous,,anat1_week_07,winds around fibular neck,,"{""roots"":[""L4"",""L5"",""S1"",""S2""],""branches"":[""deep fibular"",""superficial fibular""]}",,,,,,,,,,seed_needs_review
nerve_cn_i,cranial_nerve,olfactory nerve (CN I),nervus olfactorius,Riechnerv (I),head; cranial cavity,nervous,,anat2_week_03; anat2_week_04; anat2_week_05; anat2_week_06,cranial nerve I; smell,,"{""cranial_nerve_number"":""I"",""main_function"":""smell""}",,,,,,,,,,seed_needs_review
nerve_cn_ii,cranial_nerve,optic nerve (CN II),nervus opticus,Sehnerv (II),head; cranial cavity,nervous,,anat2_week_03; anat2_week_04; anat2_week_05; anat2_week_06,cranial nerve II; vision,,"{""cranial_nerve_number"":""II"",""main_function"":""vision""}",,,,,,,,,,seed_needs_review
nerve_cn_iii,cranial_nerve,oculomotor nerve (CN III),nervus oculomotorius,Augenbewegungsnerv (III),head; cranial cavity,nervous,,anat2_week_03; anat2_week_04; anat2_week_05; anat2_week_06,cranial nerve III; most extraocular muscles and parasympathetic pupil constriction,,"{""cranial_nerve_number"":""III"",""main_function"":""most extraocular muscles and parasympathetic pupil constriction""}",,,,,,,,,,seed_needs_review
nerve_cn_iv,cranial_nerve,trochlear nerve (CN IV),nervus trochlearis,Rollnerv (IV),head; cranial cavity,nervous,,anat2_week_03; anat2_week_04; anat2_week_05; anat2_week_06,cranial nerve IV; superior oblique muscle,,"{""cranial_nerve_number"":""IV"",""main_function"":""superior oblique muscle""}",,,,,,,,,,seed_needs_review
nerve_cn_v,cranial_nerve,trigeminal nerve (CN V),nervus trigeminus,Drillingsnerv (V),head; cranial cavity,nervous,,anat2_week_03; anat2_week_04; anat2_week_05; anat2_week_06,cranial nerve V; facial sensation and muscles of mastication,,"{""cranial_nerve_number"":""V"",""main_function"":""facial sensation and muscles of mastication""}",,,,,,,,,,seed_needs_review
nerve_cn_vi,cranial_nerve,abducens nerve (CN VI),nervus abducens,Abziehnerv (VI),head; cranial cavity,nervous,,anat2_week_03; anat2_week_04; anat2_week_05; anat2_week_06,cranial nerve VI; lateral rectus muscle,,"{""cranial_nerve_number"":""VI"",""main_function"":""lateral rectus muscle""}",,,,,,,,,,seed_needs_review
nerve_cn_vii,cranial_nerve,facial nerve (CN VII),nervus facialis,Gesichtsnerv (VII),head; cranial cavity,nervous,,anat2_week_03; anat2_week_04; anat2_week_05; anat2_week_06,cranial nerve VII; facial expression and taste anterior tongue,,"{""cranial_nerve_number"":""VII"",""main_function"":""facial expression and taste anterior tongue""}",,,,,,,,,,seed_needs_review
nerve_cn_viii,cranial_nerve,vestibulocochlear nerve (CN VIII),nervus vestibulocochlearis,Hör- und Gleichgewichtsnerv (VIII),head; cranial cavity,nervous,,anat2_week_03; anat2_week_04; anat2_week_05; anat2_week_06,cranial nerve VIII; hearing and balance,,"{""cranial_nerve_number"":""VIII"",""main_function"":""hearing and balance""}",,,,,,,,,,seed_needs_review
nerve_cn_ix,cranial_nerve,glossopharyngeal nerve (CN IX),nervus glossopharyngeus,Zungen-Rachen-Nerv (IX),head; cranial cavity,nervous,,anat2_week_03; anat2_week_04; anat2_week_05; anat2_week_06,"cranial nerve IX; posterior tongue, stylopharyngeus and parotid parasympathetic supply",,"{""cranial_nerve_number"":""IX"",""main_function"":""posterior tongue, stylopharyngeus and parotid parasympathetic supply""}",,,,,,,,,,seed_needs_review
nerve_cn_x,cranial_nerve,vagus nerve (CN X),nervus vagus,Vagusnerv (X),head; cranial cavity,nervous,,anat2_week_03; anat2_week_04; anat2_week_05; anat2_week_06,"cranial nerve X; pharynx, larynx and thoracoabdominal parasympathetic supply",,"{""cranial_nerve_number"":""X"",""main_function"":""pharynx, larynx and thoracoabdominal parasympathetic supply""}",,,,,,,,,,seed_needs_review
nerve_cn_xi,cranial_nerve,accessory nerve (CN XI),nervus accessorius,Zusatznerv (XI),head; cranial cavity,nervous,,anat2_week_03; anat2_week_04; anat2_week_05; anat2_week_06,cranial nerve XI; sternocleidomastoid and trapezius,,"{""cranial_nerve_number"":""XI"",""main_function"":""sternocleidomastoid and trapezius""}",,,,,,,,,,seed_needs_review
nerve_cn_xii,cranial_nerve,hypoglossal nerve (CN XII),nervus hypoglossus,Unterzungennerv (XII),head; cranial cavity,nervous,,anat2_week_03; anat2_week_04; anat2_week_05; anat2_week_06,cranial nerve XII; tongue muscles except palatoglossus,,"{""cranial_nerve_number"":""XII"",""main_function"":""tongue muscles except palatoglossus""}",,,,,,,,,,seed_needs_review
foramen_magnum,foramen,foramen magnum,foramen magnum,großes Hinterhauptloch,skull; cranial base,skeletal; nervous,,anat1_week_02,large opening in occipital bone,,"{""contents"":[""medulla/spinal cord transition"",""vertebral arteries"",""spinal roots of accessory nerve""]}",,,,,,,,,,seed_needs_review
canal_optic,canal,optic canal,canalis opticus,Sehnervenkanal,skull; orbit,skeletal; nervous,,anat1_week_02; anat2_week_12,canal through lesser wing of sphenoid,,"{""contents"":[""optic nerve"",""ophthalmic artery""]}",,,,,,,,,,seed_needs_review
fissure_superior_orbital,fissure,superior orbital fissure,fissura orbitalis superior,obere Augenhöhlenspalte,skull; orbit,skeletal; nervous,,anat1_week_02; anat2_week_03,opening between sphenoid wings,,"{""contents"":[""CN III"",""CN IV"",""V1"",""CN VI"",""superior ophthalmic vein""]}",,,,,,,,,,seed_needs_review
foramen_rotundum,foramen,foramen rotundum,foramen rotundum,rundes Loch,skull; cranial base,skeletal; nervous,,anat1_week_02,opening for maxillary nerve,,"{""contents"":[""maxillary nerve (V2)""]}",,,,,,,,,,seed_needs_review
foramen_ovale,foramen,foramen ovale,foramen ovale,ovales Loch,skull; cranial base,skeletal; nervous,,anat1_week_02,opening for mandibular nerve,,"{""contents"":[""mandibular nerve (V3)""]}",,,,,,,,,,seed_needs_review
foramen_spinosum,foramen,foramen spinosum,foramen spinosum,Dornloch,skull; cranial base,skeletal; nervous,,anat1_week_02,opening for middle meningeal artery,,"{""contents"":[""middle meningeal artery""]}",,,,,,,,,,seed_needs_review
foramen_jugular,foramen,jugular foramen,foramen jugulare,Drosselloch,skull; cranial base,skeletal; nervous,,anat1_week_03; anat2_week_03,"opening for CN IX, X and XI and venous drainage",,"{""contents"":[""CN IX"",""CN X"",""CN XI"",""internal jugular vein continuation""]}",,,,,,,,,,seed_needs_review
canal_hypoglossal,canal,hypoglossal canal,canalis nervi hypoglossi,Hypoglossuskanal,skull; cranial base,skeletal; nervous,,anat1_week_03; anat2_week_03,canal for hypoglossal nerve,,"{""contents"":[""hypoglossal nerve""]}",,,,,,,,,,seed_needs_review
space_pterygopalatine_fossa,space,pterygopalatine fossa,fossa pterygopalatina,Flügelgaumengrube,skull; face,skeletal; nervous,,anat1_week_03,deep facial space and neurovascular crossroads,,"{""contents"":[""pterygopalatine ganglion"",""maxillary nerve branches"",""terminal maxillary artery branches""]}",,,,,,,,,,seed_needs_review
space_infratemporal_fossa,space,infratemporal fossa,fossa infratemporalis,Unterschläfengrube,skull; face,skeletal; nervous,,anat1_week_03,space medial to mandibular ramus,,"{""contents"":[""muscles of mastication"",""mandibular nerve branches"",""maxillary artery"",""pterygoid venous plexus""]}",,,,,,,,,,seed_needs_review
organ_heart,organ,heart,cor,Herz,thorax; mediastinum,cardiovascular,,anat1_week_09; anat1_week_10,four-chambered muscular pump,,"{""parts"":[""right atrium"",""right ventricle"",""left atrium"",""left ventricle"",""valves""]}",,,,,,,,,,seed_needs_review
organ_lung,organ,lung,pulmo,Lunge,thorax,respiratory,,anat1_week_11,paired organ in pleural cavity,,"{""parts"":[""apex"",""base"",""lobes"",""hilum"",""bronchopulmonary segments""]}",,,,,,,,,,seed_needs_review
structure_pleura,serous_membrane,pleura,pleura,Pleura,thorax,respiratory,,anat1_week_11,visceral and parietal serous membrane around lung,,"{""parts"":[""visceral pleura"",""parietal pleura"",""pleural cavity""]}",,,,,,,,,,seed_needs_review
structure_trachea,airway,trachea,trachea,Luftröhre,neck; thorax,respiratory,,anat1_week_11,airway from larynx to main bronchi,,"{""landmark"":""carina""}",,,,,,,,,,seed_needs_review
structure_larynx,airway,larynx,larynx,Kehlkopf,neck,respiratory,,anat1_week_10,voice box connecting pharynx and trachea,,"{""cartilages"":[""thyroid"",""cricoid"",""arytenoid"",""epiglottis""]}",,,,,,,,,,seed_needs_review
organ_stomach,organ,stomach,gaster,Magen,abdomen,digestive,,anat1_week_12,dilated digestive organ between oesophagus and duodenum,,"{""parts"":[""cardia"",""fundus"",""body"",""pylorus""]}",,,,,,,,,,seed_needs_review
organ_small_intestine,organ,small intestine,intestinum tenue,Dünndarm,abdomen,digestive,,anat1_week_12,"duodenum, jejunum and ileum",,"{""parts"":[""duodenum"",""jejunum"",""ileum""]}",,,,,,,,,,seed_needs_review
organ_large_intestine,organ,large intestine,intestinum crassum,Dickdarm,abdomen; pelvis,digestive,,anat1_week_12,"caecum, colon, rectum and anal canal",,"{""parts"":[""caecum"",""appendix"",""colon"",""rectum"",""anal canal""]}",,,,,,,,,,seed_needs_review
organ_liver,organ,liver,hepar,Leber,abdomen,digestive,,anat1_week_13,large metabolic organ receiving portal venous and hepatic arterial inflow,,"{""blood_supply"":[""hepatic portal vein"",""proper hepatic artery""]}",,,,,,,,,,seed_needs_review
organ_pancreas,organ,pancreas,pancreas,Bauchspeicheldrüse,abdomen,digestive; endocrine,,anat1_week_13,retroperitoneal gland with exocrine and endocrine functions,,"{""parts"":[""head"",""neck"",""body"",""tail""]}",,,,,,,,,,seed_needs_review
structure_peritoneum,serous_membrane,peritoneum,peritoneum,Bauchfell,abdomen; pelvis,digestive,,anat1_week_13,serous membrane of abdominal cavity,,"{""parts"":[""parietal peritoneum"",""visceral peritoneum"",""mesentery"",""omentum""]}",,,,,,,,,,seed_needs_review
organ_kidney,organ,kidney,ren,Niere,abdomen,urinary,,anat2_week_01,paired retroperitoneal urinary organ,,"{""parts"":[""cortex"",""medulla"",""renal pelvis"",""hilum""]}",,,,,,,,,,seed_needs_review
structure_ureter,duct,ureter,ureter,Harnleiter,abdomen; pelvis,urinary,,anat2_week_01,tube carrying urine from kidney to bladder,,"{""constrictions"":[""pelviureteric junction"",""crossing iliac vessels"",""ureterovesical junction""]}",,,,,,,,,,seed_needs_review
organ_urinary_bladder,organ,urinary bladder,vesica urinaria,Harnblase,pelvis,urinary,,anat2_week_01,urine reservoir in pelvis,,"{""parts"":[""apex"",""body"",""fundus"",""neck"",""trigone""]}",,,,,,,,,,seed_needs_review
organ_spinal_cord,organ,spinal cord,medulla spinalis,Rückenmark,vertebral canal,nervous,,anat2_week_06; anat2_week_09,central nervous system structure in vertebral canal,,"{""segments"":[""cervical"",""thoracic"",""lumbar"",""sacral"",""coccygeal""]}",,,,,,,,,,seed_needs_review
organ_brainstem,organ,brainstem,truncus encephali,Hirnstamm,cranial cavity,nervous,,anat2_week_07; anat2_week_09,"midbrain, pons and medulla",,"{""parts"":[""midbrain"",""pons"",""medulla oblongata""]}",,,,,,,,,,seed_needs_review
organ_cerebellum,organ,cerebellum,cerebellum,Kleinhirn,cranial cavity,nervous,,anat2_week_09,coordinates movement and balance,,"{""parts"":[""hemispheres"",""vermis"",""cerebellar peduncles""]}",,,,,,,,,,seed_needs_review
organ_diencephalon,organ,diencephalon,diencephalon,Zwischenhirn,brain,nervous,,anat2_week_09; anat2_week_11,includes thalamus and hypothalamus,,"{""parts"":[""thalamus"",""hypothalamus"",""epithalamus"",""subthalamus""]}",,,,,,,,,,seed_needs_review
organ_telencephalon,organ,telencephalon,telencephalon,Endhirn,brain,nervous,,anat2_week_07; anat2_week_10,"cerebral hemispheres, cortex, white matter and basal nuclei",,"{""parts"":[""frontal lobe"",""parietal lobe"",""temporal lobe"",""occipital lobe"",""insula"",""basal nuclei""]}",,,,,,,,,,seed_needs_review
structure_ventricles,cavity_system,ventricles of the brain,ventriculi cerebri,Hirnventrikel,brain,nervous,,anat2_week_11,CSF-filled cavities,,"{""parts"":[""lateral ventricles"",""third ventricle"",""cerebral aqueduct"",""fourth ventricle""]}",,,,,,,,,,seed_needs_review
structure_meninges,membrane,meninges,meninges,Hirn- und Rückenmarkshäute,cranial cavity; vertebral canal,nervous,,anat2_week_09; anat2_week_10,protective coverings of brain and spinal cord,,"{""layers"":[""dura mater"",""arachnoid mater"",""pia mater""]}",,,,,,,,,,seed_needs_review
organ_eye,organ,eyeball,bulbus oculi,Augapfel,orbit,sensory,,anat2_week_12; anat2_week_13,organ of vision,,"{""layers"":[""fibrous layer"",""vascular layer"",""retina""]}",,,,,,,,,,seed_needs_review
organ_ear,organ,ear,auris,Ohr,head,sensory,,anat2_week_12; anat2_week_13,organ of hearing and balance,,"{""parts"":[""external ear"",""middle ear"",""internal ear""]}",,,,,,,,,,seed_needs_review
bone_atlas,bone,atlas (C1),atlas,Atlas (C1),neck; vertebral column,,bone_vertebral_column,anat1_week_01; anat1_week_03,first cervical vertebra; supports skull; lacks body,atlas participates in nodding and rotation at craniovertebral joints,"{""landmarks"":[""anterior arch"",""posterior arch"",""lateral masses"",""superior articular facets""],""articulations"":[""occipital condyles"",""axis""]}",,,,,,,,,,seed_needs_review
bone_axis,bone,axis (C2),axis,Axis (C2),neck; vertebral column,,bone_vertebral_column,anat1_week_01; anat1_week_03,second cervical vertebra; dens acts as pivot for atlas,dens fracture may endanger spinal cord,"{""landmarks"":[""dens"",""superior articular facets"",""spinous process""],""articulations"":[""atlas"",""C3 vertebra""]}",,,,,,,,,,seed_needs_review
bone_cervical_vertebra,bone_group,cervical vertebrae,vertebrae cervicales,Halswirbel,neck; vertebral column,,bone_vertebral_column,anat1_week_01,typically have transverse foramina; support neck and head,cervical spine injury may compromise spinal cord or vertebral arteries,"{""count"":7,""typical_features"":[""small body"",""bifid spinous process"",""transverse foramen""]}",,,,,,,,,,seed_needs_review
bone_thoracic_vertebra,bone_group,thoracic vertebrae,vertebrae thoracicae,Brustwirbel,thorax; vertebral column,,bone_vertebral_column,anat1_week_01,articulate with ribs; form thoracic kyphosis,thoracic vertebrae define rib articulations,"{""count"":12,""typical_features"":[""costal facets"",""long spinous process""]}",,,,,,,,,,seed_needs_review
bone_lumbar_vertebra,bone_group,lumbar vertebrae,vertebrae lumbales,Lendenwirbel,back; vertebral column,,bone_vertebral_column,anat1_week_01,large bodies; support body weight,lumbar puncture is performed below the spinal cord termination level,"{""count"":5,""typical_features"":[""large kidney-shaped body"",""short broad spinous process""]}",,,,,,,,,,seed_needs_review
bone_sacrum,bone,sacrum,os sacrum,Kreuzbein,pelvis; vertebral column,,bone_vertebral_column,anat1_week_05,formed by fused sacral vertebrae; posterior pelvic wall,sacral hiatus is used for caudal epidural access,"{""landmarks"":[""sacral promontory"",""anterior sacral foramina"",""posterior sacral foramina"",""sacral hiatus""]}",,,,,,,,,,seed_needs_review
bone_coccyx,bone,coccyx,os coccygis,Steißbein,pelvis; vertebral column,,bone_vertebral_column,anat1_week_05,terminal fused vertebral remnant,coccyx can be painful after falls,"{""landmarks"":[""coccygeal cornua""]}",,,,,,,,,,seed_needs_review
bone_zygomatic,bone,zygomatic bone,os zygomaticum,Jochbein,skull; face; orbit,,,anat1_week_03,cheek bone; contributes to lateral orbital wall and zygomatic arch,zygomatic fractures can affect orbital wall,"{""articulations"":[""frontal bone"",""sphenoid bone"",""maxilla"",""temporal bone""]}",,,,,,,,,,seed_needs_review
bone_nasal,bone,nasal bone,os nasale,Nasenbein,skull; nose,,,anat1_week_10,paired bones forming bridge of nose,nasal bone fractures are common facial injuries,"{""articulations"":[""frontal bone"",""maxilla"",""opposite nasal bone""]}",,,,,,,,,,seed_needs_review
bone_lacrimal,bone,lacrimal bone,os lacrimale,Tränenbein,skull; orbit,,,anat2_week_13,small medial orbital wall bone; contains lacrimal groove,related to lacrimal drainage pathway,"{""landmarks"":[""posterior lacrimal crest"",""lacrimal groove""]}",,,,,,,,,,seed_needs_review
bone_vomer,bone,vomer,vomer,Pflugscharbein,skull; nasal septum,,,anat1_week_10,forms inferior/posterior part of nasal septum,deviated nasal septum can involve vomer and septal cartilage,"{""articulations"":[""sphenoid"",""ethmoid"",""palatine bones"",""maxillae""]}",,,,,,,,,,seed_needs_review
bone_inferior_nasal_concha,bone,inferior nasal concha,concha nasalis inferior,untere Nasenmuschel,skull; nasal cavity,,,anat1_week_10,independent facial bone on lateral nasal wall; increases mucosal surface area,important for nasal airflow and rhinitis symptoms,"{""location"":""inferior lateral nasal cavity""}",,,,,,,,,,seed_needs_review
bone_hyoid,bone,hyoid bone,os hyoideum,Zungenbein,neck,,,anat2_week_03,U-shaped bone suspended in anterior neck; does not articulate directly with other bones,fracture can occur in strangulation,"{""parts"":[""body"",""greater horns"",""lesser horns""]}",,,,,,,,,,seed_needs_review
bone_scaphold_carpal,bone,scaphoid bone,os scaphoideum,Kahnbein der Hand,upper limb; wrist,,,anat1_week_04,lateral proximal carpal bone; floor of anatomical snuffbox,scaphoid fracture risks avascular necrosis,"{""group"":""proximal carpal row""}",,,,,,,,,,seed_needs_review
bone_lunate,bone,lunate bone,os lunatum,Mondbein,upper limb; wrist,,,anat1_week_04,proximal carpal bone; central in proximal carpal row,lunate dislocation may compress median nerve,"{""group"":""proximal carpal row""}",,,,,,,,,,seed_needs_review
bone_triquetrum,bone,triquetrum,os triquetrum,Dreiecksbein,upper limb; wrist,,,anat1_week_04,proximal carpal bone on ulnar side,,"{""group"":""proximal carpal row""}",,,,,,,,,,seed_needs_review
bone_pisiform,bone,pisiform bone,os pisiforme,Erbsenbein,upper limb; wrist,,,anat1_week_04,sesamoid carpal bone in tendon of flexor carpi ulnaris,palpable on ulnar anterior wrist,"{""group"":""proximal carpal row""}",,,,,,,,,,seed_needs_review
bone_trapezium,bone,trapezium,os trapezium,großes Vieleckbein,upper limb; wrist,,,anat1_week_04,distal carpal bone articulating with first metacarpal,important in thumb carpometacarpal joint,"{""group"":""distal carpal row""}",,,,,,,,,,seed_needs_review
bone_trapezoid,bone,trapezoid,os trapezoideum,kleines Vieleckbein,upper limb; wrist,,,anat1_week_04,distal carpal bone,,"{""group"":""distal carpal row""}",,,,,,,,,,seed_needs_review
bone_capitate,bone,capitate bone,os capitatum,Kopfbein,upper limb; wrist,,,anat1_week_04,largest carpal bone; central distal carpal row,,"{""group"":""distal carpal row""}",,,,,,,,,,seed_needs_review
bone_hamate,bone,hamate bone,os hamatum,Hakenbein,upper limb; wrist,,,anat1_week_04,distal carpal bone with hook,hook of hamate fracture may affect ulnar nerve in Guyon canal,"{""group"":""distal carpal row"",""landmark"":""hook of hamate""}",,,,,,,,,,seed_needs_review
bone_metacarpals,bone_group,metacarpal bones,ossa metacarpi,Mittelhandknochen,upper limb; hand,,,anat1_week_04,five bones of palm,metacarpal fractures affect grip and knuckle alignment,"{""count"":5,""parts"":[""base"",""shaft"",""head""]}",,,,,,,,,,seed_needs_review
bone_hand_phalanges,bone_group,phalanges of hand,phalanges manus,Fingerknochen,upper limb; hand,,,anat1_week_04,finger bones; thumb has two phalanges; other digits have three,,"{""parts"":[""proximal phalanges"",""middle phalanges"",""distal phalanges""]}",,,,,,,,,,seed_needs_review
bone_talus,bone,talus,talus,Sprungbein,lower limb; ankle; foot,,,anat1_week_05,transmits body weight from tibia to foot; no muscular attachments,talar neck fractures risk avascular necrosis,"{""articulations"":[""tibia"",""fibula"",""calcaneus"",""navicular""]}",,,,,,,,,,seed_needs_review
bone_calcaneus,bone,calcaneus,calcaneus,Fersenbein,lower limb; heel; foot,,,anat1_week_05,largest tarsal bone; forms heel,Achilles tendon attaches to calcaneus,"{""landmarks"":[""calcaneal tuberosity"",""sustentaculum tali""]}",,,,,,,,,,seed_needs_review
bone_navicular,bone,navicular bone,os naviculare,Kahnbein des Fußes,lower limb; foot,,,anat1_week_05,medial tarsal bone anterior to talus,,"{""articulations"":[""talus"",""cuneiforms""]}",,,,,,,,,,seed_needs_review
bone_cuboid,bone,cuboid bone,os cuboideum,Würfelbein,lower limb; foot,,,anat1_week_05,lateral tarsal bone,,"{""articulations"":[""calcaneus"",""lateral metatarsals""]}",,,,,,,,,,seed_needs_review
bone_cuneiforms,bone_group,cuneiform bones,ossa cuneiformia,Keilbeine,lower limb; foot,,,anat1_week_05,"medial, intermediate and lateral cuneiform bones",,"{""parts"":[""medial cuneiform"",""intermediate cuneiform"",""lateral cuneiform""]}",,,,,,,,,,seed_needs_review
bone_metatarsals,bone_group,metatarsal bones,ossa metatarsi,Mittelfußknochen,lower limb; foot,,,anat1_week_05,five bones of forefoot,fifth metatarsal fractures are common,"{""count"":5,""parts"":[""base"",""shaft"",""head""]}",,,,,,,,,,seed_needs_review
bone_foot_phalanges,bone_group,phalanges of foot,phalanges pedis,Zehenknochen,lower limb; foot,,,anat1_week_05,toe bones; hallux has two phalanges; other toes have three,,"{""parts"":[""proximal phalanges"",""middle phalanges"",""distal phalanges""]}",,,,,,,,,,seed_needs_review
joint_temporomandibular,joint,temporomandibular joint,articulatio temporomandibularis,Kiefergelenk,skull; face,skeletal,,anat1_week_03,synovial joint between mandibular condyle and temporal bone; contains articular disc,TMJ dysfunction causes pain and clicking,"{""movements"":[""elevation"",""depression"",""protrusion"",""retraction"",""lateral deviation""],""joint_type"":""modified hinge synovial""}",,,,,,,,Describe the articular surfaces and disc of the temporomandibular joint.,,seed_needs_review
joint_wrist,joint,wrist joint,articulatio radiocarpalis,Handgelenk,upper limb; wrist,skeletal,,anat1_week_05,radiocarpal synovial joint; between distal radius/articular disc and proximal carpal row,scaphoid and lunate are key carpal relations,"{""movements"":[""flexion"",""extension"",""abduction"",""adduction""]}",,,,,,,,,,seed_needs_review
joint_ankle,joint,ankle joint,articulatio talocruralis,oberes Sprunggelenk,lower limb; ankle,skeletal,,anat1_week_05,"hinge joint between tibia, fibula and talus",ankle sprains often involve lateral ligaments,"{""movements"":[""dorsiflexion"",""plantarflexion""],""stability"":[""medial malleolus"",""lateral malleolus"",""collateral ligaments""]}",,,,,,,,,,seed_needs_review
joint_sacroiliac,joint,sacroiliac joint,articulatio sacroiliaca,Iliosakralgelenk,pelvis,skeletal,,anat1_week_05,joint between sacrum and ilium; transmits weight from axial skeleton to lower limbs,sacroiliac pain may mimic lumbar or hip pathology,"{""joint_type"":""synovial anteriorly with strong posterior ligaments""}",,,,,,,,,,seed_needs_review
ligament_acl,ligament,anterior cruciate ligament,ligamentum cruciatum anterius,vorderes Kreuzband,lower limb; knee,skeletal,,anat1_week_05,prevents anterior displacement of tibia relative to femur; intracapsular but extrasynovial,ACL injury occurs in pivoting trauma,"{""attachments"":[""anterior intercondylar area of tibia"",""lateral femoral condyle""]}",,,,,,,,,,seed_needs_review
ligament_pcl,ligament,posterior cruciate ligament,ligamentum cruciatum posterius,hinteres Kreuzband,lower limb; knee,skeletal,,anat1_week_05,prevents posterior displacement of tibia relative to femur,PCL injury can occur in dashboard trauma,"{""attachments"":[""posterior intercondylar area of tibia"",""medial femoral condyle""]}",,,,,,,,,,seed_needs_review
ligament_inguinal,ligament,inguinal ligament,ligamentum inguinale,Leistenband,abdomen; pelvis; lower limb,skeletal,,anat2_week_02,runs from ASIS to pubic tubercle; boundary between abdomen and thigh,inguinal hernias relate to inguinal canal and ligament,"{""deep_to"":[""femoral nerve"",""external iliac/femoral vessels"",""iliopsoas""]}",,,,,,,,,,seed_needs_review
artery_brachiocephalic_trunk,artery,brachiocephalic trunk,truncus brachiocephalicus,Arm-Kopf-Stamm,thorax; neck,cardiovascular,,anat1_week_07; anat2_week_04; anat2_week_10,first branch of aortic arch,Brachiocephalic trunk is clinically relevant for regional blood supply and vascular lesions.,"{""origin_or_parent"":null,""branches"":[""right common carotid artery"",""right subclavian artery""]}",,,,,,,,,,seed_needs_review
artery_vertebral,artery,vertebral artery,arteria vertebralis,Wirbelarterie,neck; brain,cardiovascular,artery_subclavian,anat1_week_07; anat2_week_04; anat2_week_10,passes through transverse foramina and foramen magnum,Vertebral artery is clinically relevant for regional blood supply and vascular lesions.,"{""origin_or_parent"":""artery_subclavian"",""branches"":[""posterior inferior cerebellar artery"",""basilar artery contribution""]}",,,,,,,,,,seed_needs_review
artery_basilar,artery,basilar artery,arteria basilaris,Basilararterie,brainstem; cranial cavity,cardiovascular,artery_vertebral,anat1_week_07; anat2_week_04; anat2_week_10,formed by vertebral arteries on ventral pons,Basilar artery is clinically relevant for regional blood supply and vascular lesions.,"{""origin_or_parent"":""artery_vertebral"",""branches"":[""posterior cerebral arteries"",""pontine arteries"",""anterior inferior cerebellar artery"",""superior cerebellar artery""]}",,,,,,,,,,seed_needs_review
artery_anterior_cerebral,artery,anterior cerebral artery,arteria cerebri anterior,vordere Hirnarterie,brain,cardiovascular,artery_internal_carotid,anat1_week_07; anat2_week_04; anat2_week_10,supplies medial frontal and parietal cortex,Anterior cerebral artery is clinically relevant for regional blood supply and vascular lesions.,"{""origin_or_parent"":""artery_internal_carotid"",""branches"":[""anterior communicating artery"",""cortical branches""]}",,,,,,,,,,seed_needs_review
artery_middle_cerebral,artery,middle cerebral artery,arteria cerebri media,mittlere Hirnarterie,brain,cardiovascular,artery_internal_carotid,anat1_week_07; anat2_week_04; anat2_week_10,supplies much of lateral cerebral hemisphere,Middle cerebral artery is clinically relevant for regional blood supply and vascular lesions.,"{""origin_or_parent"":""artery_internal_carotid"",""branches"":[""lenticulostriate arteries"",""cortical branches""]}",,,,,,,,,,seed_needs_review
artery_posterior_cerebral,artery,posterior cerebral artery,arteria cerebri posterior,hintere Hirnarterie,brain,cardiovascular,artery_basilar,anat1_week_07; anat2_week_04; anat2_week_10,supplies occipital lobe and inferior temporal regions,Posterior cerebral artery is clinically relevant for regional blood supply and vascular lesions.,"{""origin_or_parent"":""artery_basilar"",""branches"":[""posterior communicating connection"",""cortical branches""]}",,,,,,,,,,seed_needs_review
artery_anterior_communicating,artery,anterior communicating artery,arteria communicans anterior,vordere Verbindungsarterie,brain,cardiovascular,,anat1_week_07; anat2_week_04; anat2_week_10,connects anterior cerebral arteries,Anterior communicating artery is clinically relevant for regional blood supply and vascular lesions.,"{""origin_or_parent"":null,""branches"":[]}",,,,,,,,,,seed_needs_review
artery_posterior_communicating,artery,posterior communicating artery,arteria communicans posterior,hintere Verbindungsarterie,brain,cardiovascular,artery_internal_carotid,anat1_week_07; anat2_week_04; anat2_week_10,connects internal carotid system to posterior cerebral artery,Posterior communicating artery is clinically relevant for regional blood supply and vascular lesions.,"{""origin_or_parent"":""artery_internal_carotid"",""branches"":[]}",,,,,,,,,,seed_needs_review
artery_ophthalmic,artery,ophthalmic artery,arteria ophthalmica,Augenarterie,orbit; eye,cardiovascular,artery_internal_carotid,anat1_week_07; anat2_week_04; anat2_week_10,enters orbit through optic canal with optic nerve,Ophthalmic artery is clinically relevant for regional blood supply and vascular lesions.,"{""origin_or_parent"":""artery_internal_carotid"",""branches"":[""central retinal artery"",""supraorbital artery""]}",,,,,,,,,,seed_needs_review
artery_middle_meningeal,artery,middle meningeal artery,arteria meningea media,mittlere Hirnhautarterie,cranial cavity; skull,cardiovascular,artery_maxillary,anat1_week_07; anat2_week_04; anat2_week_10,passes through foramen spinosum,Middle meningeal artery is clinically relevant for regional blood supply and vascular lesions.,"{""origin_or_parent"":""artery_maxillary"",""branches"":[]}",,,,,,,,,,seed_needs_review
artery_facial,artery,facial artery,arteria facialis,Gesichtsarterie,face,cardiovascular,artery_external_carotid,anat1_week_07; anat2_week_04; anat2_week_10,tortuous artery crossing mandible to face,Facial artery is clinically relevant for regional blood supply and vascular lesions.,"{""origin_or_parent"":""artery_external_carotid"",""branches"":[""superior labial artery"",""inferior labial artery"",""angular artery""]}",,,,,,,,,,seed_needs_review
artery_lingual,artery,lingual artery,arteria lingualis,Zungenarterie,tongue; neck,cardiovascular,artery_external_carotid,anat1_week_07; anat2_week_04; anat2_week_10,main arterial supply of tongue,Lingual artery is clinically relevant for regional blood supply and vascular lesions.,"{""origin_or_parent"":""artery_external_carotid"",""branches"":[""deep lingual artery"",""sublingual artery""]}",,,,,,,,,,seed_needs_review
artery_maxillary,artery,maxillary artery,arteria maxillaris,Oberkieferarterie,infratemporal fossa; face,cardiovascular,artery_external_carotid,anat1_week_07; anat2_week_04; anat2_week_10,major deep artery of face and nasal cavity,Maxillary artery is clinically relevant for regional blood supply and vascular lesions.,"{""origin_or_parent"":""artery_external_carotid"",""branches"":[""middle meningeal artery"",""inferior alveolar artery"",""sphenopalatine artery""]}",,,,,,,,,,seed_needs_review
artery_superficial_temporal,artery,superficial temporal artery,arteria temporalis superficialis,oberflächliche Schläfenarterie,scalp; face,cardiovascular,artery_external_carotid,anat1_week_07; anat2_week_04; anat2_week_10,terminal branch of external carotid artery,Superficial temporal artery is clinically relevant for regional blood supply and vascular lesions.,"{""origin_or_parent"":""artery_external_carotid"",""branches"":[]}",,,,,,,,,,seed_needs_review
artery_occipital,artery,occipital artery,arteria occipitalis,Hinterhauptarterie,scalp; neck,cardiovascular,artery_external_carotid,anat1_week_07; anat2_week_04; anat2_week_10,supplies posterior scalp,Occipital artery is clinically relevant for regional blood supply and vascular lesions.,"{""origin_or_parent"":""artery_external_carotid"",""branches"":[]}",,,,,,,,,,seed_needs_review
artery_internal_thoracic,artery,internal thoracic artery,arteria thoracica interna,innere Brustkorbarterie,thorax,cardiovascular,artery_subclavian,anat1_week_07; anat2_week_04; anat2_week_10,descends beside sternum,Internal thoracic artery is clinically relevant for regional blood supply and vascular lesions.,"{""origin_or_parent"":""artery_subclavian"",""branches"":[""anterior intercostal arteries"",""superior epigastric artery"",""musculophrenic artery""]}",,,,,,,,,,seed_needs_review
artery_intercostal_posterior,artery,posterior intercostal arteries,arteriae intercostales posteriores,hintere Zwischenrippenarterien,thorax,cardiovascular,,anat1_week_07; anat2_week_04; anat2_week_10,run in costal grooves with intercostal nerves and veins,Posterior intercostal arteries is clinically relevant for regional blood supply and vascular lesions.,"{""origin_or_parent"":null,""branches"":[]}",,,,,,,,,,seed_needs_review
artery_profunda_brachii,artery,deep artery of arm,arteria profunda brachii,tiefe Oberarmarterie,upper limb; arm,cardiovascular,artery_brachial,anat1_week_07; anat2_week_04; anat2_week_10,travels with radial nerve in radial groove,Deep artery of arm is clinically relevant for regional blood supply and vascular lesions.,"{""origin_or_parent"":""artery_brachial"",""branches"":[]}",,,,,,,,,,seed_needs_review
artery_posterior_circumflex_humeral,artery,posterior circumflex humeral artery,arteria circumflexa humeri posterior,hintere Oberarmumgehungsarterie,upper limb; shoulder,cardiovascular,artery_axillary,anat1_week_07; anat2_week_04; anat2_week_10,passes through quadrangular space with axillary nerve,Posterior circumflex humeral artery is clinically relevant for regional blood supply and vascular lesions.,"{""origin_or_parent"":""artery_axillary"",""branches"":[]}",,,,,,,,,,seed_needs_review
artery_renal,artery,renal artery,arteria renalis,Nierenarterie,abdomen; kidney,cardiovascular,artery_aorta,anat1_week_07; anat2_week_04; anat2_week_10,lateral branch of abdominal aorta to kidney,Renal artery is clinically relevant for regional blood supply and vascular lesions.,"{""origin_or_parent"":""artery_aorta"",""branches"":[]}",,,,,,,,,,seed_needs_review
artery_suprarenal_middle,artery,middle suprarenal artery,arteria suprarenalis media,mittlere Nebennierenarterie,abdomen; adrenal gland,cardiovascular,artery_aorta,anat1_week_07; anat2_week_04; anat2_week_10,supplies adrenal gland,Middle suprarenal artery is clinically relevant for regional blood supply and vascular lesions.,"{""origin_or_parent"":""artery_aorta"",""branches"":[]}",,,,,,,,,,seed_needs_review
artery_gonadal,artery,gonadal artery,arteria testicularis/ovarica,Keimdrüsenarterie,abdomen; pelvis,cardiovascular,artery_aorta,anat1_week_07; anat2_week_04; anat2_week_10,testicular or ovarian artery from abdominal aorta,Gonadal artery is clinically relevant for regional blood supply and vascular lesions.,"{""origin_or_parent"":""artery_aorta"",""branches"":[]}",,,,,,,,,,seed_needs_review
artery_left_gastric,artery,left gastric artery,arteria gastrica sinistra,linke Magenarterie,abdomen; stomach,cardiovascular,artery_celiac_trunk,anat1_week_07; anat2_week_04; anat2_week_10,smallest celiac trunk branch along lesser curvature,Left gastric artery is clinically relevant for regional blood supply and vascular lesions.,"{""origin_or_parent"":""artery_celiac_trunk"",""branches"":[]}",,,,,,,,,,seed_needs_review
artery_splenic,artery,splenic artery,arteria splenica,Milzarterie,abdomen; spleen; pancreas,cardiovascular,artery_celiac_trunk,anat1_week_07; anat2_week_04; anat2_week_10,tortuous artery along superior border of pancreas,Splenic artery is clinically relevant for regional blood supply and vascular lesions.,"{""origin_or_parent"":""artery_celiac_trunk"",""branches"":[""short gastric arteries"",""left gastro-omental artery"",""pancreatic branches""]}",,,,,,,,,,seed_needs_review
artery_common_hepatic,artery,common hepatic artery,arteria hepatica communis,gemeinsame Leberarterie,abdomen; liver,cardiovascular,artery_celiac_trunk,anat1_week_07; anat2_week_04; anat2_week_10,branch of celiac trunk toward liver and stomach,Common hepatic artery is clinically relevant for regional blood supply and vascular lesions.,"{""origin_or_parent"":""artery_celiac_trunk"",""branches"":[""proper hepatic artery"",""gastroduodenal artery""]}",,,,,,,,,,seed_needs_review
artery_proper_hepatic,artery,proper hepatic artery,arteria hepatica propria,eigentliche Leberarterie,abdomen; liver,cardiovascular,artery_common_hepatic,anat1_week_07; anat2_week_04; anat2_week_10,arterial component of portal triad,Proper hepatic artery is clinically relevant for regional blood supply and vascular lesions.,"{""origin_or_parent"":""artery_common_hepatic"",""branches"":[""right hepatic artery"",""left hepatic artery""]}",,,,,,,,,,seed_needs_review
artery_gastroduodenal,artery,gastroduodenal artery,arteria gastroduodenalis,Magen-Zwölffingerdarm-Arterie,abdomen; duodenum; pancreas,cardiovascular,artery_common_hepatic,anat1_week_07; anat2_week_04; anat2_week_10,posterior to first part of duodenum,Gastroduodenal artery is clinically relevant for regional blood supply and vascular lesions.,"{""origin_or_parent"":""artery_common_hepatic"",""branches"":[""superior pancreaticoduodenal arteries"",""right gastro-omental artery""]}",,,,,,,,,,seed_needs_review
artery_appendicular,artery,appendicular artery,arteria appendicularis,Appendixarterie,abdomen; appendix,cardiovascular,artery_superior_mesenteric,anat1_week_07; anat2_week_04; anat2_week_10,branch via ileocolic artery supplying appendix,Appendicular artery is clinically relevant for regional blood supply and vascular lesions.,"{""origin_or_parent"":""artery_superior_mesenteric"",""branches"":[]}",,,,,,,,,,seed_needs_review
artery_deep_femoral,artery,deep artery of thigh,arteria profunda femoris,tiefe Oberschenkelarterie,lower limb; thigh,cardiovascular,artery_femoral,anat1_week_07; anat2_week_04; anat2_week_10,major supply of thigh,Deep artery of thigh is clinically relevant for regional blood supply and vascular lesions.,"{""origin_or_parent"":""artery_femoral"",""branches"":[""medial circumflex femoral artery"",""lateral circumflex femoral artery"",""perforating arteries""]}",,,,,,,,,,seed_needs_review
artery_medial_circumflex_femoral,artery,medial circumflex femoral artery,arteria circumflexa femoris medialis,mediale Oberschenkelumgehungsarterie,lower limb; hip,cardiovascular,artery_deep_femoral,anat1_week_07; anat2_week_04; anat2_week_10,important supply to femoral head via retinacular branches,Medial circumflex femoral artery is clinically relevant for regional blood supply and vascular lesions.,"{""origin_or_parent"":""artery_deep_femoral"",""branches"":[]}",,,,,,,,,,seed_needs_review
artery_lateral_circumflex_femoral,artery,lateral circumflex femoral artery,arteria circumflexa femoris lateralis,laterale Oberschenkelumgehungsarterie,lower limb; thigh,cardiovascular,artery_deep_femoral,anat1_week_07; anat2_week_04; anat2_week_10,supplies lateral thigh and hip region,Lateral circumflex femoral artery is clinically relevant for regional blood supply and vascular lesions.,"{""origin_or_parent"":""artery_deep_femoral"",""branches"":[]}",,,,,,,,,,seed_needs_review
artery_fibular,artery,fibular artery,arteria fibularis,Wadenbeinarterie,lower limb; leg,cardiovascular,artery_posterior_tibial,anat1_week_07; anat2_week_04; anat2_week_10,supplies lateral/posterior leg compartments,Fibular artery is clinically relevant for regional blood supply and vascular lesions.,"{""origin_or_parent"":""artery_posterior_tibial"",""branches"":[]}",,,,,,,,,,seed_needs_review
artery_dorsalis_pedis,artery,dorsalis pedis artery,arteria dorsalis pedis,Fußrückenarterie,lower limb; foot,cardiovascular,artery_anterior_tibial,anat1_week_07; anat2_week_04; anat2_week_10,continuation of anterior tibial artery on dorsum of foot,Dorsalis pedis artery is clinically relevant for regional blood supply and vascular lesions.,"{""origin_or_parent"":""artery_anterior_tibial"",""branches"":[]}",,,,,,,,,,seed_needs_review
vein_azygos,vein,azygos vein,vena azygos,Azygosvene,thorax,cardiovascular,,anat1_week_07; anat2_week_02,drains posterior thoracic wall and connects caval systems,Azygos vein is relevant to venous drainage and thrombosis/obstruction patterns.,"{""drains_to"":""vein_superior_vena_cava""}",,,,,,,,,,seed_needs_review
vein_hemiazygos,vein,hemiazygos vein,vena hemiazygos,Hemiazygosvene,thorax,cardiovascular,,anat1_week_07; anat2_week_02,left-sided tributary of azygos system,Hemiazygos vein is relevant to venous drainage and thrombosis/obstruction patterns.,"{""drains_to"":""vein_azygos""}",,,,,,,,,,seed_needs_review
vein_accessory_hemiazygos,vein,accessory hemiazygos vein,vena hemiazygos accessoria,akzessorische Hemiazygosvene,thorax,cardiovascular,,anat1_week_07; anat2_week_02,drains upper left posterior intercostal veins,Accessory hemiazygos vein is relevant to venous drainage and thrombosis/obstruction patterns.,"{""drains_to"":""vein_azygos""}",,,,,,,,,,seed_needs_review
vein_renal,vein,renal vein,vena renalis,Nierenvene,abdomen; kidney,cardiovascular,,anat1_week_07; anat2_week_02,drains kidney to inferior vena cava,Renal vein is relevant to venous drainage and thrombosis/obstruction patterns.,"{""drains_to"":""vein_inferior_vena_cava""}",,,,,,,,,,seed_needs_review
vein_hepatic,vein,hepatic veins,venae hepaticae,Lebervenen,abdomen; liver,cardiovascular,,anat1_week_07; anat2_week_02,drain liver sinusoids into IVC,Hepatic veins is relevant to venous drainage and thrombosis/obstruction patterns.,"{""drains_to"":""vein_inferior_vena_cava""}",,,,,,,,,,seed_needs_review
vein_splenic,vein,splenic vein,vena splenica,Milzvene,abdomen; spleen; pancreas,cardiovascular,,anat1_week_07; anat2_week_02,joins superior mesenteric vein to form portal vein,Splenic vein is relevant to venous drainage and thrombosis/obstruction patterns.,"{""drains_to"":""vein_portal""}",,,,,,,,,,seed_needs_review
vein_superior_mesenteric,vein,superior mesenteric vein,vena mesenterica superior,obere Mesenterialvene,abdomen,cardiovascular,,anat1_week_07; anat2_week_02,drains midgut territory,Superior mesenteric vein is relevant to venous drainage and thrombosis/obstruction patterns.,"{""drains_to"":""vein_portal""}",,,,,,,,,,seed_needs_review
vein_inferior_mesenteric,vein,inferior mesenteric vein,vena mesenterica inferior,untere Mesenterialvene,abdomen,cardiovascular,,anat1_week_07; anat2_week_02,"drains hindgut territory, commonly to splenic vein",Inferior mesenteric vein is relevant to venous drainage and thrombosis/obstruction patterns.,"{""drains_to"":""vein_splenic""}",,,,,,,,,,seed_needs_review
vein_external_iliac,vein,external iliac vein,vena iliaca externa,äußere Darmbeinvene,pelvis; lower limb,cardiovascular,,anat1_week_07; anat2_week_02,continuation of femoral vein,External iliac vein is relevant to venous drainage and thrombosis/obstruction patterns.,"{""drains_to"":""vein_common_iliac""}",,,,,,,,,,seed_needs_review
vein_internal_iliac,vein,internal iliac vein,vena iliaca interna,innere Darmbeinvene,pelvis,cardiovascular,,anat1_week_07; anat2_week_02,drains pelvic viscera and walls,Internal iliac vein is relevant to venous drainage and thrombosis/obstruction patterns.,"{""drains_to"":""vein_common_iliac""}",,,,,,,,,,seed_needs_review
vein_common_iliac,vein,common iliac vein,vena iliaca communis,gemeinsame Darmbeinvene,pelvis,cardiovascular,,anat1_week_07; anat2_week_02,formed by internal and external iliac veins,Common iliac vein is relevant to venous drainage and thrombosis/obstruction patterns.,"{""drains_to"":""vein_inferior_vena_cava""}",,,,,,,,,,seed_needs_review
vein_small_saphenous,vein,small saphenous vein,vena saphena parva,kleine Rosenvene,lower limb,cardiovascular,,anat1_week_07; anat2_week_02,superficial vein of posterior leg,Small saphenous vein is relevant to venous drainage and thrombosis/obstruction patterns.,"{""drains_to"":""vein_popliteal""}",,,,,,,,,,seed_needs_review
vein_popliteal,vein,popliteal vein,vena poplitea,Kniekehlenvene,lower limb; knee,cardiovascular,,anat1_week_07; anat2_week_02,deep vein behind knee,Popliteal vein is relevant to venous drainage and thrombosis/obstruction patterns.,"{""drains_to"":""vein_femoral""}",,,,,,,,,,seed_needs_review
sinus_superior_sagittal,venous_sinus,superior sagittal sinus,sinus sagittalis superior,oberer Sagittalsinus,cranial cavity,cardiovascular; nervous,sinus_dural_venous,anat2_week_10,runs in superior margin of falx cerebri,"Dural venous sinus thrombosis may produce headache, raised intracranial pressure or focal deficits.","{""drains_to"":""sinus_dural_venous""}",,,,,,,,,,seed_needs_review
sinus_inferior_sagittal,venous_sinus,inferior sagittal sinus,sinus sagittalis inferior,unterer Sagittalsinus,cranial cavity,cardiovascular; nervous,sinus_dural_venous,anat2_week_10,runs in inferior free margin of falx cerebri,"Dural venous sinus thrombosis may produce headache, raised intracranial pressure or focal deficits.","{""drains_to"":""sinus_straight""}",,,,,,,,,,seed_needs_review
sinus_straight,venous_sinus,straight sinus,sinus rectus,gerader Sinus,cranial cavity,cardiovascular; nervous,sinus_dural_venous,anat2_week_10,formed by inferior sagittal sinus and great cerebral vein,"Dural venous sinus thrombosis may produce headache, raised intracranial pressure or focal deficits.","{""drains_to"":""sinus_transverse""}",,,,,,,,,,seed_needs_review
sinus_transverse,venous_sinus,transverse sinus,sinus transversus,Quersinus,cranial cavity,cardiovascular; nervous,sinus_dural_venous,anat2_week_10,runs laterally from confluence of sinuses,"Dural venous sinus thrombosis may produce headache, raised intracranial pressure or focal deficits.","{""drains_to"":""sinus_sigmoid""}",,,,,,,,,,seed_needs_review
sinus_sigmoid,venous_sinus,sigmoid sinus,sinus sigmoideus,Sigmoidsinus,cranial cavity,cardiovascular; nervous,sinus_dural_venous,anat2_week_10,continues as internal jugular vein at jugular foramen,"Dural venous sinus thrombosis may produce headache, raised intracranial pressure or focal deficits.","{""drains_to"":""vein_internal_jugular""}",,,,,,,,,,seed_needs_review
sinus_superior_petrosal,venous_sinus,superior petrosal sinus,sinus petrosus superior,oberer Felsenbeinsinus,cranial cavity,cardiovascular; nervous,sinus_dural_venous,anat2_week_10,connects cavernous sinus to transverse/sigmoid region,"Dural venous sinus thrombosis may produce headache, raised intracranial pressure or focal deficits.","{""drains_to"":""sinus_transverse""}",,,,,,,,,,seed_needs_review
sinus_inferior_petrosal,venous_sinus,inferior petrosal sinus,sinus petrosus inferior,unterer Felsenbeinsinus,cranial cavity,cardiovascular; nervous,sinus_dural_venous,anat2_week_10,connects cavernous sinus to internal jugular vein,"Dural venous sinus thrombosis may produce headache, raised intracranial pressure or focal deficits.","{""drains_to"":""vein_internal_jugular""}",,,,,,,,,,seed_needs_review
nerve_long_thoracic,nerve,long thoracic nerve,nervus thoracicus longus,langer Brustnerv,upper limb; thoracic wall,nervous,plexus_brachial,anat1_week_07; anat2_week_03; anat2_week_06,"roots: C5, C6, C7",winged scapula after injury,"{""roots"":[""C5"",""C6"",""C7""],""motor_or_distribution"":[""serratus anterior""]}",,,,,,,,,,seed_needs_review
nerve_suprascapular,nerve,suprascapular nerve,nervus suprascapularis,Suprascapularisnerv,upper limb; shoulder,nervous,plexus_brachial,anat1_week_07; anat2_week_03; anat2_week_06,"roots: C5, C6",injury weakens shoulder abduction initiation and external rotation,"{""roots"":[""C5"",""C6""],""motor_or_distribution"":[""supraspinatus"",""infraspinatus""]}",,,,,,,,,,seed_needs_review
nerve_lateral_pectoral,nerve,lateral pectoral nerve,nervus pectoralis lateralis,lateraler Brustnerv,upper limb; pectoral region,nervous,plexus_brachial,anat1_week_07; anat2_week_03; anat2_week_06,"roots: C5, C6, C7",,"{""roots"":[""C5"",""C6"",""C7""],""motor_or_distribution"":[""pectoralis major""]}",,,,,,,,,,seed_needs_review
nerve_medial_pectoral,nerve,medial pectoral nerve,nervus pectoralis medialis,medialer Brustnerv,upper limb; pectoral region,nervous,plexus_brachial,anat1_week_07; anat2_week_03; anat2_week_06,"roots: C8, T1",,"{""roots"":[""C8"",""T1""],""motor_or_distribution"":[""pectoralis minor"",""pectoralis major""]}",,,,,,,,,,seed_needs_review
nerve_thoracodorsal,nerve,thoracodorsal nerve,nervus thoracodorsalis,Thoracodorsalisnerv,upper limb; back,nervous,plexus_brachial,anat1_week_07; anat2_week_03; anat2_week_06,"roots: C6, C7, C8","injury affects extension, adduction and medial rotation of arm","{""roots"":[""C6"",""C7"",""C8""],""motor_or_distribution"":[""latissimus dorsi""]}",,,,,,,,,,seed_needs_review
nerve_subscapular_upper,nerve,upper subscapular nerve,nervus subscapularis superior,oberer Subscapularisnerv,upper limb; scapular region,nervous,plexus_brachial,anat1_week_07; anat2_week_03; anat2_week_06,"roots: C5, C6",,"{""roots"":[""C5"",""C6""],""motor_or_distribution"":[""subscapularis""]}",,,,,,,,,,seed_needs_review
nerve_subscapular_lower,nerve,lower subscapular nerve,nervus subscapularis inferior,unterer Subscapularisnerv,upper limb; scapular region,nervous,plexus_brachial,anat1_week_07; anat2_week_03; anat2_week_06,"roots: C5, C6",,"{""roots"":[""C5"",""C6""],""motor_or_distribution"":[""subscapularis"",""teres major""]}",,,,,,,,,,seed_needs_review
nerve_lateral_femoral_cutaneous,nerve,lateral femoral cutaneous nerve,nervus cutaneus femoris lateralis,lateraler Oberschenkelhautnerv,lower limb; thigh,nervous,plexus_lumbar,anat1_week_07; anat2_week_03; anat2_week_06,"roots: L2, L3",compression causes meralgia paraesthetica,"{""roots"":[""L2"",""L3""],""motor_or_distribution"":[]}",,,,,,,,,,seed_needs_review
nerve_saphenous,nerve,saphenous nerve,nervus saphenus,Saphenusnerv,lower limb; leg,nervous,nerve_femoral,anat1_week_07; anat2_week_03; anat2_week_06,"roots: L3, L4",sensory nerve of medial leg and foot,"{""roots"":[""L3"",""L4""],""motor_or_distribution"":[]}",,,,,,,,,,seed_needs_review
nerve_superior_gluteal,nerve,superior gluteal nerve,nervus gluteus superior,oberer Gesäßnerv,lower limb; gluteal region,nervous,plexus_sacral,anat1_week_07; anat2_week_03; anat2_week_06,"roots: L4, L5, S1",lesion causes Trendelenburg gait,"{""roots"":[""L4"",""L5"",""S1""],""motor_or_distribution"":[""gluteus medius"",""gluteus minimus"",""tensor fasciae latae""]}",,,,,,,,,,seed_needs_review
nerve_inferior_gluteal,nerve,inferior gluteal nerve,nervus gluteus inferior,unterer Gesäßnerv,lower limb; gluteal region,nervous,plexus_sacral,anat1_week_07; anat2_week_03; anat2_week_06,"roots: L5, S1, S2",lesion weakens rising from chair or climbing stairs,"{""roots"":[""L5"",""S1"",""S2""],""motor_or_distribution"":[""gluteus maximus""]}",,,,,,,,,,seed_needs_review
nerve_pudendal,nerve,pudendal nerve,nervus pudendus,Pudendusnerv,pelvis; perineum,nervous,plexus_sacral,anat1_week_07; anat2_week_03; anat2_week_06,"roots: S2, S3, S4",pudendal nerve block is used in obstetrics and perineal procedures,"{""roots"":[""S2"",""S3"",""S4""],""motor_or_distribution"":[""external urethral sphincter"",""external anal sphincter"",""perineal muscles""]}",,,,,,,,,,seed_needs_review
nerve_phrenic,nerve,phrenic nerve,nervus phrenicus,Zwerchfellnerv,neck; thorax,nervous,plexus_cervical,anat1_week_07; anat2_week_03; anat2_week_06,"roots: C3, C4, C5",C3–C5 keeps the diaphragm alive,"{""roots"":[""C3"",""C4"",""C5""],""motor_or_distribution"":[""diaphragm""]}",,,,,,,,,,seed_needs_review
plexus_cervical,nerve_plexus,cervical plexus,plexus cervicalis,Halsgeflecht,neck,nervous,,anat1_week_07; anat2_week_03; anat2_week_06,"roots: C1, C2, C3, C4",supplies neck regions and contributes phrenic nerve,"{""roots"":[""C1"",""C2"",""C3"",""C4""],""motor_or_distribution"":[""cutaneous neck branches"",""ansa cervicalis"",""phrenic nerve""]}",,,,,,,,,,seed_needs_review
nerve_recurrent_laryngeal,nerve,recurrent laryngeal nerve,nervus laryngeus recurrens,rückläufiger Kehlkopfnerv,neck; thorax,nervous,nerve_cn_x,anat1_week_07; anat2_week_03; anat2_week_06,important named nervous structure,injury may cause hoarseness,"{""roots"":[],""motor_or_distribution"":[""intrinsic laryngeal muscles except cricothyroid""]}",,,,,,,,,,seed_needs_review
nerve_superior_laryngeal,nerve,superior laryngeal nerve,nervus laryngeus superior,oberer Kehlkopfnerv,neck,nervous,nerve_cn_x,anat1_week_07; anat2_week_03; anat2_week_06,important named nervous structure,external branch injury affects pitch control,"{""roots"":[],""motor_or_distribution"":[""cricothyroid via external branch"",""laryngeal mucosa sensation via internal branch""]}",,,,,,,,,,seed_needs_review
structure_sympathetic_trunk,autonomic_structure,sympathetic trunk,truncus sympathicus,Grenzstrang,neck; thorax; abdomen; pelvis,nervous,,anat1_week_07; anat2_week_03; anat2_week_06,important named nervous structure,paired paravertebral chain of sympathetic ganglia,"{""roots"":[],""motor_or_distribution"":[]}",,,,,,,,,,seed_needs_review
structure_celiac_plexus,autonomic_structure,celiac plexus,plexus coeliacus,Plexus coeliacus,abdomen,nervous,,anat1_week_07; anat2_week_03; anat2_week_06,important named nervous structure,major autonomic plexus around celiac trunk,"{""roots"":[],""motor_or_distribution"":[]}",,,,,,,,,,seed_needs_review
structure_pelvic_splanchnic,autonomic_structure,pelvic splanchnic nerves,nervi splanchnici pelvici,Beckeneingeweidenerven,pelvis,nervous,,anat1_week_07; anat2_week_03; anat2_week_06,"roots: S2, S3, S4",parasympathetic supply to pelvic organs and distal hindgut,"{""roots"":[""S2"",""S3"",""S4""],""motor_or_distribution"":[]}",,,,,,,,,,seed_needs_review
foramen_cribriform_plate,foramen,foramina of cribriform plate,foramina laminae cribrosae,Siebbeinlöcher,skull; anterior cranial fossa,skeletal; nervous; cardiovascular,bone_ethmoid,anat1_week_03; anat2_week_04,transmit olfactory nerve filaments,Foramina of cribriform plate is high-yield because its contents are commonly tested.,"{""contents"":[""olfactory nerve filaments""]}",,,,,,,,List the contents of the foramina of cribriform plate.,,seed_needs_review
canal_carotid,canal,carotid canal,canalis caroticus,Karotiskanal,skull; cranial base,skeletal; nervous; cardiovascular,bone_temporal,anat1_week_03; anat2_week_04,transmits internal carotid artery into cranial cavity,Carotid canal is high-yield because its contents are commonly tested.,"{""contents"":[""internal carotid artery"",""carotid sympathetic plexus""]}",,,,,,,,List the contents of the carotid canal.,,seed_needs_review
meatus_internal_acoustic,canal,internal acoustic meatus,meatus acusticus internus,innerer Gehörgang,skull; posterior cranial fossa,skeletal; nervous; cardiovascular,bone_temporal,anat1_week_03; anat2_week_04,opening in petrous temporal bone,Internal acoustic meatus is high-yield because its contents are commonly tested.,"{""contents"":[""facial nerve"",""vestibulocochlear nerve"",""labyrinthine artery""]}",,,,,,,,List the contents of the internal acoustic meatus.,,seed_needs_review
foramen_stylomastoid,foramen,stylomastoid foramen,foramen stylomastoideum,Griffelfortsatz-Warzenfortsatz-Loch,skull; cranial base,skeletal; nervous; cardiovascular,bone_temporal,anat1_week_03; anat2_week_04,exit of facial nerve from skull,Stylomastoid foramen is high-yield because its contents are commonly tested.,"{""contents"":[""facial nerve""]}",,,,,,,,List the contents of the stylomastoid foramen.,,seed_needs_review
foramen_lacerum,foramen,foramen lacerum,foramen lacerum,zerrissenes Loch,skull; cranial base,skeletal; nervous; cardiovascular,,anat1_week_03; anat2_week_04,filled with cartilage in life; internal carotid artery passes over superior aspect,Foramen lacerum is high-yield because its contents are commonly tested.,"{""contents"":[]}",,,,,,,,List the contents of the foramen lacerum.,,seed_needs_review
foramen_infraorbital,foramen,infraorbital foramen,foramen infraorbitale,Unteraugenhöhlenloch,skull; face,skeletal; nervous; cardiovascular,bone_maxilla,anat1_week_03; anat2_week_04,opening below orbit,Infraorbital foramen is high-yield because its contents are commonly tested.,"{""contents"":[""infraorbital nerve"",""infraorbital vessels""]}",,,,,,,,List the contents of the infraorbital foramen.,,seed_needs_review
foramen_mental,foramen,mental foramen,foramen mentale,Kinnloch,skull; mandible,skeletal; nervous; cardiovascular,bone_mandible,anat1_week_03; anat2_week_04,opening on anterior mandible,Mental foramen is high-yield because its contents are commonly tested.,"{""contents"":[""mental nerve"",""mental vessels""]}",,,,,,,,List the contents of the mental foramen.,,seed_needs_review
foramen_mandibular,foramen,mandibular foramen,foramen mandibulae,Unterkieferloch,skull; mandible,skeletal; nervous; cardiovascular,bone_mandible,anat1_week_03; anat2_week_04,opening on medial mandibular ramus,Mandibular foramen is high-yield because its contents are commonly tested.,"{""contents"":[""inferior alveolar nerve"",""inferior alveolar vessels""]}",,,,,,,,List the contents of the mandibular foramen.,,seed_needs_review
foramen_greater_palatine,foramen,greater palatine foramen,foramen palatinum majus,großes Gaumenloch,palate; skull,skeletal; nervous; cardiovascular,bone_palatine,anat1_week_03; anat2_week_04,opening on hard palate,Greater palatine foramen is high-yield because its contents are commonly tested.,"{""contents"":[""greater palatine nerve"",""greater palatine vessels""]}",,,,,,,,List the contents of the greater palatine foramen.,,seed_needs_review
foramen_lesser_palatine,foramen,lesser palatine foramina,foramina palatina minora,kleine Gaumenlöcher,palate; skull,skeletal; nervous; cardiovascular,bone_palatine,anat1_week_03; anat2_week_04,openings posterior to greater palatine foramen,Lesser palatine foramina is high-yield because its contents are commonly tested.,"{""contents"":[""lesser palatine nerves"",""lesser palatine vessels""]}",,,,,,,,List the contents of the lesser palatine foramina.,,seed_needs_review
fissure_pterygomaxillary,fissure,pterygomaxillary fissure,fissura pterygomaxillaris,Flügelkiefer-Spalte,skull; face,skeletal; nervous; cardiovascular,,anat1_week_03; anat2_week_04,connects infratemporal and pterygopalatine fossae,Pterygomaxillary fissure is high-yield because its contents are commonly tested.,"{""contents"":[""maxillary artery terminal part""]}",,,,,,,,List the contents of the pterygomaxillary fissure.,,seed_needs_review
space_cubital_fossa,space,cubital fossa,fossa cubitalis,Ellenbeuge,upper limb; elbow,skeletal; nervous; cardiovascular,,anat1_week_03; anat2_week_04,anterior elbow region,Cubital fossa is high-yield because its contents are commonly tested.,"{""contents"":[""brachial artery"",""median nerve"",""biceps tendon"",""radial nerve nearby""]}",,,,,,,,List the contents of the cubital fossa.,,seed_needs_review
space_femoral_triangle,space,femoral triangle,trigonum femorale,Schenkeldreieck,lower limb; thigh,skeletal; nervous; cardiovascular,,anat1_week_03; anat2_week_04,important anterior thigh triangle,Femoral triangle is high-yield because its contents are commonly tested.,"{""contents"":[""femoral nerve"",""femoral artery"",""femoral vein"",""lymphatics""]}",,,,,,,,List the contents of the femoral triangle.,,seed_needs_review
space_carpal_tunnel,space,carpal tunnel,canalis carpi,Karpaltunnel,upper limb; wrist,skeletal; nervous; cardiovascular,,anat1_week_03; anat2_week_04,osteofibrous tunnel at wrist,Carpal tunnel is high-yield because its contents are commonly tested.,"{""contents"":[""median nerve"",""flexor tendons""]}",,,,,,,,List the contents of the carpal tunnel.,,seed_needs_review
space_quadrangular,space,quadrangular space,spatium quadrangulare,viereckige Lücke,upper limb; shoulder,skeletal; nervous; cardiovascular,,anat1_week_03; anat2_week_04,posterior shoulder space,Quadrangular space is high-yield because its contents are commonly tested.,"{""contents"":[""axillary nerve"",""posterior circumflex humeral artery""]}",,,,,,,,List the contents of the quadrangular space.,,seed_needs_review
space_adductor_canal,space,adductor canal,canalis adductorius,Adduktorenkanal,lower limb; thigh,skeletal; nervous; cardiovascular,,anat1_week_03; anat2_week_04,passage in medial thigh,Adductor canal is high-yield because its contents are commonly tested.,"{""contents"":[""femoral artery"",""femoral vein"",""saphenous nerve""]}",,,,,,,,List the contents of the adductor canal.,,seed_needs_review
organ_tongue,organ,tongue,lingua,Zunge,oral cavity,digestive; sensory,,anat1_week_12,"muscular organ for taste, speech and swallowing",tongue deviation helps localize hypoglossal nerve lesions,"{""innervation"":[""hypoglossal nerve motor except palatoglossus"",""lingual nerve general sensation anterior 2/3"",""facial nerve taste anterior 2/3"",""glossopharyngeal nerve posterior 1/3""]}",,,,,,,,,,seed_needs_review
gland_parotid,salivary_gland,parotid gland,glandula parotidea,Ohrspeicheldrüse,face,digestive,,anat1_week_12,largest salivary gland; traversed by facial nerve branches,parotid surgery risks facial nerve injury,"{""duct"":""parotid duct"",""parasympathetic"":""glossopharyngeal nerve via otic ganglion""}",,,,,,,,,,seed_needs_review
gland_submandibular,salivary_gland,submandibular gland,glandula submandibularis,Unterkieferspeicheldrüse,oral cavity; neck,digestive,,anat1_week_12,salivary gland in submandibular triangle,submandibular duct stones are common,"{""duct"":""submandibular duct"",""parasympathetic"":""facial nerve via chorda tympani and submandibular ganglion""}",,,,,,,,,,seed_needs_review
gland_sublingual,salivary_gland,sublingual gland,glandula sublingualis,Unterzungenspeicheldrüse,oral cavity,digestive,,anat1_week_12,salivary gland in floor of mouth,,{},,,,,,,,,,seed_needs_review
organ_pharynx,organ,pharynx,pharynx,Rachen,head; neck,digestive; respiratory,,anat1_week_12,muscular tube shared by respiratory and digestive systems,pharyngeal muscles are mainly supplied by vagus nerve,"{""parts"":[""nasopharynx"",""oropharynx"",""laryngopharynx""]}",,,,,,,,,,seed_needs_review
organ_oesophagus,organ,oesophagus,oesophagus,Speiseröhre,neck; thorax; abdomen,digestive,,anat1_week_12,tube from pharynx to stomach,oesophageal constrictions are sites where foreign bodies lodge,"{""constrictions"":[""pharyngoesophageal junction"",""aortic arch/left main bronchus"",""diaphragmatic hiatus""]}",,,,,,,,,,seed_needs_review
organ_duodenum,organ,duodenum,duodenum,Zwölffingerdarm,abdomen,digestive,organ_small_intestine,anat1_week_12,first part of small intestine; mostly retroperitoneal,duodenal ulcers may erode gastroduodenal artery,"{""parts"":[""superior"",""descending"",""horizontal"",""ascending""],""receives"":[""bile"",""pancreatic duct drainage""]}",,,,,,,,,,seed_needs_review
organ_jejunum,organ,jejunum,jejunum,Leerdarm,abdomen,digestive,organ_small_intestine,anat1_week_12,proximal intraperitoneal small intestine,,"{""blood_supply"":""superior mesenteric artery"",""features"":[""thicker wall"",""more plicae circulares""]}",,,,,,,,,,seed_needs_review
organ_ileum,organ,ileum,ileum,Krummdarm,abdomen,digestive,organ_small_intestine,anat1_week_12,distal intraperitoneal small intestine,,"{""blood_supply"":""superior mesenteric artery"",""features"":[""Peyer patches"",""more arterial arcades""]}",,,,,,,,,,seed_needs_review
organ_cecum,organ,caecum,caecum,Blinddarm,abdomen,digestive,organ_large_intestine,anat1_week_12,blind pouch at beginning of large intestine,,{},,,,,,,,,,seed_needs_review
organ_appendix,organ,vermiform appendix,appendix vermiformis,Wurmfortsatz,abdomen,digestive; lymphatic,organ_cecum,anat1_week_12,narrow lymphoid tube attached to caecum,appendicitis classically begins with periumbilical then right iliac fossa pain,"{""blood_supply"":""appendicular artery""}",,,,,,,,,,seed_needs_review
organ_colon_ascending,organ,ascending colon,colon ascendens,Colon ascendens,abdomen,digestive,organ_large_intestine,anat1_week_12,right-sided colon segment; usually secondarily retroperitoneal,,"{""blood_supply"":""superior mesenteric artery""}",,,,,,,,,,seed_needs_review
organ_colon_transverse,organ,transverse colon,colon transversum,Colon transversum,abdomen,digestive,organ_large_intestine,anat1_week_12,intraperitoneal colon segment suspended by transverse mesocolon,,"{""blood_supply"":""superior and inferior mesenteric territories""}",,,,,,,,,,seed_needs_review
organ_colon_descending,organ,descending colon,colon descendens,Colon descendens,abdomen,digestive,organ_large_intestine,anat1_week_12,left-sided colon segment; usually secondarily retroperitoneal,,"{""blood_supply"":""inferior mesenteric artery""}",,,,,,,,,,seed_needs_review
organ_colon_sigmoid,organ,sigmoid colon,colon sigmoideum,Sigma,pelvis; abdomen,digestive,organ_large_intestine,anat1_week_12,intraperitoneal S-shaped colon segment,sigmoid colon is common site of diverticula,"{""blood_supply"":""inferior mesenteric artery""}",,,,,,,,,,seed_needs_review
organ_rectum,organ,rectum,rectum,Mastdarm,pelvis,digestive,organ_large_intestine,anat1_week_12,terminal pelvic part of large intestine,rectal venous drainage is important in portocaval anastomoses,"{""venous_drainage"":[""portal and systemic connections""]}",,,,,,,,,,seed_needs_review
organ_gallbladder,organ,gallbladder,vesica biliaris,Gallenblase,abdomen,digestive,,anat1_week_13,stores and concentrates bile,gallstones may obstruct cystic duct or common bile duct,"{""parts"":[""fundus"",""body"",""neck""],""blood_supply"":""cystic artery""}",,,,,,,,,,seed_needs_review
organ_spleen,organ,spleen,splen,Milz,abdomen,lymphatic; cardiovascular,,anat1_week_13; anat2_week_05,lymphoid organ in left upper abdomen,splenic rupture can cause intraperitoneal hemorrhage,"{""blood_supply"":""splenic artery"",""relations"":[""stomach"",""left kidney"",""diaphragm"",""pancreatic tail""]}",,,,,,,,,,seed_needs_review
gland_suprarenal,endocrine_gland,suprarenal gland,glandula suprarenalis,Nebenniere,abdomen; retroperitoneum,endocrine,,anat2_week_13,endocrine gland superior to kidney,adrenal cortex and medulla have distinct embryology and hormones,"{""parts"":[""cortex"",""medulla""],""blood_supply"":[""superior"",""middle"",""inferior suprarenal arteries""]}",,,,,,,,,,seed_needs_review
organ_testis,organ,testis,testis,Hoden,male pelvis; scrotum,reproductive; endocrine,,anat2_week_01,male gonad producing sperm and testosterone,testicular torsion threatens blood supply,"{""blood_supply"":""testicular artery"",""drainage"":""pampiniform plexus""}",,,,,,,,,,seed_needs_review
organ_epididymis,organ,epididymis,epididymis,Nebenhoden,scrotum,reproductive,,anat2_week_01,duct system on posterior testis for sperm maturation,epididymitis causes posterior testicular pain,"{""parts"":[""head"",""body"",""tail""]}",,,,,,,,,,seed_needs_review
duct_ductus_deferens,duct,ductus deferens,ductus deferens,Samenleiter,male pelvis; spermatic cord,reproductive,,anat2_week_01,muscular duct carrying sperm from epididymis to ejaculatory duct,vasectomy interrupts ductus deferens,"{""course"":[""spermatic cord"",""inguinal canal"",""pelvis""]}",,,,,,,,,,seed_needs_review
gland_prostate,organ,prostate,prostata,Prostata,male pelvis,reproductive; urinary,,anat2_week_01,gland surrounding prostatic urethra,benign prostatic enlargement can obstruct urination,"{""relations"":[""bladder neck"",""rectum"",""urethra""]}",,,,,,,,,,seed_needs_review
organ_ovary,organ,ovary,ovarium,Eierstock,female pelvis,reproductive; endocrine,,anat2_week_02,female gonad producing oocytes and hormones,ovarian vessels travel in suspensory ligament,"{""blood_supply"":""ovarian artery"",""ligaments"":[""suspensory ligament of ovary"",""proper ligament of ovary""]}",,,,,,,,,,seed_needs_review
organ_uterine_tube,organ,uterine tube,tuba uterina,Eileiter,female pelvis,reproductive,,anat2_week_02,tube connecting uterine cavity region to peritoneal cavity near ovary,fertilization commonly occurs in ampulla,"{""parts"":[""infundibulum"",""ampulla"",""isthmus"",""intramural part""]}",,,,,,,,,,seed_needs_review
organ_uterus,organ,uterus,uterus,Gebärmutter,female pelvis,reproductive,,anat2_week_02,hollow muscular organ for pregnancy,uterine artery crosses superior to ureter near cervix,"{""parts"":[""fundus"",""body"",""isthmus"",""cervix""],""supports"":[""broad ligament"",""round ligament"",""uterosacral ligaments"",""transverse cervical ligaments""]}",,,,,,,,,,seed_needs_review
organ_vagina,organ,vagina,vagina,Scheide,female pelvis; perineum,reproductive,,anat2_week_02,fibromuscular canal from cervix to vestibule,vaginal fornices relate to cervix and pelvic spaces,"{""relations"":[""bladder anterior"",""rectum posterior""]}",,,,,,,,,,seed_needs_review
structure_urethra,duct,urethra,urethra,Harnröhre,pelvis; perineum,urinary,,anat2_week_01,tube carrying urine from bladder to exterior,female short urethra contributes to UTI risk,"{""sex_differences"":[""female urethra is shorter"",""male urethra has prostatic, membranous and spongy parts""]}",,,,,,,,,,seed_needs_review
gland_pituitary,endocrine_gland,pituitary gland,hypophysis,Hirnanhangsdrüse,cranial cavity; sella turcica,endocrine; nervous,,anat1_week_02; anat2_week_13,endocrine gland in sella turcica,pituitary enlargement may compress optic chiasm,"{""parts"":[""adenohypophysis"",""neurohypophysis""],""relations"":[""optic chiasm"",""cavernous sinus""]}",,,,,,,,,,seed_needs_review
gland_thyroid,endocrine_gland,thyroid gland,glandula thyroidea,Schilddrüse,neck,endocrine,,anat2_week_13,endocrine gland anterior neck; two lobes connected by isthmus,thyroid surgery risks recurrent laryngeal nerves and parathyroids,"{""relations"":[""trachea"",""recurrent laryngeal nerve"",""parathyroid glands""]}",,,,,,,,,,seed_needs_review
gland_parathyroid,endocrine_gland,parathyroid glands,glandulae parathyroideae,Nebenschilddrüsen,neck,endocrine,,anat2_week_13,small endocrine glands on posterior thyroid,accidental removal can cause hypocalcemia,"{""typical_count"":4}",,,,,,,,,,seed_needs_review
structure_cornea,sensory_structure,cornea,cornea,Hornhaut,eye; orbit,sensory,,anat2_week_13,transparent anterior fibrous layer of eyeball,corneal reflex afferent limb is trigeminal V1,{},,,,,,,,,,seed_needs_review
structure_lens,sensory_structure,lens,lens crystallina,Augenlinse,eye; orbit,sensory,,anat2_week_13,transparent biconvex structure for focusing light,lens opacity causes cataract,{},,,,,,,,,,seed_needs_review
structure_retina,sensory_structure,retina,retina,Netzhaut,eye; orbit,sensory; nervous,,anat2_week_12; anat2_week_13,neural layer of eye detecting light,retinal detachment threatens vision,"{""special_regions"":[""macula"",""fovea"",""optic disc""]}",,,,,,,,,,seed_needs_review
gland_lacrimal,gland,lacrimal gland,glandula lacrimalis,Tränendrüse,orbit,sensory,,anat2_week_13,produces tears; located superolateral orbit,dry eye may involve lacrimal secretion problems,"{""parasympathetic"":""facial nerve pathway via pterygopalatine ganglion""}",,,,,,,,,,seed_needs_review
structure_conjunctiva,membrane,conjunctiva,tunica conjunctiva,Bindehaut,eye; orbit,sensory,,anat2_week_13,mucous membrane lining eyelids and covering anterior sclera,conjunctivitis causes red eye and discharge,{},,,,,,,,,,seed_needs_review
structure_tympanic_membrane,sensory_structure,tympanic membrane,membrana tympanica,Trommelfell,ear,sensory,,anat2_week_13,membrane between external acoustic meatus and middle ear,otoscopy assesses tympanic membrane,{},,,,,,,,,,seed_needs_review
structure_middle_ear,sensory_structure,middle ear,auris media,Mittelohr,ear; temporal bone,sensory,,anat2_week_13,air-filled cavity containing auditory ossicles,otitis media is common,"{""contents"":[""malleus"",""incus"",""stapes""],""connections"":[""auditory tube"",""mastoid air cells""]}",,,,,,,,,,seed_needs_review
structure_inner_ear,sensory_structure,inner ear,auris interna,Innenohr,ear; temporal bone,sensory,,anat2_week_12; anat2_week_13,bony and membranous labyrinth for hearing and balance,inner ear disorders can cause hearing loss or vertigo,"{""parts"":[""cochlea"",""vestibule"",""semicircular canals""]}",,,,,,,,,,seed_needs_review
structure_cochlea,sensory_structure,cochlea,cochlea,Hörschnecke,ear; temporal bone,sensory,,anat2_week_12,spiral organ for hearing,cochlear damage produces sensorineural hearing loss,{},,,,,,,,,,seed_needs_review
structure_vestibular_apparatus,sensory_structure,vestibular apparatus,apparatus vestibularis,Gleichgewichtsorgan,ear; temporal bone,sensory,,anat2_week_12,"utricle, saccule and semicircular canals detect head position and movement",vestibular disorders cause vertigo and imbalance,{},,,,,,,,,,seed_needs_review
brain_thalamus,brain_region,thalamus,thalamus,Thalamus,brain; diencephalon,nervous,organ_diencephalon,anat2_week_09; anat2_week_11,major sensory relay structure,thalamic lesions can produce sensory deficits,{},,,,,,,,,,seed_needs_review
brain_hypothalamus,brain_region,hypothalamus,hypothalamus,Hypothalamus,brain; diencephalon,nervous; endocrine,organ_diencephalon,anat2_week_09; anat2_week_11,autonomic and endocrine integration centre,hypothalamus controls pituitary and homeostasis,{},,,,,,,,,,seed_needs_review
brain_basal_nuclei,brain_region,basal nuclei,nuclei basales,Basalganglien,brain; telencephalon,nervous,organ_telencephalon,anat2_week_10; anat2_week_11,deep nuclei involved in motor control,basal nuclei disorders affect movement,"{""components"":[""caudate nucleus"",""putamen"",""globus pallidus""]}",,,,,,,,,,seed_needs_review
brain_caudate,brain_region,caudate nucleus,nucleus caudatus,Schweifkern,brain; telencephalon,nervous,brain_basal_nuclei,anat2_week_10,C-shaped component of basal nuclei,,{},,,,,,,,,,seed_needs_review
brain_putamen,brain_region,putamen,putamen,Putamen,brain; telencephalon,nervous,brain_basal_nuclei,anat2_week_10,lateral component of basal nuclei,,{},,,,,,,,,,seed_needs_review
brain_globus_pallidus,brain_region,globus pallidus,globus pallidus,Globus pallidus,brain; telencephalon,nervous,brain_basal_nuclei,anat2_week_10,medial component of basal nuclei,,{},,,,,,,,,,seed_needs_review
brain_internal_capsule,white_matter,internal capsule,capsula interna,innere Kapsel,brain; telencephalon,nervous,organ_telencephalon,anat2_week_10,major white matter pathway between basal nuclei and thalamus,small lesions can cause major motor or sensory deficits,"{""parts"":[""anterior limb"",""genu"",""posterior limb""]}",,,,,,,,,,seed_needs_review
brain_frontal_lobe,brain_region,frontal lobe,lobus frontalis,Stirnlappen,brain; cerebral cortex,nervous,organ_telencephalon,anat2_week_07,"executive, motor and language functions",frontal lesions affect behaviour or motor function,"{""important_areas"":[""primary motor cortex"",""premotor cortex"",""Broca area in dominant hemisphere""]}",,,,,,,,,,seed_needs_review
brain_parietal_lobe,brain_region,parietal lobe,lobus parietalis,Scheitellappen,brain; cerebral cortex,nervous,organ_telencephalon,anat2_week_07,somatosensory and spatial processing,lesions may cause sensory deficits or neglect,"{""important_areas"":[""primary somatosensory cortex""]}",,,,,,,,,,seed_needs_review
brain_temporal_lobe,brain_region,temporal lobe,lobus temporalis,Schläfenlappen,brain; cerebral cortex,nervous,organ_telencephalon,anat2_week_07,"auditory processing, memory and language comprehension",temporal lobe seizures and aphasia localize here,"{""important_areas"":[""primary auditory cortex"",""Wernicke area in dominant hemisphere"",""hippocampal formation""]}",,,,,,,,,,seed_needs_review
brain_occipital_lobe,brain_region,occipital lobe,lobus occipitalis,Hinterhauptlappen,brain; cerebral cortex,nervous,organ_telencephalon,anat2_week_07; anat2_week_12,visual cortex region,posterior cerebral artery lesions can affect vision,"{""important_areas"":[""primary visual cortex""]}",,,,,,,,,,seed_needs_review
brain_hippocampus,brain_region,hippocampus,hippocampus,Hippocampus,brain; limbic system,nervous,organ_telencephalon,anat2_week_13,memory-related limbic structure,hippocampal damage impairs memory formation,{},,,,,,,,,,seed_needs_review
brain_amygdala,brain_region,amygdala,corpus amygdaloideum,Mandelkern,brain; limbic system,nervous,organ_telencephalon,anat2_week_13,limbic structure involved in emotion and threat processing,,{},,,,,,,,,,seed_needs_review
tract_corticospinal,tract,corticospinal tract,tractus corticospinalis,Pyramidenbahn,brain; spinal cord,nervous,,anat2_week_10; anat2_week_12,major descending motor pathway,upper motor neuron lesions produce characteristic weakness and reflex changes,"{""course"":[""motor cortex"",""internal capsule"",""brainstem"",""spinal cord""]}",,,,,,,,,,seed_needs_review
tract_dorsal_column,tract,dorsal column–medial lemniscus pathway,tractus columnarum posteriorum,Hinterstrang-Mediallemniskus-Bahn,spinal cord; brainstem,nervous,,anat2_week_11; anat2_week_12,"carries fine touch, vibration and conscious proprioception",lesions impair vibration and proprioception,{},,,,,,,,,,seed_needs_review
tract_spinothalamic,tract,spinothalamic tract,tractus spinothalamicus,Tractus spinothalamicus,spinal cord; brainstem; brain,nervous,,anat2_week_11; anat2_week_12,carries pain and temperature information,spinal cord lesions can create dissociated sensory loss,{},,,,,,,,,,seed_needs_review
pathway_visual,pathway,visual pathway,via optica,Sehbahn,eye; brain,nervous; sensory,,anat2_week_12,"retina to optic nerve, chiasm, tract, lateral geniculate body and visual cortex",lesion location predicts visual field defect,"{""components"":[""retina"",""optic nerve"",""optic chiasm"",""optic tract"",""lateral geniculate body"",""optic radiation"",""visual cortex""]}",,,,,,,,,,seed_needs_review
pathway_auditory,pathway,auditory pathway,via auditiva,Hörbahn,ear; brainstem; brain,nervous; sensory,,anat2_week_12,"cochlea to brainstem nuclei, thalamus and auditory cortex",,{},,,,,,,,,,seed_needs_review
pathway_vestibular,pathway,vestibular pathway,via vestibularis,Vestibularbahn,ear; brainstem; cerebellum,nervous; sensory,,anat2_week_12,"vestibular apparatus to vestibular nuclei, cerebellum and ocular motor systems",vestibular pathway dysfunction produces vertigo and nystagmus,{},,,,,,,,,,seed_needs_review
lymph_thoracic_duct,lymphatic_structure,thoracic duct,ductus thoracicus,Milchbrustgang,thorax; abdomen; neck,lymphatic,,anat2_week_05,main lymphatic duct draining most of body,injury may cause chylothorax,"{""drains_to"":""left venous angle""}",,,,,,,,,,seed_needs_review
lymph_right_lymphatic_duct,lymphatic_structure,right lymphatic duct,ductus lymphaticus dexter,rechter Lymphgang,thorax; neck,lymphatic,,anat2_week_05,drains right upper quadrant of body,,"{""drains_to"":""right venous angle""}",,,,,,,,,,seed_needs_review
lymph_cervical_nodes,lymph_node_group,cervical lymph nodes,nodi lymphatici cervicales,Halslymphknoten,head; neck,lymphatic,,anat2_week_05,lymph nodes draining head and neck,enlarged cervical nodes are common in infection and malignancy evaluation,{},,,,,,,,,,seed_needs_review
lymph_axillary_nodes,lymph_node_group,axillary lymph nodes,nodi lymphatici axillares,Achsellymphknoten,axilla; upper limb; breast,lymphatic,,anat2_week_05,"drain upper limb, thoracic wall and breast",important in breast cancer spread,{},,,,,,,,,,seed_needs_review
lymph_inguinal_nodes,lymph_node_group,inguinal lymph nodes,nodi lymphatici inguinales,Leistenlymphknoten,groin; lower limb,lymphatic,,anat2_week_05,drain lower limb and superficial perineal regions,inguinal lymphadenopathy has broad differential,{},,,,,,,,,,seed_needs_review
muscle_rectus_superior,muscle,Superior rectus muscle,Musculus rectus superior,oberer gerader Augenmuskel,head,muscular,,,"Elevates, adducts, and medially rotates the eyeball",,"{""muscle"":{""classifications"":[{""region"":{""en"":""Muscles of the Head"",""de"":""Kopfmuskeln""},""category"":{""en"":""Extra-ocular muscles"",""de"":""Extraokuläre Muskeln""}}],""parts"":[],""origin"":[""Common tendinous ring (annulus of Zinn)""],""insertion"":[""Superior surface of eyeball""],""innervation"":[""Superior division of oculomotor nerve (CN III)""],""blood_supply"":[""Superior muscular branches of ophthalmic artery""],""actions"":[""Elevates, adducts, and medially rotates the eyeball""]}}",Muscles of the Head / Extra-ocular muscles,,Common tendinous ring (annulus of Zinn),Superior surface of eyeball,Superior division of oculomotor nerve (CN III),Superior muscular branches of ophthalmic artery,"Elevates, adducts, and medially rotates the eyeball",,,seed_needs_review
muscle_rectus_inferior,muscle,Inferior rectus muscle,Musculus rectus inferior,unterer gerader Augenmuskel,head,muscular,,,"Depresses, adducts, and laterally rotates the eyeball",,"{""muscle"":{""classifications"":[{""region"":{""en"":""Muscles of the Head"",""de"":""Kopfmuskeln""},""category"":{""en"":""Extra-ocular muscles"",""de"":""Extraokuläre Muskeln""}}],""parts"":[],""origin"":[""Common tendinous ring""],""insertion"":[""Inferior surface of eyeball""],""innervation"":[""Inferior division of oculomotor nerve (CN III)""],""blood_supply"":[""Inferior muscular branches of ophthalmic artery""],""actions"":[""Depresses, adducts, and laterally rotates the eyeball""]}}",Muscles of the Head / Extra-ocular muscles,,Common tendinous ring,Inferior surface of eyeball,Inferior division of oculomotor nerve (CN III),Inferior muscular branches of ophthalmic artery,"Depresses, adducts, and laterally rotates the eyeball",,,seed_needs_review
muscle_rectus_medialis,muscle,Medial rectus muscle,Musculus rectus medialis,medialer gerader Augenmuskel,head,muscular,,,Adducts the eyeball,,"{""muscle"":{""classifications"":[{""region"":{""en"":""Muscles of the Head"",""de"":""Kopfmuskeln""},""category"":{""en"":""Extra-ocular muscles"",""de"":""Extraokuläre Muskeln""}}],""parts"":[],""origin"":[""Common tendinous ring""],""insertion"":[""Medial surface of eyeball""],""innervation"":[""Inferior division of oculomotor nerve (CN III)""],""blood_supply"":[""Medial muscular branches of ophthalmic artery""],""actions"":[""Adducts the eyeball""]}}",Muscles of the Head / Extra-ocular muscles,,Common tendinous ring,Medial surface of eyeball,Inferior division of oculomotor nerve (CN III),Medial muscular branches of ophthalmic artery,Adducts the eyeball,,,seed_needs_review
muscle_rectus_lateralis,muscle,Lateral rectus muscle,Musculus rectus lateralis,lateraler gerader Augenmuskel,head,muscular,,,Abducts the eyeball,,"{""muscle"":{""classifications"":[{""region"":{""en"":""Muscles of the Head"",""de"":""Kopfmuskeln""},""category"":{""en"":""Extra-ocular muscles"",""de"":""Extraokuläre Muskeln""}}],""parts"":[""Lacertus musculi recti lateralis (check ligament)""],""origin"":[""Common tendinous ring""],""insertion"":[""Lateral surface of eyeball""],""innervation"":[""Abducens nerve (CN VI)""],""blood_supply"":[""Lateral muscular branches of ophthalmic artery""],""actions"":[""Abducts the eyeball""]}}",Muscles of the Head / Extra-ocular muscles,Lacertus musculi recti lateralis (check ligament),Common tendinous ring,Lateral surface of eyeball,Abducens nerve (CN VI),Lateral muscular branches of ophthalmic artery,Abducts the eyeball,,,seed_needs_review
muscle_obliquus_superior,muscle,Superior oblique muscle,Musculus obliquus superior,oberer schräger Augenmuskel,head,muscular,,,"Depresses, abducts, and medially rotates the eyeball",,"{""muscle"":{""classifications"":[{""region"":{""en"":""Muscles of the Head"",""de"":""Kopfmuskeln""},""category"":{""en"":""Extra-ocular muscles"",""de"":""Extraokuläre Muskeln""}}],""parts"":[""Trochlea musculi obliqui superioris""],""origin"":[""Body of sphenoid (above common tendinous ring)""],""insertion"":[""Through trochlea to superior lateral eyeball""],""innervation"":[""Trochlear nerve (CN IV)""],""blood_supply"":[""Superior muscular branches of ophthalmic artery""],""actions"":[""Depresses, abducts, and medially rotates the eyeball""]}}",Muscles of the Head / Extra-ocular muscles,Trochlea musculi obliqui superioris,Body of sphenoid (above common tendinous ring),Through trochlea to superior lateral eyeball,Trochlear nerve (CN IV),Superior muscular branches of ophthalmic artery,"Depresses, abducts, and medially rotates the eyeball",,,seed_needs_review
muscle_obliquus_inferior,muscle,Inferior oblique muscle,Musculus obliquus inferior,unterer schräger Augenmuskel,head,muscular,,,"Elevates, abducts, and laterally rotates the eyeball",,"{""muscle"":{""classifications"":[{""region"":{""en"":""Muscles of the Head"",""de"":""Kopfmuskeln""},""category"":{""en"":""Extra-ocular muscles"",""de"":""Extraokuläre Muskeln""}}],""parts"":[],""origin"":[""Anterior medial floor of orbit""],""insertion"":[""Inferior lateral surface of eyeball""],""innervation"":[""Inferior division of oculomotor nerve (CN III)""],""blood_supply"":[""Infraorbital artery; muscular branches""],""actions"":[""Elevates, abducts, and laterally rotates the eyeball""]}}",Muscles of the Head / Extra-ocular muscles,,Anterior medial floor of orbit,Inferior lateral surface of eyeball,Inferior division of oculomotor nerve (CN III),Infraorbital artery; muscular branches,"Elevates, abducts, and laterally rotates the eyeball",,,seed_needs_review
muscle_levator_palpebrae_superioris,muscle,Levator palpebrae superioris muscle,Musculus levator palpebrae superioris,Oberlidheber,head,muscular,,,Elevates upper eyelid,,"{""muscle"":{""classifications"":[{""region"":{""en"":""Muscles of the Head"",""de"":""Kopfmuskeln""},""category"":{""en"":""Extra-ocular muscles"",""de"":""Extraokuläre Muskeln""}}],""parts"":[],""origin"":[""Lesser wing of sphenoid (near optic foramen)""],""insertion"":[""Superior tarsal plate of upper eyelid""],""innervation"":[""Superior division of oculomotor nerve (CN III)""],""blood_supply"":[""Ophthalmic artery branches""],""actions"":[""Elevates upper eyelid""]}}",Muscles of the Head / Extra-ocular muscles,,Lesser wing of sphenoid (near optic foramen),Superior tarsal plate of upper eyelid,Superior division of oculomotor nerve (CN III),Ophthalmic artery branches,Elevates upper eyelid,,,seed_needs_review
muscle_epicranius,muscle,Epicranius muscle,Musculus epicranius,Schädeldeckenmuskel,head,muscular,,,,,"{""muscle"":{""classifications"":[{""region"":{""en"":""Muscles of the Head"",""de"":""Kopfmuskeln""},""category"":{""en"":""Superficial muscles of head"",""de"":""Oberflächliche Kopfmuskeln""}}],""parts"":[],""origin"":[],""insertion"":[],""innervation"":[],""blood_supply"":[],""actions"":[]}}",Muscles of the Head / Superficial muscles of head,,,,,,,,,seed_needs_review
muscle_occipitofrontalis,muscle,Occipitofrontalis muscle,Musculus occipitofrontalis,Hinterhaupt-Stirn-Muskel,head,muscular,,,Raises eyebrows and wrinkles forehead,,"{""muscle"":{""classifications"":[{""region"":{""en"":""Muscles of the Head"",""de"":""Kopfmuskeln""},""category"":{""en"":""Superficial muscles of head"",""de"":""Oberflächliche Kopfmuskeln""}}],""parts"":[""Venter frontalis,Venter occipitalis""],""origin"":[""Epicranial aponeurosis (frontal belly), occipital bone (occipital belly)""],""insertion"":[""Skin of forehead (frontal belly), epicranial aponeurosis (occipital belly)""],""innervation"":[""Facial nerve (CN VII)""],""blood_supply"":[""Supraorbital and supratrochlear arteries; occipital artery""],""actions"":[""Raises eyebrows and wrinkles forehead""]}}",Muscles of the Head / Superficial muscles of head,"Venter frontalis,Venter occipitalis","Epicranial aponeurosis (frontal belly), occipital bone (occipital belly)","Skin of forehead (frontal belly), epicranial aponeurosis (occipital belly)",Facial nerve (CN VII),Supraorbital and supratrochlear arteries; occipital artery,Raises eyebrows and wrinkles forehead,,,seed_needs_review
muscle_temporoparietalis,muscle,Temporoparietalis muscle,Musculus temporoparietalis,Schläfen-Scheitel-Muskel,head,muscular,,,Tenses galea aponeurotica,,"{""muscle"":{""classifications"":[{""region"":{""en"":""Muscles of the Head"",""de"":""Kopfmuskeln""},""category"":{""en"":""Superficial muscles of head"",""de"":""Oberflächliche Kopfmuskeln""}}],""parts"":[],""origin"":[""Auricular muscles""],""insertion"":[""Galea aponeurotica""],""innervation"":[""Facial nerve (CN VII)""],""blood_supply"":[""Superficial temporal artery""],""actions"":[""Tenses galea aponeurotica""]}}",Muscles of the Head / Superficial muscles of head,,Auricular muscles,Galea aponeurotica,Facial nerve (CN VII),Superficial temporal artery,Tenses galea aponeurotica,,,seed_needs_review
muscle_masseter,muscle,Masseter muscle,Musculus masseter,Kaumuskel,head,muscular,,,Elevates and protrudes the mandible,,"{""muscle"":{""classifications"":[{""region"":{""en"":""Muscles of the Head"",""de"":""Kopfmuskeln""},""category"":{""en"":""Muscles of mastication"",""de"":""Kaumuskeln""}}],""parts"":[],""origin"":[""Zygomatic arch; maxillary process of zygomatic bone""],""insertion"":[""Lateral surface of ramus and angle of mandible""],""innervation"":[""Mandibular branch of trigeminal nerve (CN V3)""],""blood_supply"":[""Masseteric artery (branch of maxillary artery)""],""actions"":[""Elevates and protrudes the mandible""]}}",Muscles of the Head / Muscles of mastication,,Zygomatic arch; maxillary process of zygomatic bone,Lateral surface of ramus and angle of mandible,Mandibular branch of trigeminal nerve (CN V3),Masseteric artery (branch of maxillary artery),Elevates and protrudes the mandible,,,seed_needs_review
muscle_temporalis,muscle,Temporalis muscle,Musculus temporalis,Schläfenmuskel,head,muscular,,,Elevates and retracts the mandible,,"{""muscle"":{""classifications"":[{""region"":{""en"":""Muscles of the Head"",""de"":""Kopfmuskeln""},""category"":{""en"":""Muscles of mastication"",""de"":""Kaumuskeln""}}],""parts"":[],""origin"":[""Temporal fossa and temporal fascia""],""insertion"":[""Coronoid process and anterior border of mandibular ramus""],""innervation"":[""Deep temporal nerves from mandibular nerve (CN V3)""],""blood_supply"":[""Deep temporal arteries (branches of maxillary artery)""],""actions"":[""Elevates and retracts the mandible""]}}",Muscles of the Head / Muscles of mastication,,Temporal fossa and temporal fascia,Coronoid process and anterior border of mandibular ramus,Deep temporal nerves from mandibular nerve (CN V3),Deep temporal arteries (branches of maxillary artery),Elevates and retracts the mandible,,,seed_needs_review
muscle_pterygoideus_medialis,muscle,Medial pterygoid muscle,Musculus pterygoideus medialis,innerer Flügelmuskel,head,muscular,,,Elevates and protrudes the mandible; assists in side-to-side movements,,"{""muscle"":{""classifications"":[{""region"":{""en"":""Muscles of the Head"",""de"":""Kopfmuskeln""},""category"":{""en"":""Muscles of mastication"",""de"":""Kaumuskeln""}}],""parts"":[""Caput profundum,Caput superficiale""],""origin"":[""Medial surface of lateral pterygoid plate; maxillary tuberosity""],""insertion"":[""Medial surface of mandibular angle""],""innervation"":[""Medial pterygoid nerve from mandibular nerve (CN V3)""],""blood_supply"":[""Pterygoid branches of maxillary artery""],""actions"":[""Elevates and protrudes the mandible; assists in side-to-side movements""]}}",Muscles of the Head / Muscles of mastication,"Caput profundum,Caput superficiale",Medial surface of lateral pterygoid plate; maxillary tuberosity,Medial surface of mandibular angle,Medial pterygoid nerve from mandibular nerve (CN V3),Pterygoid branches of maxillary artery,Elevates and protrudes the mandible; assists in side-to-side movements,,,seed_needs_review
muscle_pterygoideus_lateralis,muscle,Lateral pterygoid muscle,Musculus pterygoideus lateralis,äußerer Flügelmuskel,head,muscular,,,Protrudes mandible; depresses chin; side-to-side movement,,"{""muscle"":{""classifications"":[{""region"":{""en"":""Muscles of the Head"",""de"":""Kopfmuskeln""},""category"":{""en"":""Muscles of mastication"",""de"":""Kaumuskeln""}}],""parts"":[""Caput superius,Caput inferius""],""origin"":[""Infratemporal surface and crest of greater wing of sphenoid; lateral surface of lateral pterygoid plate""],""insertion"":[""Pterygoid fovea on neck of mandible; articular disc and capsule of temporomandibular joint""],""innervation"":[""Lateral pterygoid nerve from mandibular nerve (CN V3)""],""blood_supply"":[""Pterygoid branches of maxillary artery""],""actions"":[""Protrudes mandible; depresses chin; side-to-side movement""]}}",Muscles of the Head / Muscles of mastication,"Caput superius,Caput inferius",Infratemporal surface and crest of greater wing of sphenoid; lateral surface of lateral pterygoid plate,Pterygoid fovea on neck of mandible; articular disc and capsule of temporomandibular joint,Lateral pterygoid nerve from mandibular nerve (CN V3),Pterygoid branches of maxillary artery,Protrudes mandible; depresses chin; side-to-side movement,,,seed_needs_review
muscle_auricularis_anterior,muscle,Anterior auricular muscle,Musculus auricularis anterior,vorderer Ohrmuskel,head,muscular,,,Draws ear upward and forward,,"{""muscle"":{""classifications"":[{""region"":{""en"":""Muscles of the Head"",""de"":""Kopfmuskeln""},""category"":{""en"":""Facial muscles"",""de"":""Mimische Muskeln""}}],""parts"":[],""origin"":[""Temporal fascia""],""insertion"":[""Helix of the ear""],""innervation"":[""Temporal branch of facial nerve (CN VII)""],""blood_supply"":[""Auricular branches of posterior auricular and superficial temporal arteries""],""actions"":[""Draws ear upward and forward""]}}",Muscles of the Head / Facial muscles,,Temporal fascia,Helix of the ear,Temporal branch of facial nerve (CN VII),Auricular branches of posterior auricular and superficial temporal arteries,Draws ear upward and forward,,,seed_needs_review
muscle_auricularis_superior,muscle,Superior auricular muscle,Musculus auricularis superior,oberer Ohrmuskel,head,muscular,,,Elevates the ear,,"{""muscle"":{""classifications"":[{""region"":{""en"":""Muscles of the Head"",""de"":""Kopfmuskeln""},""category"":{""en"":""Facial muscles"",""de"":""Mimische Muskeln""}}],""parts"":[],""origin"":[""Galea aponeurotica""],""insertion"":[""Upper part of auricle""],""innervation"":[""Temporal branch of facial nerve (CN VII)""],""blood_supply"":[""Auricular branches of posterior auricular and superficial temporal arteries""],""actions"":[""Elevates the ear""]}}",Muscles of the Head / Facial muscles,,Galea aponeurotica,Upper part of auricle,Temporal branch of facial nerve (CN VII),Auricular branches of posterior auricular and superficial temporal arteries,Elevates the ear,,,seed_needs_review
muscle_auricularis_posterior,muscle,Posterior auricular muscle,Musculus auricularis posterior,hinterer Ohrmuskel,head,muscular,,,Draws ear backward,,"{""muscle"":{""classifications"":[{""region"":{""en"":""Muscles of the Head"",""de"":""Kopfmuskeln""},""category"":{""en"":""Facial muscles"",""de"":""Mimische Muskeln""}}],""parts"":[],""origin"":[""Mastoid process""],""insertion"":[""Posterior part of auricle""],""innervation"":[""Posterior auricular nerve (branch of CN VII)""],""blood_supply"":[""Auricular branches of posterior auricular artery""],""actions"":[""Draws ear backward""]}}",Muscles of the Head / Facial muscles,,Mastoid process,Posterior part of auricle,Posterior auricular nerve (branch of CN VII),Auricular branches of posterior auricular artery,Draws ear backward,,,seed_needs_review
muscle_helicis_major,muscle,Major helicis muscle,Musculus helicis major,großer Helixmuskel,head,muscular,,,Minor shaping of the auricle,,"{""muscle"":{""classifications"":[{""region"":{""en"":""Muscles of the Head"",""de"":""Kopfmuskeln""},""category"":{""en"":""Facial muscles"",""de"":""Mimische Muskeln""}}],""parts"":[],""origin"":[""Auricular cartilage of helix""],""insertion"":[""Auricular cartilage of helix""],""innervation"":[""Facial nerve (CN VII)""],""blood_supply"":[""Posterior auricular artery""],""actions"":[""Minor shaping of the auricle""]}}",Muscles of the Head / Facial muscles,,Auricular cartilage of helix,Auricular cartilage of helix,Facial nerve (CN VII),Posterior auricular artery,Minor shaping of the auricle,,,seed_needs_review
muscle_helicis_minor,muscle,Minor helicis muscle,Musculus helicis minor,kleiner Helixmuskel,head,muscular,,,Minor shaping of the auricle,,"{""muscle"":{""classifications"":[{""region"":{""en"":""Muscles of the Head"",""de"":""Kopfmuskeln""},""category"":{""en"":""Facial muscles"",""de"":""Mimische Muskeln""}}],""parts"":[],""origin"":[""Auricular cartilage of helix""],""insertion"":[""Auricular cartilage of helix""],""innervation"":[""Facial nerve (CN VII)""],""blood_supply"":[""Posterior auricular artery""],""actions"":[""Minor shaping of the auricle""]}}",Muscles of the Head / Facial muscles,,Auricular cartilage of helix,Auricular cartilage of helix,Facial nerve (CN VII),Posterior auricular artery,Minor shaping of the auricle,,,seed_needs_review
muscle_tragicus,muscle,Tragicus muscle,Musculus tragicus,Tragusmuskel,head,muscular,,,Assists in narrowing of the external acoustic meatus,,"{""muscle"":{""classifications"":[{""region"":{""en"":""Muscles of the Head"",""de"":""Kopfmuskeln""},""category"":{""en"":""Facial muscles"",""de"":""Mimische Muskeln""}}],""parts"":[],""origin"":[""Auricular cartilage of tragus""],""insertion"":[""Auricular cartilage of tragus""],""innervation"":[""Facial nerve (CN VII)""],""blood_supply"":[""Posterior auricular artery""],""actions"":[""Assists in narrowing of the external acoustic meatus""]}}",Muscles of the Head / Facial muscles,,Auricular cartilage of tragus,Auricular cartilage of tragus,Facial nerve (CN VII),Posterior auricular artery,Assists in narrowing of the external acoustic meatus,,,seed_needs_review
muscle_antitragicus,muscle,Antitragicus muscle,Musculus antitragicus,Antitragusmuskel,head,muscular,,,Assists in shaping and stabilization of the auricle,,"{""muscle"":{""classifications"":[{""region"":{""en"":""Muscles of the Head"",""de"":""Kopfmuskeln""},""category"":{""en"":""Facial muscles"",""de"":""Mimische Muskeln""}}],""parts"":[],""origin"":[""Auricular cartilage of antitragus""],""insertion"":[""Auricular cartilage of antitragus""],""innervation"":[""Facial nerve (CN VII)""],""blood_supply"":[""Posterior auricular artery""],""actions"":[""Assists in shaping and stabilization of the auricle""]}}",Muscles of the Head / Facial muscles,,Auricular cartilage of antitragus,Auricular cartilage of antitragus,Facial nerve (CN VII),Posterior auricular artery,Assists in shaping and stabilization of the auricle,,,seed_needs_review
muscle_transversus_auriculae,muscle,Transverse auricular muscle,Musculus transversus auriculae,querer Ohrmuskel,head,muscular,,,Draws parts of the auricle together,,"{""muscle"":{""classifications"":[{""region"":{""en"":""Muscles of the Head"",""de"":""Kopfmuskeln""},""category"":{""en"":""Facial muscles"",""de"":""Mimische Muskeln""}}],""parts"":[],""origin"":[""Posterior surface of auricular cartilage""],""insertion"":[""Posterior surface of auricular cartilage""],""innervation"":[""Facial nerve (CN VII)""],""blood_supply"":[""Posterior auricular artery""],""actions"":[""Draws parts of the auricle together""]}}",Muscles of the Head / Facial muscles,,Posterior surface of auricular cartilage,Posterior surface of auricular cartilage,Facial nerve (CN VII),Posterior auricular artery,Draws parts of the auricle together,,,seed_needs_review
muscle_obliquus_auriculae,muscle,Oblique auricular muscle,Musculus obliquus auriculae,schräger Ohrmuskel,head,muscular,,,Minor adjustment of auricular shape,,"{""muscle"":{""classifications"":[{""region"":{""en"":""Muscles of the Head"",""de"":""Kopfmuskeln""},""category"":{""en"":""Facial muscles"",""de"":""Mimische Muskeln""}}],""parts"":[],""origin"":[""Posterior surface of auricular cartilage""],""insertion"":[""Posterior surface of auricular cartilage""],""innervation"":[""Facial nerve (CN VII)""],""blood_supply"":[""Posterior auricular artery""],""actions"":[""Minor adjustment of auricular shape""]}}",Muscles of the Head / Facial muscles,,Posterior surface of auricular cartilage,Posterior surface of auricular cartilage,Facial nerve (CN VII),Posterior auricular artery,Minor adjustment of auricular shape,,,seed_needs_review
muscle_corrugator_supercilii,muscle,Corrugator supercilii muscle,Musculus corrugator supercilii,Augenbrauenrunzler,head,muscular,,,Draws eyebrows medially and downward,,"{""muscle"":{""classifications"":[{""region"":{""en"":""Muscles of the Head"",""de"":""Kopfmuskeln""},""category"":{""en"":""Facial muscles"",""de"":""Mimische Muskeln""}}],""parts"":[],""origin"":[""Medial end of superciliary arch""],""insertion"":[""Skin of eyebrow""],""innervation"":[""Temporal branch of facial nerve (CN VII)""],""blood_supply"":[""Supratrochlear and supraorbital arteries""],""actions"":[""Draws eyebrows medially and downward""]}}",Muscles of the Head / Facial muscles,,Medial end of superciliary arch,Skin of eyebrow,Temporal branch of facial nerve (CN VII),Supratrochlear and supraorbital arteries,Draws eyebrows medially and downward,,,seed_needs_review
muscle_procerus,muscle,Procerus muscle,Musculus procerus,Nasenwurzelmuskel,head,muscular,,,Wrinkles skin over the bridge of nose,,"{""muscle"":{""classifications"":[{""region"":{""en"":""Muscles of the Head"",""de"":""Kopfmuskeln""},""category"":{""en"":""Facial muscles"",""de"":""Mimische Muskeln""}}],""parts"":[],""origin"":[""Nasal bone and lateral nasal cartilage""],""insertion"":[""Skin of glabella""],""innervation"":[""Temporal branch of facial nerve (CN VII)""],""blood_supply"":[""Facial artery""],""actions"":[""Wrinkles skin over the bridge of nose""]}}",Muscles of the Head / Facial muscles,,Nasal bone and lateral nasal cartilage,Skin of glabella,Temporal branch of facial nerve (CN VII),Facial artery,Wrinkles skin over the bridge of nose,,,seed_needs_review
muscle_nasalis,muscle,Nasalis muscle,Musculus nasalis,Nasenmuskel,head,muscular,,,Compresses or dilates nostrils,,"{""muscle"":{""classifications"":[{""region"":{""en"":""Muscles of the Head"",""de"":""Kopfmuskeln""},""category"":{""en"":""Facial muscles"",""de"":""Mimische Muskeln""}}],""parts"":[""Pars transversa, Pars alaris""],""origin"":[""Maxilla lateral to nasal aperture""],""insertion"":[""Nasal cartilage""],""innervation"":[""Facial nerve (CN VII)""],""blood_supply"":[""Facial artery; lateral nasal artery""],""actions"":[""Compresses or dilates nostrils""]}}",Muscles of the Head / Facial muscles,"Pars transversa, Pars alaris",Maxilla lateral to nasal aperture,Nasal cartilage,Facial nerve (CN VII),Facial artery; lateral nasal artery,Compresses or dilates nostrils,,,seed_needs_review
muscle_depressor_septi_nasi,muscle,Depressor septi nasi muscle,Musculus depressor septi nasi,Nasenflügelsenker,head,muscular,,,Depresses nasal septum and assists in opening nostrils,,"{""muscle"":{""classifications"":[{""region"":{""en"":""Muscles of the Head"",""de"":""Kopfmuskeln""},""category"":{""en"":""Facial muscles"",""de"":""Mimische Muskeln""}}],""parts"":[],""origin"":[""Incisive fossa of maxilla""],""insertion"":[""Nasal septum and alar cartilage""],""innervation"":[""Facial nerve (CN VII)""],""blood_supply"":[""Superior labial artery""],""actions"":[""Depresses nasal septum and assists in opening nostrils""]}}",Muscles of the Head / Facial muscles,,Incisive fossa of maxilla,Nasal septum and alar cartilage,Facial nerve (CN VII),Superior labial artery,Depresses nasal septum and assists in opening nostrils,,,seed_needs_review
muscle_orbicularis_oculi,muscle,Orbicularis oculi muscle,Musculus orbicularis oculi,Augenringmuskel,head,muscular,,,Closes the eyelids,,"{""muscle"":{""classifications"":[{""region"":{""en"":""Muscles of the Head"",""de"":""Kopfmuskeln""},""category"":{""en"":""Facial muscles"",""de"":""Mimische Muskeln""}}],""parts"":[""Pars palpebralis,Pars orbitalis""],""origin"":[""Medial orbital margin, lacrimal bone""],""insertion"":[""Skin around the orbit, tarsal plate""],""innervation"":[""Temporal and zygomatic branches of facial nerve (CN VII)""],""blood_supply"":[""Facial, superficial temporal, ophthalmic arteries""],""actions"":[""Closes the eyelids""]}}",Muscles of the Head / Facial muscles,"Pars palpebralis,Pars orbitalis","Medial orbital margin, lacrimal bone","Skin around the orbit, tarsal plate",Temporal and zygomatic branches of facial nerve (CN VII),"Facial, superficial temporal, ophthalmic arteries",Closes the eyelids,,,seed_needs_review
muscle_levator_labii_superioris,muscle,Levator labii superioris muscle,Musculus levator labii superioris,Oberlippenheber,head,muscular,,,Elevates upper lip,,"{""muscle"":{""classifications"":[{""region"":{""en"":""Muscles of the Head"",""de"":""Kopfmuskeln""},""category"":{""en"":""Facial muscles"",""de"":""Mimische Muskeln""}}],""parts"":[],""origin"":[""Infraorbital margin of maxilla""],""insertion"":[""Skin of upper lip""],""innervation"":[""Facial nerve (CN VII)""],""blood_supply"":[""Facial artery; infraorbital artery""],""actions"":[""Elevates upper lip""]}}",Muscles of the Head / Facial muscles,,Infraorbital margin of maxilla,Skin of upper lip,Facial nerve (CN VII),Facial artery; infraorbital artery,Elevates upper lip,,,seed_needs_review
muscle_levator_labii_superioris_alaeque_nasi,muscle,Levator labii superioris alaeque nasi muscle,Musculus levator labii superioris alaeque nasi,Oberlippen- und Nasenflügelheber,head,muscular,,,Elevates upper lip and dilates nostril,,"{""muscle"":{""classifications"":[{""region"":{""en"":""Muscles of the Head"",""de"":""Kopfmuskeln""},""category"":{""en"":""Facial muscles"",""de"":""Mimische Muskeln""}}],""parts"":[],""origin"":[""Frontal process of maxilla""],""insertion"":[""Upper lip and nasal ala""],""innervation"":[""Facial nerve (CN VII)""],""blood_supply"":[""Facial artery; angular artery""],""actions"":[""Elevates upper lip and dilates nostril""]}}",Muscles of the Head / Facial muscles,,Frontal process of maxilla,Upper lip and nasal ala,Facial nerve (CN VII),Facial artery; angular artery,Elevates upper lip and dilates nostril,,,seed_needs_review
muscle_zygomaticus_minor,muscle,Zygomaticus minor muscle,Musculus zygomaticus minor,kleiner Jochbeinmuskel,head,muscular,,,Elevates upper lip,,"{""muscle"":{""classifications"":[{""region"":{""en"":""Muscles of the Head"",""de"":""Kopfmuskeln""},""category"":{""en"":""Facial muscles"",""de"":""Mimische Muskeln""}}],""parts"":[],""origin"":[""Zygomatic bone""],""insertion"":[""Upper lip""],""innervation"":[""Facial nerve (CN VII)""],""blood_supply"":[""Facial artery""],""actions"":[""Elevates upper lip""]}}",Muscles of the Head / Facial muscles,,Zygomatic bone,Upper lip,Facial nerve (CN VII),Facial artery,Elevates upper lip,,,seed_needs_review
muscle_zygomaticus_major,muscle,Zygomaticus major muscle,Musculus zygomaticus major,großer Jochbeinmuskel,head,muscular,,,Draws angle of mouth superolaterally (smiling),,"{""muscle"":{""classifications"":[{""region"":{""en"":""Muscles of the Head"",""de"":""Kopfmuskeln""},""category"":{""en"":""Facial muscles"",""de"":""Mimische Muskeln""}}],""parts"":[],""origin"":[""Zygomatic bone""],""insertion"":[""Angle of mouth""],""innervation"":[""Facial nerve (CN VII)""],""blood_supply"":[""Facial artery""],""actions"":[""Draws angle of mouth superolaterally (smiling)""]}}",Muscles of the Head / Facial muscles,,Zygomatic bone,Angle of mouth,Facial nerve (CN VII),Facial artery,Draws angle of mouth superolaterally (smiling),,,seed_needs_review
muscle_levator_anguli_oris,muscle,Levator anguli oris muscle,Musculus levator anguli oris,Mundwinkelheber,head,muscular,,,Elevates angle of mouth,,"{""muscle"":{""classifications"":[{""region"":{""en"":""Muscles of the Head"",""de"":""Kopfmuskeln""},""category"":{""en"":""Facial muscles"",""de"":""Mimische Muskeln""}}],""parts"":[],""origin"":[""Canine fossa of maxilla""],""insertion"":[""Angle of mouth""],""innervation"":[""Facial nerve (CN VII)""],""blood_supply"":[""Facial artery""],""actions"":[""Elevates angle of mouth""]}}",Muscles of the Head / Facial muscles,,Canine fossa of maxilla,Angle of mouth,Facial nerve (CN VII),Facial artery,Elevates angle of mouth,,,seed_needs_review
muscle_risorius,muscle,Risorius muscle,Musculus risorius,Lachmuskel,head,muscular,,,Retracts angle of mouth laterally,,"{""muscle"":{""classifications"":[{""region"":{""en"":""Muscles of the Head"",""de"":""Kopfmuskeln""},""category"":{""en"":""Facial muscles"",""de"":""Mimische Muskeln""}}],""parts"":[],""origin"":[""Parotid fascia and masseteric fascia""],""insertion"":[""Angle of mouth""],""innervation"":[""Facial nerve (CN VII)""],""blood_supply"":[""Facial artery; transverse facial artery""],""actions"":[""Retracts angle of mouth laterally""]}}",Muscles of the Head / Facial muscles,,Parotid fascia and masseteric fascia,Angle of mouth,Facial nerve (CN VII),Facial artery; transverse facial artery,Retracts angle of mouth laterally,,,seed_needs_review
muscle_buccinator,muscle,Buccinator muscle,Musculus buccinator,Backenmuskel,head,muscular,,,Presses cheek against teeth,,"{""muscle"":{""classifications"":[{""region"":{""en"":""Muscles of the Head"",""de"":""Kopfmuskeln""},""category"":{""en"":""Facial muscles"",""de"":""Mimische Muskeln""}}],""parts"":[],""origin"":[""Alveolar processes of maxilla and mandible; pterygomandibular raphe""],""insertion"":[""Angle of mouth and orbicularis oris""],""innervation"":[""Facial nerve (CN VII)""],""blood_supply"":[""Buccal artery; facial artery""],""actions"":[""Presses cheek against teeth""]}}",Muscles of the Head / Facial muscles,,Alveolar processes of maxilla and mandible; pterygomandibular raphe,Angle of mouth and orbicularis oris,Facial nerve (CN VII),Buccal artery; facial artery,Presses cheek against teeth,,,seed_needs_review
muscle_orbicularis_oris,muscle,Orbicularis oris muscle,Musculus orbicularis oris,Mundringmuskel,head,muscular,,,Closes and protrudes lips,,"{""muscle"":{""classifications"":[{""region"":{""en"":""Muscles of the Head"",""de"":""Kopfmuskeln""},""category"":{""en"":""Facial muscles"",""de"":""Mimische Muskeln""}}],""parts"":[],""origin"":[""Medial maxilla and mandible; modiolus""],""insertion"":[""Skin of lips""],""innervation"":[""Facial nerve (CN VII)""],""blood_supply"":[""Superior and inferior labial arteries""],""actions"":[""Closes and protrudes lips""]}}",Muscles of the Head / Facial muscles,,Medial maxilla and mandible; modiolus,Skin of lips,Facial nerve (CN VII),Superior and inferior labial arteries,Closes and protrudes lips,,,seed_needs_review
muscle_depressor_anguli_oris,muscle,Depressor anguli oris muscle,Musculus depressor anguli oris,Mundwinkelsenker,head,muscular,,,Depresses angle of mouth,,"{""muscle"":{""classifications"":[{""region"":{""en"":""Muscles of the Head"",""de"":""Kopfmuskeln""},""category"":{""en"":""Facial muscles"",""de"":""Mimische Muskeln""}}],""parts"":[],""origin"":[""Base of mandible""],""insertion"":[""Angle of mouth""],""innervation"":[""Facial nerve (CN VII)""],""blood_supply"":[""Facial artery""],""actions"":[""Depresses angle of mouth""]}}",Muscles of the Head / Facial muscles,,Base of mandible,Angle of mouth,Facial nerve (CN VII),Facial artery,Depresses angle of mouth,,,seed_needs_review
muscle_depressor_labii_inferioris,muscle,Depressor labii inferioris muscle,Musculus depressor labii inferioris,Unterlippensenker,head,muscular,,,Depresses lower lip,,"{""muscle"":{""classifications"":[{""region"":{""en"":""Muscles of the Head"",""de"":""Kopfmuskeln""},""category"":{""en"":""Facial muscles"",""de"":""Mimische Muskeln""}}],""parts"":[],""origin"":[""Mandible below mental foramen""],""insertion"":[""Lower lip""],""innervation"":[""Facial nerve (CN VII)""],""blood_supply"":[""Inferior labial artery""],""actions"":[""Depresses lower lip""]}}",Muscles of the Head / Facial muscles,,Mandible below mental foramen,Lower lip,Facial nerve (CN VII),Inferior labial artery,Depresses lower lip,,,seed_needs_review
muscle_mentalis,muscle,Mentalis muscle,Musculus mentalis,Kinnmuskel,head,muscular,,,Elevates and protrudes lower lip,,"{""muscle"":{""classifications"":[{""region"":{""en"":""Muscles of the Head"",""de"":""Kopfmuskeln""},""category"":{""en"":""Facial muscles"",""de"":""Mimische Muskeln""}}],""parts"":[],""origin"":[""Incisive fossa of mandible""],""insertion"":[""Skin of chin""],""innervation"":[""Facial nerve (CN VII)""],""blood_supply"":[""Inferior labial artery""],""actions"":[""Elevates and protrudes lower lip""]}}",Muscles of the Head / Facial muscles,,Incisive fossa of mandible,Skin of chin,Facial nerve (CN VII),Inferior labial artery,Elevates and protrudes lower lip,,,seed_needs_review
muscle_stapedius,muscle,Stapedius muscle,Musculus stapedius,Steigbügelmuskel,ear,muscular,,,Dampens stapes vibrations,,"{""muscle"":{""classifications"":[{""region"":{""en"":""Middle Ear Muscles"",""de"":""Mittelohrmuskeln""},""category"":{""en"":""Auditory muscles"",""de"":""Mittelohrmuskeln""}}],""parts"":[],""origin"":[""Prominence of facial canal""],""insertion"":[""Neck of stapes""],""innervation"":[""Facial nerve (CN VII)""],""blood_supply"":[""Posterior auricular artery""],""actions"":[""Dampens stapes vibrations""]}}",Middle Ear Muscles / Auditory muscles,,Prominence of facial canal,Neck of stapes,Facial nerve (CN VII),Posterior auricular artery,Dampens stapes vibrations,,,seed_needs_review
muscle_tensor_tympani,muscle,Tensor tympani muscle,Musculus tensor tympani,Trommelfellspanner,ear,muscular,,,Tenses tympanic membrane,,"{""muscle"":{""classifications"":[{""region"":{""en"":""Middle Ear Muscles"",""de"":""Mittelohrmuskeln""},""category"":{""en"":""Auditory muscles"",""de"":""Mittelohrmuskeln""}}],""parts"":[],""origin"":[""Cartilaginous part of auditory tube""],""insertion"":[""Handle of malleus""],""innervation"":[""Mandibular nerve (V3)""],""blood_supply"":[""Maxillary artery""],""actions"":[""Tenses tympanic membrane""]}}",Middle Ear Muscles / Auditory muscles,,Cartilaginous part of auditory tube,Handle of malleus,Mandibular nerve (V3),Maxillary artery,Tenses tympanic membrane,,,seed_needs_review
muscle_genioglossus,muscle,Genioglossus muscle,Musculus genioglossus,Kinn-Zungen-Muskel,tongue,muscular,,,Protrudes and depresses tongue,,"{""muscle"":{""classifications"":[{""region"":{""en"":""Muscles of the Tongue"",""de"":""Zungenmuskeln""},""category"":{""en"":""Tongue muscles"",""de"":""Zungenmuskeln""}}],""parts"":[],""origin"":[""Mental spine of mandible""],""insertion"":[""Entire length of tongue and body of hyoid bone""],""innervation"":[""Hypoglossal nerve (CN XII)""],""blood_supply"":[""Lingual artery""],""actions"":[""Protrudes and depresses tongue""]}}",Muscles of the Tongue / Tongue muscles,,Mental spine of mandible,Entire length of tongue and body of hyoid bone,Hypoglossal nerve (CN XII),Lingual artery,Protrudes and depresses tongue,,,seed_needs_review
muscle_hyoglossus,muscle,Hyoglossus muscle,Musculus hyoglossus,Zungenbein-Zungen-Muskel,tongue,muscular,,,Depresses and retracts tongue,,"{""muscle"":{""classifications"":[{""region"":{""en"":""Muscles of the Tongue"",""de"":""Zungenmuskeln""},""category"":{""en"":""Tongue muscles"",""de"":""Zungenmuskeln""}}],""parts"":[],""origin"":[""Body and greater horn of hyoid bone""],""insertion"":[""Side of tongue""],""innervation"":[""Hypoglossal nerve (CN XII)""],""blood_supply"":[""Lingual artery""],""actions"":[""Depresses and retracts tongue""]}}",Muscles of the Tongue / Tongue muscles,,Body and greater horn of hyoid bone,Side of tongue,Hypoglossal nerve (CN XII),Lingual artery,Depresses and retracts tongue,,,seed_needs_review
muscle_styloglossus,muscle,Styloglossus muscle,Musculus styloglossus,Griffelfortsatz-Zungen-Muskel,tongue,muscular,,,Retracts and elevates tongue,,"{""muscle"":{""classifications"":[{""region"":{""en"":""Muscles of the Tongue"",""de"":""Zungenmuskeln""},""category"":{""en"":""Tongue muscles"",""de"":""Zungenmuskeln""}}],""parts"":[],""origin"":[""Styloid process of temporal bone""],""insertion"":[""Side of tongue""],""innervation"":[""Hypoglossal nerve (CN XII)""],""blood_supply"":[""Lingual artery""],""actions"":[""Retracts and elevates tongue""]}}",Muscles of the Tongue / Tongue muscles,,Styloid process of temporal bone,Side of tongue,Hypoglossal nerve (CN XII),Lingual artery,Retracts and elevates tongue,,,seed_needs_review
muscle_longitudinalis_superior_linguae,muscle,Superior longitudinal muscle of tongue,Musculus longitudinalis superior linguae,oberer Längsmuskel der Zunge,tongue,muscular,,,Shortens tongue and curls apex upward,,"{""muscle"":{""classifications"":[{""region"":{""en"":""Muscles of the Tongue"",""de"":""Zungenmuskeln""},""category"":{""en"":""Tongue muscles"",""de"":""Zungenmuskeln""}}],""parts"":[],""origin"":[""Submucosa of tongue root and fibrous septum""],""insertion"":[""Margins and apex of tongue""],""innervation"":[""Hypoglossal nerve (CN XII)""],""blood_supply"":[""Lingual artery""],""actions"":[""Shortens tongue and curls apex upward""]}}",Muscles of the Tongue / Tongue muscles,,Submucosa of tongue root and fibrous septum,Margins and apex of tongue,Hypoglossal nerve (CN XII),Lingual artery,Shortens tongue and curls apex upward,,,seed_needs_review
muscle_longitudinalis_inferior_linguae,muscle,Inferior longitudinal muscle of tongue,Musculus longitudinalis inferior linguae,unterer Längsmuskel der Zunge,tongue,muscular,,,Shortens tongue and curls apex downward,,"{""muscle"":{""classifications"":[{""region"":{""en"":""Muscles of the Tongue"",""de"":""Zungenmuskeln""},""category"":{""en"":""Tongue muscles"",""de"":""Zungenmuskeln""}}],""parts"":[],""origin"":[""Root of tongue""],""insertion"":[""Apex of tongue""],""innervation"":[""Hypoglossal nerve (CN XII)""],""blood_supply"":[""Lingual artery""],""actions"":[""Shortens tongue and curls apex downward""]}}",Muscles of the Tongue / Tongue muscles,,Root of tongue,Apex of tongue,Hypoglossal nerve (CN XII),Lingual artery,Shortens tongue and curls apex downward,,,seed_needs_review
muscle_transversus_linguae,muscle,Transverse muscle of tongue,Musculus transversus linguae,querer Zungenmuskel,tongue,muscular,,,Narrows and elongates tongue,,"{""muscle"":{""classifications"":[{""region"":{""en"":""Muscles of the Tongue"",""de"":""Zungenmuskeln""},""category"":{""en"":""Tongue muscles"",""de"":""Zungenmuskeln""}}],""parts"":[],""origin"":[""Median fibrous septum""],""insertion"":[""Side margins of tongue""],""innervation"":[""Hypoglossal nerve (CN XII)""],""blood_supply"":[""Lingual artery""],""actions"":[""Narrows and elongates tongue""]}}",Muscles of the Tongue / Tongue muscles,,Median fibrous septum,Side margins of tongue,Hypoglossal nerve (CN XII),Lingual artery,Narrows and elongates tongue,,,seed_needs_review
muscle_verticalis_linguae,muscle,Vertical muscle of tongue,Musculus verticalis linguae,senkrechter Zungenmuskel,tongue,muscular,,,Flattens and broadens tongue,,"{""muscle"":{""classifications"":[{""region"":{""en"":""Muscles of the Tongue"",""de"":""Zungenmuskeln""},""category"":{""en"":""Tongue muscles"",""de"":""Zungenmuskeln""}}],""parts"":[],""origin"":[""Dorsal surface of tongue""],""insertion"":[""Inferior surface of tongue""],""innervation"":[""Hypoglossal nerve (CN XII)""],""blood_supply"":[""Lingual artery""],""actions"":[""Flattens and broadens tongue""]}}",Muscles of the Tongue / Tongue muscles,,Dorsal surface of tongue,Inferior surface of tongue,Hypoglossal nerve (CN XII),Lingual artery,Flattens and broadens tongue,,,seed_needs_review
muscle_platysma,muscle,Platysma muscle,Platysma,Halshautmuskel,neck,muscular,,,Tenses skin of neck and depresses mandible,,"{""muscle"":{""classifications"":[{""region"":{""en"":""Muscles of the Neck"",""de"":""Nackenmuskeln""},""category"":{""en"":""Superficial neck muscles"",""de"":""Oberflächliche Halsmuskeln""}}],""parts"":[],""origin"":[""Fascia over pectoralis major and deltoid""],""insertion"":[""Lower border of mandible and skin of lower face""],""innervation"":[""Facial nerve (CN VII)""],""blood_supply"":[""Submental and supraclavicular branches of facial artery""],""actions"":[""Tenses skin of neck and depresses mandible""]}}",Muscles of the Neck / Superficial neck muscles,,Fascia over pectoralis major and deltoid,Lower border of mandible and skin of lower face,Facial nerve (CN VII),Submental and supraclavicular branches of facial artery,Tenses skin of neck and depresses mandible,,,seed_needs_review
muscle_longus_colli,muscle,Longus colli muscle,Musculus longus colli,langer Halsmuskel,neck,muscular,,,Flexes and stabilizes cervical spine,,"{""muscle"":{""classifications"":[{""region"":{""en"":""Muscles of the Neck"",""de"":""Nackenmuskeln""},""category"":{""en"":""Deep anterior cervical muscles"",""de"":""Tiefe vordere Halsmuskeln""}}],""parts"":[],""origin"":[""Bodies and transverse processes of C3-T3 vertebrae""],""insertion"":[""Bodies and transverse processes of C1-C6 vertebrae""],""innervation"":[""Cervical spinal nerves (C2-C6)""],""blood_supply"":[""Vertebral artery and ascending cervical artery""],""actions"":[""Flexes and stabilizes cervical spine""]}}",Muscles of the Neck / Deep anterior cervical muscles,,Bodies and transverse processes of C3-T3 vertebrae,Bodies and transverse processes of C1-C6 vertebrae,Cervical spinal nerves (C2-C6),Vertebral artery and ascending cervical artery,Flexes and stabilizes cervical spine,,,seed_needs_review
muscle_longus_capitis,muscle,Longus capitis muscle,Musculus longus capitis,langer Kopfmuskel,neck,muscular,,,Flexes head and upper cervical spine,,"{""muscle"":{""classifications"":[{""region"":{""en"":""Muscles of the Neck"",""de"":""Nackenmuskeln""},""category"":{""en"":""Deep anterior cervical muscles"",""de"":""Tiefe vordere Halsmuskeln""}}],""parts"":[],""origin"":[""Transverse processes of C3-C6 vertebrae""],""insertion"":[""Basilar part of occipital bone""],""innervation"":[""Cervical spinal nerves (C1-C3)""],""blood_supply"":[""Ascending pharyngeal artery""],""actions"":[""Flexes head and upper cervical spine""]}}",Muscles of the Neck / Deep anterior cervical muscles,,Transverse processes of C3-C6 vertebrae,Basilar part of occipital bone,Cervical spinal nerves (C1-C3),Ascending pharyngeal artery,Flexes head and upper cervical spine,,,seed_needs_review
muscle_rectus_anterior_capitis,muscle,Rectus anterior capitis muscle,Musculus rectus anterior capitis,vorderer gerader Kopfmuskel,neck,muscular,,,Flexes head at atlanto-occipital joint,,"{""muscle"":{""classifications"":[{""region"":{""en"":""Muscles of the Neck"",""de"":""Nackenmuskeln""},""category"":{""en"":""Suboccipital / prevertebral muscles"",""de"":""Subokzipitale / prävertebrale Muskeln""}}],""parts"":[],""origin"":[""Lateral mass of atlas (C1)""],""insertion"":[""Basilar part of occipital bone""],""innervation"":[""Cervical spinal nerves (C1-C2)""],""blood_supply"":[""Vertebral artery""],""actions"":[""Flexes head at atlanto-occipital joint""]}}",Muscles of the Neck / Suboccipital / prevertebral muscles,,Lateral mass of atlas (C1),Basilar part of occipital bone,Cervical spinal nerves (C1-C2),Vertebral artery,Flexes head at atlanto-occipital joint,,,seed_needs_review
muscle_rectus_lateralis_capitis,muscle,Rectus lateralis capitis muscle,Musculus rectus lateralis capitis,seitlicher gerader Kopfmuskel,neck,muscular,,,Lateral flexion of head,,"{""muscle"":{""classifications"":[{""region"":{""en"":""Muscles of the Neck"",""de"":""Nackenmuskeln""},""category"":{""en"":""Suboccipital / prevertebral muscles"",""de"":""Subokzipitale / prävertebrale Muskeln""}}],""parts"":[],""origin"":[""Transverse process of atlas (C1)""],""insertion"":[""Jugular process of occipital bone""],""innervation"":[""Cervical spinal nerve (C1)""],""blood_supply"":[""Vertebral artery""],""actions"":[""Lateral flexion of head""]}}",Muscles of the Neck / Suboccipital / prevertebral muscles,,Transverse process of atlas (C1),Jugular process of occipital bone,Cervical spinal nerve (C1),Vertebral artery,Lateral flexion of head,,,seed_needs_review
muscle_scalenus_anterior,muscle,Anterior scalene muscle,Musculus scalenus anterior,vorderer Treppenmuskel,neck,muscular,,,Flexes neck and elevates first rib during inspiration,,"{""muscle"":{""classifications"":[{""region"":{""en"":""Muscles of the Neck"",""de"":""Nackenmuskeln""},""category"":{""en"":""Lateral cervical muscles (Scalene group)"",""de"":""Laterale Halsmuskeln (Skalenusgruppe)""}}],""parts"":[],""origin"":[""Anterior tubercles of transverse processes C3-C6""],""insertion"":[""Scalene tubercle of first rib""],""innervation"":[""Cervical spinal nerves (C4-C6)""],""blood_supply"":[""Ascending cervical artery""],""actions"":[""Flexes neck and elevates first rib during inspiration""]}}",Muscles of the Neck / Lateral cervical muscles (Scalene group),,Anterior tubercles of transverse processes C3-C6,Scalene tubercle of first rib,Cervical spinal nerves (C4-C6),Ascending cervical artery,Flexes neck and elevates first rib during inspiration,,,seed_needs_review
muscle_scalenus_medius,muscle,Middle scalene muscle,Musculus scalenus medius,mittlerer Treppenmuskel,neck,muscular,,,Elevates first rib and laterally flexes neck,,"{""muscle"":{""classifications"":[{""region"":{""en"":""Muscles of the Neck"",""de"":""Nackenmuskeln""},""category"":{""en"":""Lateral cervical muscles (Scalene group)"",""de"":""Laterale Halsmuskeln (Skalenusgruppe)""}}],""parts"":[],""origin"":[""Posterior tubercles of transverse processes C2-C7""],""insertion"":[""First rib""],""innervation"":[""Cervical spinal nerves (C3-C8)""],""blood_supply"":[""Ascending cervical artery""],""actions"":[""Elevates first rib and laterally flexes neck""]}}",Muscles of the Neck / Lateral cervical muscles (Scalene group),,Posterior tubercles of transverse processes C2-C7,First rib,Cervical spinal nerves (C3-C8),Ascending cervical artery,Elevates first rib and laterally flexes neck,,,seed_needs_review
muscle_scalenus_posterior,muscle,Posterior scalene muscle,Musculus scalenus posterior,hinterer Treppenmuskel,neck,muscular,,,Elevates second rib and laterally flexes neck,,"{""muscle"":{""classifications"":[{""region"":{""en"":""Muscles of the Neck"",""de"":""Nackenmuskeln""},""category"":{""en"":""Lateral cervical muscles (Scalene group)"",""de"":""Laterale Halsmuskeln (Skalenusgruppe)""}}],""parts"":[],""origin"":[""Posterior tubercles of transverse processes C4-C6""],""insertion"":[""Second rib""],""innervation"":[""Cervical spinal nerves (C6-C8)""],""blood_supply"":[""Ascending cervical artery""],""actions"":[""Elevates second rib and laterally flexes neck""]}}",Muscles of the Neck / Lateral cervical muscles (Scalene group),,Posterior tubercles of transverse processes C4-C6,Second rib,Cervical spinal nerves (C6-C8),Ascending cervical artery,Elevates second rib and laterally flexes neck,,,seed_needs_review
muscle_scalenus_minimus,muscle,Scalenus minimus muscle,Musculus scalenus minimus,kleinster Treppenmuskel,neck,muscular,,,Tenses cervical pleura and assists in elevation of first rib,,"{""muscle"":{""classifications"":[{""region"":{""en"":""Muscles of the Neck"",""de"":""Nackenmuskeln""},""category"":{""en"":""Lateral cervical muscles (Scalene group)"",""de"":""Laterale Halsmuskeln (Skalenusgruppe)""}}],""parts"":[],""origin"":[""Transverse process of C7 vertebra""],""insertion"":[""First rib and suprapleural membrane""],""innervation"":[""Cervical spinal nerves (C7-C8)""],""blood_supply"":[""Ascending cervical artery""],""actions"":[""Tenses cervical pleura and assists in elevation of first rib""]}}",Muscles of the Neck / Lateral cervical muscles (Scalene group),,Transverse process of C7 vertebra,First rib and suprapleural membrane,Cervical spinal nerves (C7-C8),Ascending cervical artery,Tenses cervical pleura and assists in elevation of first rib,,,seed_needs_review
muscle_sternocleidomastoideus,muscle,Sternocleidomastoid muscle,Musculus sternocleidomastoideus,Kopfwender,neck,muscular,,,Rotates head to opposite side and flexes neck,,"{""muscle"":{""classifications"":[{""region"":{""en"":""Muscles of the Neck"",""de"":""Nackenmuskeln""},""category"":{""en"":""Sternocleidomastoid muscle"",""de"":""Musculus sternocleidomastoideus""}}],""parts"":[""Caput claviculare, Caput sternale""],""origin"":[""Manubrium sterni and medial clavicle""],""insertion"":[""Mastoid process and superior nuchal line""],""innervation"":[""Accessory nerve (CN XI); cervical plexus (C2-C3)""],""blood_supply"":[""Occipital artery; superior thyroid artery""],""actions"":[""Rotates head to opposite side and flexes neck""]}}",Muscles of the Neck / Sternocleidomastoid muscle,"Caput claviculare, Caput sternale",Manubrium sterni and medial clavicle,Mastoid process and superior nuchal line,Accessory nerve (CN XI); cervical plexus (C2-C3),Occipital artery; superior thyroid artery,Rotates head to opposite side and flexes neck,,,seed_needs_review
muscle_digastricus,muscle,Digastric muscle,Musculus digastricus,zweibäuchiger Muskel,neck,muscular,,,Elevates hyoid and depresses mandible,,"{""muscle"":{""classifications"":[{""region"":{""en"":""Muscles of the Neck"",""de"":""Nackenmuskeln""},""category"":{""en"":""Suprahyoid muscles"",""de"":""Suprahyoidale Muskeln""}}],""parts"":[""Venter anterior, Venter posterior, Tendo intermedius""],""origin"":[""Mandible (anterior belly) and mastoid notch (posterior belly)""],""insertion"":[""Body and greater horn of hyoid bone via intermediate tendon""],""innervation"":[""Facial nerve (CN VII); mandibular nerve (V3)""],""blood_supply"":[""Facial artery, occipital artery""],""actions"":[""Elevates hyoid and depresses mandible""]}}",Muscles of the Neck / Suprahyoid muscles,"Venter anterior, Venter posterior, Tendo intermedius",Mandible (anterior belly) and mastoid notch (posterior belly),Body and greater horn of hyoid bone via intermediate tendon,Facial nerve (CN VII); mandibular nerve (V3),"Facial artery, occipital artery",Elevates hyoid and depresses mandible,,,seed_needs_review
muscle_stylohyoideus,muscle,Stylohyoid muscle,Musculus stylohyoideus,Griffelfortsatz-Zungenbein-Muskel,neck,muscular,,,Elevates and retracts hyoid bone,,"{""muscle"":{""classifications"":[{""region"":{""en"":""Muscles of the Neck"",""de"":""Nackenmuskeln""},""category"":{""en"":""Suprahyoid muscles"",""de"":""Suprahyoidale Muskeln""}}],""parts"":[],""origin"":[""Styloid process of temporal bone""],""insertion"":[""Body of hyoid bone""],""innervation"":[""Facial nerve (CN VII)""],""blood_supply"":[""Primary supply - Posterior auricular artery, Secondary supply - facial/occipital artery""],""actions"":[""Elevates and retracts hyoid bone""]}}",Muscles of the Neck / Suprahyoid muscles,,Styloid process of temporal bone,Body of hyoid bone,Facial nerve (CN VII),"Primary supply - Posterior auricular artery, Secondary supply - facial/occipital artery",Elevates and retracts hyoid bone,,,seed_needs_review
muscle_mylohyoideus,muscle,Mylohyoid muscle,Musculus mylohyoideus,Kiefer-Zungenbein-Muskel,neck,muscular,,,Elevates floor of mouth and hyoid,,"{""muscle"":{""classifications"":[{""region"":{""en"":""Muscles of the Neck"",""de"":""Nackenmuskeln""},""category"":{""en"":""Suprahyoid muscles"",""de"":""Suprahyoidale Muskeln""}}],""parts"":[],""origin"":[""Mylohyoid line of mandible""],""insertion"":[""Hyoid bone and median raphe""],""innervation"":[""Mandibular nerve (V3)""],""blood_supply"":[""Submental artery""],""actions"":[""Elevates floor of mouth and hyoid""]}}",Muscles of the Neck / Suprahyoid muscles,,Mylohyoid line of mandible,Hyoid bone and median raphe,Mandibular nerve (V3),Submental artery,Elevates floor of mouth and hyoid,,,seed_needs_review
muscle_geniohyoideus,muscle,Geniohyoid muscle,Musculus geniohyoideus,Kinn-Zungenbein-Muskel,neck,muscular,,,Pulls hyoid anteriorly and shortens floor of mouth,,"{""muscle"":{""classifications"":[{""region"":{""en"":""Muscles of the Neck"",""de"":""Nackenmuskeln""},""category"":{""en"":""Suprahyoid muscles"",""de"":""Suprahyoidale Muskeln""}}],""parts"":[],""origin"":[""Inferior mental spine of mandible""],""insertion"":[""Body of hyoid bone""],""innervation"":[""Hypoglossal nerve (CN XII via C1)""],""blood_supply"":[""Lingual artery""],""actions"":[""Pulls hyoid anteriorly and shortens floor of mouth""]}}",Muscles of the Neck / Suprahyoid muscles,,Inferior mental spine of mandible,Body of hyoid bone,Hypoglossal nerve (CN XII via C1),Lingual artery,Pulls hyoid anteriorly and shortens floor of mouth,,,seed_needs_review
muscle_sternohyoideus,muscle,Sternohyoid muscle,Musculus sternohyoideus,Brustbein-Zungenbein-Muskel,neck,muscular,,,Depresses hyoid bone,,"{""muscle"":{""classifications"":[{""region"":{""en"":""Muscles of the Neck"",""de"":""Nackenmuskeln""},""category"":{""en"":""Infrahyoid muscles"",""de"":""Infrahyoidale Muskeln""}}],""parts"":[],""origin"":[""Manubrium sterni and medial clavicle""],""insertion"":[""Body of hyoid bone""],""innervation"":[""Ansa cervicalis (C1-C3)""],""blood_supply"":[""Superior thyroid artery""],""actions"":[""Depresses hyoid bone""]}}",Muscles of the Neck / Infrahyoid muscles,,Manubrium sterni and medial clavicle,Body of hyoid bone,Ansa cervicalis (C1-C3),Superior thyroid artery,Depresses hyoid bone,,,seed_needs_review
muscle_omohyoideus,muscle,Omohyoid muscle,Musculus omohyoideus,Schulterblatt-Zungenbein-Muskel,neck,muscular,,,Depresses and stabilizes hyoid bone,,"{""muscle"":{""classifications"":[{""region"":{""en"":""Muscles of the Neck"",""de"":""Nackenmuskeln""},""category"":{""en"":""Infrahyoid muscles"",""de"":""Infrahyoidale Muskeln""}}],""parts"":[""Venter superior, Venter inferior, Tendo intermedius""],""origin"":[""Superior border of scapula""],""insertion"":[""Body of hyoid bone""],""innervation"":[""Ansa cervicalis (C1-C3)""],""blood_supply"":[""Superior thyroid artery; transverse cervical artery""],""actions"":[""Depresses and stabilizes hyoid bone""]}}",Muscles of the Neck / Infrahyoid muscles,"Venter superior, Venter inferior, Tendo intermedius",Superior border of scapula,Body of hyoid bone,Ansa cervicalis (C1-C3),Superior thyroid artery; transverse cervical artery,Depresses and stabilizes hyoid bone,,,seed_needs_review
muscle_sternothyreoideus,muscle,Sternothyroid muscle,Musculus sternothyreoideus,Brustbein-Schildknorpel-Muskel,neck,muscular,,,Depresses larynx,,"{""muscle"":{""classifications"":[{""region"":{""en"":""Muscles of the Neck"",""de"":""Nackenmuskeln""},""category"":{""en"":""Infrahyoid muscles"",""de"":""Infrahyoidale Muskeln""}}],""parts"":[],""origin"":[""Posterior surface of manubrium sterni and first costal cartilage""],""insertion"":[""Oblique line of thyroid cartilage""],""innervation"":[""Ansa cervicalis (C2-C3)""],""blood_supply"":[""Superior thyroid artery""],""actions"":[""Depresses larynx""]}}",Muscles of the Neck / Infrahyoid muscles,,Posterior surface of manubrium sterni and first costal cartilage,Oblique line of thyroid cartilage,Ansa cervicalis (C2-C3),Superior thyroid artery,Depresses larynx,,,seed_needs_review
muscle_thyreohyoideus,muscle,Thyrohyoid muscle,Musculus thyreohyoideus,Schildknorpel-Zungenbein-Muskel,neck,muscular,,,Depresses hyoid or elevates larynx,,"{""muscle"":{""classifications"":[{""region"":{""en"":""Muscles of the Neck"",""de"":""Nackenmuskeln""},""category"":{""en"":""Infrahyoid muscles"",""de"":""Infrahyoidale Muskeln""}}],""parts"":[],""origin"":[""Oblique line of thyroid cartilage""],""insertion"":[""Body and greater horn of hyoid bone""],""innervation"":[""Cervical spinal nerve C1 (via hypoglossal nerve)""],""blood_supply"":[""Superior thyroid artery""],""actions"":[""Depresses hyoid or elevates larynx""]}}",Muscles of the Neck / Infrahyoid muscles,,Oblique line of thyroid cartilage,Body and greater horn of hyoid bone,Cervical spinal nerve C1 (via hypoglossal nerve),Superior thyroid artery,Depresses hyoid or elevates larynx,,,seed_needs_review
muscle_levator_glandulae_thyreoideae,muscle,Levator glandulae thyreoideae muscle,Musculus levator glandulae thyreoideae,Schilddrüsenheber,neck,muscular,,,Elevates thyroid gland,,"{""muscle"":{""classifications"":[{""region"":{""en"":""Muscles of the Neck"",""de"":""Nackenmuskeln""},""category"":{""en"":""Infrahyoid muscles"",""de"":""Infrahyoidale Muskeln""}}],""parts"":[],""origin"":[""Thyroid cartilage or hyoid bone""],""insertion"":[""Thyroid gland""],""innervation"":[""Ansa cervicalis (variable)""],""blood_supply"":[""Superior thyroid artery""],""actions"":[""Elevates thyroid gland""]}}",Muscles of the Neck / Infrahyoid muscles,,Thyroid cartilage or hyoid bone,Thyroid gland,Ansa cervicalis (variable),Superior thyroid artery,Elevates thyroid gland,,,seed_needs_review
muscle_cricothyroideus,muscle,Cricothyroid muscle,Musculus cricothyroideus,Ringknorpel-Schildknorpel-Muskel,neck,muscular,,,Tenses vocal cords,,"{""muscle"":{""classifications"":[{""region"":{""en"":""Muscles of the Larynx"",""de"":""Kehlkopfmuskulatur""},""category"":{""en"":""Intrinsic laryngeal muscles"",""de"":""Innere Kehlkopfmuskeln""}}],""parts"":[],""origin"":[""Anterolateral cricoid cartilage""],""insertion"":[""Inferior margin of thyroid cartilage""],""innervation"":[""External branch of superior laryngeal nerve""],""blood_supply"":[""Superior laryngeal artery""],""actions"":[""Tenses vocal cords""]}}",Muscles of the Larynx / Intrinsic laryngeal muscles,,Anterolateral cricoid cartilage,Inferior margin of thyroid cartilage,External branch of superior laryngeal nerve,Superior laryngeal artery,Tenses vocal cords,,,seed_needs_review
muscle_cricoarytenoideus_posterior,muscle,Posterior cricoarytenoid muscle,Musculus cricoarytenoideus posterior,hinterer Ringknorpel-Stellknorpel-Muskel,neck,muscular,,,Abducts vocal cords,,"{""muscle"":{""classifications"":[{""region"":{""en"":""Muscles of the Larynx"",""de"":""Kehlkopfmuskulatur""},""category"":{""en"":""Intrinsic laryngeal muscles"",""de"":""Innere Kehlkopfmuskeln""}}],""parts"":[],""origin"":[""Posterior cricoid lamina""],""insertion"":[""Muscular process of arytenoid cartilage""],""innervation"":[""Recurrent laryngeal nerve""],""blood_supply"":[""Inferior laryngeal artery""],""actions"":[""Abducts vocal cords""]}}",Muscles of the Larynx / Intrinsic laryngeal muscles,,Posterior cricoid lamina,Muscular process of arytenoid cartilage,Recurrent laryngeal nerve,Inferior laryngeal artery,Abducts vocal cords,,,seed_needs_review
muscle_cricoarytenoideus_lateralis,muscle,Lateral cricoarytenoid muscle,Musculus cricoarytenoideus lateralis,seitlicher Ringknorpel-Stellknorpel-Muskel,neck,muscular,,,Adducts vocal cords,,"{""muscle"":{""classifications"":[{""region"":{""en"":""Muscles of the Larynx"",""de"":""Kehlkopfmuskulatur""},""category"":{""en"":""Intrinsic laryngeal muscles"",""de"":""Innere Kehlkopfmuskeln""}}],""parts"":[],""origin"":[""Upper border of cricoid cartilage""],""insertion"":[""Muscular process of arytenoid cartilage""],""innervation"":[""Recurrent laryngeal nerve""],""blood_supply"":[""Inferior laryngeal artery""],""actions"":[""Adducts vocal cords""]}}",Muscles of the Larynx / Intrinsic laryngeal muscles,,Upper border of cricoid cartilage,Muscular process of arytenoid cartilage,Recurrent laryngeal nerve,Inferior laryngeal artery,Adducts vocal cords,,,seed_needs_review
muscle_arytenoideus_transversus,muscle,Transverse arytenoid muscle,Musculus arytenoideus transversus,querer Stellknorpelmuskel,neck,muscular,,,Closes posterior rima glottidis,,"{""muscle"":{""classifications"":[{""region"":{""en"":""Muscles of the Larynx"",""de"":""Kehlkopfmuskulatur""},""category"":{""en"":""Intrinsic laryngeal muscles"",""de"":""Innere Kehlkopfmuskeln""}}],""parts"":[],""origin"":[""Posterior surface of arytenoid cartilage""],""insertion"":[""Opposite arytenoid cartilage""],""innervation"":[""Recurrent laryngeal nerve""],""blood_supply"":[""Inferior laryngeal artery""],""actions"":[""Closes posterior rima glottidis""]}}",Muscles of the Larynx / Intrinsic laryngeal muscles,,Posterior surface of arytenoid cartilage,Opposite arytenoid cartilage,Recurrent laryngeal nerve,Inferior laryngeal artery,Closes posterior rima glottidis,,,seed_needs_review
muscle_arytenoideus_obliquus,muscle,Oblique arytenoid muscle,Musculus arytenoideus obliquus,schräger Stellknorpelmuskel,neck,muscular,,,Narrows laryngeal inlet,,"{""muscle"":{""classifications"":[{""region"":{""en"":""Muscles of the Larynx"",""de"":""Kehlkopfmuskulatur""},""category"":{""en"":""Intrinsic laryngeal muscles"",""de"":""Innere Kehlkopfmuskeln""}}],""parts"":[],""origin"":[""Apex of arytenoid cartilage""],""insertion"":[""Aryepiglottic fold""],""innervation"":[""Recurrent laryngeal nerve""],""blood_supply"":[""Inferior laryngeal artery""],""actions"":[""Narrows laryngeal inlet""]}}",Muscles of the Larynx / Intrinsic laryngeal muscles,,Apex of arytenoid cartilage,Aryepiglottic fold,Recurrent laryngeal nerve,Inferior laryngeal artery,Narrows laryngeal inlet,,,seed_needs_review
muscle_thyroarytenoideus,muscle,Thyroarytenoid muscle,Musculus thyroarytenoideus,Schildknorpel-Stellknorpel-Muskel,neck,muscular,,,Relaxes vocal cords,,"{""muscle"":{""classifications"":[{""region"":{""en"":""Muscles of the Larynx"",""de"":""Kehlkopfmuskulatur""},""category"":{""en"":""Intrinsic laryngeal muscles"",""de"":""Innere Kehlkopfmuskeln""}}],""parts"":[],""origin"":[""Inner surface of thyroid cartilage""],""insertion"":[""Arytenoid cartilage""],""innervation"":[""Recurrent laryngeal nerve""],""blood_supply"":[""Inferior laryngeal artery""],""actions"":[""Relaxes vocal cords""]}}",Muscles of the Larynx / Intrinsic laryngeal muscles,,Inner surface of thyroid cartilage,Arytenoid cartilage,Recurrent laryngeal nerve,Inferior laryngeal artery,Relaxes vocal cords,,,seed_needs_review
muscle_vocalis,muscle,Vocalis muscle,Musculus vocalis,Stimmbandmuskel,neck,muscular,,,Fine tension control of vocal cords,,"{""muscle"":{""classifications"":[{""region"":{""en"":""Muscles of the Larynx"",""de"":""Kehlkopfmuskulatur""},""category"":{""en"":""Intrinsic laryngeal muscles"",""de"":""Innere Kehlkopfmuskeln""}}],""parts"":[],""origin"":[""Thyroid cartilage""],""insertion"":[""Vocal ligament""],""innervation"":[""Recurrent laryngeal nerve""],""blood_supply"":[""Inferior laryngeal artery""],""actions"":[""Fine tension control of vocal cords""]}}",Muscles of the Larynx / Intrinsic laryngeal muscles,,Thyroid cartilage,Vocal ligament,Recurrent laryngeal nerve,Inferior laryngeal artery,Fine tension control of vocal cords,,,seed_needs_review
muscle_constrictor_superior_pharyngis,muscle,Superior pharyngeal constrictor muscle,Musculus constrictor superior pharyngis,oberer Schlundschnürer,neck,muscular,,,Constriction of pharynx during swallowing,,"{""muscle"":{""classifications"":[{""region"":{""en"":""Muscles of the Pharynx"",""de"":""Rachenmuskulatur""},""category"":{""en"":""Pharyngeal muscles"",""de"":""Pharynxmuskulatur""}}],""parts"":[""Pars pterygopharyngea, Pars buccopharyngea""],""origin"":[""Pterygoid hamulus and buccinator region""],""insertion"":[""Pharyngeal raphe""],""innervation"":[""Pharyngeal plexus (CN X)""],""blood_supply"":[""Ascending pharyngeal artery; facial artery""],""actions"":[""Constriction of pharynx during swallowing""]}}",Muscles of the Pharynx / Pharyngeal muscles,"Pars pterygopharyngea, Pars buccopharyngea",Pterygoid hamulus and buccinator region,Pharyngeal raphe,Pharyngeal plexus (CN X),Ascending pharyngeal artery; facial artery,Constriction of pharynx during swallowing,,,seed_needs_review
muscle_constrictor_medius_pharyngis,muscle,Middle pharyngeal constrictor muscle,Musculus constrictor medius pharyngis,mittlerer Schlundschnürer,neck,muscular,,,Constriction of pharynx during swallowing,,"{""muscle"":{""classifications"":[{""region"":{""en"":""Muscles of the Pharynx"",""de"":""Rachenmuskulatur""},""category"":{""en"":""Pharyngeal muscles"",""de"":""Pharynxmuskulatur""}}],""parts"":[],""origin"":[""Greater and lesser horns of hyoid bone""],""insertion"":[""Pharyngeal raphe""],""innervation"":[""Pharyngeal plexus (CN X)""],""blood_supply"":[""Ascending pharyngeal artery""],""actions"":[""Constriction of pharynx during swallowing""]}}",Muscles of the Pharynx / Pharyngeal muscles,,Greater and lesser horns of hyoid bone,Pharyngeal raphe,Pharyngeal plexus (CN X),Ascending pharyngeal artery,Constriction of pharynx during swallowing,,,seed_needs_review
muscle_constrictor_inferior_pharyngis,muscle,Inferior pharyngeal constrictor muscle,Musculus constrictor inferior pharyngis,unterer Schlundschnürer,neck,muscular,,,Constriction of lower pharynx and regulation of esophageal entry,,"{""muscle"":{""classifications"":[{""region"":{""en"":""Muscles of the Pharynx"",""de"":""Rachenmuskulatur""},""category"":{""en"":""Pharyngeal muscles"",""de"":""Pharynxmuskulatur""}}],""parts"":[""Pars thyropharyngea, Pars cricopharyngea""],""origin"":[""Thyroid and cricoid cartilages""],""insertion"":[""Pharyngeal raphe and esophagus""],""innervation"":[""Pharyngeal plexus (CN X)""],""blood_supply"":[""Ascending pharyngeal artery; inferior thyroid artery""],""actions"":[""Constriction of lower pharynx and regulation of esophageal entry""]}}",Muscles of the Pharynx / Pharyngeal muscles,"Pars thyropharyngea, Pars cricopharyngea",Thyroid and cricoid cartilages,Pharyngeal raphe and esophagus,Pharyngeal plexus (CN X),Ascending pharyngeal artery; inferior thyroid artery,Constriction of lower pharynx and regulation of esophageal entry,,,seed_needs_review
muscle_stylopharyngeus,muscle,Stylopharyngeus muscle,Musculus stylopharyngeus,Griffelfortsatz-Rachen-Muskel,neck,muscular,,,Elevates pharynx and larynx during swallowing,,"{""muscle"":{""classifications"":[{""region"":{""en"":""Muscles of the Pharynx"",""de"":""Rachenmuskulatur""},""category"":{""en"":""Longitudinal pharyngeal muscles"",""de"":""Longitudinale Pharynxmuskeln""}}],""parts"":[],""origin"":[""Styloid process of temporal bone""],""insertion"":[""Pharyngeal wall and thyroid cartilage""],""innervation"":[""Glossopharyngeal nerve (CN IX)""],""blood_supply"":[""Ascending pharyngeal artery""],""actions"":[""Elevates pharynx and larynx during swallowing""]}}",Muscles of the Pharynx / Longitudinal pharyngeal muscles,,Styloid process of temporal bone,Pharyngeal wall and thyroid cartilage,Glossopharyngeal nerve (CN IX),Ascending pharyngeal artery,Elevates pharynx and larynx during swallowing,,,seed_needs_review
muscle_palatopharyngeus,muscle,Palatopharyngeus muscle,Musculus palatopharyngeus,Gaumen-Rachen-Muskel,neck; palate,muscular,,,Elevates pharynx and closes nasopharynx,,"{""muscle"":{""classifications"":[{""region"":{""en"":""Muscles of the Pharynx"",""de"":""Rachenmuskulatur""},""category"":{""en"":""Longitudinal pharyngeal muscles"",""de"":""Longitudinale Pharynxmuskeln""}},{""region"":{""en"":""Muscles of the Soft Palate"",""de"":""Gaumenmuskulatur""},""category"":{""en"":""Palatal muscles"",""de"":""Gaumenmuskulatur""}}],""parts"":[""Fasciculus anterior, Fasciculus posterior""],""origin"":[""Palatine aponeurosis and hard palate"",""Palatine aponeurosis""],""insertion"":[""Pharyngeal wall and thyroid cartilage""],""innervation"":[""Pharyngeal plexus (CN X)""],""blood_supply"":[""Ascending palatine artery""],""actions"":[""Elevates pharynx and closes nasopharynx""]}}",Muscles of the Pharynx / Longitudinal pharyngeal muscles; Muscles of the Soft Palate / Palatal muscles,"Fasciculus anterior, Fasciculus posterior",Palatine aponeurosis and hard palate; Palatine aponeurosis,Pharyngeal wall and thyroid cartilage,Pharyngeal plexus (CN X),Ascending palatine artery,Elevates pharynx and closes nasopharynx,,,seed_needs_review
muscle_salpingopharyngeus,muscle,Salpingopharyngeus muscle,Musculus salpingopharyngeus,Tuben-Rachen-Muskel,neck,muscular,,,Elevates pharynx and opens auditory tube,,"{""muscle"":{""classifications"":[{""region"":{""en"":""Muscles of the Pharynx"",""de"":""Rachenmuskulatur""},""category"":{""en"":""Longitudinal pharyngeal muscles"",""de"":""Longitudinale Pharynxmuskeln""}}],""parts"":[],""origin"":[""Cartilage of auditory tube""],""insertion"":[""Pharyngeal wall""],""innervation"":[""Pharyngeal plexus (CN X)""],""blood_supply"":[""Ascending pharyngeal artery""],""actions"":[""Elevates pharynx and opens auditory tube""]}}",Muscles of the Pharynx / Longitudinal pharyngeal muscles,,Cartilage of auditory tube,Pharyngeal wall,Pharyngeal plexus (CN X),Ascending pharyngeal artery,Elevates pharynx and opens auditory tube,,,seed_needs_review
muscle_levator_veli_palatini,muscle,Levator veli palatini muscle,Musculus levator veli palatini,Gaumensegelheber,palate,muscular,,,Elevates soft palate,,"{""muscle"":{""classifications"":[{""region"":{""en"":""Muscles of the Soft Palate"",""de"":""Gaumenmuskulatur""},""category"":{""en"":""Palatal muscles"",""de"":""Gaumenmuskulatur""}}],""parts"":[],""origin"":[""Petrous part of temporal bone and auditory tube cartilage""],""insertion"":[""Palatine aponeurosis""],""innervation"":[""Pharyngeal plexus (CN X)""],""blood_supply"":[""Ascending palatine artery; ascending pharyngeal artery""],""actions"":[""Elevates soft palate""]}}",Muscles of the Soft Palate / Palatal muscles,,Petrous part of temporal bone and auditory tube cartilage,Palatine aponeurosis,Pharyngeal plexus (CN X),Ascending palatine artery; ascending pharyngeal artery,Elevates soft palate,,,seed_needs_review
muscle_tensor_veli_palatini,muscle,Tensor veli palatini muscle,Musculus tensor veli palatini,Gaumensegelspanner,palate,muscular,,,Tenses soft palate and opens auditory tube,,"{""muscle"":{""classifications"":[{""region"":{""en"":""Muscles of the Soft Palate"",""de"":""Gaumenmuskulatur""},""category"":{""en"":""Palatal muscles"",""de"":""Gaumenmuskulatur""}}],""parts"":[],""origin"":[""Scaphoid fossa and auditory tube cartilage""],""insertion"":[""Palatine aponeurosis""],""innervation"":[""Mandibular nerve (V3)""],""blood_supply"":[""Middle meningeal artery""],""actions"":[""Tenses soft palate and opens auditory tube""]}}",Muscles of the Soft Palate / Palatal muscles,,Scaphoid fossa and auditory tube cartilage,Palatine aponeurosis,Mandibular nerve (V3),Middle meningeal artery,Tenses soft palate and opens auditory tube,,,seed_needs_review
muscle_uvulae,muscle,Uvula muscle,Musculus uvulae,Zäpfchenmuskel,palate,muscular,,,Shortens and elevates uvula,,"{""muscle"":{""classifications"":[{""region"":{""en"":""Muscles of the Soft Palate"",""de"":""Gaumenmuskulatur""},""category"":{""en"":""Palatal muscles"",""de"":""Gaumenmuskulatur""}}],""parts"":[],""origin"":[""Palatine aponeurosis""],""insertion"":[""Mucosa of uvula""],""innervation"":[""Pharyngeal plexus (CN X)""],""blood_supply"":[""Ascending palatine artery""],""actions"":[""Shortens and elevates uvula""]}}",Muscles of the Soft Palate / Palatal muscles,,Palatine aponeurosis,Mucosa of uvula,Pharyngeal plexus (CN X),Ascending palatine artery,Shortens and elevates uvula,,,seed_needs_review
muscle_palatoglossus,muscle,Palatoglossus muscle,Musculus palatoglossus,Gaumen-Zungen-Muskel,palate,muscular,,,Elevates posterior tongue and narrows oropharyngeal isthmus,,"{""muscle"":{""classifications"":[{""region"":{""en"":""Muscles of the Soft Palate"",""de"":""Gaumenmuskulatur""},""category"":{""en"":""Palatal muscles"",""de"":""Gaumenmuskulatur""}}],""parts"":[],""origin"":[""Palatine aponeurosis""],""insertion"":[""Side of tongue""],""innervation"":[""Pharyngeal plexus (CN X)""],""blood_supply"":[""Ascending palatine artery""],""actions"":[""Elevates posterior tongue and narrows oropharyngeal isthmus""]}}",Muscles of the Soft Palate / Palatal muscles,,Palatine aponeurosis,Side of tongue,Pharyngeal plexus (CN X),Ascending palatine artery,Elevates posterior tongue and narrows oropharyngeal isthmus,,,seed_needs_review
muscle_pectoralis_major,muscle,Pectoralis major muscle,Musculus pectoralis major,großer Brustmuskel,thorax,muscular,,,Adducts and medially rotates arm,,"{""muscle"":{""classifications"":[{""region"":{""en"":""Muscles of the Thorax"",""de"":""Thoraxmuskulatur""},""category"":{""en"":""Anterior thoracic muscles"",""de"":""Vordere Thoraxmuskeln""}}],""parts"":[""Pars clavicularis, Pars sternocostalis, Pars abdominalis""],""origin"":[""Clavicle, sternum and costal cartilages""],""insertion"":[""Greater tubercle of humerus""],""innervation"":[""Medial and lateral pectoral nerves""],""blood_supply"":[""Thoracoacromial artery; lateral thoracic artery""],""actions"":[""Adducts and medially rotates arm""]}}",Muscles of the Thorax / Anterior thoracic muscles,"Pars clavicularis, Pars sternocostalis, Pars abdominalis","Clavicle, sternum and costal cartilages",Greater tubercle of humerus,Medial and lateral pectoral nerves,Thoracoacromial artery; lateral thoracic artery,Adducts and medially rotates arm,,,seed_needs_review
muscle_pectoralis_minor,muscle,Pectoralis minor muscle,Musculus pectoralis minor,kleiner Brustmuskel,thorax,muscular,,,Stabilizes scapula and assists inspiration,,"{""muscle"":{""classifications"":[{""region"":{""en"":""Muscles of the Thorax"",""de"":""Thoraxmuskulatur""},""category"":{""en"":""Anterior thoracic muscles"",""de"":""Vordere Thoraxmuskeln""}}],""parts"":[],""origin"":[""Ribs (2)3-5(6)""],""insertion"":[""Coracoid process of scapula""],""innervation"":[""Medial pectoral nerve""],""blood_supply"":[""Thoracoacromial artery; lateral thoracic artery""],""actions"":[""Stabilizes scapula and assists inspiration""]}}",Muscles of the Thorax / Anterior thoracic muscles,,Ribs (2)3-5(6),Coracoid process of scapula,Medial pectoral nerve,Thoracoacromial artery; lateral thoracic artery,Stabilizes scapula and assists inspiration,,,seed_needs_review
muscle_subclavius,muscle,Subclavius muscle,Musculus subclavius,Unterschlüsselbeinmuskel,thorax,muscular,,,Stabilizes clavicle,,"{""muscle"":{""classifications"":[{""region"":{""en"":""Muscles of the Thorax"",""de"":""Thoraxmuskulatur""},""category"":{""en"":""Anterior thoracic muscles"",""de"":""Vordere Thoraxmuskeln""}}],""parts"":[],""origin"":[""First rib and costal cartilage""],""insertion"":[""Inferior surface of clavicle""],""innervation"":[""Nerve to subclavius (C5-C6)""],""blood_supply"":[""Thoracoacromial artery""],""actions"":[""Stabilizes clavicle""]}}",Muscles of the Thorax / Anterior thoracic muscles,,First rib and costal cartilage,Inferior surface of clavicle,Nerve to subclavius (C5-C6),Thoracoacromial artery,Stabilizes clavicle,,,seed_needs_review
muscle_serratus_anterior,muscle,Serratus anterior muscle,Musculus serratus anterior,vorderer Sägemuskel,thorax,muscular,,,Protracts and stabilizes scapula,,"{""muscle"":{""classifications"":[{""region"":{""en"":""Muscles of the Thorax"",""de"":""Thoraxmuskulatur""},""category"":{""en"":""Thoracic wall muscles"",""de"":""Thoraxwandmuskulatur""}}],""parts"":[],""origin"":[""Ribs 1-8""],""insertion"":[""Medial border of scapula""],""innervation"":[""Long thoracic nerve (C5-C7)""],""blood_supply"":[""Lateral thoracic artery""],""actions"":[""Protracts and stabilizes scapula""]}}",Muscles of the Thorax / Thoracic wall muscles,,Ribs 1-8,Medial border of scapula,Long thoracic nerve (C5-C7),Lateral thoracic artery,Protracts and stabilizes scapula,,,seed_needs_review
muscle_levatores_costarum,muscle,Levatores costarum muscles,Musculi levatores costarum,Rippenheber,thorax,muscular,,,Elevate ribs during inspiration,,"{""muscle"":{""classifications"":[{""region"":{""en"":""Muscles of the Thorax"",""de"":""Thoraxmuskulatur""},""category"":{""en"":""Posterior thoracic wall muscles"",""de"":""Hintere Thoraxwandmuskeln""}}],""parts"":[""Levatores breves, Levatores longi""],""origin"":[""Transverse processes of thoracic vertebrae""],""insertion"":[""Ribs below origin""],""innervation"":[""Posterior rami of spinal nerves""],""blood_supply"":[""Posterior intercostal arteries""],""actions"":[""Elevate ribs during inspiration""]}}",Muscles of the Thorax / Posterior thoracic wall muscles,"Levatores breves, Levatores longi",Transverse processes of thoracic vertebrae,Ribs below origin,Posterior rami of spinal nerves,Posterior intercostal arteries,Elevate ribs during inspiration,,,seed_needs_review
muscle_intercostales_externi,muscle,External intercostal muscles,Musculi intercostales externi,äußere Zwischenrippenmuskeln,thorax,muscular,,,Elevate ribs during inspiration,,"{""muscle"":{""classifications"":[{""region"":{""en"":""Muscles of the Thorax"",""de"":""Thoraxmuskulatur""},""category"":{""en"":""Intercostal muscles"",""de"":""Interkostalmuskeln""}}],""parts"":[],""origin"":[""Lower border of rib above""],""insertion"":[""Upper border of rib below""],""innervation"":[""Intercostal nerves""],""blood_supply"":[""Posterior and anterior intercostal arteries""],""actions"":[""Elevate ribs during inspiration""]}}",Muscles of the Thorax / Intercostal muscles,,Lower border of rib above,Upper border of rib below,Intercostal nerves,Posterior and anterior intercostal arteries,Elevate ribs during inspiration,,,seed_needs_review
muscle_intercostales_interni,muscle,Internal intercostal muscles,Musculi intercostales interni,innere Zwischenrippenmuskeln,thorax,muscular,,,Depress ribs during forced expiration,,"{""muscle"":{""classifications"":[{""region"":{""en"":""Muscles of the Thorax"",""de"":""Thoraxmuskulatur""},""category"":{""en"":""Intercostal muscles"",""de"":""Interkostalmuskeln""}}],""parts"":[],""origin"":[""Lower border of rib above""],""insertion"":[""Upper border of rib below""],""innervation"":[""Intercostal nerves""],""blood_supply"":[""Posterior and anterior intercostal arteries""],""actions"":[""Depress ribs during forced expiration""]}}",Muscles of the Thorax / Intercostal muscles,,Lower border of rib above,Upper border of rib below,Intercostal nerves,Posterior and anterior intercostal arteries,Depress ribs during forced expiration,,,seed_needs_review
muscle_intercostales_intimi,muscle,Innermost intercostal muscles,Musculi intercostales intimi,innerste Zwischenrippenmuskeln,thorax,muscular,,,Assist internal intercostals in expiration,,"{""muscle"":{""classifications"":[{""region"":{""en"":""Muscles of the Thorax"",""de"":""Thoraxmuskulatur""},""category"":{""en"":""Intercostal muscles"",""de"":""Interkostalmuskeln""}}],""parts"":[],""origin"":[""Inner surface of ribs""],""insertion"":[""Inner surface of ribs""],""innervation"":[""Intercostal nerves""],""blood_supply"":[""Posterior and anterior intercostal arteries""],""actions"":[""Assist internal intercostals in expiration""]}}",Muscles of the Thorax / Intercostal muscles,,Inner surface of ribs,Inner surface of ribs,Intercostal nerves,Posterior and anterior intercostal arteries,Assist internal intercostals in expiration,,,seed_needs_review
muscle_subcostales,muscle,Subcostal muscles,Musculi subcostales,Unterrippenmuskeln,thorax,muscular,,,Depress ribs,,"{""muscle"":{""classifications"":[{""region"":{""en"":""Muscles of the Thorax"",""de"":""Thoraxmuskulatur""},""category"":{""en"":""Thoracic wall muscles"",""de"":""Thoraxwandmuskulatur""}}],""parts"":[],""origin"":[""Inner surface of lower ribs""],""insertion"":[""Inner surface of ribs two or three levels below""],""innervation"":[""Intercostal nerves""],""blood_supply"":[""Posterior intercostal arteries""],""actions"":[""Depress ribs""]}}",Muscles of the Thorax / Thoracic wall muscles,,Inner surface of lower ribs,Inner surface of ribs two or three levels below,Intercostal nerves,Posterior intercostal arteries,Depress ribs,,,seed_needs_review
muscle_transversus_thoracis,muscle,Transversus thoracis muscle,Musculus transversus thoracis,querer Brustmuskel,thorax,muscular,,,Depresses ribs,,"{""muscle"":{""classifications"":[{""region"":{""en"":""Muscles of the Thorax"",""de"":""Thoraxmuskulatur""},""category"":{""en"":""Thoracic wall muscles"",""de"":""Thoraxwandmuskulatur""}}],""parts"":[],""origin"":[""Posterior surface of sternum and xiphoid process""],""insertion"":[""Costal cartilages of ribs 2-6""],""innervation"":[""Intercostal nerves""],""blood_supply"":[""Internal thoracic artery""],""actions"":[""Depresses ribs""]}}",Muscles of the Thorax / Thoracic wall muscles,,Posterior surface of sternum and xiphoid process,Costal cartilages of ribs 2-6,Intercostal nerves,Internal thoracic artery,Depresses ribs,,,seed_needs_review
muscle_diaphragma,muscle,Diaphragm,Diaphragma,Zwerchfell,thorax,muscular,,,Primary muscle of inspiration,,"{""muscle"":{""classifications"":[{""region"":{""en"":""Muscles of the Thorax"",""de"":""Thoraxmuskulatur""},""category"":{""en"":""Diaphragm"",""de"":""Diaphragma""}}],""parts"":[],""origin"":[""Xiphoid process ribs 7-12 and lumbar vertebrae via crura""],""insertion"":[""Central tendon""],""innervation"":[""Phrenic nerve (C3-C5)""],""blood_supply"":[""Inferior phrenic arteries; pericardiacophrenic arteries""],""actions"":[""Primary muscle of inspiration""]}}",Muscles of the Thorax / Diaphragm,,Xiphoid process ribs 7-12 and lumbar vertebrae via crura,Central tendon,Phrenic nerve (C3-C5),Inferior phrenic arteries; pericardiacophrenic arteries,Primary muscle of inspiration,,,seed_needs_review
muscle_trapezius,muscle,Trapezius muscle,Musculus trapezius,Trapezmuskel,back,muscular,,,Elevates retracts and rotates scapula,,"{""muscle"":{""classifications"":[{""region"":{""en"":""Muscles of the Back"",""de"":""Rückenmuskulatur""},""category"":{""en"":""Superficial back muscles"",""de"":""Oberflächliche Rückenmuskeln""}}],""parts"":[],""origin"":[""External occipital protuberance nuchal ligament and spinous processes C7-T12""],""insertion"":[""Lateral clavicle acromion and spine of scapula""],""innervation"":[""Accessory nerve (CN XI); cervical spinal nerves (C3-C4)""],""blood_supply"":[""Transverse cervical artery; dorsal scapular artery""],""actions"":[""Elevates retracts and rotates scapula""]}}",Muscles of the Back / Superficial back muscles,,External occipital protuberance nuchal ligament and spinous processes C7-T12,Lateral clavicle acromion and spine of scapula,Accessory nerve (CN XI); cervical spinal nerves (C3-C4),Transverse cervical artery; dorsal scapular artery,Elevates retracts and rotates scapula,,,seed_needs_review
muscle_latissimus_dorsi,muscle,Latissimus dorsi muscle,Musculus latissimus dorsi,breiter Rückenmuskel,back,muscular,,,Extends adducts and medially rotates arm,,"{""muscle"":{""classifications"":[{""region"":{""en"":""Muscles of the Back"",""de"":""Rückenmuskulatur""},""category"":{""en"":""Superficial back muscles"",""de"":""Oberflächliche Rückenmuskeln""}}],""parts"":[],""origin"":[""Spinous processes T6-L5 thoracolumbar fascia iliac crest and lower ribs""],""insertion"":[""Intertubercular sulcus of humerus""],""innervation"":[""Thoracodorsal nerve""],""blood_supply"":[""Thoracodorsal artery""],""actions"":[""Extends adducts and medially rotates arm""]}}",Muscles of the Back / Superficial back muscles,,Spinous processes T6-L5 thoracolumbar fascia iliac crest and lower ribs,Intertubercular sulcus of humerus,Thoracodorsal nerve,Thoracodorsal artery,Extends adducts and medially rotates arm,,,seed_needs_review
muscle_levator_scapulae,muscle,Levator scapulae muscle,Musculus levator scapulae,Schulterblattheber,back,muscular,,,Elevates and rotates scapula,,"{""muscle"":{""classifications"":[{""region"":{""en"":""Muscles of the Back"",""de"":""Rückenmuskulatur""},""category"":{""en"":""Superficial back muscles"",""de"":""Oberflächliche Rückenmuskeln""}}],""parts"":[],""origin"":[""Transverse processes C1-C4""],""insertion"":[""Superior angle of scapula""],""innervation"":[""Dorsal scapular nerve""],""blood_supply"":[""Dorsal scapular artery""],""actions"":[""Elevates and rotates scapula""]}}",Muscles of the Back / Superficial back muscles,,Transverse processes C1-C4,Superior angle of scapula,Dorsal scapular nerve,Dorsal scapular artery,Elevates and rotates scapula,,,seed_needs_review
muscle_rhomboidei,muscle,Rhomboid muscles,Musculi rhomboidei,Rautenmuskeln,back,muscular,,,Retracts and stabilizes scapula,,"{""muscle"":{""classifications"":[{""region"":{""en"":""Muscles of the Back"",""de"":""Rückenmuskulatur""},""category"":{""en"":""Superficial back muscles"",""de"":""Oberflächliche Rückenmuskeln""}}],""parts"":[""Rhomboideus minor, Rhomboideus major""],""origin"":[""Spinous processes C7-T5""],""insertion"":[""Medial border of scapula""],""innervation"":[""Dorsal scapular nerve""],""blood_supply"":[""Dorsal scapular artery""],""actions"":[""Retracts and stabilizes scapula""]}}",Muscles of the Back / Superficial back muscles,"Rhomboideus minor, Rhomboideus major",Spinous processes C7-T5,Medial border of scapula,Dorsal scapular nerve,Dorsal scapular artery,Retracts and stabilizes scapula,,,seed_needs_review
muscle_serratus_posterior_superior,muscle,Serratus posterior superior muscle,Musculus serratus posterior superior,oberer hinterer Sägemuskel,back,muscular,,,Elevates ribs,,"{""muscle"":{""classifications"":[{""region"":{""en"":""Muscles of the Back"",""de"":""Rückenmuskulatur""},""category"":{""en"":""Intermediate back muscles"",""de"":""Zwischenschicht der Rückenmuskeln""}}],""parts"":[],""origin"":[""Spinous processes C7-T3""],""insertion"":[""Ribs 2-5""],""innervation"":[""Intercostal nerves (T2-T5)""],""blood_supply"":[""Posterior intercostal arteries""],""actions"":[""Elevates ribs""]}}",Muscles of the Back / Intermediate back muscles,,Spinous processes C7-T3,Ribs 2-5,Intercostal nerves (T2-T5),Posterior intercostal arteries,Elevates ribs,,,seed_needs_review
muscle_serratus_posterior_inferior,muscle,Serratus posterior inferior muscle,Musculus serratus posterior inferior,unterer hinterer Sägemuskel,back,muscular,,,Depresses ribs,,"{""muscle"":{""classifications"":[{""region"":{""en"":""Muscles of the Back"",""de"":""Rückenmuskulatur""},""category"":{""en"":""Intermediate back muscles"",""de"":""Zwischenschicht der Rückenmuskeln""}}],""parts"":[],""origin"":[""Spinous processes T11-L2""],""insertion"":[""Ribs 9-12""],""innervation"":[""Intercostal nerves (T9-T12)""],""blood_supply"":[""Posterior intercostal arteries""],""actions"":[""Depresses ribs""]}}",Muscles of the Back / Intermediate back muscles,,Spinous processes T11-L2,Ribs 9-12,Intercostal nerves (T9-T12),Posterior intercostal arteries,Depresses ribs,,,seed_needs_review
muscle_erector_spinae,muscle,Erector spinae muscle,Musculus erector spinae,Rückenstrecker,back,muscular,,,Extends and laterally flexes vertebral column,,"{""muscle"":{""classifications"":[{""region"":{""en"":""Muscles of the Back"",""de"":""Rückenmuskulatur""},""category"":{""en"":""Intrinsic back muscles (Erector spinae)"",""de"":""Autochthone Rückenmuskeln""}}],""parts"":[],""origin"":[""Sacrum iliac crest and lumbar vertebrae""],""insertion"":[""Ribs vertebrae and skull""],""innervation"":[""Posterior rami of spinal nerves""],""blood_supply"":[""Posterior intercostal and lumbar arteries""],""actions"":[""Extends and laterally flexes vertebral column""]}}",Muscles of the Back / Intrinsic back muscles (Erector spinae),,Sacrum iliac crest and lumbar vertebrae,Ribs vertebrae and skull,Posterior rami of spinal nerves,Posterior intercostal and lumbar arteries,Extends and laterally flexes vertebral column,,,seed_needs_review
muscle_iliocostalis_lumborum,muscle,Iliocostalis lumborum muscle,Musculus iliocostalis lumborum,Lendenanteil des Darmbein-Rippen-Muskels,back,muscular,,,Extends and laterally flexes lumbar spine,,"{""muscle"":{""classifications"":[{""region"":{""en"":""Muscles of the Back"",""de"":""Rückenmuskulatur""},""category"":{""en"":""Intrinsic back muscles (Erector spinae)"",""de"":""Autochthone Rückenmuskeln""}}],""parts"":[],""origin"":[""Iliac crest and sacrum""],""insertion"":[""Lower ribs""],""innervation"":[""Posterior rami of spinal nerves""],""blood_supply"":[""Lumbar arteries""],""actions"":[""Extends and laterally flexes lumbar spine""]}}",Muscles of the Back / Intrinsic back muscles (Erector spinae),,Iliac crest and sacrum,Lower ribs,Posterior rami of spinal nerves,Lumbar arteries,Extends and laterally flexes lumbar spine,,,seed_needs_review
muscle_iliocostalis_thoracis,muscle,Iliocostalis thoracis muscle,Musculus iliocostalis thoracis,Brustanteil des Darmbein-Rippen-Muskels,back,muscular,,,Extends thoracic spine and elevates ribs,,"{""muscle"":{""classifications"":[{""region"":{""en"":""Muscles of the Back"",""de"":""Rückenmuskulatur""},""category"":{""en"":""Intrinsic back muscles (Erector spinae)"",""de"":""Autochthone Rückenmuskeln""}}],""parts"":[],""origin"":[""Lower ribs""],""insertion"":[""Upper ribs""],""innervation"":[""Posterior rami of spinal nerves""],""blood_supply"":[""Posterior intercostal arteries""],""actions"":[""Extends thoracic spine and elevates ribs""]}}",Muscles of the Back / Intrinsic back muscles (Erector spinae),,Lower ribs,Upper ribs,Posterior rami of spinal nerves,Posterior intercostal arteries,Extends thoracic spine and elevates ribs,,,seed_needs_review
muscle_iliocostalis_cervicis,muscle,Iliocostalis cervicis muscle,Musculus iliocostalis cervicis,Halsanteil des Darmbein-Rippen-Muskels,back,muscular,,,Lateral flexion and extension of cervical spine,,"{""muscle"":{""classifications"":[{""region"":{""en"":""Muscles of the Back"",""de"":""Rückenmuskulatur""},""category"":{""en"":""Intrinsic back muscles (Erector spinae)"",""de"":""Autochthone Rückenmuskeln""}}],""parts"":[],""origin"":[""Ribs 3-6""],""insertion"":[""Transverse processes of C4-C6""],""innervation"":[""Posterior rami of spinal nerves""],""blood_supply"":[""Deep cervical artery""],""actions"":[""Lateral flexion and extension of cervical spine""]}}",Muscles of the Back / Intrinsic back muscles (Erector spinae),,Ribs 3-6,Transverse processes of C4-C6,Posterior rami of spinal nerves,Deep cervical artery,Lateral flexion and extension of cervical spine,,,seed_needs_review
muscle_longissimus_thoracis,muscle,Longissimus thoracis muscle,Musculus longissimus thoracis,Brustanteil des längsten Muskels,back,muscular,,,Extends thoracic spine,,"{""muscle"":{""classifications"":[{""region"":{""en"":""Muscles of the Back"",""de"":""Rückenmuskulatur""},""category"":{""en"":""Intrinsic back muscles (Erector spinae)"",""de"":""Autochthone Rückenmuskeln""}}],""parts"":[],""origin"":[""Transverse processes of lumbar vertebrae and sacrum""],""insertion"":[""Thoracic transverse processes and ribs""],""innervation"":[""Posterior rami of spinal nerves""],""blood_supply"":[""Posterior intercostal arteries""],""actions"":[""Extends thoracic spine""]}}",Muscles of the Back / Intrinsic back muscles (Erector spinae),,Transverse processes of lumbar vertebrae and sacrum,Thoracic transverse processes and ribs,Posterior rami of spinal nerves,Posterior intercostal arteries,Extends thoracic spine,,,seed_needs_review
muscle_longissimus_cervicis,muscle,Longissimus cervicis muscle,Musculus longissimus cervicis,Halsanteil des längsten Muskels,back,muscular,,,Extends and laterally flexes neck,,"{""muscle"":{""classifications"":[{""region"":{""en"":""Muscles of the Back"",""de"":""Rückenmuskulatur""},""category"":{""en"":""Intrinsic back muscles (Erector spinae)"",""de"":""Autochthone Rückenmuskeln""}}],""parts"":[],""origin"":[""Upper thoracic transverse processes""],""insertion"":[""Transverse processes of C2-C6""],""innervation"":[""Posterior rami of spinal nerves""],""blood_supply"":[""Deep cervical artery""],""actions"":[""Extends and laterally flexes neck""]}}",Muscles of the Back / Intrinsic back muscles (Erector spinae),,Upper thoracic transverse processes,Transverse processes of C2-C6,Posterior rami of spinal nerves,Deep cervical artery,Extends and laterally flexes neck,,,seed_needs_review
muscle_longissimus_capitis,muscle,Longissimus capitis muscle,Musculus longissimus capitis,Kopfanteil des längsten Muskels,back,muscular,,,Extends and rotates head,,"{""muscle"":{""classifications"":[{""region"":{""en"":""Muscles of the Back"",""de"":""Rückenmuskulatur""},""category"":{""en"":""Intrinsic back muscles (Erector spinae)"",""de"":""Autochthone Rückenmuskeln""}}],""parts"":[],""origin"":[""Upper thoracic and cervical transverse processes""],""insertion"":[""Mastoid process""],""innervation"":[""Posterior rami of spinal nerves""],""blood_supply"":[""Occipital artery""],""actions"":[""Extends and rotates head""]}}",Muscles of the Back / Intrinsic back muscles (Erector spinae),,Upper thoracic and cervical transverse processes,Mastoid process,Posterior rami of spinal nerves,Occipital artery,Extends and rotates head,,,seed_needs_review
muscle_spinalis_thoracis,muscle,Spinalis thoracis muscle,Musculus spinalis thoracis,Brust-Dornmuskel,back,muscular,,,Extends thoracic spine,,"{""muscle"":{""classifications"":[{""region"":{""en"":""Muscles of the Back"",""de"":""Rückenmuskulatur""},""category"":{""en"":""Intrinsic back muscles (Erector spinae)"",""de"":""Autochthone Rückenmuskeln""}}],""parts"":[],""origin"":[""Spinous processes of T10-L2""],""insertion"":[""Spinous processes of T2-T8""],""innervation"":[""Posterior rami of spinal nerves""],""blood_supply"":[""Posterior intercostal arteries""],""actions"":[""Extends thoracic spine""]}}",Muscles of the Back / Intrinsic back muscles (Erector spinae),,Spinous processes of T10-L2,Spinous processes of T2-T8,Posterior rami of spinal nerves,Posterior intercostal arteries,Extends thoracic spine,,,seed_needs_review
muscle_spinalis_cervicis,muscle,Spinalis cervicis muscle,Musculus spinalis cervicis,Hals-Dornmuskel,back,muscular,,,Extends cervical spine,,"{""muscle"":{""classifications"":[{""region"":{""en"":""Muscles of the Back"",""de"":""Rückenmuskulatur""},""category"":{""en"":""Intrinsic back muscles (Erector spinae)"",""de"":""Autochthone Rückenmuskeln""}}],""parts"":[],""origin"":[""Spinous processes of C7-T2""],""insertion"":[""Spinous processes of C2-C4""],""innervation"":[""Posterior rami of spinal nerves""],""blood_supply"":[""Deep cervical artery""],""actions"":[""Extends cervical spine""]}}",Muscles of the Back / Intrinsic back muscles (Erector spinae),,Spinous processes of C7-T2,Spinous processes of C2-C4,Posterior rami of spinal nerves,Deep cervical artery,Extends cervical spine,,,seed_needs_review
muscle_spinalis_capitis,muscle,Spinalis capitis muscle,Musculus spinalis capitis,Kopf-Dornmuskel,back,muscular,,,Extends head,,"{""muscle"":{""classifications"":[{""region"":{""en"":""Muscles of the Back"",""de"":""Rückenmuskulatur""},""category"":{""en"":""Intrinsic back muscles (Erector spinae)"",""de"":""Autochthone Rückenmuskeln""}}],""parts"":[],""origin"":[""Spinous processes of upper thoracic vertebrae""],""insertion"":[""Occipital bone""],""innervation"":[""Posterior rami of spinal nerves""],""blood_supply"":[""Occipital artery""],""actions"":[""Extends head""]}}",Muscles of the Back / Intrinsic back muscles (Erector spinae),,Spinous processes of upper thoracic vertebrae,Occipital bone,Posterior rami of spinal nerves,Occipital artery,Extends head,,,seed_needs_review
muscle_transversospinales,muscle,Transversospinal muscles,Musculi transversospinales,transversospinale Muskeln,back,muscular,,,Stabilize vertebral column and assist rotation,,"{""muscle"":{""classifications"":[{""region"":{""en"":""Muscles of the Back"",""de"":""Rückenmuskulatur""},""category"":{""en"":""Intrinsic back muscles (Transversospinales)"",""de"":""Autochthone Rückenmuskeln""}}],""parts"":[],""origin"":[""Transverse processes of vertebrae""],""insertion"":[""Spinous processes of vertebrae""],""innervation"":[""Posterior rami of spinal nerves""],""blood_supply"":[""Posterior intercostal and lumbar arteries""],""actions"":[""Stabilize vertebral column and assist rotation""]}}",Muscles of the Back / Intrinsic back muscles (Transversospinales),,Transverse processes of vertebrae,Spinous processes of vertebrae,Posterior rami of spinal nerves,Posterior intercostal and lumbar arteries,Stabilize vertebral column and assist rotation,,,seed_needs_review
muscle_semispinalis_thoracis,muscle,Semispinalis thoracis muscle,Musculus semispinalis thoracis,Brust-Halbdornmuskel,back,muscular,,,Extends thoracic spine,,"{""muscle"":{""classifications"":[{""region"":{""en"":""Muscles of the Back"",""de"":""Rückenmuskulatur""},""category"":{""en"":""Intrinsic back muscles (Transversospinales)"",""de"":""Autochthone Rückenmuskeln""}}],""parts"":[],""origin"":[""Transverse processes of T6-T10""],""insertion"":[""Spinous processes of C6-T4""],""innervation"":[""Posterior rami of spinal nerves""],""blood_supply"":[""Posterior intercostal arteries""],""actions"":[""Extends thoracic spine""]}}",Muscles of the Back / Intrinsic back muscles (Transversospinales),,Transverse processes of T6-T10,Spinous processes of C6-T4,Posterior rami of spinal nerves,Posterior intercostal arteries,Extends thoracic spine,,,seed_needs_review
muscle_semispinalis_cervicis,muscle,Semispinalis cervicis muscle,Musculus semispinalis cervicis,Hals-Halbdornmuskel,back,muscular,,,Extends and rotates cervical spine,,"{""muscle"":{""classifications"":[{""region"":{""en"":""Muscles of the Back"",""de"":""Rückenmuskulatur""},""category"":{""en"":""Intrinsic back muscles (Transversospinales)"",""de"":""Autochthone Rückenmuskeln""}}],""parts"":[],""origin"":[""Transverse processes of T1-T6""],""insertion"":[""Spinous processes of C2-C5""],""innervation"":[""Posterior rami of spinal nerves""],""blood_supply"":[""Deep cervical artery""],""actions"":[""Extends and rotates cervical spine""]}}",Muscles of the Back / Intrinsic back muscles (Transversospinales),,Transverse processes of T1-T6,Spinous processes of C2-C5,Posterior rami of spinal nerves,Deep cervical artery,Extends and rotates cervical spine,,,seed_needs_review
muscle_semispinalis_capitis,muscle,Semispinalis capitis muscle,Musculus semispinalis capitis,Kopf-Halbdornmuskel,back,muscular,,,Extends and rotates head,,"{""muscle"":{""classifications"":[{""region"":{""en"":""Muscles of the Back"",""de"":""Rückenmuskulatur""},""category"":{""en"":""Intrinsic back muscles (Transversospinales)"",""de"":""Autochthone Rückenmuskeln""}}],""parts"":[],""origin"":[""Transverse processes of C4-T6""],""insertion"":[""Occipital bone""],""innervation"":[""Posterior rami of spinal nerves""],""blood_supply"":[""Occipital and deep cervical arteries""],""actions"":[""Extends and rotates head""]}}",Muscles of the Back / Intrinsic back muscles (Transversospinales),,Transverse processes of C4-T6,Occipital bone,Posterior rami of spinal nerves,Occipital and deep cervical arteries,Extends and rotates head,,,seed_needs_review
muscle_multifidus,muscle,Multifidus muscle,Musculus multifidus,vielgefiederter Muskel,back,muscular,,,Stabilizes vertebral column,,"{""muscle"":{""classifications"":[{""region"":{""en"":""Muscles of the Back"",""de"":""Rückenmuskulatur""},""category"":{""en"":""Intrinsic back muscles (Transversospinales)"",""de"":""Autochthone Rückenmuskeln""}}],""parts"":[],""origin"":[""Sacrum transverse processes and articular processes""],""insertion"":[""Spinous processes of vertebrae 2-4 levels above""],""innervation"":[""Posterior rami of spinal nerves""],""blood_supply"":[""Posterior intercostal and lumbar arteries""],""actions"":[""Stabilizes vertebral column""]}}",Muscles of the Back / Intrinsic back muscles (Transversospinales),,Sacrum transverse processes and articular processes,Spinous processes of vertebrae 2-4 levels above,Posterior rami of spinal nerves,Posterior intercostal and lumbar arteries,Stabilizes vertebral column,,,seed_needs_review
muscle_rotatores_thoracis,muscle,Thoracic rotatores muscles,Musculi rotatores thoracis,Drehmuskeln der Brustwirbelsäule,back,muscular,,,Rotate thoracic vertebrae,,"{""muscle"":{""classifications"":[{""region"":{""en"":""Muscles of the Back"",""de"":""Rückenmuskulatur""},""category"":{""en"":""Intrinsic back muscles (Transversospinales)"",""de"":""Autochthone Rückenmuskeln""}}],""parts"":[],""origin"":[""Transverse processes of thoracic vertebrae""],""insertion"":[""Spinous processes of adjacent vertebrae""],""innervation"":[""Posterior rami of spinal nerves""],""blood_supply"":[""Posterior intercostal arteries""],""actions"":[""Rotate thoracic vertebrae""]}}",Muscles of the Back / Intrinsic back muscles (Transversospinales),,Transverse processes of thoracic vertebrae,Spinous processes of adjacent vertebrae,Posterior rami of spinal nerves,Posterior intercostal arteries,Rotate thoracic vertebrae,,,seed_needs_review
muscle_rotatores_cervicis,muscle,Cervical rotatores muscles,Musculi rotatores cervicis,Drehmuskeln der Halswirbelsäule,back,muscular,,,Rotate cervical vertebrae,,"{""muscle"":{""classifications"":[{""region"":{""en"":""Muscles of the Back"",""de"":""Rückenmuskulatur""},""category"":{""en"":""Intrinsic back muscles (Transversospinales)"",""de"":""Autochthone Rückenmuskeln""}}],""parts"":[],""origin"":[""Transverse processes of cervical vertebrae""],""insertion"":[""Spinous processes of adjacent vertebrae""],""innervation"":[""Posterior rami of spinal nerves""],""blood_supply"":[""Deep cervical artery""],""actions"":[""Rotate cervical vertebrae""]}}",Muscles of the Back / Intrinsic back muscles (Transversospinales),,Transverse processes of cervical vertebrae,Spinous processes of adjacent vertebrae,Posterior rami of spinal nerves,Deep cervical artery,Rotate cervical vertebrae,,,seed_needs_review
muscle_interspinales_cervicis,muscle,Cervical interspinales muscles,Musculi interspinales cervicis,Zwischendornmuskeln der Halswirbelsäule,back,muscular,,,Assist extension and stabilization of cervical spine,,"{""muscle"":{""classifications"":[{""region"":{""en"":""Muscles of the Back"",""de"":""Rückenmuskulatur""},""category"":{""en"":""Intrinsic back muscles (Segmental)"",""de"":""Autochthone Rückenmuskeln""}}],""parts"":[],""origin"":[""Spinous process of cervical vertebra""],""insertion"":[""Spinous process of adjacent cervical vertebra""],""innervation"":[""Posterior rami of cervical spinal nerves""],""blood_supply"":[""Deep cervical artery""],""actions"":[""Assist extension and stabilization of cervical spine""]}}",Muscles of the Back / Intrinsic back muscles (Segmental),,Spinous process of cervical vertebra,Spinous process of adjacent cervical vertebra,Posterior rami of cervical spinal nerves,Deep cervical artery,Assist extension and stabilization of cervical spine,,,seed_needs_review
muscle_interspinales_thoracis,muscle,Thoracic interspinales muscles,Musculi interspinales thoracis,Zwischendornmuskeln der Brustwirbelsäule,back,muscular,,,Assist extension and stabilization of thoracic spine,,"{""muscle"":{""classifications"":[{""region"":{""en"":""Muscles of the Back"",""de"":""Rückenmuskulatur""},""category"":{""en"":""Intrinsic back muscles (Segmental)"",""de"":""Autochthone Rückenmuskeln""}}],""parts"":[],""origin"":[""Spinous process of thoracic vertebra""],""insertion"":[""Spinous process of adjacent thoracic vertebra""],""innervation"":[""Posterior rami of thoracic spinal nerves""],""blood_supply"":[""Posterior intercostal arteries""],""actions"":[""Assist extension and stabilization of thoracic spine""]}}",Muscles of the Back / Intrinsic back muscles (Segmental),,Spinous process of thoracic vertebra,Spinous process of adjacent thoracic vertebra,Posterior rami of thoracic spinal nerves,Posterior intercostal arteries,Assist extension and stabilization of thoracic spine,,,seed_needs_review
muscle_interspinales_lumborum,muscle,Lumbar interspinales muscles,Musculi interspinales lumborum,Zwischendornmuskeln der Lendenwirbelsäule,back,muscular,,,Assist extension and stabilization of lumbar spine,,"{""muscle"":{""classifications"":[{""region"":{""en"":""Muscles of the Back"",""de"":""Rückenmuskulatur""},""category"":{""en"":""Intrinsic back muscles (Segmental)"",""de"":""Autochthone Rückenmuskeln""}}],""parts"":[],""origin"":[""Spinous process of lumbar vertebra""],""insertion"":[""Spinous process of adjacent lumbar vertebra""],""innervation"":[""Posterior rami of lumbar spinal nerves""],""blood_supply"":[""Lumbar arteries""],""actions"":[""Assist extension and stabilization of lumbar spine""]}}",Muscles of the Back / Intrinsic back muscles (Segmental),,Spinous process of lumbar vertebra,Spinous process of adjacent lumbar vertebra,Posterior rami of lumbar spinal nerves,Lumbar arteries,Assist extension and stabilization of lumbar spine,,,seed_needs_review
muscle_intertransversarii_cervicis,muscle,Cervical intertransversarii muscles,Musculi intertransversarii cervicis,Zwischenquerfortsatzmuskeln der Halswirbelsäule,back,muscular,,,Lateral flexion and stabilization of cervical spine,,"{""muscle"":{""classifications"":[{""region"":{""en"":""Muscles of the Back"",""de"":""Rückenmuskulatur""},""category"":{""en"":""Intrinsic back muscles (Segmental)"",""de"":""Autochthone Rückenmuskeln""}}],""parts"":[],""origin"":[""Transverse process of cervical vertebra""],""insertion"":[""Transverse process of adjacent cervical vertebra""],""innervation"":[""Anterior and posterior rami of cervical spinal nerves""],""blood_supply"":[""Deep cervical artery""],""actions"":[""Lateral flexion and stabilization of cervical spine""]}}",Muscles of the Back / Intrinsic back muscles (Segmental),,Transverse process of cervical vertebra,Transverse process of adjacent cervical vertebra,Anterior and posterior rami of cervical spinal nerves,Deep cervical artery,Lateral flexion and stabilization of cervical spine,,,seed_needs_review
muscle_intertransversarii_thoracis,muscle,Thoracic intertransversarii muscles,Musculi intertransversarii thoracis,Zwischenquerfortsatzmuskeln der Brustwirbelsäule,back,muscular,,,Stabilization of thoracic spine,,"{""muscle"":{""classifications"":[{""region"":{""en"":""Muscles of the Back"",""de"":""Rückenmuskulatur""},""category"":{""en"":""Intrinsic back muscles (Segmental)"",""de"":""Autochthone Rückenmuskeln""}}],""parts"":[],""origin"":[""Transverse process of thoracic vertebra""],""insertion"":[""Transverse process of adjacent thoracic vertebra""],""innervation"":[""Posterior rami of thoracic spinal nerves""],""blood_supply"":[""Posterior intercostal arteries""],""actions"":[""Stabilization of thoracic spine""]}}",Muscles of the Back / Intrinsic back muscles (Segmental),,Transverse process of thoracic vertebra,Transverse process of adjacent thoracic vertebra,Posterior rami of thoracic spinal nerves,Posterior intercostal arteries,Stabilization of thoracic spine,,,seed_needs_review
muscle_intertransversarii_lumborum,muscle,Lumbar intertransversarii muscles,Musculi intertransversarii lumborum,Zwischenquerfortsatzmuskeln der Lendenwirbelsäule,back,muscular,,,Lateral flexion and stabilization of lumbar spine,,"{""muscle"":{""classifications"":[{""region"":{""en"":""Muscles of the Back"",""de"":""Rückenmuskulatur""},""category"":{""en"":""Intrinsic back muscles (Segmental)"",""de"":""Autochthone Rückenmuskeln""}}],""parts"":[],""origin"":[""Transverse process of lumbar vertebra""],""insertion"":[""Transverse process of adjacent lumbar vertebra""],""innervation"":[""Anterior rami of lumbar spinal nerves""],""blood_supply"":[""Lumbar arteries""],""actions"":[""Lateral flexion and stabilization of lumbar spine""]}}",Muscles of the Back / Intrinsic back muscles (Segmental),,Transverse process of lumbar vertebra,Transverse process of adjacent lumbar vertebra,Anterior rami of lumbar spinal nerves,Lumbar arteries,Lateral flexion and stabilization of lumbar spine,,,seed_needs_review
muscle_obliquus_externus_abdominis,muscle,External oblique muscle,Musculus obliquus externus abdominis,äußerer schräger Bauchmuskel,abdomen,muscular,,,Rotates and flexes trunk,,"{""muscle"":{""classifications"":[{""region"":{""en"":""Muscles of the Abdominal Wall"",""de"":""Bauchwandmuskulatur""},""category"":{""en"":""Anterolateral abdominal muscles"",""de"":""Anterolaterale Bauchmuskeln""}}],""parts"":[],""origin"":[""Ribs V-XII""],""insertion"":[""Linea alba and iliac crest""],""innervation"":[""Thoracoabdominal nerves""],""blood_supply"":[""Lower intercostal arteries""],""actions"":[""Rotates and flexes trunk""]}}",Muscles of the Abdominal Wall / Anterolateral abdominal muscles,,Ribs V-XII,Linea alba and iliac crest,Thoracoabdominal nerves,Lower intercostal arteries,Rotates and flexes trunk,,,seed_needs_review
muscle_obliquus_internus_abdominis,muscle,Internal oblique muscle,Musculus obliquus internus abdominis,innerer schräger Bauchmuskel,abdomen,muscular,,,Rotates and flexes trunk,,"{""muscle"":{""classifications"":[{""region"":{""en"":""Muscles of the Abdominal Wall"",""de"":""Bauchwandmuskulatur""},""category"":{""en"":""Anterolateral abdominal muscles"",""de"":""Anterolaterale Bauchmuskeln""}}],""parts"":[],""origin"":[""Iliac crest and thoracolumbar fascia""],""insertion"":[""Ribs X-XII and linea alba""],""innervation"":[""Thoracoabdominal nerves""],""blood_supply"":[""Lower intercostal arteries""],""actions"":[""Rotates and flexes trunk""]}}",Muscles of the Abdominal Wall / Anterolateral abdominal muscles,,Iliac crest and thoracolumbar fascia,Ribs X-XII and linea alba,Thoracoabdominal nerves,Lower intercostal arteries,Rotates and flexes trunk,,,seed_needs_review
muscle_transversus_abdominis,muscle,Transversus abdominis muscle,Musculus transversus abdominis,querer Bauchmuskel,abdomen,muscular,,,Compresses abdominal contents,,"{""muscle"":{""classifications"":[{""region"":{""en"":""Muscles of the Abdominal Wall"",""de"":""Bauchwandmuskulatur""},""category"":{""en"":""Anterolateral abdominal muscles"",""de"":""Anterolaterale Bauchmuskeln""}}],""parts"":[],""origin"":[""Costal cartilages VII-XII""],""insertion"":[""Linea alba""],""innervation"":[""Thoracoabdominal nerves""],""blood_supply"":[""Lower intercostal arteries""],""actions"":[""Compresses abdominal contents""]}}",Muscles of the Abdominal Wall / Anterolateral abdominal muscles,,Costal cartilages VII-XII,Linea alba,Thoracoabdominal nerves,Lower intercostal arteries,Compresses abdominal contents,,,seed_needs_review
muscle_rectus_abdominis,muscle,Rectus abdominis muscle,Musculus rectus abdominis,gerader Bauchmuskel,abdomen,muscular,,,Flexes trunk,,"{""muscle"":{""classifications"":[{""region"":{""en"":""Muscles of the Abdominal Wall"",""de"":""Bauchwandmuskulatur""},""category"":{""en"":""Anterior abdominal muscles"",""de"":""Vordere Bauchmuskeln""}}],""parts"":[],""origin"":[""Pubic symphysis and crest""],""insertion"":[""Xiphoid process and ribs V-VII""],""innervation"":[""Thoracoabdominal nerves""],""blood_supply"":[""Superior and inferior epigastric arteries""],""actions"":[""Flexes trunk""]}}",Muscles of the Abdominal Wall / Anterior abdominal muscles,,Pubic symphysis and crest,Xiphoid process and ribs V-VII,Thoracoabdominal nerves,Superior and inferior epigastric arteries,Flexes trunk,,,seed_needs_review
muscle_pyramidalis,muscle,Pyramidalis muscle,Musculus pyramidalis,Pyramidenmuskel,abdomen,muscular,,,Tenses linea alba,,"{""muscle"":{""classifications"":[{""region"":{""en"":""Muscles of the Abdominal Wall"",""de"":""Bauchwandmuskulatur""},""category"":{""en"":""Anterior abdominal muscles"",""de"":""Vordere Bauchmuskeln""}}],""parts"":[],""origin"":[""Pubic crest""],""insertion"":[""Linea alba""],""innervation"":[""Subcostal nerve""],""blood_supply"":[""Inferior epigastric artery""],""actions"":[""Tenses linea alba""]}}",Muscles of the Abdominal Wall / Anterior abdominal muscles,,Pubic crest,Linea alba,Subcostal nerve,Inferior epigastric artery,Tenses linea alba,,,seed_needs_review
muscle_levator_ani,muscle,Levator ani muscle,Musculus levator ani,Afterheber,pelvis,muscular,,,Supports pelvic organs,,"{""muscle"":{""classifications"":[{""region"":{""en"":""Muscles of the Pelvic Floor"",""de"":""Beckenbodenmuskulatur""},""category"":{""en"":""Pelvic diaphragm"",""de"":""Beckendiaphragma""}}],""parts"":[""Puborectalis, Pubococcygeus, Iliococcygeus""],""origin"":[""Pubis and ischial spine""],""insertion"":[""Coccyx and anococcygeal ligament""],""innervation"":[""Pudendal nerve""],""blood_supply"":[""Inferior gluteal artery""],""actions"":[""Supports pelvic organs""]}}",Muscles of the Pelvic Floor / Pelvic diaphragm,"Puborectalis, Pubococcygeus, Iliococcygeus",Pubis and ischial spine,Coccyx and anococcygeal ligament,Pudendal nerve,Inferior gluteal artery,Supports pelvic organs,,,seed_needs_review
muscle_coccygeus,muscle,Coccygeus muscle,Musculus coccygeus,Steißbeinmuskel,pelvis,muscular,,,Supports pelvic viscera,,"{""muscle"":{""classifications"":[{""region"":{""en"":""Muscles of the Pelvic Floor"",""de"":""Beckenbodenmuskulatur""},""category"":{""en"":""Pelvic diaphragm"",""de"":""Beckendiaphragma""}}],""parts"":[],""origin"":[""Ischial spine""],""insertion"":[""Sacrum and coccyx""],""innervation"":[""Pudendal nerve""],""blood_supply"":[""Inferior gluteal artery""],""actions"":[""Supports pelvic viscera""]}}",Muscles of the Pelvic Floor / Pelvic diaphragm,,Ischial spine,Sacrum and coccyx,Pudendal nerve,Inferior gluteal artery,Supports pelvic viscera,,,seed_needs_review
muscle_bulbospongiosus,muscle,Bulbospongiosus muscle,Musculus bulbospongiosus,Bulbospongiosusmuskel,perineum,muscular,,,Compresses bulb,,"{""muscle"":{""classifications"":[{""region"":{""en"":""Muscles of the Perineum"",""de"":""Dammmuskulatur""},""category"":{""en"":""Superficial perineal muscles"",""de"":""Oberflächliche Dammmuskeln""}}],""parts"":[],""origin"":[""Perineal body""],""insertion"":[""Corpus spongiosum""],""innervation"":[""Pudendal nerve""],""blood_supply"":[""Perineal artery""],""actions"":[""Compresses bulb""]}}",Muscles of the Perineum / Superficial perineal muscles,,Perineal body,Corpus spongiosum,Pudendal nerve,Perineal artery,Compresses bulb,,,seed_needs_review
muscle_ischiocavernosus,muscle,Ischiocavernosus muscle,Musculus ischiocavernosus,Ischiocavernosusmuskel,perineum,muscular,,,Maintains erection,,"{""muscle"":{""classifications"":[{""region"":{""en"":""Muscles of the Perineum"",""de"":""Dammmuskulatur""},""category"":{""en"":""Superficial perineal muscles"",""de"":""Oberflächliche Dammmuskeln""}}],""parts"":[],""origin"":[""Ischial tuberosity""],""insertion"":[""Crus of penis/clitoris""],""innervation"":[""Pudendal nerve""],""blood_supply"":[""Perineal artery""],""actions"":[""Maintains erection""]}}",Muscles of the Perineum / Superficial perineal muscles,,Ischial tuberosity,Crus of penis/clitoris,Pudendal nerve,Perineal artery,Maintains erection,,,seed_needs_review
muscle_transversus_perinei_superficialis,muscle,Superficial transverse perineal muscle,Musculus transversus perinei superficialis,oberflächlicher querer Dammmuskel,perineum,muscular,,,Stabilizes perineal body,,"{""muscle"":{""classifications"":[{""region"":{""en"":""Muscles of the Perineum"",""de"":""Dammmuskulatur""},""category"":{""en"":""Superficial perineal muscles"",""de"":""Oberflächliche Dammmuskeln""}}],""parts"":[],""origin"":[""Ischial tuberosity""],""insertion"":[""Perineal body""],""innervation"":[""Pudendal nerve""],""blood_supply"":[""Perineal artery""],""actions"":[""Stabilizes perineal body""]}}",Muscles of the Perineum / Superficial perineal muscles,,Ischial tuberosity,Perineal body,Pudendal nerve,Perineal artery,Stabilizes perineal body,,,seed_needs_review
muscle_transversus_perinei_profundus,muscle,Deep transverse perineal muscle,Musculus transversus perinei profundus,tiefer querer Dammmuskel,perineum,muscular,,,Supports pelvic floor,,"{""muscle"":{""classifications"":[{""region"":{""en"":""Muscles of the Perineum"",""de"":""Dammmuskulatur""},""category"":{""en"":""Deep perineal muscles"",""de"":""Tiefe Dammmuskeln""}}],""parts"":[],""origin"":[""Ischial ramus""],""insertion"":[""Perineal body""],""innervation"":[""Pudendal nerve""],""blood_supply"":[""Perineal artery""],""actions"":[""Supports pelvic floor""]}}",Muscles of the Perineum / Deep perineal muscles,,Ischial ramus,Perineal body,Pudendal nerve,Perineal artery,Supports pelvic floor,,,seed_needs_review
muscle_sphincter_urethrae_externus,muscle,External urethral sphincter,Musculus sphincter urethrae externus,äußerer Harnröhrenschließmuskel,perineum,muscular,,,Urinary continence,,"{""muscle"":{""classifications"":[{""region"":{""en"":""Muscles of the Perineum"",""de"":""Dammmuskulatur""},""category"":{""en"":""Deep perineal muscles"",""de"":""Tiefe Dammmuskeln""}}],""parts"":[],""origin"":[""Pubic rami""],""insertion"":[""Urethra""],""innervation"":[""Pudendal nerve""],""blood_supply"":[""Perineal artery""],""actions"":[""Urinary continence""]}}",Muscles of the Perineum / Deep perineal muscles,,Pubic rami,Urethra,Pudendal nerve,Perineal artery,Urinary continence,,,seed_needs_review
muscle_deltoideus,muscle,Deltoid muscle,Musculus deltoideus,Deltamuskel,upper limb,muscular,,,Abducts arm and assists flexion extension and rotation,,"{""muscle"":{""classifications"":[{""region"":{""en"":""Muscles of the Upper Limb"",""de"":""Muskulatur der oberen Extremität""},""category"":{""en"":""Scapular muscles"",""de"":""Schulterblattmuskeln""}}],""parts"":[""Pars clavicularis, Pars acromialis, Pars spinalis""],""origin"":[""Lateral clavicle acromion and spine of scapula""],""insertion"":[""Deltoid tuberosity of humerus""],""innervation"":[""Axillary nerve (C5-C6)""],""blood_supply"":[""Posterior circumflex humeral artery""],""actions"":[""Abducts arm and assists flexion extension and rotation""]}}",Muscles of the Upper Limb / Scapular muscles,"Pars clavicularis, Pars acromialis, Pars spinalis",Lateral clavicle acromion and spine of scapula,Deltoid tuberosity of humerus,Axillary nerve (C5-C6),Posterior circumflex humeral artery,Abducts arm and assists flexion extension and rotation,,,seed_needs_review
muscle_supraspinatus,muscle,Supraspinatus muscle,Musculus supraspinatus,Obergrätenmuskel,upper limb,muscular,,,Initiates abduction of arm,,"{""muscle"":{""classifications"":[{""region"":{""en"":""Muscles of the Upper Limb"",""de"":""Muskulatur der oberen Extremität""},""category"":{""en"":""Scapular muscles"",""de"":""Schulterblattmuskeln""}}],""parts"":[],""origin"":[""Supraspinous fossa of scapula""],""insertion"":[""Greater tubercle of humerus""],""innervation"":[""Suprascapular nerve""],""blood_supply"":[""Suprascapular artery""],""actions"":[""Initiates abduction of arm""]}}",Muscles of the Upper Limb / Scapular muscles,,Supraspinous fossa of scapula,Greater tubercle of humerus,Suprascapular nerve,Suprascapular artery,Initiates abduction of arm,,,seed_needs_review
muscle_infraspinatus,muscle,Infraspinatus muscle,Musculus infraspinatus,Untergrätenmuskel,upper limb,muscular,,,Laterally rotates arm,,"{""muscle"":{""classifications"":[{""region"":{""en"":""Muscles of the Upper Limb"",""de"":""Muskulatur der oberen Extremität""},""category"":{""en"":""Scapular muscles"",""de"":""Schulterblattmuskeln""}}],""parts"":[],""origin"":[""Infraspinous fossa of scapula""],""insertion"":[""Greater tubercle of humerus""],""innervation"":[""Suprascapular nerve""],""blood_supply"":[""Suprascapular artery""],""actions"":[""Laterally rotates arm""]}}",Muscles of the Upper Limb / Scapular muscles,,Infraspinous fossa of scapula,Greater tubercle of humerus,Suprascapular nerve,Suprascapular artery,Laterally rotates arm,,,seed_needs_review
muscle_teres_minor,muscle,Teres minor muscle,Musculus teres minor,kleiner Rundmuskel,upper limb,muscular,,,Laterally rotates arm and stabilizes shoulder,,"{""muscle"":{""classifications"":[{""region"":{""en"":""Muscles of the Upper Limb"",""de"":""Muskulatur der oberen Extremität""},""category"":{""en"":""Scapular muscles"",""de"":""Schulterblattmuskeln""}}],""parts"":[],""origin"":[""Lateral border of scapula""],""insertion"":[""Greater tubercle of humerus""],""innervation"":[""Axillary nerve""],""blood_supply"":[""Posterior circumflex humeral artery""],""actions"":[""Laterally rotates arm and stabilizes shoulder""]}}",Muscles of the Upper Limb / Scapular muscles,,Lateral border of scapula,Greater tubercle of humerus,Axillary nerve,Posterior circumflex humeral artery,Laterally rotates arm and stabilizes shoulder,,,seed_needs_review
muscle_teres_major,muscle,Teres major muscle,Musculus teres major,großer Rundmuskel,upper limb,muscular,,,Adducts medially rotates and extends arm,,"{""muscle"":{""classifications"":[{""region"":{""en"":""Muscles of the Upper Limb"",""de"":""Muskulatur der oberen Extremität""},""category"":{""en"":""Scapular muscles"",""de"":""Schulterblattmuskeln""}}],""parts"":[],""origin"":[""Inferior angle of scapula""],""insertion"":[""Medial lip of intertubercular sulcus""],""innervation"":[""Lower subscapular nerve""],""blood_supply"":[""Circumflex scapular artery""],""actions"":[""Adducts medially rotates and extends arm""]}}",Muscles of the Upper Limb / Scapular muscles,,Inferior angle of scapula,Medial lip of intertubercular sulcus,Lower subscapular nerve,Circumflex scapular artery,Adducts medially rotates and extends arm,,,seed_needs_review
muscle_subscapularis,muscle,Subscapularis muscle,Musculus subscapularis,Unterschulterblattmuskel,upper limb,muscular,,,Medially rotates arm and stabilizes shoulder,,"{""muscle"":{""classifications"":[{""region"":{""en"":""Muscles of the Upper Limb"",""de"":""Muskulatur der oberen Extremität""},""category"":{""en"":""Scapular muscles"",""de"":""Schulterblattmuskeln""}}],""parts"":[],""origin"":[""Subscapular fossa""],""insertion"":[""Lesser tubercle of humerus""],""innervation"":[""Upper and lower subscapular nerves""],""blood_supply"":[""Subscapular artery""],""actions"":[""Medially rotates arm and stabilizes shoulder""]}}",Muscles of the Upper Limb / Scapular muscles,,Subscapular fossa,Lesser tubercle of humerus,Upper and lower subscapular nerves,Subscapular artery,Medially rotates arm and stabilizes shoulder,,,seed_needs_review
muscle_biceps_brachii,muscle,Biceps brachii muscle,Musculus biceps brachii,zweiköpfiger Oberarmmuskel,upper limb,muscular,,,Flexes elbow and supinates forearm,,"{""muscle"":{""classifications"":[{""region"":{""en"":""Muscles of the Upper Limb"",""de"":""Muskulatur der oberen Extremität""},""category"":{""en"":""Arm - anterior compartment"",""de"":""Vordere Oberarmmuskeln""}}],""parts"":[""Caput longum, Caput breve""],""origin"":[""Coracoid process and supraglenoid tubercle of scapula""],""insertion"":[""Radial tuberosity and bicipital aponeurosis""],""innervation"":[""Musculocutaneous nerve (C5-C6)""],""blood_supply"":[""Brachial artery; anterior circumflex humeral artery""],""actions"":[""Flexes elbow and supinates forearm""]}}",Muscles of the Upper Limb / Arm - anterior compartment,"Caput longum, Caput breve",Coracoid process and supraglenoid tubercle of scapula,Radial tuberosity and bicipital aponeurosis,Musculocutaneous nerve (C5-C6),Brachial artery; anterior circumflex humeral artery,Flexes elbow and supinates forearm,,,seed_needs_review
muscle_coracobrachialis,muscle,Coracobrachialis muscle,Musculus coracobrachialis,Rabenschnabel-Oberarm-Muskel,upper limb,muscular,,,Flexes and adducts arm,,"{""muscle"":{""classifications"":[{""region"":{""en"":""Muscles of the Upper Limb"",""de"":""Muskulatur der oberen Extremität""},""category"":{""en"":""Arm - anterior compartment"",""de"":""Vordere Oberarmmuskeln""}}],""parts"":[],""origin"":[""Coracoid process of scapula""],""insertion"":[""Medial surface of humerus""],""innervation"":[""Musculocutaneous nerve""],""blood_supply"":[""Brachial artery""],""actions"":[""Flexes and adducts arm""]}}",Muscles of the Upper Limb / Arm - anterior compartment,,Coracoid process of scapula,Medial surface of humerus,Musculocutaneous nerve,Brachial artery,Flexes and adducts arm,,,seed_needs_review
muscle_brachialis,muscle,Brachialis muscle,Musculus brachialis,Oberarmmuskel,upper limb,muscular,,,Primary flexor of elbow,,"{""muscle"":{""classifications"":[{""region"":{""en"":""Muscles of the Upper Limb"",""de"":""Muskulatur der oberen Extremität""},""category"":{""en"":""Arm - anterior compartment"",""de"":""Vordere Oberarmmuskeln""}}],""parts"":[],""origin"":[""Anterior surface of humerus""],""insertion"":[""Coronoid process and tuberosity of ulna""],""innervation"":[""Musculocutaneous nerve; radial nerve (partial)""],""blood_supply"":[""Brachial artery""],""actions"":[""Primary flexor of elbow""]}}",Muscles of the Upper Limb / Arm - anterior compartment,,Anterior surface of humerus,Coronoid process and tuberosity of ulna,Musculocutaneous nerve; radial nerve (partial),Brachial artery,Primary flexor of elbow,,,seed_needs_review
muscle_triceps_brachii,muscle,Triceps brachii muscle,Musculus triceps brachii,dreiköpfiger Oberarmmuskel,upper limb,muscular,,,Extends elbow and assists arm extension,,"{""muscle"":{""classifications"":[{""region"":{""en"":""Muscles of the Upper Limb"",""de"":""Muskulatur der oberen Extremität""},""category"":{""en"":""Arm - posterior compartment"",""de"":""Hintere Oberarmmuskeln""}}],""parts"":[""Caput longum, Caput laterale, Caput mediale""],""origin"":[""Infraglenoid tubercle and posterior humerus""],""insertion"":[""Olecranon of ulna""],""innervation"":[""Radial nerve""],""blood_supply"":[""Profunda brachii artery""],""actions"":[""Extends elbow and assists arm extension""]}}",Muscles of the Upper Limb / Arm - posterior compartment,"Caput longum, Caput laterale, Caput mediale",Infraglenoid tubercle and posterior humerus,Olecranon of ulna,Radial nerve,Profunda brachii artery,Extends elbow and assists arm extension,,,seed_needs_review
muscle_anconeus,muscle,Anconeus muscle,Musculus anconeus,Ellenbogenmuskel,upper limb,muscular,,,Assists elbow extension and stabilizes joint,,"{""muscle"":{""classifications"":[{""region"":{""en"":""Muscles of the Upper Limb"",""de"":""Muskulatur der oberen Extremität""},""category"":{""en"":""Arm - posterior compartment"",""de"":""Hintere Oberarmmuskeln""}}],""parts"":[],""origin"":[""Lateral epicondyle of humerus""],""insertion"":[""Olecranon and proximal ulna""],""innervation"":[""Radial nerve""],""blood_supply"":[""Middle collateral artery""],""actions"":[""Assists elbow extension and stabilizes joint""]}}",Muscles of the Upper Limb / Arm - posterior compartment,,Lateral epicondyle of humerus,Olecranon and proximal ulna,Radial nerve,Middle collateral artery,Assists elbow extension and stabilizes joint,,,seed_needs_review
muscle_pronator_teres,muscle,Pronator teres muscle,Musculus pronator teres,runder Einwärtsdreher,upper limb,muscular,,,Pronates forearm and flexes elbow,,"{""muscle"":{""classifications"":[{""region"":{""en"":""Muscles of the Upper Limb"",""de"":""Muskulatur der oberen Extremität""},""category"":{""en"":""Forearm - anterior compartment, superficial layer"",""de"":""Vordere Unterarmmuskeln (oberflächliche Schicht)""}}],""parts"":[""Caput humerale, Caput ulnare""],""origin"":[""Medial epicondyle of humerus and coronoid process of ulna""],""insertion"":[""Lateral surface of radius""],""innervation"":[""Median nerve""],""blood_supply"":[""Ulnar and radial arteries""],""actions"":[""Pronates forearm and flexes elbow""]}}","Muscles of the Upper Limb / Forearm - anterior compartment, superficial layer","Caput humerale, Caput ulnare",Medial epicondyle of humerus and coronoid process of ulna,Lateral surface of radius,Median nerve,Ulnar and radial arteries,Pronates forearm and flexes elbow,,,seed_needs_review
muscle_flexor_carpi_radialis,muscle,Flexor carpi radialis muscle,Musculus flexor carpi radialis,speichenseitiger Handbeuger,upper limb,muscular,,,Flexes and abducts wrist,,"{""muscle"":{""classifications"":[{""region"":{""en"":""Muscles of the Upper Limb"",""de"":""Muskulatur der oberen Extremität""},""category"":{""en"":""Forearm - anterior compartment, superficial layer"",""de"":""Vordere Unterarmmuskeln (oberflächliche Schicht)""}}],""parts"":[],""origin"":[""Medial epicondyle of humerus""],""insertion"":[""Bases of metacarpals II-III""],""innervation"":[""Median nerve""],""blood_supply"":[""Radial artery""],""actions"":[""Flexes and abducts wrist""]}}","Muscles of the Upper Limb / Forearm - anterior compartment, superficial layer",,Medial epicondyle of humerus,Bases of metacarpals II-III,Median nerve,Radial artery,Flexes and abducts wrist,,,seed_needs_review
muscle_palmaris_longus,muscle,Palmaris longus muscle,Musculus palmaris longus,langer Hohlhandmuskel,upper limb,muscular,,,Flexes wrist and tenses palmar aponeurosis,,"{""muscle"":{""classifications"":[{""region"":{""en"":""Muscles of the Upper Limb"",""de"":""Muskulatur der oberen Extremität""},""category"":{""en"":""Forearm - anterior compartment, superficial layer"",""de"":""Vordere Unterarmmuskeln (oberflächliche Schicht)""}}],""parts"":[],""origin"":[""Medial epicondyle of humerus""],""insertion"":[""Palmar aponeurosis""],""innervation"":[""Median nerve""],""blood_supply"":[""Ulnar artery""],""actions"":[""Flexes wrist and tenses palmar aponeurosis""]}}","Muscles of the Upper Limb / Forearm - anterior compartment, superficial layer",,Medial epicondyle of humerus,Palmar aponeurosis,Median nerve,Ulnar artery,Flexes wrist and tenses palmar aponeurosis,,,seed_needs_review
muscle_flexor_carpi_ulnaris,muscle,Flexor carpi ulnaris muscle,Musculus flexor carpi ulnaris,ellenseitiger Handbeuger,upper limb,muscular,,,Flexes and adducts wrist,,"{""muscle"":{""classifications"":[{""region"":{""en"":""Muscles of the Upper Limb"",""de"":""Muskulatur der oberen Extremität""},""category"":{""en"":""Forearm - anterior compartment, superficial layer"",""de"":""Vordere Unterarmmuskeln (oberflächliche Schicht)""}}],""parts"":[""Caput humerale, Caput ulnare""],""origin"":[""Medial epicondyle of humerus and olecranon of ulna""],""insertion"":[""Pisiform hamate and base of metacarpal V""],""innervation"":[""Ulnar nerve""],""blood_supply"":[""Ulnar artery""],""actions"":[""Flexes and adducts wrist""]}}","Muscles of the Upper Limb / Forearm - anterior compartment, superficial layer","Caput humerale, Caput ulnare",Medial epicondyle of humerus and olecranon of ulna,Pisiform hamate and base of metacarpal V,Ulnar nerve,Ulnar artery,Flexes and adducts wrist,,,seed_needs_review
muscle_flexor_digitorum_superficialis,muscle,Flexor digitorum superficialis muscle,Musculus flexor digitorum superficialis,oberflächlicher Fingerbeuger,upper limb,muscular,,,Flexes fingers and wrist,,"{""muscle"":{""classifications"":[{""region"":{""en"":""Muscles of the Upper Limb"",""de"":""Muskulatur der oberen Extremität""},""category"":{""en"":""Forearm - anterior compartment, intermediate layer"",""de"":""Vordere Unterarmmuskeln (mittlere Schicht)""}}],""parts"":[],""origin"":[""Medial epicondyle coronoid process and radius""],""insertion"":[""Middle phalanges of digits II-V""],""innervation"":[""Median nerve""],""blood_supply"":[""Ulnar artery and anterior interosseous artery""],""actions"":[""Flexes fingers and wrist""]}}","Muscles of the Upper Limb / Forearm - anterior compartment, intermediate layer",,Medial epicondyle coronoid process and radius,Middle phalanges of digits II-V,Median nerve,Ulnar artery and anterior interosseous artery,Flexes fingers and wrist,,,seed_needs_review
muscle_flexor_digitorum_profundus,muscle,Flexor digitorum profundus muscle,Musculus flexor digitorum profundus,tiefer Fingerbeuger,upper limb,muscular,,,Flexes distal interphalangeal joints,,"{""muscle"":{""classifications"":[{""region"":{""en"":""Muscles of the Upper Limb"",""de"":""Muskulatur der oberen Extremität""},""category"":{""en"":""Forearm - anterior compartment, deep layer"",""de"":""Vordere Unterarmmuskeln (tiefe Schicht)""}}],""parts"":[],""origin"":[""Anterior surface of ulna and interosseous membrane""],""insertion"":[""Distal phalanges of digits II-V""],""innervation"":[""Median nerve (anterior interosseous branch) and ulnar nerve""],""blood_supply"":[""Anterior interosseous artery""],""actions"":[""Flexes distal interphalangeal joints""]}}","Muscles of the Upper Limb / Forearm - anterior compartment, deep layer",,Anterior surface of ulna and interosseous membrane,Distal phalanges of digits II-V,Median nerve (anterior interosseous branch) and ulnar nerve,Anterior interosseous artery,Flexes distal interphalangeal joints,,,seed_needs_review
muscle_flexor_pollicis_longus,muscle,Flexor pollicis longus muscle,Musculus flexor pollicis longus,langer Daumenbeuger,upper limb,muscular,,,Flexes thumb,,"{""muscle"":{""classifications"":[{""region"":{""en"":""Muscles of the Upper Limb"",""de"":""Muskulatur der oberen Extremität""},""category"":{""en"":""Forearm - anterior compartment, deep layer"",""de"":""Vordere Unterarmmuskeln (tiefe Schicht)""}}],""parts"":[],""origin"":[""Anterior surface of radius and interosseous membrane""],""insertion"":[""Distal phalanx of thumb""],""innervation"":[""Median nerve (anterior interosseous branch)""],""blood_supply"":[""Anterior interosseous artery""],""actions"":[""Flexes thumb""]}}","Muscles of the Upper Limb / Forearm - anterior compartment, deep layer",,Anterior surface of radius and interosseous membrane,Distal phalanx of thumb,Median nerve (anterior interosseous branch),Anterior interosseous artery,Flexes thumb,,,seed_needs_review
muscle_pronator_quadratus,muscle,Pronator quadratus muscle,Musculus pronator quadratus,quadratischer Einwärtsdreher,upper limb,muscular,,,Pronates forearm,,"{""muscle"":{""classifications"":[{""region"":{""en"":""Muscles of the Upper Limb"",""de"":""Muskulatur der oberen Extremität""},""category"":{""en"":""Forearm - anterior compartment, deep layer"",""de"":""Vordere Unterarmmuskeln (tiefe Schicht)""}}],""parts"":[],""origin"":[""Distal anterior surface of ulna""],""insertion"":[""Distal anterior surface of radius""],""innervation"":[""Median nerve (anterior interosseous branch)""],""blood_supply"":[""Anterior interosseous artery""],""actions"":[""Pronates forearm""]}}","Muscles of the Upper Limb / Forearm - anterior compartment, deep layer",,Distal anterior surface of ulna,Distal anterior surface of radius,Median nerve (anterior interosseous branch),Anterior interosseous artery,Pronates forearm,,,seed_needs_review
muscle_brachioradialis,muscle,Brachioradialis muscle,Musculus brachioradialis,Oberarmspeichenmuskel,upper limb,muscular,,,Flexes elbow in mid-pronation,,"{""muscle"":{""classifications"":[{""region"":{""en"":""Muscles of the Upper Limb"",""de"":""Muskulatur der oberen Extremität""},""category"":{""en"":""Forearm - posterior compartment, superficial layer"",""de"":""Hintere Unterarmmuskeln (oberflächliche Schicht)""}}],""parts"":[],""origin"":[""Lateral supracondylar ridge of humerus""],""insertion"":[""Styloid process of radius""],""innervation"":[""Radial nerve""],""blood_supply"":[""Radial recurrent artery""],""actions"":[""Flexes elbow in mid-pronation""]}}","Muscles of the Upper Limb / Forearm - posterior compartment, superficial layer",,Lateral supracondylar ridge of humerus,Styloid process of radius,Radial nerve,Radial recurrent artery,Flexes elbow in mid-pronation,,,seed_needs_review
muscle_extensor_carpi_radialis_longus,muscle,Extensor carpi radialis longus muscle,Musculus extensor carpi radialis longus,langer speichenseitiger Handstrecker,upper limb,muscular,,,Extends and abducts wrist,,"{""muscle"":{""classifications"":[{""region"":{""en"":""Muscles of the Upper Limb"",""de"":""Muskulatur der oberen Extremität""},""category"":{""en"":""Forearm - posterior compartment, superficial layer"",""de"":""Hintere Unterarmmuskeln (oberflächliche Schicht)""}}],""parts"":[],""origin"":[""Lateral supracondylar ridge of humerus""],""insertion"":[""Base of metacarpal II""],""innervation"":[""Radial nerve""],""blood_supply"":[""Radial artery""],""actions"":[""Extends and abducts wrist""]}}","Muscles of the Upper Limb / Forearm - posterior compartment, superficial layer",,Lateral supracondylar ridge of humerus,Base of metacarpal II,Radial nerve,Radial artery,Extends and abducts wrist,,,seed_needs_review
muscle_extensor_carpi_radialis_brevis,muscle,Extensor carpi radialis brevis muscle,Musculus extensor carpi radialis brevis,kurzer speichenseitiger Handstrecker,upper limb,muscular,,,Extends and abducts wrist,,"{""muscle"":{""classifications"":[{""region"":{""en"":""Muscles of the Upper Limb"",""de"":""Muskulatur der oberen Extremität""},""category"":{""en"":""Forearm - posterior compartment, superficial layer"",""de"":""Hintere Unterarmmuskeln (oberflächliche Schicht)""}}],""parts"":[],""origin"":[""Lateral epicondyle of humerus""],""insertion"":[""Base of metacarpal III""],""innervation"":[""Deep branch of radial nerve""],""blood_supply"":[""Radial artery""],""actions"":[""Extends and abducts wrist""]}}","Muscles of the Upper Limb / Forearm - posterior compartment, superficial layer",,Lateral epicondyle of humerus,Base of metacarpal III,Deep branch of radial nerve,Radial artery,Extends and abducts wrist,,,seed_needs_review
muscle_extensor_digitorum,muscle,Extensor digitorum muscle,Musculus extensor digitorum,Fingerstrecker,upper limb,muscular,,,Extends fingers and wrist,,"{""muscle"":{""classifications"":[{""region"":{""en"":""Muscles of the Upper Limb"",""de"":""Muskulatur der oberen Extremität""},""category"":{""en"":""Forearm - posterior compartment, superficial layer"",""de"":""Hintere Unterarmmuskeln (oberflächliche Schicht)""}}],""parts"":[],""origin"":[""Lateral epicondyle of humerus""],""insertion"":[""Middle and distal phalanges of digits II-V""],""innervation"":[""Posterior interosseous nerve""],""blood_supply"":[""Posterior interosseous artery""],""actions"":[""Extends fingers and wrist""]}}","Muscles of the Upper Limb / Forearm - posterior compartment, superficial layer",,Lateral epicondyle of humerus,Middle and distal phalanges of digits II-V,Posterior interosseous nerve,Posterior interosseous artery,Extends fingers and wrist,,,seed_needs_review
muscle_extensor_digiti_minimi,muscle,Extensor digiti minimi muscle,Musculus extensor digiti minimi,Kleinfingerstrecker,upper limb,muscular,,,Extends little finger,,"{""muscle"":{""classifications"":[{""region"":{""en"":""Muscles of the Upper Limb"",""de"":""Muskulatur der oberen Extremität""},""category"":{""en"":""Forearm - posterior compartment, superficial layer"",""de"":""Hintere Unterarmmuskeln (oberflächliche Schicht)""}}],""parts"":[],""origin"":[""Lateral epicondyle of humerus""],""insertion"":[""Extensor expansion of digit V""],""innervation"":[""Posterior interosseous nerve""],""blood_supply"":[""Posterior interosseous artery""],""actions"":[""Extends little finger""]}}","Muscles of the Upper Limb / Forearm - posterior compartment, superficial layer",,Lateral epicondyle of humerus,Extensor expansion of digit V,Posterior interosseous nerve,Posterior interosseous artery,Extends little finger,,,seed_needs_review
muscle_extensor_carpi_ulnaris,muscle,Extensor carpi ulnaris muscle,Musculus extensor carpi ulnaris,ellenseitiger Handstrecker,upper limb,muscular,,,Extends and adducts wrist,,"{""muscle"":{""classifications"":[{""region"":{""en"":""Muscles of the Upper Limb"",""de"":""Muskulatur der oberen Extremität""},""category"":{""en"":""Forearm - posterior compartment, superficial layer"",""de"":""Hintere Unterarmmuskeln (oberflächliche Schicht)""}}],""parts"":[],""origin"":[""Lateral epicondyle of humerus""],""insertion"":[""Base of metacarpal V""],""innervation"":[""Posterior interosseous nerve""],""blood_supply"":[""Posterior interosseous artery""],""actions"":[""Extends and adducts wrist""]}}","Muscles of the Upper Limb / Forearm - posterior compartment, superficial layer",,Lateral epicondyle of humerus,Base of metacarpal V,Posterior interosseous nerve,Posterior interosseous artery,Extends and adducts wrist,,,seed_needs_review
muscle_supinator,muscle,Supinator muscle,Musculus supinator,Auswärtsdreher,upper limb,muscular,,,Supinates forearm,,"{""muscle"":{""classifications"":[{""region"":{""en"":""Muscles of the Upper Limb"",""de"":""Muskulatur der oberen Extremität""},""category"":{""en"":""Forearm - posterior compartment, deep layer"",""de"":""Hintere Unterarmmuskeln (tiefe Schicht)""}}],""parts"":[],""origin"":[""Lateral epicondyle of humerus and ulna""],""insertion"":[""Proximal third of radius""],""innervation"":[""Posterior interosseous nerve""],""blood_supply"":[""Radial recurrent artery""],""actions"":[""Supinates forearm""]}}","Muscles of the Upper Limb / Forearm - posterior compartment, deep layer",,Lateral epicondyle of humerus and ulna,Proximal third of radius,Posterior interosseous nerve,Radial recurrent artery,Supinates forearm,,,seed_needs_review
muscle_abductor_pollicis_longus,muscle,Abductor pollicis longus muscle,Musculus abductor pollicis longus,langer Daumenspreizer,upper limb,muscular,,,Abducts thumb,,"{""muscle"":{""classifications"":[{""region"":{""en"":""Muscles of the Upper Limb"",""de"":""Muskulatur der oberen Extremität""},""category"":{""en"":""Forearm - posterior compartment, deep layer"",""de"":""Hintere Unterarmmuskeln (tiefe Schicht)""}}],""parts"":[],""origin"":[""Posterior surfaces of radius ulna and interosseous membrane""],""insertion"":[""Base of metacarpal I""],""innervation"":[""Posterior interosseous nerve""],""blood_supply"":[""Posterior interosseous artery""],""actions"":[""Abducts thumb""]}}","Muscles of the Upper Limb / Forearm - posterior compartment, deep layer",,Posterior surfaces of radius ulna and interosseous membrane,Base of metacarpal I,Posterior interosseous nerve,Posterior interosseous artery,Abducts thumb,,,seed_needs_review
muscle_extensor_pollicis_brevis,muscle,Extensor pollicis brevis muscle,Musculus extensor pollicis brevis,kurzer Daumenstrecker,upper limb,muscular,,,Extends thumb at MCP joint,,"{""muscle"":{""classifications"":[{""region"":{""en"":""Muscles of the Upper Limb"",""de"":""Muskulatur der oberen Extremität""},""category"":{""en"":""Forearm - posterior compartment, deep layer"",""de"":""Hintere Unterarmmuskeln (tiefe Schicht)""}}],""parts"":[],""origin"":[""Posterior surface of radius and interosseous membrane""],""insertion"":[""Base of proximal phalanx of thumb""],""innervation"":[""Posterior interosseous nerve""],""blood_supply"":[""Posterior interosseous artery""],""actions"":[""Extends thumb at MCP joint""]}}","Muscles of the Upper Limb / Forearm - posterior compartment, deep layer",,Posterior surface of radius and interosseous membrane,Base of proximal phalanx of thumb,Posterior interosseous nerve,Posterior interosseous artery,Extends thumb at MCP joint,,,seed_needs_review
muscle_extensor_pollicis_longus,muscle,Extensor pollicis longus muscle,Musculus extensor pollicis longus,langer Daumenstrecker,upper limb,muscular,,,Extends thumb,,"{""muscle"":{""classifications"":[{""region"":{""en"":""Muscles of the Upper Limb"",""de"":""Muskulatur der oberen Extremität""},""category"":{""en"":""Forearm - posterior compartment, deep layer"",""de"":""Hintere Unterarmmuskeln (tiefe Schicht)""}}],""parts"":[],""origin"":[""Posterior surface of ulna and interosseous membrane""],""insertion"":[""Base of distal phalanx of thumb""],""innervation"":[""Posterior interosseous nerve""],""blood_supply"":[""Posterior interosseous artery""],""actions"":[""Extends thumb""]}}","Muscles of the Upper Limb / Forearm - posterior compartment, deep layer",,Posterior surface of ulna and interosseous membrane,Base of distal phalanx of thumb,Posterior interosseous nerve,Posterior interosseous artery,Extends thumb,,,seed_needs_review
muscle_extensor_indicis,muscle,Extensor indicis muscle,Musculus extensor indicis,Zeigefingerstrecker,upper limb,muscular,,,Extends index finger,,"{""muscle"":{""classifications"":[{""region"":{""en"":""Muscles of the Upper Limb"",""de"":""Muskulatur der oberen Extremität""},""category"":{""en"":""Forearm - posterior compartment, deep layer"",""de"":""Hintere Unterarmmuskeln (tiefe Schicht)""}}],""parts"":[],""origin"":[""Posterior surface of ulna""],""insertion"":[""Extensor expansion of digit II""],""innervation"":[""Posterior interosseous nerve""],""blood_supply"":[""Posterior interosseous artery""],""actions"":[""Extends index finger""]}}","Muscles of the Upper Limb / Forearm - posterior compartment, deep layer",,Posterior surface of ulna,Extensor expansion of digit II,Posterior interosseous nerve,Posterior interosseous artery,Extends index finger,,,seed_needs_review
muscle_abductor_pollicis_brevis,muscle,Abductor pollicis brevis muscle,Musculus abductor pollicis brevis,kurzer Daumenspreizer,upper limb,muscular,,,Abducts thumb,,"{""muscle"":{""classifications"":[{""region"":{""en"":""Muscles of the Upper Limb"",""de"":""Muskulatur der oberen Extremität""},""category"":{""en"":""Hand - thenar muscles, superficial layer"",""de"":""Thenarmuskeln (oberflächliche Schicht)""}}],""parts"":[],""origin"":[""Flexor retinaculum and scaphoid tubercle""],""insertion"":[""Base of proximal phalanx of thumb""],""innervation"":[""Recurrent branch of median nerve""],""blood_supply"":[""Superficial palmar branch of radial artery""],""actions"":[""Abducts thumb""]}}","Muscles of the Upper Limb / Hand - thenar muscles, superficial layer",,Flexor retinaculum and scaphoid tubercle,Base of proximal phalanx of thumb,Recurrent branch of median nerve,Superficial palmar branch of radial artery,Abducts thumb,,,seed_needs_review
muscle_flexor_pollicis_brevis,muscle,Flexor pollicis brevis muscle,Musculus flexor pollicis brevis,kurzer Daumenbeuger,upper limb,muscular,,,Flexes thumb,,"{""muscle"":{""classifications"":[{""region"":{""en"":""Muscles of the Upper Limb"",""de"":""Muskulatur der oberen Extremität""},""category"":{""en"":""Hand - thenar muscles"",""de"":""Thenarmuskeln""}}],""parts"":[""Caput superficiale, Caput profundum""],""origin"":[""Flexor retinaculum and trapezium""],""insertion"":[""Base of proximal phalanx of thumb""],""innervation"":[""Recurrent branch of median nerve; deep branch of ulnar nerve""],""blood_supply"":[""Superficial palmar branch of radial artery""],""actions"":[""Flexes thumb""]}}",Muscles of the Upper Limb / Hand - thenar muscles,"Caput superficiale, Caput profundum",Flexor retinaculum and trapezium,Base of proximal phalanx of thumb,Recurrent branch of median nerve; deep branch of ulnar nerve,Superficial palmar branch of radial artery,Flexes thumb,,,seed_needs_review
muscle_opponens_pollicis,muscle,Opponens pollicis muscle,Musculus opponens pollicis,Daumengegensteller,upper limb,muscular,,,Opposes thumb,,"{""muscle"":{""classifications"":[{""region"":{""en"":""Muscles of the Upper Limb"",""de"":""Muskulatur der oberen Extremität""},""category"":{""en"":""Hand - thenar muscles, deep layer"",""de"":""Thenarmuskeln (tiefe Schicht)""}}],""parts"":[],""origin"":[""Flexor retinaculum and trapezium""],""insertion"":[""Lateral border of metacarpal I""],""innervation"":[""Recurrent branch of median nerve""],""blood_supply"":[""Superficial palmar branch of radial artery""],""actions"":[""Opposes thumb""]}}","Muscles of the Upper Limb / Hand - thenar muscles, deep layer",,Flexor retinaculum and trapezium,Lateral border of metacarpal I,Recurrent branch of median nerve,Superficial palmar branch of radial artery,Opposes thumb,,,seed_needs_review
muscle_adductor_pollicis,muscle,Adductor pollicis muscle,Musculus adductor pollicis,Daumenanzieher,upper limb,muscular,,,Adducts thumb,,"{""muscle"":{""classifications"":[{""region"":{""en"":""Muscles of the Upper Limb"",""de"":""Muskulatur der oberen Extremität""},""category"":{""en"":""Hand - thenar muscles, deep layer"",""de"":""Thenarmuskeln (tiefe Schicht)""}}],""parts"":[""Caput obliquum, Caput transversum""],""origin"":[""Capitate and bases of metacarpals II-III and III""],""insertion"":[""Base of proximal phalanx of thumb""],""innervation"":[""Deep branch of ulnar nerve""],""blood_supply"":[""Deep palmar arch""],""actions"":[""Adducts thumb""]}}","Muscles of the Upper Limb / Hand - thenar muscles, deep layer","Caput obliquum, Caput transversum",Capitate and bases of metacarpals II-III and III,Base of proximal phalanx of thumb,Deep branch of ulnar nerve,Deep palmar arch,Adducts thumb,,,seed_needs_review
muscle_palmaris_brevis,muscle,Palmaris brevis muscle,Musculus palmaris brevis,kurzer Hohlhandmuskel,upper limb,muscular,,,Wrinkles skin of hypothenar eminence,,"{""muscle"":{""classifications"":[{""region"":{""en"":""Muscles of the Upper Limb"",""de"":""Muskulatur der oberen Extremität""},""category"":{""en"":""Hand - hypothenar muscles, superficial layer"",""de"":""Hypothenarmuskeln (oberflächliche Schicht)""}}],""parts"":[],""origin"":[""Palmar aponeurosis""],""insertion"":[""Skin of hypothenar eminence""],""innervation"":[""Superficial branch of ulnar nerve""],""blood_supply"":[""Superficial palmar arch""],""actions"":[""Wrinkles skin of hypothenar eminence""]}}","Muscles of the Upper Limb / Hand - hypothenar muscles, superficial layer",,Palmar aponeurosis,Skin of hypothenar eminence,Superficial branch of ulnar nerve,Superficial palmar arch,Wrinkles skin of hypothenar eminence,,,seed_needs_review
muscle_abductor_digiti_minimi,muscle,Abductor digiti minimi muscle,Musculus abductor digiti minimi,Kleinfingerspreizer,upper limb,muscular,,,Abducts little finger,,"{""muscle"":{""classifications"":[{""region"":{""en"":""Muscles of the Upper Limb"",""de"":""Muskulatur der oberen Extremität""},""category"":{""en"":""Hand - hypothenar muscles, superficial layer"",""de"":""Hypothenarmuskeln (oberflächliche Schicht)""}}],""parts"":[],""origin"":[""Pisiform bone""],""insertion"":[""Base of proximal phalanx of digit V""],""innervation"":[""Deep branch of ulnar nerve""],""blood_supply"":[""Deep palmar arch""],""actions"":[""Abducts little finger""]}}","Muscles of the Upper Limb / Hand - hypothenar muscles, superficial layer",,Pisiform bone,Base of proximal phalanx of digit V,Deep branch of ulnar nerve,Deep palmar arch,Abducts little finger,,,seed_needs_review
muscle_abductor_digiti_minimi_lower_limb,muscle,Abductor digiti minimi muscle,Musculus abductor digiti minimi,Kleinzehenspreizer,lower limb,muscular,,,Abducts little toe,,"{""muscle"":{""classifications"":[{""region"":{""en"":""Muscles of the Lower Limb"",""de"":""Muskulatur der unteren Extremität""},""category"":{""en"":""Foot - plantar muscles, layer I"",""de"":""Plantare Fußmuskeln (I. Schicht)""}}],""parts"":[],""origin"":[""Lateral process of calcaneal tuberosity""],""insertion"":[""Base of proximal phalanx of digit V""],""innervation"":[""Lateral plantar nerve""],""blood_supply"":[""Lateral plantar artery""],""actions"":[""Abducts little toe""]}}","Muscles of the Lower Limb / Foot - plantar muscles, layer I",,Lateral process of calcaneal tuberosity,Base of proximal phalanx of digit V,Lateral plantar nerve,Lateral plantar artery,Abducts little toe,,,seed_needs_review
muscle_flexor_digiti_minimi_brevis,muscle,Flexor digiti minimi brevis muscle,Musculus flexor digiti minimi brevis,kurzer Kleinfingerbeuger,upper limb,muscular,,,Flexes little finger,,"{""muscle"":{""classifications"":[{""region"":{""en"":""Muscles of the Upper Limb"",""de"":""Muskulatur der oberen Extremität""},""category"":{""en"":""Hand - hypothenar muscles, superficial layer"",""de"":""Hypothenarmuskeln (oberflächliche Schicht)""}}],""parts"":[],""origin"":[""Hook of hamate""],""insertion"":[""Base of proximal phalanx of digit V""],""innervation"":[""Deep branch of ulnar nerve""],""blood_supply"":[""Deep palmar arch""],""actions"":[""Flexes little finger""]}}","Muscles of the Upper Limb / Hand - hypothenar muscles, superficial layer",,Hook of hamate,Base of proximal phalanx of digit V,Deep branch of ulnar nerve,Deep palmar arch,Flexes little finger,,,seed_needs_review
muscle_flexor_digiti_minimi_brevis_lower_limb,muscle,Flexor digiti minimi brevis muscle,Musculus flexor digiti minimi brevis,kurzer Kleinzehenbeuger,lower limb,muscular,,,Flexes little toe,,"{""muscle"":{""classifications"":[{""region"":{""en"":""Muscles of the Lower Limb"",""de"":""Muskulatur der unteren Extremität""},""category"":{""en"":""Foot - plantar muscles, layer III"",""de"":""Plantare Fußmuskeln (III. Schicht)""}}],""parts"":[],""origin"":[""Base of metatarsal V""],""insertion"":[""Base of proximal phalanx of digit V""],""innervation"":[""Lateral plantar nerve""],""blood_supply"":[""Lateral plantar artery""],""actions"":[""Flexes little toe""]}}","Muscles of the Lower Limb / Foot - plantar muscles, layer III",,Base of metatarsal V,Base of proximal phalanx of digit V,Lateral plantar nerve,Lateral plantar artery,Flexes little toe,,,seed_needs_review
muscle_opponens_digiti_minimi,muscle,Opponens digiti minimi muscle,Musculus opponens digiti minimi,Kleinfingergegensteller,upper limb,muscular,,,Opposes little finger,,"{""muscle"":{""classifications"":[{""region"":{""en"":""Muscles of the Upper Limb"",""de"":""Muskulatur der oberen Extremität""},""category"":{""en"":""Hand - hypothenar muscles, deep layer"",""de"":""Hypothenarmuskeln (tiefe Schicht)""}}],""parts"":[],""origin"":[""Hook of hamate""],""insertion"":[""Medial border of metacarpal V""],""innervation"":[""Deep branch of ulnar nerve""],""blood_supply"":[""Deep palmar arch""],""actions"":[""Opposes little finger""]}}","Muscles of the Upper Limb / Hand - hypothenar muscles, deep layer",,Hook of hamate,Medial border of metacarpal V,Deep branch of ulnar nerve,Deep palmar arch,Opposes little finger,,,seed_needs_review
muscle_lumbricales,muscle,Lumbrical muscles,Musculi lumbricales,Wurmmuskeln der Hand,upper limb,muscular,,,Flex MCP and extend IP joints,,"{""muscle"":{""classifications"":[{""region"":{""en"":""Muscles of the Upper Limb"",""de"":""Muskulatur der oberen Extremität""},""category"":{""en"":""Hand - central compartment, superficial layer"",""de"":""Zentrale Handmuskeln (oberflächliche Schicht)""}}],""parts"":[],""origin"":[""Tendons of flexor digitorum profundus""],""insertion"":[""Extensor expansions of digits II-V""],""innervation"":[""Median nerve (I-II) and ulnar nerve (III-IV)""],""blood_supply"":[""Deep palmar arch""],""actions"":[""Flex MCP and extend IP joints""]}}","Muscles of the Upper Limb / Hand - central compartment, superficial layer",,Tendons of flexor digitorum profundus,Extensor expansions of digits II-V,Median nerve (I-II) and ulnar nerve (III-IV),Deep palmar arch,Flex MCP and extend IP joints,,,seed_needs_review
muscle_lumbricales_lower_limb,muscle,Lumbrical muscles,Musculi lumbricales,Wurmmuskeln des Fußes,lower limb,muscular,,,Flex MCP and extend IP joints,,"{""muscle"":{""classifications"":[{""region"":{""en"":""Muscles of the Lower Limb"",""de"":""Muskulatur der unteren Extremität""},""category"":{""en"":""Foot - plantar muscles, layer II"",""de"":""Plantare Fußmuskeln (II. Schicht)""}}],""parts"":[],""origin"":[""Tendons of flexor digitorum longus""],""insertion"":[""Extensor expansions of digits II-V""],""innervation"":[""Medial plantar nerve (I) and lateral plantar nerve (II-IV)""],""blood_supply"":[""Plantar metatarsal arteries""],""actions"":[""Flex MCP and extend IP joints""]}}","Muscles of the Lower Limb / Foot - plantar muscles, layer II",,Tendons of flexor digitorum longus,Extensor expansions of digits II-V,Medial plantar nerve (I) and lateral plantar nerve (II-IV),Plantar metatarsal arteries,Flex MCP and extend IP joints,,,seed_needs_review
muscle_interossei_palmares,muscle,Palmar interossei muscles,Musculi interossei palmares,hohlhandseitige Zwischenknochenmuskeln,upper limb,muscular,,,Adduct fingers toward axial line,,"{""muscle"":{""classifications"":[{""region"":{""en"":""Muscles of the Upper Limb"",""de"":""Muskulatur der oberen Extremität""},""category"":{""en"":""Hand - central compartment, deep layer"",""de"":""Zentrale Handmuskeln (tiefe Schicht)""}}],""parts"":[],""origin"":[""Sides of metacarpals II IV V""],""insertion"":[""Bases of proximal phalanges""],""innervation"":[""Deep branch of ulnar nerve""],""blood_supply"":[""Deep palmar arch""],""actions"":[""Adduct fingers toward axial line""]}}","Muscles of the Upper Limb / Hand - central compartment, deep layer",,Sides of metacarpals II IV V,Bases of proximal phalanges,Deep branch of ulnar nerve,Deep palmar arch,Adduct fingers toward axial line,,,seed_needs_review
muscle_interossei_dorsales,muscle,Dorsal interossei muscles,Musculi interossei dorsales,rückseitige Zwischenknochenmuskeln der Hand,upper limb,muscular,,,Abduct fingers away from axial line,,"{""muscle"":{""classifications"":[{""region"":{""en"":""Muscles of the Upper Limb"",""de"":""Muskulatur der oberen Extremität""},""category"":{""en"":""Hand - central compartment, deep layer"",""de"":""Zentrale Handmuskeln (tiefe Schicht)""}}],""parts"":[],""origin"":[""Adjacent sides of metacarpals I-V""],""insertion"":[""Bases of proximal phalanges""],""innervation"":[""Deep branch of ulnar nerve""],""blood_supply"":[""Deep palmar arch""],""actions"":[""Abduct fingers away from axial line""]}}","Muscles of the Upper Limb / Hand - central compartment, deep layer",,Adjacent sides of metacarpals I-V,Bases of proximal phalanges,Deep branch of ulnar nerve,Deep palmar arch,Abduct fingers away from axial line,,,seed_needs_review
muscle_interossei_dorsales_lower_limb,muscle,Dorsal interossei muscles,Musculi interossei dorsales,rückseitige Zwischenknochenmuskeln des Fußes,lower limb,muscular,,,Abduct toes,,"{""muscle"":{""classifications"":[{""region"":{""en"":""Muscles of the Lower Limb"",""de"":""Muskulatur der unteren Extremität""},""category"":{""en"":""Foot - plantar muscles, layer IV"",""de"":""Plantare Fußmuskeln (IV. Schicht)""}}],""parts"":[],""origin"":[""Adjacent sides of metatarsals I-V""],""insertion"":[""Bases of proximal phalanges""],""innervation"":[""Lateral plantar nerve""],""blood_supply"":[""Plantar metatarsal arteries""],""actions"":[""Abduct toes""]}}","Muscles of the Lower Limb / Foot - plantar muscles, layer IV",,Adjacent sides of metatarsals I-V,Bases of proximal phalanges,Lateral plantar nerve,Plantar metatarsal arteries,Abduct toes,,,seed_needs_review
muscle_gluteus_maximus,muscle,Gluteus maximus muscle,Musculus gluteus maximus,großer Gesäßmuskel,lower limb,muscular,,,Extends and laterally rotates hip,,"{""muscle"":{""classifications"":[{""region"":{""en"":""Muscles of the Lower Limb"",""de"":""Muskulatur der unteren Extremität""},""category"":{""en"":""Hip - superficial gluteal muscles"",""de"":""Oberflächliche Glutealmuskeln""}}],""parts"":[],""origin"":[""Ilium sacrum and coccyx""],""insertion"":[""Gluteal tuberosity and iliotibial tract""],""innervation"":[""Inferior gluteal nerve""],""blood_supply"":[""Inferior gluteal artery""],""actions"":[""Extends and laterally rotates hip""]}}",Muscles of the Lower Limb / Hip - superficial gluteal muscles,,Ilium sacrum and coccyx,Gluteal tuberosity and iliotibial tract,Inferior gluteal nerve,Inferior gluteal artery,Extends and laterally rotates hip,,,seed_needs_review
muscle_gluteus_medius,muscle,Gluteus medius muscle,Musculus gluteus medius,mittlerer Gesäßmuskel,lower limb,muscular,,,Abducts and medially rotates hip,,"{""muscle"":{""classifications"":[{""region"":{""en"":""Muscles of the Lower Limb"",""de"":""Muskulatur der unteren Extremität""},""category"":{""en"":""Hip - superficial gluteal muscles"",""de"":""Oberflächliche Glutealmuskeln""}}],""parts"":[],""origin"":[""Ilium between anterior and posterior gluteal lines""],""insertion"":[""Greater trochanter""],""innervation"":[""Superior gluteal nerve""],""blood_supply"":[""Superior gluteal artery""],""actions"":[""Abducts and medially rotates hip""]}}",Muscles of the Lower Limb / Hip - superficial gluteal muscles,,Ilium between anterior and posterior gluteal lines,Greater trochanter,Superior gluteal nerve,Superior gluteal artery,Abducts and medially rotates hip,,,seed_needs_review
muscle_gluteus_minimus,muscle,Gluteus minimus muscle,Musculus gluteus minimus,kleiner Gesäßmuskel,lower limb,muscular,,,Abducts and medially rotates hip,,"{""muscle"":{""classifications"":[{""region"":{""en"":""Muscles of the Lower Limb"",""de"":""Muskulatur der unteren Extremität""},""category"":{""en"":""Hip - superficial gluteal muscles"",""de"":""Oberflächliche Glutealmuskeln""}}],""parts"":[],""origin"":[""Ilium between anterior and inferior gluteal lines""],""insertion"":[""Greater trochanter""],""innervation"":[""Superior gluteal nerve""],""blood_supply"":[""Superior gluteal artery""],""actions"":[""Abducts and medially rotates hip""]}}",Muscles of the Lower Limb / Hip - superficial gluteal muscles,,Ilium between anterior and inferior gluteal lines,Greater trochanter,Superior gluteal nerve,Superior gluteal artery,Abducts and medially rotates hip,,,seed_needs_review
muscle_piriformis,muscle,Piriformis muscle,Musculus piriformis,birnenförmiger Muskel,lower limb,muscular,,,Laterally rotates and abducts hip,,"{""muscle"":{""classifications"":[{""region"":{""en"":""Muscles of the Lower Limb"",""de"":""Muskulatur der unteren Extremität""},""category"":{""en"":""Hip - deep lateral rotators"",""de"":""Tiefe Hüftrotatoren""}}],""parts"":[],""origin"":[""Anterior surface of sacrum""],""insertion"":[""Greater trochanter""],""innervation"":[""Nerve to piriformis (S1-S2)""],""blood_supply"":[""Superior and inferior gluteal arteries""],""actions"":[""Laterally rotates and abducts hip""]}}",Muscles of the Lower Limb / Hip - deep lateral rotators,,Anterior surface of sacrum,Greater trochanter,Nerve to piriformis (S1-S2),Superior and inferior gluteal arteries,Laterally rotates and abducts hip,,,seed_needs_review
muscle_obturatorius_internus,muscle,Obturator internus muscle,Musculus obturatorius internus,innerer Hüftlochmuskel,lower limb,muscular,,,Laterally rotates hip,,"{""muscle"":{""classifications"":[{""region"":{""en"":""Muscles of the Lower Limb"",""de"":""Muskulatur der unteren Extremität""},""category"":{""en"":""Hip - deep lateral rotators"",""de"":""Tiefe Hüftrotatoren""}}],""parts"":[],""origin"":[""Internal surface of obturator membrane""],""insertion"":[""Greater trochanter""],""innervation"":[""Nerve to obturator internus""],""blood_supply"":[""Obturator artery""],""actions"":[""Laterally rotates hip""]}}",Muscles of the Lower Limb / Hip - deep lateral rotators,,Internal surface of obturator membrane,Greater trochanter,Nerve to obturator internus,Obturator artery,Laterally rotates hip,,,seed_needs_review
muscle_gemellus_superior,muscle,Superior gemellus muscle,Musculus gemellus superior,oberer Zwillingsmuskel,lower limb,muscular,,,Laterally rotates hip,,"{""muscle"":{""classifications"":[{""region"":{""en"":""Muscles of the Lower Limb"",""de"":""Muskulatur der unteren Extremität""},""category"":{""en"":""Hip - deep lateral rotators"",""de"":""Tiefe Hüftrotatoren""}}],""parts"":[],""origin"":[""Ischial spine""],""insertion"":[""Greater trochanter""],""innervation"":[""Nerve to obturator internus""],""blood_supply"":[""Inferior gluteal artery""],""actions"":[""Laterally rotates hip""]}}",Muscles of the Lower Limb / Hip - deep lateral rotators,,Ischial spine,Greater trochanter,Nerve to obturator internus,Inferior gluteal artery,Laterally rotates hip,,,seed_needs_review
muscle_gemellus_inferior,muscle,Inferior gemellus muscle,Musculus gemellus inferior,unterer Zwillingsmuskel,lower limb,muscular,,,Laterally rotates hip,,"{""muscle"":{""classifications"":[{""region"":{""en"":""Muscles of the Lower Limb"",""de"":""Muskulatur der unteren Extremität""},""category"":{""en"":""Hip - deep lateral rotators"",""de"":""Tiefe Hüftrotatoren""}}],""parts"":[],""origin"":[""Ischial tuberosity""],""insertion"":[""Greater trochanter""],""innervation"":[""Nerve to quadratus femoris""],""blood_supply"":[""Inferior gluteal artery""],""actions"":[""Laterally rotates hip""]}}",Muscles of the Lower Limb / Hip - deep lateral rotators,,Ischial tuberosity,Greater trochanter,Nerve to quadratus femoris,Inferior gluteal artery,Laterally rotates hip,,,seed_needs_review
muscle_quadratus_femoris,muscle,Quadratus femoris muscle,Musculus quadratus femoris,quadratischer Oberschenkelmuskel,lower limb,muscular,,,Laterally rotates and adducts hip,,"{""muscle"":{""classifications"":[{""region"":{""en"":""Muscles of the Lower Limb"",""de"":""Muskulatur der unteren Extremität""},""category"":{""en"":""Hip - deep lateral rotators"",""de"":""Tiefe Hüftrotatoren""}}],""parts"":[],""origin"":[""Ischial tuberosity""],""insertion"":[""Intertrochanteric crest""],""innervation"":[""Nerve to quadratus femoris""],""blood_supply"":[""Medial circumflex femoral artery""],""actions"":[""Laterally rotates and adducts hip""]}}",Muscles of the Lower Limb / Hip - deep lateral rotators,,Ischial tuberosity,Intertrochanteric crest,Nerve to quadratus femoris,Medial circumflex femoral artery,Laterally rotates and adducts hip,,,seed_needs_review
muscle_obturatorius_externus,muscle,Obturator externus muscle,Musculus obturatorius externus,äußerer Hüftlochmuskel,lower limb,muscular,,,Laterally rotates hip,,"{""muscle"":{""classifications"":[{""region"":{""en"":""Muscles of the Lower Limb"",""de"":""Muskulatur der unteren Extremität""},""category"":{""en"":""Hip - deep lateral rotators"",""de"":""Tiefe Hüftrotatoren""}}],""parts"":[],""origin"":[""External surface of obturator membrane""],""insertion"":[""Greater trochanter""],""innervation"":[""Obturator nerve""],""blood_supply"":[""Medial circumflex femoral artery""],""actions"":[""Laterally rotates hip""]}}",Muscles of the Lower Limb / Hip - deep lateral rotators,,External surface of obturator membrane,Greater trochanter,Obturator nerve,Medial circumflex femoral artery,Laterally rotates hip,,,seed_needs_review
muscle_iliopsoas,muscle,Iliopsoas muscle,Musculus iliopsoas,Darmbein-Lenden-Muskel,lower limb,muscular,,,Flexes hip,,"{""muscle"":{""classifications"":[{""region"":{""en"":""Muscles of the Lower Limb"",""de"":""Muskulatur der unteren Extremität""},""category"":{""en"":""Thigh - anterior compartment"",""de"":""Vordere Oberschenkelmuskeln""}}],""parts"":[],""origin"":[""Lumbar vertebrae and iliac fossa""],""insertion"":[""Lesser trochanter of femur""],""innervation"":[""Femoral nerve (iliacus) and lumbar plexus (psoas major)""],""blood_supply"":[""Lumbar and iliolumbar arteries""],""actions"":[""Flexes hip""]}}",Muscles of the Lower Limb / Thigh - anterior compartment,,Lumbar vertebrae and iliac fossa,Lesser trochanter of femur,Femoral nerve (iliacus) and lumbar plexus (psoas major),Lumbar and iliolumbar arteries,Flexes hip,,,seed_needs_review
muscle_psoas_major,muscle,Psoas major muscle,Musculus psoas major,großer Lendenmuskel,lower limb,muscular,,,Flexes hip and trunk,,"{""muscle"":{""classifications"":[{""region"":{""en"":""Muscles of the Lower Limb"",""de"":""Muskulatur der unteren Extremität""},""category"":{""en"":""Thigh - anterior compartment"",""de"":""Vordere Oberschenkelmuskeln""}}],""parts"":[],""origin"":[""Bodies and transverse processes of T12-L5""],""insertion"":[""Lesser trochanter of femur""],""innervation"":[""Lumbar plexus branches""],""blood_supply"":[""Lumbar arteries""],""actions"":[""Flexes hip and trunk""]}}",Muscles of the Lower Limb / Thigh - anterior compartment,,Bodies and transverse processes of T12-L5,Lesser trochanter of femur,Lumbar plexus branches,Lumbar arteries,Flexes hip and trunk,,,seed_needs_review
muscle_iliacus,muscle,Iliacus muscle,Musculus iliacus,Darmbeinmuskel,lower limb,muscular,,,Flexes hip,,"{""muscle"":{""classifications"":[{""region"":{""en"":""Muscles of the Lower Limb"",""de"":""Muskulatur der unteren Extremität""},""category"":{""en"":""Thigh - anterior compartment"",""de"":""Vordere Oberschenkelmuskeln""}}],""parts"":[],""origin"":[""Iliac fossa""],""insertion"":[""Lesser trochanter of femur""],""innervation"":[""Femoral nerve""],""blood_supply"":[""Iliolumbar artery""],""actions"":[""Flexes hip""]}}",Muscles of the Lower Limb / Thigh - anterior compartment,,Iliac fossa,Lesser trochanter of femur,Femoral nerve,Iliolumbar artery,Flexes hip,,,seed_needs_review
muscle_sartorius,muscle,Sartorius muscle,Musculus sartorius,Schneidermuskel,lower limb,muscular,,,Flexes hip and knee,,"{""muscle"":{""classifications"":[{""region"":{""en"":""Muscles of the Lower Limb"",""de"":""Muskulatur der unteren Extremität""},""category"":{""en"":""Thigh - anterior compartment"",""de"":""Vordere Oberschenkelmuskeln""}}],""parts"":[],""origin"":[""Anterior superior iliac spine""],""insertion"":[""Medial surface of tibia (pes anserinus)""],""innervation"":[""Femoral nerve""],""blood_supply"":[""Femoral artery""],""actions"":[""Flexes hip and knee""]}}",Muscles of the Lower Limb / Thigh - anterior compartment,,Anterior superior iliac spine,Medial surface of tibia (pes anserinus),Femoral nerve,Femoral artery,Flexes hip and knee,,,seed_needs_review
muscle_quadriceps_femoris,muscle,Quadriceps femoris muscle,Musculus quadriceps femoris,vierköpfiger Oberschenkelmuskel,lower limb,muscular,,,Extends knee,,"{""muscle"":{""classifications"":[{""region"":{""en"":""Muscles of the Lower Limb"",""de"":""Muskulatur der unteren Extremität""},""category"":{""en"":""Thigh - anterior compartment"",""de"":""Vordere Oberschenkelmuskeln""}}],""parts"":[""Rectus femoris, Vastus lateralis, Vastus medialis, Vastus intermedius""],""origin"":[""Anterior inferior iliac spine and femur""],""insertion"":[""Tibial tuberosity via patellar ligament""],""innervation"":[""Femoral nerve""],""blood_supply"":[""Femoral artery""],""actions"":[""Extends knee""]}}",Muscles of the Lower Limb / Thigh - anterior compartment,"Rectus femoris, Vastus lateralis, Vastus medialis, Vastus intermedius",Anterior inferior iliac spine and femur,Tibial tuberosity via patellar ligament,Femoral nerve,Femoral artery,Extends knee,,,seed_needs_review
muscle_articularis_genus,muscle,Articularis genus muscle,Musculus articularis genus,Kniegelenksmuskel,lower limb,muscular,,,Pulls suprapatellar bursa superiorly,,"{""muscle"":{""classifications"":[{""region"":{""en"":""Muscles of the Lower Limb"",""de"":""Muskulatur der unteren Extremität""},""category"":{""en"":""Thigh - anterior compartment"",""de"":""Vordere Oberschenkelmuskeln""}}],""parts"":[],""origin"":[""Anterior distal femur""],""insertion"":[""Suprapatellar bursa""],""innervation"":[""Femoral nerve""],""blood_supply"":[""Femoral artery""],""actions"":[""Pulls suprapatellar bursa superiorly""]}}",Muscles of the Lower Limb / Thigh - anterior compartment,,Anterior distal femur,Suprapatellar bursa,Femoral nerve,Femoral artery,Pulls suprapatellar bursa superiorly,,,seed_needs_review
muscle_pectineus,muscle,Pectineus muscle,Musculus pectineus,Kammmuskel,lower limb,muscular,,,Adducts and flexes hip,,"{""muscle"":{""classifications"":[{""region"":{""en"":""Muscles of the Lower Limb"",""de"":""Muskulatur der unteren Extremität""},""category"":{""en"":""Thigh - medial compartment"",""de"":""Mediale Oberschenkelmuskeln""}}],""parts"":[],""origin"":[""Pecten pubis""],""insertion"":[""Pectineal line of femur""],""innervation"":[""Femoral nerve (occasionally obturator nerve)""],""blood_supply"":[""Medial circumflex femoral artery""],""actions"":[""Adducts and flexes hip""]}}",Muscles of the Lower Limb / Thigh - medial compartment,,Pecten pubis,Pectineal line of femur,Femoral nerve (occasionally obturator nerve),Medial circumflex femoral artery,Adducts and flexes hip,,,seed_needs_review
muscle_adductor_longus,muscle,Adductor longus muscle,Musculus adductor longus,langer Adduktor,lower limb,muscular,,,Adducts thigh,,"{""muscle"":{""classifications"":[{""region"":{""en"":""Muscles of the Lower Limb"",""de"":""Muskulatur der unteren Extremität""},""category"":{""en"":""Thigh - medial compartment"",""de"":""Mediale Oberschenkelmuskeln""}}],""parts"":[],""origin"":[""Body of pubis""],""insertion"":[""Middle third of linea aspera""],""innervation"":[""Obturator nerve""],""blood_supply"":[""Obturator artery""],""actions"":[""Adducts thigh""]}}",Muscles of the Lower Limb / Thigh - medial compartment,,Body of pubis,Middle third of linea aspera,Obturator nerve,Obturator artery,Adducts thigh,,,seed_needs_review
muscle_adductor_brevis,muscle,Adductor brevis muscle,Musculus adductor brevis,kurzer Adduktor,lower limb,muscular,,,Adducts thigh,,"{""muscle"":{""classifications"":[{""region"":{""en"":""Muscles of the Lower Limb"",""de"":""Muskulatur der unteren Extremität""},""category"":{""en"":""Thigh - medial compartment"",""de"":""Mediale Oberschenkelmuskeln""}}],""parts"":[],""origin"":[""Body and inferior ramus of pubis""],""insertion"":[""Pectineal line and proximal linea aspera""],""innervation"":[""Obturator nerve""],""blood_supply"":[""Obturator artery""],""actions"":[""Adducts thigh""]}}",Muscles of the Lower Limb / Thigh - medial compartment,,Body and inferior ramus of pubis,Pectineal line and proximal linea aspera,Obturator nerve,Obturator artery,Adducts thigh,,,seed_needs_review
muscle_adductor_magnus,muscle,Adductor magnus muscle,Musculus adductor magnus,großer Adduktor,lower limb,muscular,,,Adducts thigh and extends hip,,"{""muscle"":{""classifications"":[{""region"":{""en"":""Muscles of the Lower Limb"",""de"":""Muskulatur der unteren Extremität""},""category"":{""en"":""Thigh - medial compartment"",""de"":""Mediale Oberschenkelmuskeln""}}],""parts"":[""Pars adductoria, Pars hamstringa""],""origin"":[""Inferior ramus of pubis and ischial tuberosity""],""insertion"":[""Linea aspera and adductor tubercle""],""innervation"":[""Obturator nerve (pars adductoria) and tibial part of sciatic nerve (pars hamstringa)""],""blood_supply"":[""Obturator artery and profunda femoris artery""],""actions"":[""Adducts thigh and extends hip""]}}",Muscles of the Lower Limb / Thigh - medial compartment,"Pars adductoria, Pars hamstringa",Inferior ramus of pubis and ischial tuberosity,Linea aspera and adductor tubercle,Obturator nerve (pars adductoria) and tibial part of sciatic nerve (pars hamstringa),Obturator artery and profunda femoris artery,Adducts thigh and extends hip,,,seed_needs_review
muscle_gracilis,muscle,Gracilis muscle,Musculus gracilis,schlanker Muskel,lower limb,muscular,,,Adducts thigh and flexes knee,,"{""muscle"":{""classifications"":[{""region"":{""en"":""Muscles of the Lower Limb"",""de"":""Muskulatur der unteren Extremität""},""category"":{""en"":""Thigh - medial compartment"",""de"":""Mediale Oberschenkelmuskeln""}}],""parts"":[],""origin"":[""Inferior ramus of pubis""],""insertion"":[""Medial surface of tibia (pes anserinus)""],""innervation"":[""Obturator nerve""],""blood_supply"":[""Medial circumflex femoral artery""],""actions"":[""Adducts thigh and flexes knee""]}}",Muscles of the Lower Limb / Thigh - medial compartment,,Inferior ramus of pubis,Medial surface of tibia (pes anserinus),Obturator nerve,Medial circumflex femoral artery,Adducts thigh and flexes knee,,,seed_needs_review
muscle_biceps_femoris,muscle,Biceps femoris muscle,Musculus biceps femoris,zweiköpfiger Oberschenkelmuskel,lower limb,muscular,,,Flexes knee and extends hip,,"{""muscle"":{""classifications"":[{""region"":{""en"":""Muscles of the Lower Limb"",""de"":""Muskulatur der unteren Extremität""},""category"":{""en"":""Thigh - posterior compartment"",""de"":""Hintere Oberschenkelmuskeln""}}],""parts"":[""Caput longum, Caput breve""],""origin"":[""Ischial tuberosity and linea aspera""],""insertion"":[""Head of fibula""],""innervation"":[""Tibial nerve (caput longum) and common fibular nerve (caput breve)""],""blood_supply"":[""Perforating branches of profunda femoris artery""],""actions"":[""Flexes knee and extends hip""]}}",Muscles of the Lower Limb / Thigh - posterior compartment,"Caput longum, Caput breve",Ischial tuberosity and linea aspera,Head of fibula,Tibial nerve (caput longum) and common fibular nerve (caput breve),Perforating branches of profunda femoris artery,Flexes knee and extends hip,,,seed_needs_review
muscle_semitendinosus,muscle,Semitendinosus muscle,Musculus semitendinosus,Halbsehnenmuskel,lower limb,muscular,,,Extends hip and flexes knee,,"{""muscle"":{""classifications"":[{""region"":{""en"":""Muscles of the Lower Limb"",""de"":""Muskulatur der unteren Extremität""},""category"":{""en"":""Thigh - posterior compartment"",""de"":""Hintere Oberschenkelmuskeln""}}],""parts"":[],""origin"":[""Ischial tuberosity""],""insertion"":[""Medial surface of tibia (pes anserinus)""],""innervation"":[""Tibial nerve""],""blood_supply"":[""Perforating branches of profunda femoris artery""],""actions"":[""Extends hip and flexes knee""]}}",Muscles of the Lower Limb / Thigh - posterior compartment,,Ischial tuberosity,Medial surface of tibia (pes anserinus),Tibial nerve,Perforating branches of profunda femoris artery,Extends hip and flexes knee,,,seed_needs_review
muscle_semimembranosus,muscle,Semimembranosus muscle,Musculus semimembranosus,Plattensehnenmuskel,lower limb,muscular,,,Extends hip and flexes knee,,"{""muscle"":{""classifications"":[{""region"":{""en"":""Muscles of the Lower Limb"",""de"":""Muskulatur der unteren Extremität""},""category"":{""en"":""Thigh - posterior compartment"",""de"":""Hintere Oberschenkelmuskeln""}}],""parts"":[],""origin"":[""Ischial tuberosity""],""insertion"":[""Posterior medial condyle of tibia""],""innervation"":[""Tibial nerve""],""blood_supply"":[""Perforating branches of profunda femoris artery""],""actions"":[""Extends hip and flexes knee""]}}",Muscles of the Lower Limb / Thigh - posterior compartment,,Ischial tuberosity,Posterior medial condyle of tibia,Tibial nerve,Perforating branches of profunda femoris artery,Extends hip and flexes knee,,,seed_needs_review
muscle_tibialis_anterior,muscle,Tibialis anterior muscle,Musculus tibialis anterior,vorderer Schienbeinmuskel,lower limb,muscular,,,Dorsiflexes and inverts foot,,"{""muscle"":{""classifications"":[{""region"":{""en"":""Muscles of the Lower Limb"",""de"":""Muskulatur der unteren Extremität""},""category"":{""en"":""Leg - anterior compartment"",""de"":""Vordere Unterschenkelmuskeln""}}],""parts"":[],""origin"":[""Lateral condyle and shaft of tibia""],""insertion"":[""Medial cuneiform and base of metatarsal I""],""innervation"":[""Deep fibular nerve""],""blood_supply"":[""Anterior tibial artery""],""actions"":[""Dorsiflexes and inverts foot""]}}",Muscles of the Lower Limb / Leg - anterior compartment,,Lateral condyle and shaft of tibia,Medial cuneiform and base of metatarsal I,Deep fibular nerve,Anterior tibial artery,Dorsiflexes and inverts foot,,,seed_needs_review
muscle_extensor_hallucis_longus,muscle,Extensor hallucis longus muscle,Musculus extensor hallucis longus,langer Großzehenstrecker,lower limb,muscular,,,Extends great toe,,"{""muscle"":{""classifications"":[{""region"":{""en"":""Muscles of the Lower Limb"",""de"":""Muskulatur der unteren Extremität""},""category"":{""en"":""Leg - anterior compartment"",""de"":""Vordere Unterschenkelmuskeln""}}],""parts"":[],""origin"":[""Anterior surface of fibula""],""insertion"":[""Distal phalanx of hallux""],""innervation"":[""Deep fibular nerve""],""blood_supply"":[""Anterior tibial artery""],""actions"":[""Extends great toe""]}}",Muscles of the Lower Limb / Leg - anterior compartment,,Anterior surface of fibula,Distal phalanx of hallux,Deep fibular nerve,Anterior tibial artery,Extends great toe,,,seed_needs_review
muscle_extensor_digitorum_longus,muscle,Extensor digitorum longus muscle,Musculus extensor digitorum longus,langer Zehenstrecker,lower limb,muscular,,,Extends toes,,"{""muscle"":{""classifications"":[{""region"":{""en"":""Muscles of the Lower Limb"",""de"":""Muskulatur der unteren Extremität""},""category"":{""en"":""Leg - anterior compartment"",""de"":""Vordere Unterschenkelmuskeln""}}],""parts"":[],""origin"":[""Lateral condyle of tibia and fibula""],""insertion"":[""Middle and distal phalanges of digits II-V""],""innervation"":[""Deep fibular nerve""],""blood_supply"":[""Anterior tibial artery""],""actions"":[""Extends toes""]}}",Muscles of the Lower Limb / Leg - anterior compartment,,Lateral condyle of tibia and fibula,Middle and distal phalanges of digits II-V,Deep fibular nerve,Anterior tibial artery,Extends toes,,,seed_needs_review
muscle_fibularis_tertius,muscle,Fibularis tertius muscle,Musculus fibularis tertius,dritter Wadenbeinmuskel,lower limb,muscular,,,Dorsiflexes and everts foot,,"{""muscle"":{""classifications"":[{""region"":{""en"":""Muscles of the Lower Limb"",""de"":""Muskulatur der unteren Extremität""},""category"":{""en"":""Leg - anterior compartment"",""de"":""Vordere Unterschenkelmuskeln""}}],""parts"":[],""origin"":[""Distal fibula""],""insertion"":[""Base of metatarsal V""],""innervation"":[""Deep fibular nerve""],""blood_supply"":[""Anterior tibial artery""],""actions"":[""Dorsiflexes and everts foot""]}}",Muscles of the Lower Limb / Leg - anterior compartment,,Distal fibula,Base of metatarsal V,Deep fibular nerve,Anterior tibial artery,Dorsiflexes and everts foot,,,seed_needs_review
muscle_fibularis_longus,muscle,Fibularis longus muscle,Musculus fibularis longus,langer Wadenbeinmuskel,lower limb,muscular,,,Everts and plantarflexes foot,,"{""muscle"":{""classifications"":[{""region"":{""en"":""Muscles of the Lower Limb"",""de"":""Muskulatur der unteren Extremität""},""category"":{""en"":""Leg - lateral compartment"",""de"":""Laterale Unterschenkelmuskeln""}}],""parts"":[],""origin"":[""Head and lateral shaft of fibula""],""insertion"":[""Base of metatarsal I and medial cuneiform""],""innervation"":[""Superficial fibular nerve""],""blood_supply"":[""Fibular artery""],""actions"":[""Everts and plantarflexes foot""]}}",Muscles of the Lower Limb / Leg - lateral compartment,,Head and lateral shaft of fibula,Base of metatarsal I and medial cuneiform,Superficial fibular nerve,Fibular artery,Everts and plantarflexes foot,,,seed_needs_review
muscle_fibularis_brevis,muscle,Fibularis brevis muscle,Musculus fibularis brevis,kurzer Wadenbeinmuskel,lower limb,muscular,,,Everts foot,,"{""muscle"":{""classifications"":[{""region"":{""en"":""Muscles of the Lower Limb"",""de"":""Muskulatur der unteren Extremität""},""category"":{""en"":""Leg - lateral compartment"",""de"":""Laterale Unterschenkelmuskeln""}}],""parts"":[],""origin"":[""Distal lateral fibula""],""insertion"":[""Base of metatarsal V""],""innervation"":[""Superficial fibular nerve""],""blood_supply"":[""Fibular artery""],""actions"":[""Everts foot""]}}",Muscles of the Lower Limb / Leg - lateral compartment,,Distal lateral fibula,Base of metatarsal V,Superficial fibular nerve,Fibular artery,Everts foot,,,seed_needs_review
muscle_gastrocnemius,muscle,Gastrocnemius muscle,Musculus gastrocnemius,zweiköpfiger Wadenmuskel,lower limb,muscular,,,Plantarflexes foot and flexes knee,,"{""muscle"":{""classifications"":[{""region"":{""en"":""Muscles of the Lower Limb"",""de"":""Muskulatur der unteren Extremität""},""category"":{""en"":""Leg - posterior compartment, superficial layer"",""de"":""Oberflächliche hintere Unterschenkelmuskeln""}}],""parts"":[""Caput mediale, Caput laterale""],""origin"":[""Femoral condyles""],""insertion"":[""Calcaneus via Achilles tendon""],""innervation"":[""Tibial nerve""],""blood_supply"":[""Posterior tibial artery and sural branches""],""actions"":[""Plantarflexes foot and flexes knee""]}}","Muscles of the Lower Limb / Leg - posterior compartment, superficial layer","Caput mediale, Caput laterale",Femoral condyles,Calcaneus via Achilles tendon,Tibial nerve,Posterior tibial artery and sural branches,Plantarflexes foot and flexes knee,,,seed_needs_review
muscle_soleus,muscle,Soleus muscle,Musculus soleus,Schollenmuskel,lower limb,muscular,,,Plantarflexes foot,,"{""muscle"":{""classifications"":[{""region"":{""en"":""Muscles of the Lower Limb"",""de"":""Muskulatur der unteren Extremität""},""category"":{""en"":""Leg - posterior compartment, superficial layer"",""de"":""Oberflächliche hintere Unterschenkelmuskeln""}}],""parts"":[],""origin"":[""Posterior tibia and fibula""],""insertion"":[""Calcaneus via Achilles tendon""],""innervation"":[""Tibial nerve""],""blood_supply"":[""Posterior tibial artery and fibular artery""],""actions"":[""Plantarflexes foot""]}}","Muscles of the Lower Limb / Leg - posterior compartment, superficial layer",,Posterior tibia and fibula,Calcaneus via Achilles tendon,Tibial nerve,Posterior tibial artery and fibular artery,Plantarflexes foot,,,seed_needs_review
muscle_plantaris,muscle,Plantaris muscle,Musculus plantaris,Fußsohlenmuskel,lower limb,muscular,,,Weak plantarflexion,,"{""muscle"":{""classifications"":[{""region"":{""en"":""Muscles of the Lower Limb"",""de"":""Muskulatur der unteren Extremität""},""category"":{""en"":""Leg - posterior compartment, superficial layer"",""de"":""Oberflächliche hintere Unterschenkelmuskeln""}}],""parts"":[],""origin"":[""Lateral supracondylar line of femur""],""insertion"":[""Calcaneus""],""innervation"":[""Tibial nerve""],""blood_supply"":[""Posterior tibial artery""],""actions"":[""Weak plantarflexion""]}}","Muscles of the Lower Limb / Leg - posterior compartment, superficial layer",,Lateral supracondylar line of femur,Calcaneus,Tibial nerve,Posterior tibial artery,Weak plantarflexion,,,seed_needs_review
muscle_popliteus,muscle,Popliteus muscle,Musculus popliteus,Kniekehlenmuskel,lower limb,muscular,,,Unlocks knee,,"{""muscle"":{""classifications"":[{""region"":{""en"":""Muscles of the Lower Limb"",""de"":""Muskulatur der unteren Extremität""},""category"":{""en"":""Leg - posterior compartment, deep layer"",""de"":""Tiefe hintere Unterschenkelmuskeln""}}],""parts"":[],""origin"":[""Lateral femoral condyle and lateral meniscus""],""insertion"":[""Posterior tibia""],""innervation"":[""Tibial nerve""],""blood_supply"":[""Popliteal artery""],""actions"":[""Unlocks knee""]}}","Muscles of the Lower Limb / Leg - posterior compartment, deep layer",,Lateral femoral condyle and lateral meniscus,Posterior tibia,Tibial nerve,Popliteal artery,Unlocks knee,,,seed_needs_review
muscle_tibialis_posterior,muscle,Tibialis posterior muscle,Musculus tibialis posterior,hinterer Schienbeinmuskel,lower limb,muscular,,,Plantarflexes and inverts foot,,"{""muscle"":{""classifications"":[{""region"":{""en"":""Muscles of the Lower Limb"",""de"":""Muskulatur der unteren Extremität""},""category"":{""en"":""Leg - posterior compartment, deep layer"",""de"":""Tiefe hintere Unterschenkelmuskeln""}}],""parts"":[],""origin"":[""Posterior tibia fibula and interosseous membrane""],""insertion"":[""Tarsal bones""],""innervation"":[""Tibial nerve""],""blood_supply"":[""Posterior tibial artery""],""actions"":[""Plantarflexes and inverts foot""]}}","Muscles of the Lower Limb / Leg - posterior compartment, deep layer",,Posterior tibia fibula and interosseous membrane,Tarsal bones,Tibial nerve,Posterior tibial artery,Plantarflexes and inverts foot,,,seed_needs_review
muscle_flexor_hallucis_longus,muscle,Flexor hallucis longus muscle,Musculus flexor hallucis longus,langer Großzehenbeuger,lower limb,muscular,,,Flexes great toe,,"{""muscle"":{""classifications"":[{""region"":{""en"":""Muscles of the Lower Limb"",""de"":""Muskulatur der unteren Extremität""},""category"":{""en"":""Leg - posterior compartment, deep layer"",""de"":""Tiefe hintere Unterschenkelmuskeln""}}],""parts"":[],""origin"":[""Posterior fibula""],""insertion"":[""Distal phalanx of hallux""],""innervation"":[""Tibial nerve""],""blood_supply"":[""Posterior tibial artery""],""actions"":[""Flexes great toe""]}}","Muscles of the Lower Limb / Leg - posterior compartment, deep layer",,Posterior fibula,Distal phalanx of hallux,Tibial nerve,Posterior tibial artery,Flexes great toe,,,seed_needs_review
muscle_flexor_digitorum_longus,muscle,Flexor digitorum longus muscle,Musculus flexor digitorum longus,langer Zehenbeuger,lower limb,muscular,,,Flexes toes,,"{""muscle"":{""classifications"":[{""region"":{""en"":""Muscles of the Lower Limb"",""de"":""Muskulatur der unteren Extremität""},""category"":{""en"":""Leg - posterior compartment, deep layer"",""de"":""Tiefe hintere Unterschenkelmuskeln""}}],""parts"":[],""origin"":[""Posterior tibia""],""insertion"":[""Distal phalanges of digits II-V""],""innervation"":[""Tibial nerve""],""blood_supply"":[""Posterior tibial artery""],""actions"":[""Flexes toes""]}}","Muscles of the Lower Limb / Leg - posterior compartment, deep layer",,Posterior tibia,Distal phalanges of digits II-V,Tibial nerve,Posterior tibial artery,Flexes toes,,,seed_needs_review
muscle_extensor_digitorum_brevis,muscle,Extensor digitorum brevis muscle,Musculus extensor digitorum brevis,kurzer Zehenstrecker,lower limb,muscular,,,Extends toes,,"{""muscle"":{""classifications"":[{""region"":{""en"":""Muscles of the Lower Limb"",""de"":""Muskulatur der unteren Extremität""},""category"":{""en"":""Foot - dorsal muscles"",""de"":""Dorsale Fußmuskeln""}}],""parts"":[],""origin"":[""Superolateral calcaneus""],""insertion"":[""Extensor tendons of digits II-IV""],""innervation"":[""Deep fibular nerve""],""blood_supply"":[""Dorsalis pedis artery""],""actions"":[""Extends toes""]}}",Muscles of the Lower Limb / Foot - dorsal muscles,,Superolateral calcaneus,Extensor tendons of digits II-IV,Deep fibular nerve,Dorsalis pedis artery,Extends toes,,,seed_needs_review
muscle_extensor_hallucis_brevis,muscle,Extensor hallucis brevis muscle,Musculus extensor hallucis brevis,kurzer Großzehenstrecker,lower limb,muscular,,,Extends great toe,,"{""muscle"":{""classifications"":[{""region"":{""en"":""Muscles of the Lower Limb"",""de"":""Muskulatur der unteren Extremität""},""category"":{""en"":""Foot - dorsal muscles"",""de"":""Dorsale Fußmuskeln""}}],""parts"":[],""origin"":[""Calcaneus""],""insertion"":[""Base of proximal phalanx of hallux""],""innervation"":[""Deep fibular nerve""],""blood_supply"":[""Dorsalis pedis artery""],""actions"":[""Extends great toe""]}}",Muscles of the Lower Limb / Foot - dorsal muscles,,Calcaneus,Base of proximal phalanx of hallux,Deep fibular nerve,Dorsalis pedis artery,Extends great toe,,,seed_needs_review
muscle_abductor_hallucis,muscle,Abductor hallucis muscle,Musculus abductor hallucis,Großzehenspreizer,lower limb,muscular,,,Abducts and flexes great toe,,"{""muscle"":{""classifications"":[{""region"":{""en"":""Muscles of the Lower Limb"",""de"":""Muskulatur der unteren Extremität""},""category"":{""en"":""Foot - plantar muscles, layer I"",""de"":""Plantare Fußmuskeln (I. Schicht)""}}],""parts"":[],""origin"":[""Medial process of calcaneal tuberosity""],""insertion"":[""Base of proximal phalanx of hallux""],""innervation"":[""Medial plantar nerve""],""blood_supply"":[""Medial plantar artery""],""actions"":[""Abducts and flexes great toe""]}}","Muscles of the Lower Limb / Foot - plantar muscles, layer I",,Medial process of calcaneal tuberosity,Base of proximal phalanx of hallux,Medial plantar nerve,Medial plantar artery,Abducts and flexes great toe,,,seed_needs_review
muscle_flexor_digitorum_brevis,muscle,Flexor digitorum brevis muscle,Musculus flexor digitorum brevis,kurzer Zehenbeuger,lower limb,muscular,,,Flexes toes,,"{""muscle"":{""classifications"":[{""region"":{""en"":""Muscles of the Lower Limb"",""de"":""Muskulatur der unteren Extremität""},""category"":{""en"":""Foot - plantar muscles, layer I"",""de"":""Plantare Fußmuskeln (I. Schicht)""}}],""parts"":[],""origin"":[""Medial process of calcaneal tuberosity""],""insertion"":[""Middle phalanges of digits II-V""],""innervation"":[""Medial plantar nerve""],""blood_supply"":[""Medial plantar artery""],""actions"":[""Flexes toes""]}}","Muscles of the Lower Limb / Foot - plantar muscles, layer I",,Medial process of calcaneal tuberosity,Middle phalanges of digits II-V,Medial plantar nerve,Medial plantar artery,Flexes toes,,,seed_needs_review
muscle_quadratus_plantae,muscle,Quadratus plantae muscle,Musculus quadratus plantae,quadratischer Sohlenmuskel,lower limb,muscular,,,Assists flexion of toes,,"{""muscle"":{""classifications"":[{""region"":{""en"":""Muscles of the Lower Limb"",""de"":""Muskulatur der unteren Extremität""},""category"":{""en"":""Foot - plantar muscles, layer II"",""de"":""Plantare Fußmuskeln (II. Schicht)""}}],""parts"":[],""origin"":[""Calcaneus""],""insertion"":[""Tendon of flexor digitorum longus""],""innervation"":[""Lateral plantar nerve""],""blood_supply"":[""Lateral plantar artery""],""actions"":[""Assists flexion of toes""]}}","Muscles of the Lower Limb / Foot - plantar muscles, layer II",,Calcaneus,Tendon of flexor digitorum longus,Lateral plantar nerve,Lateral plantar artery,Assists flexion of toes,,,seed_needs_review
muscle_flexor_hallucis_brevis,muscle,Flexor hallucis brevis muscle,Musculus flexor hallucis brevis,kurzer Großzehenbeuger,lower limb,muscular,,,Flexes great toe,,"{""muscle"":{""classifications"":[{""region"":{""en"":""Muscles of the Lower Limb"",""de"":""Muskulatur der unteren Extremität""},""category"":{""en"":""Foot - plantar muscles, layer III"",""de"":""Plantare Fußmuskeln (III. Schicht)""}}],""parts"":[],""origin"":[""Cuboid and lateral cuneiform""],""insertion"":[""Base of proximal phalanx of hallux""],""innervation"":[""Medial plantar nerve""],""blood_supply"":[""Medial plantar artery""],""actions"":[""Flexes great toe""]}}","Muscles of the Lower Limb / Foot - plantar muscles, layer III",,Cuboid and lateral cuneiform,Base of proximal phalanx of hallux,Medial plantar nerve,Medial plantar artery,Flexes great toe,,,seed_needs_review
muscle_adductor_hallucis,muscle,Adductor hallucis muscle,Musculus adductor hallucis,Großzehenanzieher,lower limb,muscular,,,Adducts great toe,,"{""muscle"":{""classifications"":[{""region"":{""en"":""Muscles of the Lower Limb"",""de"":""Muskulatur der unteren Extremität""},""category"":{""en"":""Foot - plantar muscles, layer III"",""de"":""Plantare Fußmuskeln (III. Schicht)""}}],""parts"":[""Caput obliquum, Caput transversum""],""origin"":[""Bases of metatarsals II-IV and plantar ligaments""],""insertion"":[""Base of proximal phalanx of hallux""],""innervation"":[""Lateral plantar nerve""],""blood_supply"":[""Lateral plantar artery""],""actions"":[""Adducts great toe""]}}","Muscles of the Lower Limb / Foot - plantar muscles, layer III","Caput obliquum, Caput transversum",Bases of metatarsals II-IV and plantar ligaments,Base of proximal phalanx of hallux,Lateral plantar nerve,Lateral plantar artery,Adducts great toe,,,seed_needs_review
muscle_interossei_plantares,muscle,Plantar interossei muscles,Musculi interossei plantares,fußsohlenseitige Zwischenknochenmuskeln,lower limb,muscular,,,Adduct toes,,"{""muscle"":{""classifications"":[{""region"":{""en"":""Muscles of the Lower Limb"",""de"":""Muskulatur der unteren Extremität""},""category"":{""en"":""Foot - plantar muscles, layer IV"",""de"":""Plantare Fußmuskeln (IV. Schicht)""}}],""parts"":[],""origin"":[""Sides of metatarsals III-V""],""insertion"":[""Bases of proximal phalanges""],""innervation"":[""Lateral plantar nerve""],""blood_supply"":[""Plantar metatarsal arteries""],""actions"":[""Adduct toes""]}}","Muscles of the Lower Limb / Foot - plantar muscles, layer IV",,Sides of metatarsals III-V,Bases of proximal phalanges,Lateral plantar nerve,Plantar metatarsal arteries,Adduct toes,,,seed_needs_review
aponeurosis_epicranial,aponeurosis,epicranial aponeurosis,galea aponeurotica,Galea aponeurotica,head,muscular,,,,,{},,,,,,,,,,seed_needs_review
landmark_mastoid_process,bony_landmark,mastoid process,processus mastoideus,Warzenfortsatz,head,skeletal,,,,,{},,,,,,,,,,seed_needs_review
structure_auricle,sensory_structure,auricle,auricula,Ohrmuschel,head,sensory,,,,,{},,,,,,,,,,seed_needs_review
nerve_posterior_auricular,nerve,posterior auricular nerve,nervus auricularis posterior,hinterer Ohrnerv,head,nervous,,,,,{},,,,,,,,,,seed_needs_review
artery_posterior_auricular,artery,posterior auricular artery,arteria auricularis posterior,hintere Ohrarterie,head,cardiovascular,,,,,{},,,,,,,,,,seed_needs_review
landmark_cervical_transverse_process,bony_landmark,transverse processes of cervical vertebrae,processus transversi vertebrarum cervicalium,Querfortsätze der Halswirbel,neck,skeletal,,,,,{},,,,,,,,,,seed_needs_review
landmark_cervical_spinous_process,bony_landmark,spinous processes of cervical vertebrae,processus spinosi vertebrarum cervicalium,Dornfortsätze der Halswirbel,neck,skeletal,,,,,{},,,,,,,,,,seed_needs_review
landmark_thoracic_transverse_process,bony_landmark,transverse processes of thoracic vertebrae,processus transversi vertebrarum thoracicarum,Querfortsätze der Brustwirbel,back,skeletal,,,,,{},,,,,,,,,,seed_needs_review
landmark_thoracic_spinous_process,bony_landmark,spinous processes of thoracic vertebrae,processus spinosi vertebrarum thoracicarum,Dornfortsätze der Brustwirbel,back,skeletal,,,,,{},,,,,,,,,,seed_needs_review
landmark_lumbar_transverse_process,bony_landmark,transverse processes of lumbar vertebrae,processus transversi vertebrarum lumbalium,Querfortsätze der Lendenwirbel,back,skeletal,,,,,{},,,,,,,,,,seed_needs_review
landmark_lumbar_spinous_process,bony_landmark,spinous processes of lumbar vertebrae,processus spinosi vertebrarum lumbalium,Dornfortsätze der Lendenwirbel,back,skeletal,,,,,{},,,,,,,,,,seed_needs_review
landmark_scalene_tubercle,bony_landmark,scalene tubercle of first rib,tuberculum musculi scaleni anterioris,Tuberculum musculi scaleni anterioris,thorax; neck,skeletal,,,,,{},,,,,,,,,,seed_needs_review
membrane_suprapleural,membrane,suprapleural membrane,membrana suprapleuralis,Suprapleuralmembran,thorax; neck,connective_tissue,,,,,{},,,,,,,,,,seed_needs_review
artery_ascending_cervical,artery,ascending cervical artery,arteria cervicalis ascendens,aufsteigende Halsarterie,neck,cardiovascular,,,,,{},,,,,,,,,,seed_needs_review
nerve_group_cervical_spinal,nerve_group,cervical spinal nerves,nervi spinales cervicales,Halsnerven,neck,nervous,,,,,{},,,,,,,,,,seed_needs_review
landmark_manubrium_sterni,bony_landmark,manubrium of sternum,manubrium sterni,Manubrium sterni,thorax,skeletal,,,,,{},,,,,,,,,,seed_needs_review
cartilage_costal,cartilage,costal cartilage,cartilago costalis,Rippenknorpel,thorax,skeletal,,,,,{},,,,,,,,,,seed_needs_review
cartilage_thyroid,cartilage,thyroid cartilage,cartilago thyroidea,Schildknorpel,neck,respiratory,,,,,{},,,,,,,,,,seed_needs_review
cartilage_cricoid,cartilage,cricoid cartilage,cartilago cricoidea,Ringknorpel,neck,respiratory,,,,,{},,,,,,,,,,seed_needs_review
plexus_ansa_cervicalis,nerve_plexus,ansa cervicalis,ansa cervicalis,Ansa cervicalis,neck,nervous,,,,,{},,,,,,,,,,seed_needs_review
plexus_pharyngeal,nerve_plexus,pharyngeal plexus,plexus pharyngeus,Rachengeflecht,head; neck,nervous,,,,,{},,,,,,,,,,seed_needs_review
artery_superior_thyroid,artery,superior thyroid artery,arteria thyroidea superior,obere Schilddrüsenarterie,neck,cardiovascular,,,,,{},,,,,,,,,,seed_needs_review
artery_inferior_thyroid,artery,inferior thyroid artery,arteria thyroidea inferior,untere Schilddrüsenarterie,neck,cardiovascular,,,,,{},,,,,,,,,,seed_needs_review
artery_ascending_pharyngeal,artery,ascending pharyngeal artery,arteria pharyngea ascendens,aufsteigende Rachenarterie,head; neck,cardiovascular,,,,,{},,,,,,,,,,seed_needs_review
artery_ascending_palatine,artery,ascending palatine artery,arteria palatina ascendens,aufsteigende Gaumenarterie,head,cardiovascular,,,,,{},,,,,,,,,,seed_needs_review
aponeurosis_palatine,aponeurosis,palatine aponeurosis,aponeurosis palatina,Gaumenaponeurose,head,connective_tissue,,,,,{},,,,,,,,,,seed_needs_review
structure_pharyngeal_raphe,raphe,pharyngeal raphe,raphe pharyngis,Rachennaht,head; neck,muscular,,,,,{},,,,,,,,,,seed_needs_review
cartilage_auditory_tube,cartilage,cartilage of auditory tube,cartilago tubae auditivae,Tubenknorpel,head,sensory,,,,,{},,,,,,,,,,seed_needs_review
structure_uvula,organ_part,uvula,uvula palatina,Gaumenzäpfchen,head,digestive,,,,,{},,,,,,,,,,seed_needs_review
nerve_intercostal,nerve_group,intercostal nerves,nervi intercostales,Interkostalnerven,thorax,nervous,,,,,{},,,,,,,,,,seed_needs_review
artery_intercostal_anterior,artery,anterior intercostal arteries,arteriae intercostales anteriores,vordere Zwischenrippenarterien,thorax,cardiovascular,,,,,{},,,,,,,,,,seed_needs_review
nerve_posterior_rami_spinal,nerve_group,posterior rami of spinal nerves,rami posteriores nervorum spinalium,Hinteräste der Spinalnerven,back,nervous,,,,,{},,,,,,,,,,seed_needs_review
nerve_anterior_rami_spinal,nerve_group,anterior rami of spinal nerves,rami anteriores nervorum spinalium,Vorderäste der Spinalnerven,back,nervous,,,,,{},,,,,,,,,,seed_needs_review
artery_deep_cervical,artery,deep cervical artery,arteria cervicalis profunda,tiefe Halsarterie,neck; back,cardiovascular,,,,,{},,,,,,,,,,seed_needs_review
artery_lumbar,artery,lumbar arteries,arteriae lumbales,Lumbalarterien,back,cardiovascular,,,,,{},,,,,,,,,,seed_needs_review
fascia_thoracolumbar,fascia,thoracolumbar fascia,fascia thoracolumbalis,Thorakolumbalfaszie,back,connective_tissue,,,,,{},,,,,,,,,,seed_needs_review
structure_linea_alba,raphe,linea alba,linea alba,Linea alba,abdomen,connective_tissue,,,,,{},,,,,,,,,,seed_needs_review
landmark_iliac_crest,bony_landmark,iliac crest,crista iliaca,Darmbeinkamm,pelvis; abdomen,skeletal,,,,,{},,,,,,,,,,seed_needs_review
nerve_thoracoabdominal,nerve_group,thoracoabdominal nerves,nervi thoracoabdominales,Thorakoabdominalnerven,thorax; abdomen,nervous,,,,,{},,,,,,,,,,seed_needs_review
nerve_subcostal,nerve,subcostal nerve,nervus subcostalis,Subkostalnerv,thorax; abdomen,nervous,,,,,{},,,,,,,,,,seed_needs_review
artery_epigastric_superior,artery,superior epigastric artery,arteria epigastrica superior,obere epigastrische Arterie,abdomen,cardiovascular,,,,,{},,,,,,,,,,seed_needs_review
artery_epigastric_inferior,artery,inferior epigastric artery,arteria epigastrica inferior,untere epigastrische Arterie,abdomen,cardiovascular,,,,,{},,,,,,,,,,seed_needs_review
landmark_pubic_crest,bony_landmark,pubic crest,crista pubica,Schambeinkamm,pelvis,skeletal,,,,,{},,,,,,,,,,seed_needs_review
joint_pubic_symphysis,joint,pubic symphysis,symphysis pubica,Schambeinfuge,pelvis,skeletal,,,,,{},,,,,,,,,,seed_needs_review
landmark_xiphoid_process,bony_landmark,xiphoid process,processus xiphoideus,Schwertfortsatz,thorax; abdomen,skeletal,,,,,{},,,,,,,,,,seed_needs_review
nerve_medial_plantar,nerve,medial plantar nerve,nervus plantaris medialis,medialer Plantarnerv,lower_limb,nervous,,,,,{},,,,,,,,,,seed_needs_review
nerve_lateral_plantar,nerve,lateral plantar nerve,nervus plantaris lateralis,lateraler Plantarnerv,lower_limb,nervous,,,,,{},,,,,,,,,,seed_needs_review
artery_plantar_medial,artery,medial plantar artery,arteria plantaris medialis,mediale Plantararterie,lower_limb,cardiovascular,,,,,{},,,,,,,,,,seed_needs_review
artery_plantar_lateral,artery,lateral plantar artery,arteria plantaris lateralis,laterale Plantararterie,lower_limb,cardiovascular,,,,,{},,,,,,,,,,seed_needs_review
artery_metatarsal_plantar,artery,plantar metatarsal arteries,arteriae metatarsales plantares,plantare Mittelfußarterien,lower_limb,cardiovascular,,,,,{},,,,,,,,,,seed_needs_review
landmark_calcaneal_tuberosity,bony_landmark,calcaneal tuberosity,tuber calcanei,Fersenbeinhöcker,lower_limb,skeletal,,,,,{},,,,,,,,,,seed_needs_review
membrane_obturator,membrane,obturator membrane,membrana obturatoria,Membrana obturatoria,pelvis,connective_tissue,,,,,{},,,,,,,,,,seed_needs_review
landmark_greater_trochanter,bony_landmark,greater trochanter,trochanter major,großer Rollhügel,lower_limb,skeletal,,,,,{},,,,,,,,,,seed_needs_review
landmark_ischial_spine,bony_landmark,ischial spine,spina ischiadica,Sitzbeinstachel,pelvis,skeletal,,,,,{},,,,,,,,,,seed_needs_review
landmark_ischial_tuberosity,bony_landmark,ischial tuberosity,tuber ischiadicum,Sitzbeinhöcker,pelvis,skeletal,,,,,{},,,,,,,,,,seed_needs_review
nerve_to_obturator_internus,nerve,nerve to obturator internus,nervus musculi obturatorii interni,Nerv zum inneren Hüftlochmuskel,pelvis,nervous,,,,,{},,,,,,,,,,seed_needs_review
nerve_to_quadratus_femoris,nerve,nerve to quadratus femoris,nervus musculi quadrati femoris,Nerv zum quadratischen Oberschenkelmuskel,pelvis,nervous,,,,,{},,,,,,,,,,seed_needs_review
artery_obturator,artery,obturator artery,arteria obturatoria,Obturatorarterie,pelvis,cardiovascular,,,,,{},,,,,,,,,,seed_needs_review
artery_inferior_gluteal,artery,inferior gluteal artery,arteria glutea inferior,untere Gesäßarterie,pelvis,cardiovascular,,,,,{},,,,,,,,,,seed_needs_review
bone_cuneiform_lateral,bone,lateral cuneiform bone,os cuneiforme laterale,laterales Keilbein,lower_limb,skeletal,,,,,{},,,,,,,,,,seed_needs_review
nerve_infraorbital,nerve,infraorbital nerve,nervus infraorbitalis,Infraorbitalnerv,head,nervous,,,,,{},,,,,,,,,,seed_needs_review
nerve_inferior_alveolar,nerve,inferior alveolar nerve,nervus alveolaris inferior,Nervus alveolaris inferior,head,nervous,,,,,{},,,,,,,,,,seed_needs_review
nerve_mental,nerve,mental nerve,nervus mentalis,Kinnnerv,head,nervous,,,,,{},,,,,,,,,,seed_needs_review
landmark_sella_turcica,bony_landmark,sella turcica,sella turcica,Türkensattel,head,skeletal,,,,,{},,,,,,,,,,seed_needs_review
ligament_plantar_mtp,ligament,plantar ligaments of metatarsophalangeal joints,ligamenta plantaria articulationum metatarsophalangearum,plantare Bänder der Zehengrundgelenke,lower_limb,skeletal,,,,,{},,,,,,,,,,seed_needs_review
nerve_ophthalmic_v1,nerve,ophthalmic nerve (V1),nervus ophthalmicus (V1),Nervus ophthalmicus (V1),head; cranial base; orbit,nervous,nerve_cn_v,,sensory first division of trigeminal nerve; enters the orbit through the superior orbital fissure,,{},,,,,,,,,Do not confuse V1 passage through the superior orbital fissure with V2 through foramen rotundum or V3 through foramen ovale.,seed_needs_review
nerve_maxillary_v2,nerve,maxillary nerve (V2),nervus maxillaris (V2),Nervus maxillaris (V2),head; cranial base; pterygopalatine fossa,nervous,nerve_cn_v,,sensory second division of trigeminal nerve; passes through foramen rotundum,,{},,,,,,,,,V2 passes through foramen rotundum; V3 passes through foramen ovale.,seed_needs_review
nerve_mandibular_v3,nerve,mandibular nerve (V3),nervus mandibularis (V3),Nervus mandibularis (V3),head; cranial base; infratemporal fossa,nervous,nerve_cn_v,,mixed third division of trigeminal nerve; passes through foramen ovale,,{},,,,,,,,,V3 passes through foramen ovale; V2 passes through foramen rotundum.,seed_needs_review
